document_id,superficie_util,zona_termica,tipo_inmueble,calef_proyec,acs_proyec,u_norm_muro_principal,u_norm_muro_secundario,u_norm_techo_principal,u_norm_techo_secundario,cluster_hdbscan,cluster_probability,cluster_is_noise
a44cb92024,53.1,c,depto,no posee,calefont 7 litros tiro forzado,4.0,4.0,0.84,0.84,3,1.0,False
d6ee9f2024,56.8,d,depto,no posee,caldera centralizada,1.9,1.9,0.47,0.47,-1,0.0,True
a2c4282025,43.7,b,casa_pareada,no posee,calefont glp,3.0,3.0,0.6,0.6,-1,0.0,True
4c651e2023,49.2,d,depto,no posee,calefon,1.9,1.9,0.47,0.47,-1,0.0,True
3c8f8e2021,92.0,d,casa_aislada,no posee,calefont,1.9,1.9,0.47,0.47,-1,0.0,True
48d14c2021,54.5,a,depto,no posee,calefont 7 litros tiro forzado,4.0,4.0,0.84,0.84,5,1.0,False
c236942025,47.8,d,casa_pareada,no posee,calefont glp,1.9,1.9,0.47,0.47,39,0.666666652366985,False
947f002023,39.3,d,depto,no posee,caldera central a gas,1.9,1.9,0.47,0.47,30,1.0,False
1fe8d72024,60.1,f,casa_aislada,no posee,calefont 10 litros tiro forzado,1.6,1.6,0.33,0.33,15,0.33563144940949097,False
ef31872026,49.8,g,depto,no posee,calefont 10 litros tiro forzado,1.1,1.1,0.28,0.28,23,1.0,False
b7192e2024,34.8,d,depto,no considera,calefont,1.9,1.9,0.47,0.47,50,0.00881953798648314,False
07e3992025,27.0,d,depto,sin sistema,caldera,1.9,1.9,0.47,0.47,-1,0.0,True
c8ff1d2021,42.0,d,casa_pareada,no posee,calefont glp,1.9,1.9,0.47,0.47,40,1.0,False
f5fde72024,34.0,d,depto,no posee,central térmica. caldera de condensación con acumuladores,1.9,1.9,0.47,0.47,-1,0.0,True
0a87552026,38.9,g,depto,no posee,calefon,1.6,1.6,0.33,0.33,-1,0.0,True
571d292024,55.5,d,casa_pareada,no posee,calefont,1.9,1.9,0.47,0.47,10,1.0,False
d9491d2024,48.6,d,depto,no posee,calefont 7 litros tiro forzado,1.9,1.9,0.47,0.47,60,1.0,False
b6c8142023,37.1,d,depto,no posee,calefón de condensación,1.9,1.9,0.47,0.47,-1,0.0,True
7db1f02021,46.9,g,depto,no posee,calefont. tiro forzado,1.6,1.6,0.33,0.33,-1,0.0,True
17689e2024,49.4,d,depto,no posee,calefont 7 litros tiro forzado,1.9,1.9,0.47,0.47,60,1.0,False
88c59a2021,74.1,d,casa_aislada,no posee,calefont,1.9,1.9,0.47,0.47,-1,0.0,True
fdaa482023,29.5,d,depto,no posee,central termica bomba calor aerotermica - electricidad,1.9,1.9,0.47,0.47,-1,0.0,True
533cf22019,51.7,d,depto,no posee,calefont 7 litros tiro forzado,1.9,1.9,0.47,0.47,58,1.0,False
d54feb2023,46.1,d,depto,no posee,calefón con condensación,1.9,1.9,0.47,0.47,-1,0.0,True
5188292021,45.0,d,casa_pareada,no posee,calefont 7 litros tiro forzado,1.0,1.0,0.0,0.0,2,1.0,False
2e84b02026,52.3,e,casa_pareada,calefactor electrico,calefont 10 litros gl,1.7,1.7,0.38,0.38,-1,0.0,True
7a74e32024,52.4,d,casa_pareada,no posee,"calefón splendid de 10 litros, master mvg tfi 10, gas licuado",3.0,3.0,0.6,0.6,-1,0.0,True
9e07332021,42.0,d,casa_pareada,no posee,calefont glp,1.9,1.9,0.47,0.47,40,1.0,False
1c3ed22025,44.9,d,depto,no posee,"central térmica con 10 calefones de condesación, marca anwo,",1.0,1.0,0.0,0.0,2,1.0,False
34d4db2020,43.7,d,casa_pareada,no posee,calefont 7 litros tiro forzado,1.9,1.9,0.47,0.47,42,1.0,False
a541622026,58.6,i,casa_pareada,no posee,calefont 7 litros tiro forzado,0.6,0.6,0.25,0.25,-1,0.0,True
b6b7de2023,66.8,d,casa_pareada,no posee,calefont 7 litros tiro forzado,1.9,1.9,0.47,0.47,-1,0.0,True
88bd8b2024,38.6,d,depto,no posee,caldera central a gas,1.9,1.9,0.47,0.47,30,1.0,False
6f24312024,63.1,d,casa_aislada,no posee,calefont 7 litros tiro forzado,1.9,1.9,0.47,0.47,33,1.0,False
4fdcff2019,55.0,d,depto,radiador eléctrico,termo eléctrico,1.0,1.0,0.0,0.0,-1,0.0,True
fb9e222025,54.7,f,depto,no posee,calefont 10 litros tiro forzado,1.7,1.7,0.38,0.38,-1,0.0,True
ac33d62024,53.3,c,depto,no posee,calefont 7 litros tiro forzado,4.0,4.0,0.84,0.84,3,1.0,False
f010222019,48.6,d,depto,no posee,calefont 7 litros tiro forzado,3.0,3.0,0.6,0.6,55,0.8500000115827424,False
49d2702023,41.2,f,casa_aislada,no aplica,calefont glp,1.6,1.6,0.33,0.33,-1,0.0,True
8201062026,42.1,d,depto,no posee,termo eléctrico splendid 80 lt,1.9,1.9,0.47,0.47,-1,0.0,True
eb382a2022,56.2,d,depto,no posee,calefont 7 litros,1.9,1.9,0.47,0.47,-1,0.0,True
22f50d2024,130.0,d,depto,no posee,calefont 7 litros tiro forzado,1.9,1.9,0.47,0.47,-1,0.0,True
de83e72024,51.1,c,depto,no posee,calefont 7 litros tiro forzado,4.0,4.0,0.84,0.84,3,1.0,False
23992a2024,48.3,d,depto,no posee,calefón,3.0,3.0,0.6,0.6,-1,0.0,True
4ce53a2026,70.6,c,depto,no posee,calefont 7 litros tiro forzado,3.0,3.0,0.6,0.6,51,0.22424241471245449,False
5f68102025,66.8,d,casa_aislada,calefactor electrico,calefont 16 litros gl,3.0,3.0,0.6,0.6,-1,0.0,True
0d677e2023,46.1,f,casa_pareada,no aplica,calefont glp,1.7,1.7,0.38,0.38,26,1.0,False
f8014d2020,51.0,d,depto,no posee,calefont glp,1.9,1.9,0.47,0.47,48,1.0,False
f353b32022,53.5,d,depto,no posee,calefont glp,1.9,1.9,0.47,0.47,-1,0.0,True
ccd8ee2024,49.5,d,casa_pareada,no posee,calefont,1.9,1.9,0.47,0.47,10,1.0,False
3410192026,41.9,d,depto,no posee,sala de calderas,1.9,1.9,0.47,0.47,12,1.0,False
15b8ef2022,48.7,g,depto,no posee,caldera mural rinnai eco 16/17 gn,1.1,1.1,0.28,0.28,-1,0.0,True
8365e92023,57.6,d,depto,no posee,calefont 7 litros tiro forzado,3.0,3.0,0.6,0.6,55,0.8500000115827424,False
8195a52023,74.3,d,casa_pareada,no posee,calefont 7 litros tiro forzado,1.7,1.7,0.38,0.38,-1,0.0,True
40bd752023,30.7,d,depto,no posee,central termica,1.9,1.9,0.47,0.47,38,0.7058823342377866,False
31c2e02025,46.4,d,depto,no posee,5 calderas de condensación ariston evo hp 150,1.9,1.9,0.47,0.47,-1,0.0,True
a7a99e2023,59.9,d,depto,no posee,calefont 7 litros tiro forzado,3.0,3.0,0.6,0.6,55,0.3953488589256401,False
cd70bb2024,55.6,a,depto,no posee,calefont 7 litros tiro forzado,4.0,4.0,0.84,0.84,5,1.0,False
30f7f52022,48.6,d,depto,no posee,calefont glp,1.9,1.9,0.47,0.47,44,0.0,False
07555f2026,71.7,d,casa_pareada,sin sistema,calefont,1.9,1.9,0.47,0.47,-1,0.0,True
50f0752024,52.5,d,depto,no posee,calefont 10 litros tiro forzado,1.9,1.9,0.47,0.47,11,1.0,False
1e893c2025,66.8,d,casa_pareada,no posee,calefont 10 litros tiro forzado,1.7,1.7,0.38,0.38,36,0.02654312861602531,False
ff3b9e2025,54.4,d,depto,calefactor electrico,calefont 10 litros gl,3.0,3.0,0.6,0.6,0,1.0,False
09cf962025,51.6,d,depto,no posee,calefont,1.9,1.9,0.47,0.47,50,1.0,False
21e9632026,48.5,d,depto,no posee,calefont glp,1.9,1.9,0.47,0.47,44,1.0,False
9075f62021,48.5,d,depto,no posee,caldera con condensación,1.9,1.9,0.47,0.47,52,0.8333332618349243,False
8f20482022,22.1,d,depto,no posee,el edificio cuenta con 2 calderas sime 2r10 de 154.500 kcal/h,1.9,1.9,0.47,0.47,-1,0.0,True
a37a8e2021,47.5,d,depto,no posee,calefont 7 litros tiro forzado,1.9,1.9,0.47,0.47,61,0.0,False
e9a2fa2023,73.6,d,depto,radiadores eléctricos 1000w,termo eléctrico 155lts,1.9,1.9,0.47,0.47,-1,0.0,True
2499bb2021,51.1,f,depto,no posee,calefont tiro forzado,1.7,1.7,0.38,0.38,-1,0.0,True
8361412022,50.7,d,depto,no posee,"calefont 13 litros, splendid",3.0,3.0,0.6,0.6,-1,0.0,True
e6e6122022,30.7,d,depto,no posee,central de calderas a condensación tipo mural,1.9,1.9,0.47,0.47,-1,0.0,True
87d7482020,45.2,d,depto,no posee,calefont 13 litros tiro forzado,1.9,1.9,0.47,0.47,-1,0.0,True
a3ee212024,27.3,d,depto,no considera,caldera con condensación,1.9,1.9,0.47,0.47,53,1.0,False
4bca242024,51.7,f,casa_aislada,"estufa a parafina tiro forzado marca toyotomi modelo ff-v30t,","calefont marca mademsa modelo. forced 10 eco gl, con una",1.6,1.6,0.33,0.33,-1,0.0,True
2997b62023,57.8,d,depto,no posee,calefont 7 litros tiro forzado,1.9,1.9,0.47,0.47,-1,0.0,True
bbd9df2020,58.7,d,casa_pareada,no posee,calefon 10 lts splendid modelo master 10,1.7,1.7,0.38,0.38,-1,0.0,True
e117a12023,25.7,d,depto,no posee,caldera de condensación,1.9,1.9,0.47,0.47,28,1.0,False
531f172021,60.3,d,casa_pareada,no posee,calefon,1.9,1.9,0.47,0.47,-1,0.0,True
ecc2662021,46.2,f,casa_pareada,no posee,calefont glp,1.7,1.7,0.38,0.38,27,1.0,False
2307072024,44.4,d,depto,no posee,central termica,1.9,1.9,0.47,0.47,38,0.17142857489551486,False
b5ed662026,60.8,f,casa_pareada,no posee,calefont glp,1.7,1.7,0.38,0.38,27,0.0,False
873bdf2023,44.4,c,casa_pareada,no posee,calefon tiro natural marca splendid modelo,4.0,4.0,0.0,0.0,-1,0.0,True
440afe2021,47.8,d,depto,no posee,calefont 7 litros tiro forzado,1.9,1.9,0.47,0.47,60,0.6666666237676203,False
652e7b2021,46.6,f,depto,no posee,calefont 10 litros tiro forzado,1.7,1.7,0.38,0.38,-1,0.0,True
f8d63e2025,47.4,d,depto,sin sistema,caldera de condensación marca naview,1.9,1.9,0.47,0.47,-1,0.0,True
1a8f5b2024,32.7,d,depto,"central térmica, 3 calderas murales de condensación","central térmica, 3 calderas murales de condensación",1.9,1.9,0.47,0.47,-1,0.0,True
87efc32020,34.6,d,depto,no posee,calentamiento de agua con caldera a condensación,1.9,1.9,0.47,0.47,50,0.00881953798648314,False
7cd15a2024,70.4,d,casa_aislada,no posee,calefont 10 litros tiro forzado,1.9,1.9,0.47,0.47,-1,0.0,True
17ec192025,66.8,d,casa_pareada,0,calefont 10 litros tiro forzado,1.9,1.9,0.47,0.47,-1,0.0,True
d49b682026,58.2,d,depto,no posee,calefont tiro forzado,1.7,1.7,0.38,0.38,24,1.0,False
dd3cc32026,47.6,d,depto,no posee,calefont 7 litros tiro forzado,1.7,1.7,0.38,0.38,56,1.0,False
cca00f2026,53.6,e,depto,no posee,calefont 7 litros tiro forzado,1.7,1.7,0.38,0.38,54,1.0,False
628ace2025,49.5,d,casa_pareada,no posee,calefont 11 litros tiro forzado,1.9,1.9,0.47,0.47,-1,0.0,True
1d12292022,53.7,e,depto,no considera,bomba de calor,1.7,1.7,0.38,0.38,-1,0.0,True
58219f2024,45.4,d,depto,no posee,"el edificio cuenta con 3 calderas baxi luna duo-tec mp 1.110,",1.9,1.9,0.47,0.47,-1,0.0,True
a08d742022,39.9,d,depto,no posee,central térmica con bomba de calor,1.9,1.9,0.47,0.47,-1,0.0,True
0526512022,50.0,f,casa_pareada,"no posee, segun eett",calefont 10 litros tiro forzado,1.6,1.6,0.33,0.33,-1,0.0,True
2eeab22025,53.5,a,depto,no posee,"calefon junkers wd10 km e31 s4300, de 10 l y 18,2 kw",4.0,4.0,0.84,0.84,-1,0.0,True
9358632025,41.8,f,depto,calefactor electrico,calefont 10 litros gl,1.6,1.6,0.33,0.33,-1,0.0,True
72bb3c2020,24.0,d,depto,no posee,calefont 13 litros tiro forzado,1.9,1.9,0.47,0.47,-1,0.0,True
24ee472025,50.5,d,depto,calefactor electrico,calefont 10 litros gl,3.0,3.0,0.6,0.6,0,1.0,False
f62da42023,30.5,d,depto,no posee,caldera central a gas,1.9,1.9,0.47,0.47,30,1.0,False
d1bde62026,47.7,f,casa_aislada,no posee,calefont glp,1.7,1.7,0.38,0.38,19,0.056458454608419154,False
249dbc2024,38.0,g,depto,no posee,calefont individual. gas licuado,1.6,1.6,0.33,0.33,-1,0.0,True
bf0a452020,44.3,e,casa_pareada,no posee,calefont glp,1.7,1.7,0.38,0.38,25,1.0,False
ef6f522021,43.7,f,depto,no posee,calefont 10 litros tiro forzado,1.7,1.7,0.38,0.38,-1,0.0,True
e88b322024,48.6,f,depto,no posee,calefont glp,1.6,1.6,0.33,0.33,29,1.0,False
1589092025,58.6,f,casa_aislada,no posee,calefont 7 litros tiro forzado,1.7,1.7,0.38,0.38,14,1.0,False
aae47f2025,51.0,e,depto,no posee,calefont 7 litros tiro forzado,1.7,1.7,0.38,0.38,54,1.0,False
dc41d62024,63.1,d,depto,no posee,calefont,1.9,1.9,0.47,0.47,50,0.4905660234412571,False
0288842019,66.8,d,casa_aislada,no posee,calefont 10 litros tiro forzado,1.0,1.0,0.0,0.0,2,1.0,False
576ad42022,49.6,d,casa_pareada,no posee,calefont 10 litros tiro forzado,3.0,3.0,0.6,0.6,36,0.00917105697810023,False
d712a92026,48.7,e,casa_aislada,no posee,calefont glp,1.7,1.7,0.38,0.38,21,1.0,False
42c6722023,50.7,f,depto,no posee,calefont 7 litros tiro forzado,1.6,1.6,0.33,0.33,32,1.0,False
50d4c62024,43.7,d,depto,no posee,el edificio cuenta con 5 calefont de condensación marca navien,1.9,1.9,0.47,0.47,-1,0.0,True
22c62f2026,29.6,c,depto,no posee,caldera a condensación,4.0,4.0,0.84,0.84,-1,0.0,True
be0f1c2022,43.1,d,casa_pareada,no posee,calefont 10 litros tiro forzado,3.0,3.0,0.6,0.6,36,0.009122788776096586,False
356e4f2021,37.3,d,depto,no posee,central de calderas de condensación,1.9,1.9,0.47,0.47,-1,0.0,True
4164b62025,67.7,e,depto,no posee sistema de calefacción,sistema de acs por defecto,1.7,1.7,0.38,0.38,-1,0.0,True
f3f7352021,65.5,a,depto,no posee,sistema unitario,4.0,4.0,0.0,0.0,-1,0.0,True
520b492024,90.7,d,casa_aislada,no posee,calefont 10 litros tiro forzado,1.9,1.9,0.47,0.47,-1,0.0,True
37a83f2021,47.4,d,depto,no posee,calefont glp,1.9,1.9,0.47,0.47,-1,0.0,True
2ba0812025,52.3,g,depto,no posee,calefont 10 litros tiro forzado,1.6,1.6,0.33,0.33,23,1.0,False
581c752025,54.7,f,depto,no posee,calefont 10 litros tiro forzado,1.7,1.7,0.38,0.38,-1,0.0,True
22eed12022,43.3,d,casa_pareada,no posee,calefont 10 litros tiro forzado,1.9,1.9,0.47,0.47,36,0.9285714285714285,False
f80f872024,60.0,e,depto,no posee,calefont 13 litros tiro forzado,1.7,1.7,0.38,0.38,-1,0.0,True
81c4d42022,79.6,d,casa_pareada,estufa kerosene 3 kw,calefon tiro natural 10 lts +sst,1.7,1.7,0.38,0.38,1,1.0,False
b58be42022,28.4,d,depto,no considera,central térmica,1.9,1.9,0.47,0.47,-1,0.0,True
8bc9642022,47.9,d,casa_pareada,no posee,calefont 10 litros tiro forzado,1.9,1.9,0.47,0.47,36,1.0,False
c581cf2025,50.1,a,depto,no posee,"calefon junkers wd10 km e31 s4300, de 10 l y 18,2 kw",4.0,4.0,0.84,0.84,-1,0.0,True
bbb6302024,43.8,d,depto,no posee,bomba de calor,1.9,1.9,0.47,0.47,-1,0.0,True
1146492023,44.4,c,casa_pareada,no posee,calefon tiro natural marca splendid modelo,4.0,4.0,0.0,0.0,-1,0.0,True
3d04682022,50.0,f,casa_pareada,"no posee, segun eett",calefont 10 litros tiro forzado,1.6,1.6,0.33,0.33,-1,0.0,True
aaa3572024,31.1,d,depto,no posee,el edificio cuenta con 2 calderas mural de condensación baxi,1.9,1.9,0.47,0.47,-1,0.0,True
22b8c12021,48.6,d,depto,no posee,calefont glp,1.9,1.9,0.47,0.47,44,0.0,False
e552de2025,48.7,g,casa_aislada,no posee,calefon,1.1,1.1,0.28,0.28,17,1.0,False
e4916c2021,99.9,d,depto,"se contempla grupo de calderas murales de condensación,","se contempla grupo de calderas murales de condensación,",1.9,1.9,0.47,0.47,-1,0.0,True
520bb62024,47.0,e,casa_pareada,no posee,calefont 7 litros tiro forzado,1.7,1.7,0.38,0.38,34,1.0,False
1d2be42025,29.4,d,depto,no posee,central de agua caliente para suministro de todos los departamentos,1.9,1.9,0.47,0.47,-1,0.0,True
b2d1d32021,48.8,d,depto,no posee,calefont glp,1.9,1.9,0.47,0.47,44,0.0,False
945d872025,21.1,d,depto,no posee,caldera bosch condens 7000 wp modelo gc7000wp 100,1.9,1.9,0.47,0.47,-1,0.0,True
533e472024,49.9,d,depto,no posee,calefont glp,1.9,1.9,0.47,0.47,44,0.0,False
80d30f2020,72.7,f,casa_aislada,no posee,calefont 10 litros tiro forzado,1.0,1.0,0.0,0.0,2,0.9554119635982296,False
86a49c2020,58.7,d,casa_pareada,no posee,calefont 10 litros tiro natural,1.7,1.7,0.38,0.38,-1,0.0,True
e212602021,74.1,d,casa_aislada,estufa a gas,calefont,1.9,1.9,0.47,0.47,-1,0.0,True
26f8ce2019,60.0,a,depto,no posee,calefont 7 litros tiro forzado,4.0,4.0,0.84,0.84,6,1.0,False
8737e42024,50.9,d,depto,no posee,calefont tiro forzado,1.9,1.9,0.47,0.47,24,0.024526388758561498,False
50e9c02023,23.6,d,depto,no posee,central termica,1.9,1.9,0.47,0.47,38,0.5,False
f0ffba2024,53.7,d,depto,no posee,calefont tiro forzado,1.7,1.7,0.38,0.38,24,1.0,False
5d81ed2022,32.1,d,depto,calefactor eléctrico,sistema de generación central por caldera de condensación,1.9,1.9,0.47,0.47,-1,0.0,True
5ab40e2023,49.9,d,depto,no posee,calefont glp,3.0,3.0,0.6,0.6,37,1.0,False
4831462023,52.2,g,depto,no posee,calefont 7 litros tiro forzado,1.6,1.6,0.33,0.33,22,1.0,False
2551ba2021,41.4,d,casa_pareada,no posee,calefont glp,1.9,1.9,0.47,0.47,40,0.0,False
a98eff2026,50.0,d,depto,no posee,"central térmica eficiente inverter marca ariston, modelo hp150.",1.9,1.9,0.47,0.47,-1,0.0,True
cfdc5b2024,26.6,d,depto,no posee,caldera de condensación,1.9,1.9,0.47,0.47,28,1.0,False
46a2242025,48.0,d,depto,no posee,calefont 7 litros tiro forzado,1.9,1.9,0.47,0.47,60,1.0,False
ef0bd32022,52.3,d,depto,no posee,calefont glp,1.9,1.9,0.47,0.47,47,1.0,False
769ab72020,51.1,d,depto,no posee,calefont glp,1.9,1.9,0.47,0.47,49,1.0,False
3ee9b92025,33.6,c,depto,no posee,caldera mural a condensación,3.0,3.0,0.6,0.6,-1,0.0,True
5378b02025,60.1,d,depto,no posee,central de agua caliente para suministro de todos los departamentos,1.9,1.9,0.47,0.47,-1,0.0,True
1cbc162024,27.7,d,depto,no considera,caldera con condensación,1.9,1.9,0.47,0.47,53,1.0,False
47dd852023,48.0,f,depto,no posee,calefon,1.7,1.7,0.38,0.38,-1,0.0,True
7e98132019,47.2,d,depto,no posee,calefont 7 litros tiro forzado,1.9,1.9,0.47,0.47,61,1.0,False
cd02a52024,33.7,d,depto,"central térmica, 3 calderas murales de condensación","central térmica, 3 calderas murales de condensación",1.9,1.9,0.47,0.47,-1,0.0,True
90105d2025,43.1,d,depto,no posee,calderas de condensación,1.9,1.9,0.47,0.47,13,0.01628222502278369,False
d0898b2021,31.5,d,depto,no considera,central termica,1.9,1.9,0.47,0.47,-1,0.0,True
48c6b22025,50.1,a,depto,no posee,"calefon junkers wd10 km e31 s4300, de 10 l y 18,2 kw",4.0,4.0,0.84,0.84,-1,0.0,True
c046e52026,57.8,d,depto,sin sistema,calefont tiro forzado 10 litros,1.9,1.9,0.47,0.47,50,0.00881953798648314,False
8279a72026,63.1,d,depto,sin sistema,calefont tiro forzado 13 lts splendid modelo mvg tfi 13,1.9,1.9,0.47,0.47,50,0.00881953798648314,False
87f4df2021,60.0,f,casa_aislada,estufa a parafina marca toyotomi modelo ff-v30 el que tiene,calefon marca mademsa modelo forzada tfm 10 eco gl/gn,1.6,1.6,0.33,0.33,-1,0.0,True
273b6a2025,47.0,d,casa_pareada,no posee,calefont 7 litros tiro forzado,1.7,1.7,0.38,0.38,41,1.0,False
bfcf8d2020,101.4,c,casa_aislada,no posee,calefont neckar ionizado 13 litros wn13 con potencia nominal,4.0,4.0,0.84,0.84,-1,0.0,True
34d6072026,29.3,e,depto,no posee,calefont 7 litros tiro forzado,1.7,1.7,0.38,0.38,54,0.3111111004340148,False
ab8e102020,55.0,a,depto,no posee,calefont 10 litros tiro forzado,4.0,4.0,0.84,0.84,-1,0.0,True
09a6d62022,47.9,d,casa_pareada,no posee,calefont 10 litros tiro forzado,1.9,1.9,0.47,0.47,36,1.0,False
152d942023,43.7,f,casa_aislada,estufa a pellets bosca ecosmart,calefont 7 litros tiro forzado,1.6,1.6,0.33,0.33,-1,0.0,True
bb0aca2023,50.6,d,depto,no aplica,calefont glp,1.9,1.9,0.47,0.47,-1,0.0,True
0afdb72023,84.2,d,depto,radiadores eléctricos,caldera,1.9,1.9,0.47,0.47,-1,0.0,True
1c2a412026,53.1,d,casa_pareada,no posee,calefont 14 litros,1.9,1.9,0.47,0.47,-1,0.0,True
a9712e2022,49.9,d,depto,no posee,calefont glp,3.0,3.0,0.6,0.6,37,1.0,False
de17462019,48.4,d,depto,no posee,bomba de calor,1.9,1.9,0.47,0.47,-1,0.0,True
169f212026,61.1,d,depto,no posee,calefont 7 litros tiro forzado,1.9,1.9,0.47,0.47,-1,0.0,True
4b331d2025,52.7,f,casa_pareada,no posee,"calefon splendid beyond 10 litros 2ev, gas licuado de 18 kw.",1.7,1.7,0.38,0.38,-1,0.0,True
dc98422025,54.3,a,depto,calefactor electrico,calefont 12 litros gl,4.0,4.0,0.84,0.84,-1,0.0,True
368fcc2024,81.1,d,casa_aislada,no posee,calefont,1.9,1.9,0.47,0.47,-1,0.0,True
06bb0c2021,94.9,e,casa_aislada,caldera a gas sin condensacion encendido electronico control,caldera a gas licuado,1.7,1.7,0.38,0.38,-1,0.0,True
4c01b42026,32.3,f,depto,cuenta con dos estufas electricas mural digital una en living,calefont 10 litros tiro forzado,1.6,1.6,0.33,0.33,-1,0.0,True
0b440a2023,52.8,d,depto,no posee,calefont 7 litros tiro forzado,1.9,1.9,0.47,0.47,58,1.0,False
ce67222025,42.6,d,depto,no posee,calefont tiro forzado 12 litros,1.9,1.9,0.47,0.47,-1,0.0,True
d432e12018,45.2,d,casa_pareada,no posee,calefont 7 litros tiro forzado,1.9,1.9,0.47,0.47,42,1.0,False
cd47ec2022,48.7,d,depto,no posee,calefont glp,1.9,1.9,0.47,0.47,44,0.0,False
da2b5e2026,31.9,f,depto,no posee,calefont 7 litros tiro forzado,1.7,1.7,0.38,0.38,31,1.0,False
7062212023,53.5,d,depto,no posee,calefont 7 litros tiro forzado,1.9,1.9,0.47,0.47,58,1.0,False
956ddb2025,28.0,g,depto,calefactor eléctrico 1000 w,termo eléctrico,1.6,1.6,0.33,0.33,-1,0.0,True
85e51e2025,48.3,e,casa_aislada,no posee,calefont glp,1.7,1.7,0.38,0.38,21,1.0,False
fbecae2023,50.4,d,depto,no posee,calefont 7 litros tiro forzado,1.9,1.9,0.47,0.47,60,0.6666666237676203,False
c4e42d2024,29.0,d,depto,no posee,central termica,1.9,1.9,0.47,0.47,38,1.0,False
29cc052023,48.6,d,casa_pareada,no aplica,calefont glp,1.9,1.9,0.47,0.47,-1,0.0,True
90e16d2021,78.2,d,casa_pareada,no posee,calefont,1.7,1.7,0.38,0.38,9,1.0,False
0145c62026,44.5,f,casa_pareada,no posee,calefont 7 litros tiro forzado,1.7,1.7,0.38,0.38,16,1.0,False
5baefb2025,54.1,d,casa_pareada,no posee,calefont glp,1.9,1.9,0.47,0.47,39,1.0,False
0bbaff2025,20.5,g,depto,sin sistema de calefacción.,termo eléctrico rheem.,1.6,1.6,0.33,0.33,-1,0.0,True
b51f172024,81.7,f,casa_pareada,no posee,calefont 7 litros tiro forzado,1.7,1.7,0.38,0.38,16,0.035856575237263794,False
f6025b2024,45.9,d,depto,no aplica,3 calderas murales de condensación,1.9,1.9,0.47,0.47,-1,0.0,True
5ebaca2021,28.3,d,depto,no posee,estanque eléctrico 189 l,1.9,1.9,0.47,0.47,-1,0.0,True
e12cbd2025,44.1,e,depto,no posee,calefont 7 litros tiro forzado,1.7,1.7,0.38,0.38,54,1.0,False
eca2342025,41.0,d,depto,no posee,caldera condensación,1.9,1.9,0.47,0.47,13,1.0,False
a2ac962023,30.2,d,depto,no posee,caldera con condensación,1.9,1.9,0.47,0.47,52,1.0,False
0bf9e72026,48.5,d,depto,no posee,calefont glp,1.9,1.9,0.47,0.47,44,1.0,False
c24b242022,86.3,d,depto,0,"una caldera a gas natural ivar superac 520, potencia",1.9,1.9,0.47,0.47,-1,0.0,True
6d42942023,49.1,d,depto,no posee,calefont 7 litros tiro forzado,1.9,1.9,0.47,0.47,60,1.0,False
b403082024,56.0,b,depto,no posee,calefont 7 litros tiro forzado,4.0,4.0,0.84,0.84,3,0.00339213025673568,False
fcc55a2026,47.6,d,depto,no posee,calefont 7 litros tiro forzado,1.7,1.7,0.38,0.38,56,1.0,False
9138372025,63.1,d,casa_aislada,no posee,calefont 7 litros tiro forzado,1.9,1.9,0.47,0.47,33,1.0,False
e036a32024,28.3,d,depto,no posee,calefacción central mediante caldera de condensación,1.9,1.9,0.47,0.47,-1,0.0,True
54808f2021,69.8,f,casa_aislada,no posee,calefont 7 litros tiro forzado,1.6,1.6,0.33,0.33,14,0.22884858922265802,False
9731b52026,55.5,a,depto,no posee,termo eléctrico,4.0,4.0,0.0,0.0,-1,0.0,True
1947fc2024,55.3,d,casa_pareada,no posee,calefont 7 litros tiro forzado,1.9,1.9,0.47,0.47,43,1.0,False
232a3e2018,42.3,f,casa_aislada,no posee,calefont 7 litros tiro forzado,1.6,1.6,0.33,0.33,14,0.22884858922265802,False
a457972026,40.4,d,depto,no posee,central de agua caliente para suministro de todos los departamentos,1.9,1.9,0.47,0.47,-1,0.0,True
b76ca62025,68.2,e,casa_pareada,no posee,calefont 7 litros tiro forzado,1.7,1.7,0.38,0.38,34,0.2688679239785099,False
1aef7d2025,48.6,d,depto,no posee,calefont 7 litros tiro forzado,1.9,1.9,0.47,0.47,60,1.0,False
cf7ff52026,48.6,d,depto,no aplica,1 calefón por cada departamento,1.9,1.9,0.47,0.47,-1,0.0,True
0eddbf2019,40.4,d,depto,no posee,calefont 7 litros tiro forzado,1.9,1.9,0.47,0.47,-1,0.0,True
293e9b2026,42.7,g,casa_aislada,no posee,calefont glp,1.1,1.1,0.28,0.28,20,1.0,False
b238f12026,52.2,d,depto,caldera mural,caldera mural,1.9,1.9,0.47,0.47,-1,0.0,True
f5fa512022,52.3,d,depto,no posee,calefont glp,1.9,1.9,0.47,0.47,47,1.0,False
01096e2023,47.0,d,depto,no posee,caldera de condensación,1.9,1.9,0.47,0.47,28,1.0,False
346d162020,42.4,d,casa_pareada,no posee,calefont 7 litros tiro forzado,1.9,1.9,0.47,0.47,42,0.6923077517063757,False
e968212024,114.5,d,casa_aislada,no posee,calefont tiro forzado rheem 18 lts,1.9,1.9,0.47,0.47,-1,0.0,True
81ba882023,64.8,d,casa_pareada,no posee,calefont 7 litros tiro forzado,1.7,1.7,0.38,0.38,-1,0.0,True
87ca542025,50.8,f,casa_pareada,no posee,calefont 7 litros tiro forzado,1.7,1.7,0.38,0.38,16,0.2647058810169847,False
5a1ce62024,55.0,d,depto,no posee,calefont 7 litros tiro forzado,3.0,3.0,0.6,0.6,55,1.0,False
fb43382020,52.3,f,depto,no posee,calefont glp,1.7,1.7,0.38,0.38,29,1.0,False
c8cf512025,35.9,d,depto,caldera mural,caldera mural,1.7,1.7,0.38,0.38,-1,0.0,True
ebabbf2024,50.9,b,casa_pareada,no posee,calefont 7 litros tiro forzado,4.0,4.0,0.84,0.84,-1,0.0,True
9d73832026,47.0,d,casa_pareada,no posee,calefont 7 litros tiro forzado,1.7,1.7,0.38,0.38,41,1.0,False
9bfaf82025,53.2,d,casa_pareada,no posee,calefont 7 litros tiro forzado,1.9,1.9,0.47,0.47,43,1.0,False
87c3d22025,47.5,a,depto,no posee,"termo eléctrico anwo van200l, potencia 3.0 kw",4.0,4.0,0.84,0.84,4,1.0,False
02ab682023,29.0,d,depto,no considera,calefon con condensación,1.9,1.9,0.47,0.47,-1,0.0,True
1d89812022,48.3,c,casa_pareada,no posee,"calefon tiro natural, modelo master de 7 lts,",4.0,4.0,0.84,0.84,-1,0.0,True
1fc9b52020,55.5,c,depto,no posee,departamentos con sistema centralizado de caldera a condensación,4.0,4.0,0.84,0.84,-1,0.0,True
7f29e32025,48.7,g,casa_aislada,no posee,calefont 10 litros tiro forzado,1.1,1.1,0.28,0.28,17,1.0,False
5aaa952022,45.0,d,depto,calefactor eléctrico por convección,sistema de generación central por caldera de condensación,1.9,1.9,0.47,0.47,-1,0.0,True
ba4b712022,79.6,d,casa_pareada,no posee,calefont 7 litros tiro forzado,1.7,1.7,0.38,0.38,-1,0.0,True
130e262024,47.0,e,casa_pareada,no posee,calefont 7 litros tiro forzado,1.7,1.7,0.38,0.38,34,1.0,False
6ee56a2023,102.1,d,casa_aislada,no posee,"calefon tiro natural, 16 litros.",1.9,1.9,0.47,0.47,-1,0.0,True
3587d22026,54.4,c,depto,calefactor electrico,calefont 10 litros gl,3.0,3.0,0.6,0.6,0,1.0,False
1541062023,57.4,d,depto,no posee,calefont tiro forzado,1.7,1.7,0.38,0.38,24,1.0,False
d0af492026,66.8,f,casa_aislada,no posee,calefont 7 litros tiro forzado,1.7,1.7,0.38,0.38,14,1.0,False
56be722019,56.2,d,depto,no posee,sistema de calentamiento de agua directo a gas 13 lt,1.9,1.9,0.47,0.47,-1,0.0,True
e2edf02025,98.8,c,casa_aislada,no posee,calefón 15 lts gas natural tiro forzado,4.0,4.0,0.84,0.84,-1,0.0,True
efe08f2025,53.4,d,depto,no posee,calefont 7 litros tiro forzado,1.9,1.9,0.47,0.47,58,1.0,False
34fdd12024,53.9,d,depto,no posee,calefont 10 litros tiro forzado,3.0,3.0,0.6,0.6,11,0.009571054886205977,False
8ff2e22024,30.3,f,depto,no posee,calderas de condensación navien npe 32 swe,1.6,1.6,0.33,0.33,-1,0.0,True
05b9172026,47.0,d,casa_pareada,"estufa keroseno, 3 kw",calefont 10litros tiro forzado,1.7,1.7,0.38,0.38,-1,0.0,True
e213d52025,49.2,a,casa_pareada,no posee,calefont glp,4.0,4.0,0.84,0.84,-1,0.0,True
ae191b2023,49.9,a,depto,no posee,"calefon splendid mvg tfi de 10 litros, de 17,6 kw potencia",4.0,4.0,0.84,0.84,4,1.0,False
a7baaf2023,52.0,d,depto,no posee,calefont 7 litros tiro forzado,3.0,3.0,0.6,0.6,55,1.0,False
87fed52025,49.8,g,depto,sin sistema,calefon junkers wd7,1.1,1.1,0.28,0.28,-1,0.0,True
940aeb2020,54.2,g,casa_aislada,no posee,calefont 7 litros tiro forzado,1.1,1.1,0.28,0.28,-1,0.0,True
45c49f2024,57.8,e,depto,sin sistema,calefont,1.7,1.7,0.38,0.38,35,1.0,False
cc92062025,51.0,d,depto,no posee,calefont 7 litros tiro forzado,1.7,1.7,0.38,0.38,56,0.3333333261834925,False
270cf72025,47.4,c,casa_pareada,no posee,"calefont a gas licuado 13 litros con potencia nominal de 22,9",4.0,4.0,0.84,0.84,-1,0.0,True
1f9a7f2024,56.6,c,casa_pareada,no posee,calefont 7 litros tiro forzado,4.0,4.0,0.84,0.84,3,0.00339213025673568,False
13d2c12025,48.6,d,depto,no posee,calefont glp,1.9,1.9,0.47,0.47,44,0.0,False
ebfc9d2024,39.9,d,depto,no considera,caldera con condensación,1.9,1.9,0.47,0.47,53,1.0,False
8d03ce2022,46.1,e,casa_aislada,no posee,calefont glp,1.7,1.7,0.38,0.38,21,0.19999998455634352,False
b2186e2023,32.1,a,depto,no posee,sistema unitario,4.0,4.0,0.84,0.84,-1,0.0,True
c9c2652021,48.1,d,depto,no posee,calefont glp,1.9,1.9,0.47,0.47,44,0.0,False
6ab6f62020,50.4,a,casa_pareada,no posee,calefont 7 litros tiro forzado,4.0,4.0,0.84,0.84,-1,0.0,True
02b7472025,58.6,i,casa_pareada,no posee,calefont 7 litros tiro forzado,0.6,0.6,0.25,0.25,-1,0.0,True
1d91302024,47.0,e,casa_pareada,no posee,calefont 7 litros tiro forzado,1.7,1.7,0.38,0.38,34,1.0,False
d9d6982026,22.4,d,depto,no posee,termo eléctrico,1.9,1.9,0.47,0.47,8,1.0,False
7998592024,56.3,e,casa_pareada,no posee,calefont glp,1.7,1.7,0.38,0.38,25,0.831168814498329,False
2ab5b92022,79.4,d,casa_pareada,no posee,calefont tiro forzado,1.7,1.7,0.38,0.38,7,1.0,False
5346622019,102.1,f,casa_aislada,no posee,calefont 7 litros tiro forzado,1.6,1.6,0.33,0.33,14,0.20797226758071705,False
4b4e412018,42.7,g,casa_aislada,no posee,calefont 7 litros tiro forzado,1.1,1.1,0.28,0.28,-1,0.0,True
874b3c2019,61.1,c,casa_aislada,no posee,calefont 14 litros tiro forzado,4.0,4.0,0.84,0.84,-1,0.0,True
31fe3f2023,59.8,a,depto,no posee,"termo eléctrico marca junkers, modelo elacell excellence",4.0,4.0,0.84,0.84,-1,0.0,True
3215e02025,81.7,d,casa_pareada,no posee,calefont 7 litros tiro forzado,1.7,1.7,0.38,0.38,-1,0.0,True
37f7b82022,50.1,d,depto,no posee,calefont 10 litros tiro forzado,3.0,3.0,0.6,0.6,11,0.009571054886205977,False
64e9772025,53.4,f,casa_aislada,bomba de calor,calefont 10 litros tiro forzado,1.7,1.7,0.38,0.38,-1,0.0,True
4425402021,29.7,f,depto,no posee,calefont,1.7,1.7,0.38,0.38,-1,0.0,True
c59f8b2025,81.7,d,casa_pareada,no posee,calefont 7 litros tiro forzado,1.7,1.7,0.38,0.38,-1,0.0,True
b575232022,30.8,d,depto,no posee,central térmica con bomba de calor,1.9,1.9,0.47,0.47,-1,0.0,True
65a4902023,28.7,d,depto,no posee,calefón de condensación,1.9,1.9,0.47,0.47,-1,0.0,True
3066fe2022,62.5,d,casa_pareada,no posee,calefont tiro forzado,1.7,1.7,0.38,0.38,7,1.0,False
e0f12c2020,52.2,d,depto,no posee,termo eléctrico,1.9,1.9,0.47,0.47,8,0.9596412794561086,False
3e75d02024,28.3,d,depto,no posee,termo eléctrico marca bosch 80 lt. modelo tronic 2000 t.,1.9,1.9,0.47,0.47,-1,0.0,True
c567022021,53.2,d,casa_pareada,no posee,calefont 7 litros tiro forzado,1.9,1.9,0.47,0.47,43,1.0,False
99b7552024,50.9,c,depto,sin sistema,calefont tiro forzado bosch,3.0,3.0,0.6,0.6,-1,0.0,True
cd9d5a2025,45.2,e,depto,no posee,calefont 7 litros tiro forzado,1.7,1.7,0.38,0.38,54,1.0,False
1408682022,51.8,d,casa_pareada,no posee,calefont 10 litros tiro forzado,1.7,1.7,0.38,0.38,36,0.02654312861602531,False
1c86622022,49.2,d,depto,no posee,calefont glp,3.0,3.0,0.6,0.6,37,0.0,False
90eb582025,54.4,d,depto,no posee,calefont 7 litros tiro forzado,1.9,1.9,0.47,0.47,-1,0.0,True
64b9e72025,53.1,c,casa_pareada,0,"calefón junkers smart wr13-2 km e31 s4305 13 litros, gas",4.0,4.0,0.84,0.84,-1,0.0,True
b53ebe2021,76.5,d,casa_aislada,no posee,calefont 13 litros tiro forzado,1.9,1.9,0.47,0.47,33,0.012550881504633415,False
a99cfe2019,50.1,d,depto,no posee,calefont 7 litros tiro forzado,1.9,1.9,0.47,0.47,60,0.6666666237676203,False
cd493b2024,42.5,f,depto,no posee,calefont master 10l splendid,1.7,1.7,0.38,0.38,-1,0.0,True
ec15a92021,55.0,d,depto,no posee,calefont,1.7,1.7,0.38,0.38,50,0.025831117631745802,False
74a1462024,48.3,f,casa_pareada,no posee,calefont glp,1.7,1.7,0.38,0.38,27,0.0,False
ee577a2021,54.5,e,casa_pareada,no posee,calefont glp,1.7,1.7,0.38,0.38,25,1.0,False
b92da12021,43.1,d,depto,no posee,el edificio cuenta con 2 calderas para el edificio sur y 3 calderas,1.9,1.9,0.47,0.47,8,0.07259158922291108,False
1598d32023,54.2,g,casa_aislada,no posee,calefont 12 litros tiro forzado,1.6,1.6,0.33,0.33,-1,0.0,True
2bbf302022,41.4,d,depto,no considera,caldera con condensación,1.9,1.9,0.47,0.47,53,0.9428571453785562,False
6158ed2022,50.6,d,casa_pareada,no posee,calefont glp,1.9,1.9,0.47,0.47,39,1.0,False
a25be12025,51.9,b,depto,no posee,calefont 10 litros tiro forzado,4.0,4.0,0.84,0.84,-1,0.0,True
287d7d2025,55.5,d,casa_pareada,no posee,calefont 7 litros tiro forzado,1.7,1.7,0.38,0.38,45,1.0,False
6824622019,51.0,d,depto,no posee,calefont glp,1.9,1.9,0.47,0.47,48,1.0,False
5409552024,69.4,d,casa_aislada,no posee,calefont 7 litros tiro forzado,1.9,1.9,0.47,0.47,33,0.8604651212905323,False
01616b2026,44.8,f,casa_pareada,bomba de calor tipo aire acondicionado aire-aire,calefont 7l gl splendid master,1.7,1.7,0.38,0.38,-1,0.0,True
c0a63d2024,39.3,d,depto,no posee,caldera central a gas,1.9,1.9,0.47,0.47,30,1.0,False
41d67a2021,60.0,f,casa_aislada,estufa a parafina marca toyotomi modelo ff-55 el que tiene,calefon marca mademsa modelo forzada tfm 10 eco gl/gn,1.6,1.6,0.33,0.33,-1,0.0,True
ac33b02025,33.7,d,depto,no posee,sistema centralizado a gas natural.,1.9,1.9,0.47,0.47,-1,0.0,True
3422622019,53.8,c,depto,no posee,calefont 12 litros,3.0,3.0,0.6,0.6,-1,0.0,True
2ce0b52021,48.4,d,depto,no posee,calefont 7 litros tiro forzado,1.9,1.9,0.47,0.47,60,1.0,False
65a9742026,111.8,d,casa_aislada,no posee,calefont,1.9,1.9,0.47,0.47,-1,0.0,True
eed27f2021,45.3,d,depto,no posee,calefont 10 litros tiro forzado,3.0,3.0,0.6,0.6,11,0.009571054886205977,False
ccfbd32021,28.7,d,depto,no considera,central termica,1.9,1.9,0.47,0.47,-1,0.0,True
01bccf2021,47.8,d,depto,no posee,calefont 7 litros tiro forzado,1.9,1.9,0.47,0.47,-1,0.0,True
73ede42019,43.3,e,casa_aislada,no posee,calefont glp,1.7,1.7,0.38,0.38,21,0.14285714285714285,False
eec8032024,57.8,e,depto,sin sistema,calefont,1.7,1.7,0.38,0.38,35,1.0,False
c8fb712022,51.6,d,depto,no posee,calefont,1.9,1.9,0.47,0.47,50,1.0,False
9364252019,48.8,f,casa_aislada,estufa a parafina marca toyotomi modelo ff-v30 el que tiene,calefon marca mademsa modelo forzada tfm 10 eco gl/gn,1.6,1.6,0.33,0.33,-1,0.0,True
648c202020,93.0,d,depto,si posee,estanque de acumulación sistema centralizado,1.9,1.9,0.47,0.47,-1,0.0,True
bd780f2026,40.6,d,depto,no posee,sala de calderas,1.9,1.9,0.47,0.47,12,1.0,False
0fbc4c2025,49.3,c,depto,calefactor electrico,calefont 12 litros gl,3.0,3.0,0.6,0.6,0,1.0,False
9d9b862022,49.9,d,depto,no posee,calefont glp,3.0,3.0,0.6,0.6,37,1.0,False
9e53e92025,47.5,a,depto,no posee,"termo eléctrico anwo van200l, potencia 3.0 kw",4.0,4.0,0.84,0.84,4,1.0,False
66bbce2022,48.1,d,casa_pareada,no posee,calefont 10 litros tiro forzado,1.9,1.9,0.47,0.47,36,1.0,False
fd7f932021,51.6,d,casa_pareada,estufa kerosene 3 kw,calefon tiro natural 10 lts +sst,1.7,1.7,0.38,0.38,1,1.0,False
6e9b1f2022,44.1,e,depto,no considera,bomba de calor,1.7,1.7,0.38,0.38,-1,0.0,True
5a51b62023,28.7,d,depto,no posee,calefón de condensación,1.9,1.9,0.47,0.47,-1,0.0,True
6ffe4d2022,22.1,d,depto,no posee,el edificio cuenta con 2 calderas sime 2r10 de 154.500 kcal/h,1.9,1.9,0.47,0.47,-1,0.0,True
7f0fce2026,48.5,d,depto,no posee,calefont glp,1.9,1.9,0.47,0.47,44,1.0,False
9371822023,49.9,d,depto,no posee,calefont glp,3.0,3.0,0.6,0.6,37,1.0,False
2f944f2025,57.8,f,depto,no posee,calefont 7 litros tiro forzado,1.7,1.7,0.38,0.38,31,1.0,False
65bd452021,74.1,d,casa_aislada,estufa a gas,calefont,1.9,1.9,0.47,0.47,-1,0.0,True
d24ac52020,44.4,d,depto,sistema centralizado por piso radiante,sistema centralizado por caldera a gas,1.9,1.9,0.47,0.47,-1,0.0,True
4bef4c2025,63.1,d,casa_aislada,no posee,calefont 7 litros tiro forzado,1.9,1.9,0.47,0.47,33,1.0,False
2418922025,52.7,a,depto,no posee,"calefón mademsa forced 10 eco gl, 10 litros, gas licuado",4.0,4.0,0.84,0.84,-1,0.0,True
6838f62024,45.8,d,depto,no aplica,3 calderas murales de condensación,1.9,1.9,0.47,0.47,-1,0.0,True
0aff182021,99.0,d,casa_aislada,la calefaccion queda provista mediante convectores electricos,el agua caliente queda provista mediante calefon automatico,1.7,1.7,0.38,0.38,-1,0.0,True
a8cfb82025,45.6,d,depto,no posee,calefont 7 litros tiro forzado,1.9,1.9,0.47,0.47,59,1.0,False
4859432022,49.6,d,depto,no posee,caldera a condensación,1.9,1.9,0.47,0.47,18,0.9799999703481791,False
de7bb22023,52.4,c,depto,no posee,calefont,3.0,3.0,0.6,0.6,-1,0.0,True
0a05632021,37.3,d,depto,no posee,central de calderas de condensación,1.9,1.9,0.47,0.47,-1,0.0,True
ff40132025,63.2,c,depto,no posee,caldera de condensación ares tec 770,3.0,3.0,0.0,0.0,-1,0.0,True
339e062025,58.7,d,casa_pareada,no posee,calefont 7 litros tiro forzado,1.7,1.7,0.38,0.38,46,1.0,False
91026f2022,50.6,d,casa_pareada,no posee,calefont glp,1.9,1.9,0.47,0.47,39,1.0,False
409ce82019,57.0,g,depto,caldera shaffoteaux,caldera shaffoteaux,1.1,1.1,0.28,0.28,-1,0.0,True
7d4a742018,74.9,d,casa_aislada,estufas convección forzada gas natural,calefont gas natural,1.9,1.9,0.47,0.47,-1,0.0,True
66c28c2022,41.4,f,casa_aislada,no posee,calefont glp,1.6,1.6,0.33,0.33,19,1.0,False
efc65f2022,48.1,d,casa_pareada,no posee,calefont 10 litros tiro forzado,1.9,1.9,0.47,0.47,36,1.0,False
d4f20d2025,48.7,g,casa_aislada,no posee,calefont 10 litros tiro forzado,1.1,1.1,0.28,0.28,17,1.0,False
6daef32026,71.7,d,casa_pareada,sin sistema,calefont,1.9,1.9,0.47,0.47,-1,0.0,True
5f401f2024,47.6,d,depto,no posee,calefont 7 litros tiro forzado,3.0,3.0,0.6,0.6,55,0.8500000115827424,False
47bc7f2018,41.2,i,casa_aislada,no posee,"calefont ionizado - glp, marca junkers, modelo w 10",,,,,-1,0.0,True
fa37242025,28.1,d,depto,no posee,termo eléctrico,1.9,1.9,0.47,0.47,8,1.0,False
64a6c12025,38.9,d,depto,no posee,calefont glp,1.9,1.9,0.47,0.47,-1,0.0,True
2d7cc02025,45.9,d,depto,no posee,calefont 7 litros tiro forzado,1.9,1.9,0.47,0.47,59,1.0,False
81b13f2022,49.7,d,depto,no posee,calefont 7 litros tiro forzado,1.7,1.7,0.38,0.38,56,0.46153849123780327,False
a827762026,45.4,d,depto,no posee,el edificio cuenta con 3 calderas de condensación aldens wm,1.9,1.9,0.47,0.47,-1,0.0,True
2b23982024,47.7,f,depto,no posee,calefont glp,1.6,1.6,0.33,0.33,29,1.0,False
c25c092021,49.5,f,casa_aislada,no posee,calefont 10 litros tiro forzado,1.7,1.7,0.38,0.38,15,1.0,False
f55cdc2023,45.1,b,casa_pareada,no posee,calefont 7 litros tiro forzado,4.0,4.0,0.84,0.84,-1,0.0,True
deb95b2021,74.0,d,casa_pareada,opcional,mediante colector solar térmico por termosifón,1.9,1.9,0.47,0.47,-1,0.0,True
34a8fc2022,29.8,d,depto,no posee,termo eléctrico,1.9,1.9,0.47,0.47,8,1.0,False
7e4ad72024,53.6,d,depto,no posee,caldera a gas centralizada,1.9,1.9,0.47,0.47,-1,0.0,True
c16bf52025,78.2,d,casa_aislada,no posee,calefont 7 litros tiro forzado,1.9,1.9,0.47,0.47,33,0.5692307794656191,False
8bb2fa2024,38.6,g,depto,no posee,calefont individual. gas licuado,1.6,1.6,0.33,0.33,-1,0.0,True
e4fbdd2026,79.4,a,depto,no posee,termo eléctrico,4.0,4.0,0.0,0.0,-1,0.0,True
2f49c72023,52.2,f,depto,no aplica,calefont glp,1.6,1.6,0.33,0.33,-1,0.0,True
d8f2c52024,51.4,d,depto,no posee,calefont 10 litros tiro forzado,1.9,1.9,0.47,0.47,11,1.0,False
9fe6522025,59.5,d,casa_pareada,no posee,calefont 7 litros tiro forzado,1.7,1.7,0.38,0.38,46,1.0,False
553c202023,46.2,d,depto,no posee,caldera a condensación,1.9,1.9,0.47,0.47,18,1.0,False
5479f62022,27.8,d,depto,no considera,central térmica,1.9,1.9,0.47,0.47,-1,0.0,True
04aa842022,84.4,d,casa_aislada,no posee,calefont 7 litros tiro forzado,1.9,1.9,0.47,0.47,33,0.5692307794656191,False
a1cb372025,48.0,c,depto,no posee,termo electrico pie,4.0,4.0,0.84,0.84,-1,0.0,True
9eb83b2025,49.3,d,depto,no posee,el edificio cuenta con 7 calderas condensación de gas natural,1.9,1.9,0.47,0.47,-1,0.0,True
f21b542025,54.4,d,casa_pareada,no posee,calefont glp,1.9,1.9,0.47,0.47,39,1.0,False
c561082026,53.1,d,casa_pareada,no posee,calefont 14 litros,1.9,1.9,0.47,0.47,-1,0.0,True
31b1f32024,40.0,c,depto,no posee,calefont 7 litros tiro forzado,4.0,4.0,0.84,0.84,3,0.16393443473783859,False
544b522021,52.1,d,casa_pareada,no posee,calefont 10 litros tiro forzado,1.7,1.7,0.38,0.38,36,0.02654312861602531,False
f116672023,55.2,f,depto,no posee,calefont 7 litros tiro forzado,1.6,1.6,0.33,0.33,32,1.0,False
625a4b2023,68.6,e,casa_pareada,no aplica,calefont glp,1.7,1.7,0.38,0.38,-1,0.0,True
b041da2022,35.2,d,depto,losa radiante mediante bomba de calor aerotérmica,bomba de calor aerotérmica,1.9,1.9,0.47,0.47,-1,0.0,True
816c152025,59.5,d,casa_aislada,0,"calefón junkers hidrowind wr13-2 km e31 s4305 13 litros,",1.9,1.9,0.47,0.47,-1,0.0,True
4cbed02021,87.2,f,casa_aislada,no posee,calefont 10 litros tiro forzado,1.7,1.7,0.38,0.38,15,1.0,False
c0b9de2024,53.2,a,depto,no posee,"calefon splendid mvg tfi de 10 litros, de 17,6 kw potencia",4.0,4.0,0.84,0.84,4,1.0,False
f7c65f2026,47.6,d,depto,no posee,calefont 10 litros tiro forzado,1.9,1.9,0.47,0.47,11,1.0,False
923d8f2018,47.2,d,depto,no posee,calefont 7 litros tiro forzado,1.9,1.9,0.47,0.47,61,1.0,False
89618f2024,46.0,d,depto,no posee,calefont 7 litros tiro forzado,1.9,1.9,0.47,0.47,59,1.0,False
fff09f2020,34.8,d,depto,no posee,calentamiento de agua con caldera a condensación,1.9,1.9,0.47,0.47,50,0.00881953798648314,False
c0c6522021,77.8,d,casa_aislada,estufa kerosene 3 kw,calefon tiro natural 10 lts +sst,1.7,1.7,0.38,0.38,1,1.0,False
012fce2022,49.6,d,depto,no posee,caldera a condensación,1.9,1.9,0.47,0.47,18,0.9799999703481791,False
c868a72024,51.0,b,depto,no posee,calefont 7 litros tiro forzado,4.0,4.0,0.84,0.84,3,0.00339213025673568,False
e069692023,29.4,c,depto,no posee,calefon de condensación en cascada,3.0,3.0,0.6,0.6,-1,0.0,True
4d0da32023,39.6,d,depto,no posee,5 calderas de gas natural genus premium evo hp 150 de 140,1.0,1.0,0.0,0.0,2,0.998311921800348,False
bb9c412025,52.8,c,depto,no posee,calefont 7 litros tiro forzado,4.0,4.0,0.84,0.84,3,1.0,False
f23f392026,50.6,d,depto,no posee,central de agua caliente para suministro de todos los departamentos,1.9,1.9,0.47,0.47,-1,0.0,True
26ee002025,27.6,d,depto,no posee,termo eléctrico splendid 80 lt,1.9,1.9,0.47,0.47,-1,0.0,True
4514522026,47.0,d,casa_pareada,no posee,calefont 7 litros tiro forzado,1.9,1.9,0.47,0.47,42,1.0,False
f75ce52023,49.3,c,depto,no posee,calefont 7 litros tiro forzado,3.0,3.0,0.6,0.6,51,1.0,False
4c35622025,43.7,b,casa_pareada,no posee,calefont glp,3.0,3.0,0.6,0.6,-1,0.0,True
6fd1642020,51.0,d,depto,no posee,calefont glp,1.9,1.9,0.47,0.47,48,1.0,False
145e5c2025,30.9,d,depto,no posee,termo eléctrico pro eco evo primaterm 100lt,1.9,1.9,0.47,0.47,-1,0.0,True
db94882020,51.0,d,depto,no posee,calefont glp,1.9,1.9,0.47,0.47,48,1.0,False
80e4d12025,50.8,d,depto,no posee,calefont glp,1.9,1.9,0.47,0.47,48,1.0,False
b0fa5c2026,48.6,c,depto,calefactor electrico,calefont 10 litros gl,3.0,3.0,0.6,0.6,0,1.0,False
8290762026,24.7,d,depto,no posee,sala de calderas modular (gas natural),1.9,1.9,0.47,0.47,-1,0.0,True
7964a52021,48.6,d,depto,no posee,calderas de condensación time power 115k,1.9,1.9,0.47,0.47,-1,0.0,True
cb99fe2026,83.5,d,depto,radiadores copa innova modelos dk,caldera rinnai modelo rb 30/36,1.9,1.9,0.47,0.47,-1,0.0,True
0232672026,31.9,f,depto,no posee,calefont 7 litros tiro forzado,1.7,1.7,0.38,0.38,31,1.0,False
ea86b02023,24.7,d,depto,no posee,central termica,1.9,1.9,0.47,0.47,38,0.9230769824756065,False
d33ded2024,40.5,d,depto,no posee,caldera con condensación,1.9,1.9,0.47,0.47,52,1.0,False
eee5712021,52.2,d,depto,estufa kerosene 3 kw,calefon tiro natural 10 lts +sst,1.7,1.7,0.38,0.38,1,0.9996608826569533,False
7e7a982025,23.3,d,depto,no posee,sistema centralizado a gas natural.,1.9,1.9,0.47,0.47,-1,0.0,True
0d368e2022,51.9,d,casa_pareada,no posee,calefont 10 litros tiro forzado,1.9,1.9,0.47,0.47,36,1.0,False
aea6432020,46.7,d,depto,no posee,caldera condensación,1.9,1.9,0.47,0.47,13,1.0,False
d23d4f2021,51.3,d,depto,no posee,calefont glp,1.9,1.9,0.47,0.47,49,0.0,False
bf82812024,53.4,d,depto,no posee,calefont tiro forzado,1.7,1.7,0.38,0.38,24,1.0,False
694a4c2025,66.9,d,casa_aislada,no posee,calefont glp,1.9,1.9,0.47,0.47,-1,0.0,True
54571d2020,50.0,e,depto,no posee,termo eléctrico,1.7,1.7,0.38,0.38,-1,0.0,True
c42ace2019,56.1,e,casa_pareada,no posee,calefont glp,1.7,1.7,0.38,0.38,25,0.8205127880212343,False
bf8c3c2026,45.0,d,depto,no posee,calefont 10 litros tiro forzado,1.9,1.9,0.47,0.47,11,1.0,False
9c7b372025,60.1,d,depto,no posee,central de agua caliente para suministro de todos los departamentos,1.9,1.9,0.47,0.47,-1,0.0,True
0bffe72024,53.7,d,depto,no posee,calefont tiro forzado,1.7,1.7,0.38,0.38,24,1.0,False
86d5d92021,51.0,d,depto,no considera,calefont 11 litros,3.0,3.0,0.6,0.6,-1,0.0,True
1152342024,32.2,d,depto,no posee,"el edificio cuenta con 5 calderas de gas natural, riello condexa",1.9,1.9,0.47,0.47,-1,0.0,True
5cfd7b2021,45.2,d,casa_pareada,no posee,calefont 7 litros tiro forzado,1.0,1.0,0.0,0.0,2,1.0,False
0107312024,19.0,d,depto,no posee,caldera de condensación,1.9,1.9,0.47,0.47,28,0.5263157873346737,False
c2f2e32024,58.1,d,depto,no aplica,3 calderas murales de condensación,1.9,1.9,0.47,0.47,-1,0.0,True
8ed2152022,41.2,f,depto,no posee,calefont 7 litros tiro forzado,1.6,1.6,0.33,0.33,32,0.974999963321316,False
d0ac312024,30.5,d,depto,no posee,caldera central a gas,1.9,1.9,0.47,0.47,30,1.0,False
a7e1222020,51.1,d,depto,no posee,calefont glp,1.9,1.9,0.47,0.47,49,1.0,False
c91d2e2021,56.3,d,depto,no posee,calefont 7 litros tiro forzado,1.7,1.7,0.38,0.38,56,0.11111111190553791,False
ed154f2024,36.1,d,depto,losa radiante,caldera con condensación,1.9,1.9,0.47,0.47,-1,0.0,True
00ed9d2021,56.3,f,casa_pareada,no posee,calefont glp,1.7,1.7,0.38,0.38,27,0.0,False
41dafd2019,132.1,d,depto,chiller bomba de calor,caldera de condensación en casacada,1.9,1.9,0.47,0.47,-1,0.0,True
1663882026,42.7,g,casa_aislada,no posee,calefont glp,1.1,1.1,0.28,0.28,20,1.0,False
c37b6a2021,40.1,d,depto,no posee,calefont 7 litros tiro forzado,1.9,1.9,0.47,0.47,-1,0.0,True
b6a4802021,57.9,d,casa_pareada,no posee,calefont 10 litros,3.0,3.0,0.6,0.6,-1,0.0,True
a444d52022,42.0,d,casa_pareada,no posee,calefont glp,1.9,1.9,0.47,0.47,40,1.0,False
6bbee22025,57.8,d,depto,no posee,calefont,1.9,1.9,0.47,0.47,50,1.0,False
0402c32023,43.7,f,casa_aislada,estufa a pellets bosca ecosmart,calefont 7 litros tiro forzado,1.6,1.6,0.33,0.33,-1,0.0,True
3e98db2025,37.4,d,depto,split inverter,termo eléctrico,1.9,1.9,0.47,0.47,-1,0.0,True
be88b42024,57.8,e,depto,sin sistema,calefont,1.7,1.7,0.38,0.38,35,1.0,False
c68b012026,46.8,d,depto,no posee,caldera condensación,1.9,1.9,0.47,0.47,13,1.0,False
c630052023,45.4,c,depto,no posee,calefont,3.0,3.0,0.6,0.6,51,0.012550881504633415,False
1578232026,47.7,f,casa_aislada,no posee,calefont glp,1.7,1.7,0.38,0.38,19,0.056458454608419154,False
8ea9f12020,42.4,d,casa_pareada,no posee,calefont glp,1.9,1.9,0.47,0.47,40,0.0,False
8862832020,44.6,d,depto,no posee,caldera de condensación,1.9,1.9,0.47,0.47,28,1.0,False
9f44742021,30.1,d,depto,no posee,el edificio cuenta con 2 calderas para el edificio sur y 3 calderas,1.9,1.9,0.47,0.47,8,0.07259158922291108,False
44dd862021,45.2,d,casa_pareada,no posee,calefont 7 litros tiro forzado,1.0,1.0,0.0,0.0,2,1.0,False
0d0d8c2021,40.6,g,depto,no considera,calefon. tiro forzado.,1.6,1.6,0.33,0.33,-1,0.0,True
c476d22025,57.1,a,depto,no posee,calefont 7 litros tiro forzado,4.0,4.0,0.84,0.84,5,0.4000000257394295,False
f1458d2023,38.0,d,depto,sistema centralizado con losa radiante y caldera de condensación,centralizado con caldera de condensación y estanques de,1.9,1.9,0.47,0.47,-1,0.0,True
f65b392020,52.3,f,depto,no posee,calefont glp,1.7,1.7,0.38,0.38,29,1.0,False
d8e8512025,55.6,c,depto,no posee,caldera de condensación ares tec 770,3.0,3.0,0.0,0.0,-1,0.0,True
92a75e2022,48.1,d,casa_pareada,no posee,calefont 10 litros tiro forzado,1.9,1.9,0.47,0.47,36,1.0,False
4347cb2021,49.9,e,depto,no posee,calefont 7 litros tiro forzado,1.7,1.7,0.38,0.38,54,1.0,False
3625652026,49.4,f,depto,no posee,calefont 7 litros tiro forzado,1.6,1.6,0.33,0.33,32,1.0,False
e086212024,50.9,c,depto,sin sistema,calefont tiro forzado bosch,3.0,3.0,0.6,0.6,-1,0.0,True
552fcb2022,72.6,d,casa_pareada,estufa kerosene 3 kw,calefon tiro natural 10 lts +sst,1.7,1.7,0.38,0.38,1,1.0,False
313d792026,21.0,d,depto,no posee,termo eléctrico marca winter 80 litros.,1.9,1.9,0.47,0.47,-1,0.0,True
a648712025,47.0,d,casa_pareada,no posee,calefont 7 litros tiro forzado,1.7,1.7,0.38,0.38,41,1.0,False
fca51a2024,53.2,d,casa_pareada,no posee,calefont 7 litros tiro forzado,1.9,1.9,0.47,0.47,43,1.0,False
bd11c12018,67.5,e,casa_aislada,no posee,calefont tiro balanceado,1.0,1.0,0.0,0.0,-1,0.0,True
f3f2692023,81.7,d,casa_pareada,0,calefont 10 litros tiro forzado,1.7,1.7,0.38,0.38,-1,0.0,True
04c8392021,52.3,f,depto,no posee,calefont glp,1.7,1.7,0.38,0.38,29,1.0,False
4e1f132024,49.6,f,casa_pareada,no posee,calefont 10 litros tiro forzado,1.7,1.7,0.38,0.38,-1,0.0,True
deed822020,36.5,c,casa_pareada,no posee,"calefont ionizado a gas licuado, 5 litros.",4.0,4.0,0.84,0.84,-1,0.0,True
ca52b62025,106.4,d,depto,central de agua caliente,central de agua caliente,1.9,1.9,0.47,0.47,-1,0.0,True
fee9f32023,66.8,d,casa_pareada,no posee,calefont 7 litros tiro forzado,1.9,1.9,0.47,0.47,-1,0.0,True
0f12892024,70.8,c,depto,no posee,termo eléctrico bosch modelo tronic 150 litros.,4.0,4.0,0.84,0.84,-1,0.0,True
dfe2e62025,110.2,d,depto,no aplica,caldera de condensacion a gas,1.9,1.9,0.47,0.47,-1,0.0,True
cb0e682021,28.7,d,depto,no considera,central termica,1.9,1.9,0.47,0.47,-1,0.0,True
21bffe2022,51.6,f,casa_pareada,no posee,calefont 7 litros tiro forzado,1.7,1.7,0.38,0.38,16,0.2647058810169847,False
5a55482020,46.2,f,casa_pareada,no posee,calefont glp,1.7,1.7,0.38,0.38,27,1.0,False
e0bf9c2019,54.8,d,depto,no posee,caldera de condensación,1.9,1.9,0.47,0.47,28,0.7272727221673863,False
c061232025,22.8,d,depto,no posee,calefont 7 litros tiro forzado,1.9,1.9,0.47,0.47,-1,0.0,True
bc35d62026,28.4,d,depto,no posee,sala de calderas,1.9,1.9,0.47,0.47,12,1.0,False
618b542021,48.1,d,depto,no posee,calefont glp,1.9,1.9,0.47,0.47,44,0.0,False
29d9682023,46.2,d,depto,no posee,central termica,1.9,1.9,0.47,0.47,38,0.17142857489551486,False
c9b0f32026,54.4,a,depto,no posee,termo electrico 120 litros,4.0,4.0,0.84,0.84,-1,0.0,True
f1cc272023,50.6,d,depto,no aplica,calefont glp,1.9,1.9,0.47,0.47,-1,0.0,True
1dd6e22024,56.0,b,depto,no posee,calefont 7 litros tiro forzado,4.0,4.0,0.84,0.84,3,0.00339213025673568,False
b833542025,48.3,e,casa_pareada,no posee,calefont glp,1.7,1.7,0.38,0.38,25,1.0,False
72d0bb2025,50.4,d,casa_pareada,no posee,calefont glp,1.9,1.9,0.47,0.47,39,1.0,False
624d562024,68.0,c,depto,no posee,termo eléctrico rheem 246 lt.,4.0,4.0,0.84,0.84,-1,0.0,True
4a10b02023,47.2,d,depto,0,calefont 10 litros tiro forzado,1.7,1.7,0.38,0.38,-1,0.0,True
c46b452025,57.0,a,depto,no posee,"calefón mademsa forced 10 eco gl, 10 litros, gas licuado",4.0,4.0,0.84,0.84,-1,0.0,True
ffc2172025,33.0,d,depto,no posee,sistema centralizado a gas natural.,1.9,1.9,0.47,0.47,-1,0.0,True
4f9fee2021,55.9,c,depto,no posee,cuatro calderas de condensación y cuatro cilindros de inercia,3.0,3.0,0.6,0.6,-1,0.0,True
cad8f92018,66.1,g,casa_aislada,no posee,calefont 7 litros tiro forzado,1.1,1.1,0.28,0.28,-1,0.0,True
310d742025,28.6,d,depto,no posee sistema de calefacción.,central térmica con 3 calderas murales modulares y 2 estanques,1.9,1.9,0.47,0.47,-1,0.0,True
b163802025,54.7,f,depto,no posee,calefont 10 litros tiro forzado,1.7,1.7,0.38,0.38,-1,0.0,True
eb7ea72026,53.4,d,depto,no posee,calefont glp,1.9,1.9,0.47,0.47,-1,0.0,True
18d4a42021,48.8,f,casa_aislada,estufa a parafina marca toyotomi modelo ff-v30 el que tiene,calefon marca mademsa modelo forzada tfm 10 eco gl/gn,1.6,1.6,0.33,0.33,-1,0.0,True
ad994a2026,128.9,d,casa_aislada,no posee,calefon tiro forzado,1.9,1.9,0.47,0.47,-1,0.0,True
6426e42023,45.6,d,depto,no posee,calefont tiro forzado 13 litros,1.9,1.9,0.47,0.47,-1,0.0,True
b20bd02023,50.8,d,depto,no aplica,calefont glp,1.9,1.9,0.47,0.47,-1,0.0,True
0920682024,52.9,d,depto,no considera,caldera con condensación,1.9,1.9,0.47,0.47,53,0.6346154143147263,False
6b9f372025,55.6,a,depto,no posee,calefont 7 litros tiro forzado,4.0,4.0,0.84,0.84,5,1.0,False
631ef62025,50.5,d,depto,no posee,"calefón mural de condensación, instalado en batería (conexión",1.9,1.9,0.47,0.47,-1,0.0,True
906a152025,53.3,c,depto,no posee,calefont 7 litros tiro forzado,4.0,4.0,0.84,0.84,3,1.0,False
47076f2020,48.7,e,depto,no posee,termo eléctrico,1.7,1.7,0.38,0.38,-1,0.0,True
13079b2019,86.2,f,casa_aislada,no posee,calefont 7 litros tiro forzado,1.6,1.6,0.33,0.33,14,0.22884858922265802,False
8d819d2022,51.9,b,depto,no posee,calefont 7 litros tiro forzado,3.0,3.0,0.6,0.6,-1,0.0,True
9ddd5d2024,53.9,d,depto,no posee,calefont 7 litros tiro forzado,3.0,3.0,0.6,0.6,55,1.0,False
f916ba2022,48.9,d,depto,no posee,calefont 10 litros tiro forzado,3.0,3.0,0.6,0.6,11,0.009571054886205977,False
9deaf52019,65.3,d,depto,radiadores,caldera de condensación en cascada,1.0,1.0,0.0,0.0,-1,0.0,True
8f03b82022,51.9,b,depto,no posee,calefont 7 litros tiro forzado,3.0,3.0,0.6,0.6,-1,0.0,True
d1edc72021,74.8,d,casa_aislada,estufa a gas,calefont,1.9,1.9,0.47,0.47,-1,0.0,True
7683112024,26.2,d,depto,no considera,caldera con condensación,1.9,1.9,0.47,0.47,53,1.0,False
fc3e2b2025,49.8,b,casa_aislada,no posee,calefont 8 litros tiro forzado,3.0,3.0,0.6,0.6,-1,0.0,True
79ff2e2020,52.3,f,depto,no posee,calefont glp,1.7,1.7,0.38,0.38,29,1.0,False
cbfcd82024,45.8,a,depto,no posee,calefon,4.0,4.0,0.84,0.84,-1,0.0,True
5685c62025,48.0,b,depto,no posee,calefont glp,4.0,4.0,0.84,0.84,-1,0.0,True
38279c2018,49.4,g,,radiador eléctrico,calefont 7 litros tiro forzado,1.1,1.1,0.28,0.28,-1,0.0,True
1a77ef2020,46.2,f,casa_pareada,no posee,calefont glp,1.7,1.7,0.38,0.38,27,1.0,False
6aeb342024,49.5,f,casa_aislada,no posee,calefont 7 litros tiro forzado,1.7,1.7,0.38,0.38,14,1.0,False
5668af2019,43.8,d,depto,no posee,calefont 7 litros tiro forzado,1.9,1.9,0.47,0.47,-1,0.0,True
5c283e2024,48.0,d,depto,no posee,calefont 7 litros tiro forzado,1.9,1.9,0.47,0.47,60,1.0,False
37c0a52023,45.2,d,depto,no posee,la torre cuenta con 2 calderas de gas natural sime modelo,1.9,1.9,0.47,0.47,-1,0.0,True
fc1d6b2025,44.8,d,depto,no posee,"central térmica con 8 calentadores de agua, marca anwo,",1.0,1.0,0.0,0.0,2,1.0,False
c60f322022,49.3,d,depto,no posee,calefont glp,1.9,1.9,0.47,0.47,44,0.0,False
eaca092024,32.2,e,depto,no posee,centralizado a gas natural,1.7,1.7,0.38,0.38,-1,0.0,True
c1842d2025,57.5,e,depto,no posee,calefont 7 litros tiro forzado,1.7,1.7,0.38,0.38,54,1.0,False
9162642026,56.7,d,depto,no posee,caldera condensación,1.9,1.9,0.47,0.47,13,0.4800000012354925,False
a57ab42024,53.5,d,depto,no considera,caldera con condensación,1.9,1.9,0.47,0.47,53,0.5689655135686904,False
130e092023,47.0,d,casa_pareada,no posee,calefont 7 litros tiro forzado,1.7,1.7,0.38,0.38,41,1.0,False
5620e62023,52.2,g,depto,no posee,calefont 7 litros tiro forzado,1.6,1.6,0.33,0.33,22,1.0,False
8101312023,77.7,d,casa_aislada,0,calefont 10 litros tiro forzado,1.7,1.7,0.38,0.38,-1,0.0,True
882d342018,47.2,d,depto,no posee,calefont 7 litros tiro forzado,1.9,1.9,0.47,0.47,61,1.0,False
69be2c2024,65.7,c,depto,sin sistema,calefont tiro forzado junkers,3.0,3.0,0.6,0.6,-1,0.0,True
74278c2024,54.6,d,casa_pareada,no posee,calefont glp,1.9,1.9,0.47,0.47,39,1.0,False
3c44802024,29.8,d,depto,no posee,central termica,1.9,1.9,0.47,0.47,38,1.0,False
78e2682022,42.0,d,casa_pareada,no posee,calefont glp,1.9,1.9,0.47,0.47,40,1.0,False
38c18c2021,28.2,d,depto,no posee,estanque eléctrico 189 l,1.9,1.9,0.47,0.47,-1,0.0,True
a652e62024,123.5,d,depto,"caldera de condensación marca immergas, modelo victrix pro","caldera de condensación marca immergas, modelo victrix pro",1.9,1.9,0.47,0.47,-1,0.0,True
27f58d2023,82.3,c,depto,no posee,calefont,3.0,3.0,0.6,0.6,-1,0.0,True
425e402023,51.4,d,depto,no posee,calefont,1.9,1.9,0.47,0.47,50,1.0,False
6c42642023,55.6,i,depto,"calefactor de tiro natural modelo 4990tc, marca orbis, potencia","calefon de tiro forzado digital de 13 litros- marca spendid,",0.6,0.6,0.25,0.25,-1,0.0,True
902ad02020,29.4,d,depto,no posee,calefont 13 litros tiro forzado,1.9,1.9,0.47,0.47,-1,0.0,True
8124c52024,95.3,d,casa_aislada,no posee,calefont 7 litros tiro forzado,1.9,1.9,0.47,0.47,33,0.5692307794656191,False
25a89b2025,21.0,d,depto,no posee sistema de calefacción.,central térmica con 3 calderas murales modulares y 2 estanques,1.9,1.9,0.47,0.47,-1,0.0,True
cb9f792025,68.2,f,casa_pareada,no posee,calefont 7 litros tiro forzado,1.7,1.7,0.38,0.38,16,0.06666667009859048,False
fff31a2024,29.1,d,depto,no posee,caldera centralizada,1.9,1.9,0.47,0.47,-1,0.0,True
f3a8f92026,128.2,d,casa_aislada,no considera,calefon,1.9,1.9,0.47,0.47,-1,0.0,True
c3d7fd2023,54.0,f,casa_pareada,no aplica,calefont glp,1.6,1.6,0.33,0.33,26,1.0,False
eb94db2026,49.8,b,casa_aislada,calefactor electrico,calefont 8 litros gl,3.0,3.0,0.6,0.6,-1,0.0,True
ce7d242022,57.0,d,depto,no considera,central térmica. calefon con condensación,1.9,1.9,0.47,0.47,-1,0.0,True
c399772024,39.8,d,depto,no aplica,3 calderas murales de condensación,1.9,1.9,0.47,0.47,-1,0.0,True
428f382020,66.0,a,casa_pareada,no posee,calefont 7 litros tiro forzado,4.0,4.0,0.84,0.84,-1,0.0,True
bb6efd2021,42.0,d,casa_pareada,no posee,calefont glp,1.9,1.9,0.47,0.47,40,1.0,False
f6f2ce2024,32.6,d,depto,no posee,calefont tiro forzado,1.9,1.9,0.47,0.47,24,0.024526388758561498,False
12ba182025,45.9,d,depto,no posee,calefont 7 litros tiro forzado,1.9,1.9,0.47,0.47,59,1.0,False
cf00a32025,29.9,d,depto,no posee,termo eléctrico mural con mezclador marca winter de 80 l,1.0,1.0,0.0,0.0,2,1.0,False
2962082025,54.7,c,depto,no posee,caldera mural a condensación,3.0,3.0,0.6,0.6,-1,0.0,True
8fd7dd2024,50.6,d,depto,no posee,calefont glp,3.0,3.0,0.6,0.6,37,0.0,False
3481e92024,71.4,e,casa_aislada,no posee,termo eléctrico de 120 lt,1.7,1.7,0.38,0.38,-1,0.0,True
70d5392023,49.0,h,casa_pareada,no posee,calefont glp,1.6,1.6,0.33,0.33,-1,0.0,True
de6bcd2019,51.1,d,depto,no posee,calefont glp,1.9,1.9,0.47,0.47,49,1.0,False
c8ff0d2021,33.8,d,depto,no posee,calefont a condensación,1.9,1.9,0.47,0.47,-1,0.0,True
eb63402023,51.8,c,depto,no posee,calefont 7 litros tiro forzado,3.0,3.0,0.6,0.6,51,1.0,False
2aa3db2022,39.1,d,depto,no considera,central térmica,1.9,1.9,0.47,0.47,-1,0.0,True
ac74fe2025,48.5,d,depto,no posee,calefont glp,1.9,1.9,0.47,0.47,44,1.0,False
71f1f32025,42.8,d,depto,no posee,calefont 10 litros tiro forzado,1.9,1.9,0.47,0.47,11,1.0,False
64a4032024,44.1,e,casa_pareada,no posee,calefont glp,1.7,1.7,0.38,0.38,25,1.0,False
b16e302024,49.0,f,casa_pareada,no posee,calefont,1.6,1.6,0.33,0.33,-1,0.0,True
abb1f62024,26.4,d,depto,no considera,caldera con condensación,1.9,1.9,0.47,0.47,53,1.0,False
56bf9f2021,65.5,a,depto,no posee,sistema unitario,4.0,4.0,0.0,0.0,-1,0.0,True
1cdf7e2026,29.1,e,depto,no posee,calefont 7 litros tiro forzado,1.7,1.7,0.38,0.38,54,0.3111111004340148,False
8243722024,37.9,d,depto,no considera,caldera con condensación,1.9,1.9,0.47,0.47,53,1.0,False
bd00232024,49.2,a,casa_pareada,no posee,calefont glp,4.0,4.0,0.84,0.84,-1,0.0,True
0f11bc2026,47.3,d,depto,no posee,calefont 7 litros tiro forzado,1.9,1.9,0.47,0.47,61,0.0,False
26be6d2026,47.6,d,depto,no posee,calefont 7 litros tiro forzado,1.7,1.7,0.38,0.38,56,1.0,False
b4fc522026,25.3,d,depto,no posee,caldera condensación,1.9,1.9,0.47,0.47,13,1.0,False
95cbf32023,44.1,e,depto,no posee,calefont 7 litros tiro forzado,1.7,1.7,0.38,0.38,54,1.0,False
7c185c2024,81.7,f,casa_pareada,no posee,calefont 7 litros tiro forzado,1.7,1.7,0.38,0.38,16,0.035856575237263794,False
cd7d9f2020,49.0,g,depto,calefactor tiro forzado a parafina,calefon glp,1.6,1.6,0.33,0.33,-1,0.0,True
82a65e2023,69.8,d,casa_pareada,no posee,"calefont 13 litros neckar marca junkers, gas licuado.",1.9,1.9,0.47,0.47,-1,0.0,True
3543002025,52.2,g,depto,no posee,calefont 10 litros tiro forzado,1.1,1.1,0.28,0.28,23,1.0,False
6c0d2b2023,28.0,d,depto,no posee,calefón de condensación,1.9,1.9,0.47,0.47,-1,0.0,True
aaf8ba2025,47.3,d,depto,no posee,calefont 7 litros tiro forzado,1.9,1.9,0.47,0.47,61,0.0,False
f894402019,51.1,d,depto,no posee,calefont 7 glp,1.9,1.9,0.47,0.47,-1,0.0,True
f3fc992019,94.6,d,casa_aislada,no posee,calefont 7 litros tiro forzado,1.9,1.9,0.47,0.47,33,0.5692307794656191,False
a215ee2022,51.9,b,depto,no posee,calefont 7 litros tiro forzado,3.0,3.0,0.6,0.6,-1,0.0,True
e32aba2020,79.6,d,casa_pareada,estufa kerosene 3 kw,calefon tiro natural 10 lts +sst,1.7,1.7,0.38,0.38,1,1.0,False
7c65592022,39.2,f,casa_aislada,no posee,calefont glp,1.6,1.6,0.33,0.33,19,1.0,False
6b98c82022,29.1,d,depto,no posee,el edificio cuenta con 2 calderas de gas natural ivar super,1.9,1.9,0.47,0.47,-1,0.0,True
7473042025,66.8,d,casa_pareada,no posee,calefont 7 litros tiro forzado,1.7,1.7,0.38,0.38,-1,0.0,True
3286a42025,49.4,d,casa_pareada,no posee,calefont glp,1.9,1.9,0.47,0.47,39,1.0,False
386d082023,60.1,e,depto,no posee,calefont 13 litros tiro forzado,1.7,1.7,0.38,0.38,-1,0.0,True
afd0212022,30.8,d,depto,no posee,el edificio cuenta con 2 calderas de gas natural ivar super,1.9,1.9,0.47,0.47,-1,0.0,True
ec24912021,41.5,d,depto,no posee,el edificio cuenta con 2 calderas para el edificio sur y 3 calderas,1.9,1.9,0.47,0.47,8,0.07259158922291108,False
df20e52022,32.4,d,depto,no posee,calefont 10 litros tiro forzado,1.9,1.9,0.47,0.47,11,0.25961539946505546,False
1d0ca02021,48.1,d,depto,no posee,calefont glp,1.9,1.9,0.47,0.47,44,0.0,False
f965b22025,50.3,d,depto,no posee,sistema centralizado. calderas de condensación. gas licuado,1.9,1.9,0.47,0.47,-1,0.0,True
1c84682019,52.4,d,depto,no posee,calefont con gas licuado 7 lt,3.0,3.0,0.0,0.0,-1,0.0,True
705eb32024,47.4,d,casa_pareada,no posee,calefont 13 litros,1.9,1.9,0.47,0.47,-1,0.0,True
a0e4a92024,52.3,d,depto,no posee,caldera modular de condensación,1.9,1.9,0.47,0.47,-1,0.0,True
f0bac02022,47.0,d,casa_pareada,no posee,calefont 7 litros tiro forzado,1.7,1.7,0.38,0.38,41,1.0,False
50270b2021,78.2,d,casa_pareada,no posee,calefont,1.7,1.7,0.38,0.38,9,1.0,False
1c06f82022,51.6,d,depto,no posee,calefont,1.9,1.9,0.47,0.47,50,1.0,False
9a8bda2026,47.0,d,casa_pareada,no posee,calefont 7 litros tiro forzado,1.7,1.7,0.38,0.38,41,1.0,False
112db62026,56.6,f,casa_pareada,no posee,calefont 7 litros tiro forzado,1.7,1.7,0.38,0.38,16,0.1551724188430507,False
8597822023,41.2,f,casa_aislada,no posee,calefont glp,1.6,1.6,0.33,0.33,19,1.0,False
54b29b2021,46.4,d,depto,no posee,caldera con condensación,1.9,1.9,0.47,0.47,52,0.8333332618349243,False
c0eb4e2023,70.1,d,casa_pareada,no posee,calefont,1.9,1.9,0.47,0.47,10,1.0,False
c0ed7e2025,48.7,g,casa_aislada,no posee,calefon,1.1,1.1,0.28,0.28,17,1.0,False
d160aa2025,53.7,e,depto,no posee,calefont 7 litros tiro forzado,1.7,1.7,0.38,0.38,54,1.0,False
0100a32026,58.2,d,depto,no posee,calefont tiro forzado,1.7,1.7,0.38,0.38,24,1.0,False
619a262024,45.8,a,depto,no posee,calefon,4.0,4.0,0.84,0.84,-1,0.0,True
a78ef92025,32.0,d,depto,no posee,calefont 7 litros tiro forzado,1.9,1.9,0.47,0.47,57,1.0,False
35e84b2025,31.6,c,depto,no posee,sala de calderas,3.0,3.0,0.6,0.6,-1,0.0,True
e780392023,52.2,g,depto,no posee,calefont 7 litros tiro forzado,1.6,1.6,0.33,0.33,22,1.0,False
1f37bb2026,63.1,d,casa_aislada,no posee,calefont 7 litros tiro forzado,1.9,1.9,0.47,0.47,33,1.0,False
2d247b2023,51.2,e,depto,no aplica,calefont glp,1.7,1.7,0.38,0.38,-1,0.0,True
bd5a442020,48.7,g,depto,no considera,caldera rinnai eco 16/17 gn,1.1,1.1,0.28,0.28,-1,0.0,True
173f722025,46.8,g,depto,no posee,calefón rheem 14 lts,1.6,1.6,0.33,0.33,-1,0.0,True
27a6bc2020,48.7,e,depto,no posee,termo eléctrico,1.7,1.7,0.38,0.38,-1,0.0,True
db91d62018,48.2,d,depto,no posee,calefont 7 litros tiro forzado,1.9,1.9,0.47,0.47,60,1.0,False
58ccf62021,77.8,d,casa_aislada,estufa kerosene 3 kw,calefon tiro natural 10 lts +sst,1.7,1.7,0.38,0.38,1,1.0,False
ecb2932023,53.6,d,depto,no posee,calentamiento de agua con caldera a condensación,1.9,1.9,0.47,0.47,50,0.00881953798648314,False
2c059e2026,53.6,e,depto,no posee,calefont 7 litros tiro forzado,1.7,1.7,0.38,0.38,54,1.0,False
3b46872018,42.7,d,casa_pareada,no posee,calefont 7 litros tiro forzado,1.9,1.9,0.47,0.47,42,0.7826087102492029,False
790cd62025,42.4,a,depto,no posee,"termo eléctrico anwo van120l, potencia 1.7 kw",4.0,4.0,0.84,0.84,-1,0.0,True
6c56592018,61.1,c,casa_aislada,no posee,calefont 14 litros tiro forzado,4.0,4.0,0.84,0.84,-1,0.0,True
3d5e5c2024,50.3,g,casa_aislada,no posee,calefont glp,1.6,1.6,0.33,0.33,20,1.0,False
3243ed2024,60.0,e,depto,no posee,calefont 13 litros tiro forzado,1.7,1.7,0.38,0.38,-1,0.0,True
b3890c2024,49.0,f,casa_pareada,no posee,calefont,1.6,1.6,0.33,0.33,-1,0.0,True
63a5912024,50.1,c,depto,no posee,calefont 7 litros tiro natural,3.0,3.0,0.6,0.6,-1,0.0,True
e9c41a2019,46.0,f,depto,no posee,calefont 13 litros tiro forzado,1.7,1.7,0.38,0.38,-1,0.0,True
dd686f2020,48.7,e,depto,no posee,termo eléctrico,1.7,1.7,0.38,0.38,-1,0.0,True
4612fd2024,32.6,d,depto,no posee,calefont tiro forzado,1.9,1.9,0.47,0.47,24,0.024526388758561498,False
132b562022,57.0,d,depto,losa radiante mediante bomba de calor aerotérmica,bomba de calor aerotérmica,1.9,1.9,0.47,0.47,-1,0.0,True
7de4e02019,51.1,d,depto,no posee,calefont glp,1.9,1.9,0.47,0.47,49,1.0,False
7a75152024,40.6,d,depto,no posee,calefont 7 litros tiro forzado,1.9,1.9,0.47,0.47,-1,0.0,True
df3eb72020,45.2,d,depto,no posee,calefont 13 litros tiro forzado,1.9,1.9,0.47,0.47,-1,0.0,True
e184922024,39.5,d,depto,no posee,caldera a gas centralizada,1.9,1.9,0.47,0.47,30,0.038670282988471666,False
33f75d2024,90.7,d,casa_aislada,no posee,calefont 10 litros tiro natural,1.9,1.9,0.47,0.47,-1,0.0,True
7191f42020,46.2,f,casa_pareada,no posee,calefont glp,1.7,1.7,0.38,0.38,27,1.0,False
812dcd2025,28.9,d,depto,sin sistema,caldera de condensación marca naview,1.9,1.9,0.47,0.47,-1,0.0,True
02b1d92022,41.4,d,depto,no posee,caldera con condensación,1.9,1.9,0.47,0.47,52,1.0,False
d9bc8a2022,26.4,d,depto,no posee,caldera a condensación,1.9,1.9,0.47,0.47,18,1.0,False
cb67d02024,55.5,d,depto,no posee,calefont 7 litros tiro forzado,3.0,3.0,0.6,0.6,55,1.0,False
6aa7772025,49.2,b,casa_pareada,no posee,calefont glp,4.0,4.0,0.84,0.84,-1,0.0,True
bde6ab2019,50.4,d,depto,no posee,calefont 7 litros tiro forzado,1.9,1.9,0.47,0.47,60,0.6666666237676203,False
e7b6622023,71.4,e,casa_aislada,no posee,termo eléctrico de 120 lt,1.7,1.7,0.38,0.38,-1,0.0,True
36b74c2025,52.2,g,depto,no posee,calefont 10 litros tiro forzado,1.1,1.1,0.28,0.28,23,1.0,False
e3c3f12025,46.7,f,casa_pareada,no posee,calefón,1.7,1.7,0.38,0.38,-1,0.0,True
c8b94d2023,54.3,c,depto,no posee,calefont 7 litros tiro forzado,4.0,4.0,0.84,0.84,3,1.0,False
2ca3b22025,55.6,a,depto,no posee,calefont 7 litros tiro forzado,4.0,4.0,0.84,0.84,5,1.0,False
03dc662024,48.3,a,depto,no posee,calefont 7 litros tiro forzado,4.0,4.0,0.84,0.84,-1,0.0,True
32f3692025,49.5,d,casa_pareada,no posee,calefont 11 litros tiro forzado,1.9,1.9,0.47,0.47,-1,0.0,True
b968ff2025,42.8,d,depto,no posee,"calefont 10 litros tiro forzado, gas natural",1.9,1.9,0.47,0.47,11,0.009158751509832206,False
bd16912023,76.8,d,casa_pareada,no posee,calefont,1.9,1.9,0.47,0.47,10,0.7837837928085651,False
517bad2021,41.7,d,casa_pareada,no posee,calefont glp,1.9,1.9,0.47,0.47,40,0.0,False
24fc442024,54.0,d,depto,0,calefont 10 litros tiro forzado,1.7,1.7,0.38,0.38,-1,0.0,True
80b7e02023,67.5,i,depto,"calefactor de tiro natural modelo 4990tc, marca orbis, potencia","calefon de tiro forzado digital de 13 litros- marca spendid,",0.6,0.6,0.25,0.25,-1,0.0,True
77ca932025,56.9,c,depto,no posee,calefont 13 litros - splendid mvg-tfi-13,4.0,4.0,0.84,0.84,-1,0.0,True
3fee822024,42.1,d,depto,no considera,caldera con condensación,1.9,1.9,0.47,0.47,53,0.9428571453785562,False
5eeffd2026,64.8,d,casa_pareada,no posee,calefont 10 litros tiro forzado,1.7,1.7,0.38,0.38,36,0.02654312861602531,False
c106552022,51.3,d,depto,no posee,termo eléctrico,1.9,1.9,0.47,0.47,8,1.0,False
f8ed782019,73.0,d,depto,,,1.9,1.9,0.47,0.47,-1,0.0,True
ea246e2025,40.1,d,depto,sin sistema,caldera,1.9,1.9,0.47,0.47,-1,0.0,True
de0f6f2021,77.5,d,casa_pareada,no posee,calefón,1.9,1.9,0.47,0.47,-1,0.0,True
d660052025,47.0,d,casa_pareada,no posee,calefont 7 litros tiro forzado,1.7,1.7,0.38,0.38,41,1.0,False
5b4c692021,34.6,a,depto,no posee,sistema unitario,4.0,4.0,0.0,0.0,-1,0.0,True
0733202025,59.5,a,depto,no posee,calefont 7 litros tiro forzado,4.0,4.0,0.84,0.84,6,1.0,False
53b5282024,75.5,e,depto,no posee,centralizado a gas natural,1.7,1.7,0.38,0.38,-1,0.0,True
6cba1b2020,58.7,d,casa_pareada,no posee,calefont 10 litros tiro natural,1.7,1.7,0.38,0.38,-1,0.0,True
9e0c1b2021,53.3,e,casa_pareada,no posee,calefont glp,1.7,1.7,0.38,0.38,25,1.0,False
67add02018,47.2,d,depto,no posee,calefont 7 litros tiro forzado,1.9,1.9,0.47,0.47,61,1.0,False
864e1e2018,56.8,g,,no posee,calefont 7 litros tiro forzado,1.6,1.6,0.33,0.33,-1,0.0,True
13d62f2021,39.3,d,depto,no posee,caldera con condensación,1.9,1.9,0.47,0.47,52,1.0,False
93a0362022,51.6,d,depto,losa de cielo radiante mediante bomba de calor,bomba de calor para acs,1.9,1.9,0.47,0.47,-1,0.0,True
2b0afc2020,44.0,f,casa_pareada,no posee,calefont 7 litros tiro forzado,1.7,1.7,0.38,0.38,16,1.0,False
25a8202022,49.9,d,depto,no posee,calefont glp,3.0,3.0,0.6,0.6,37,1.0,False
612c972026,41.8,d,depto,no posee,el edificio cuenta con 4 calderas a gas natural de condensación,1.9,1.9,0.47,0.47,-1,0.0,True
7e75872023,44.1,d,depto,no posee,calefont 7 litros tiro forzado,1.9,1.9,0.47,0.47,-1,0.0,True
624dcc2024,39.6,d,depto,no posee,"el edificio cuenta con 3 calderas baxi luna duo-tec mp 1.110,",1.9,1.9,0.47,0.47,-1,0.0,True
8b59f22025,94.2,c,depto,no posee,caldera mural a condensación,3.0,3.0,0.6,0.6,-1,0.0,True
4bd9ca2025,27.8,d,depto,no posee,termo eléctrico,1.9,1.9,0.47,0.47,8,1.0,False
cc48de2026,71.7,d,casa_pareada,sin sistema,calefont,1.9,1.9,0.47,0.47,-1,0.0,True
ba08642023,50.2,g,depto,no posee,calefont 10 litros tiro forzado,1.6,1.6,0.33,0.33,23,1.0,False
ef0a852025,49.0,d,depto,no posee,calefont 7 litros tiro forzado,1.9,1.9,0.47,0.47,60,1.0,False
5e2e762023,62.0,d,casa_pareada,no posee,calefont,1.9,1.9,0.47,0.47,10,1.0,False
7b25e32026,44.8,f,casa_pareada,bomba de calor tipo aire acondicionado aire-aire,calefont 7l gl splendid master,1.7,1.7,0.38,0.38,-1,0.0,True
1e8d932025,53.1,c,casa_pareada,0,"calefón junkers smart wr13-2 km e31 s4305 13 litros, gas",4.0,4.0,0.84,0.84,-1,0.0,True
6206552025,25.4,d,depto,no posee,termo eléctrico,1.9,1.9,0.47,0.47,8,1.0,False
e7d2ab2024,17.4,d,depto,no posee,termo eléctrico 100 l,1.9,1.9,0.47,0.47,-1,0.0,True
feb33b2019,92.0,d,casa_aislada,estufa eskabe,calefont junkers 13l,1.0,1.0,0.0,0.0,-1,0.0,True
2c14182025,70.0,c,depto,no posee,termo mural digital marca rheem 120 litros / modelo tm-120r,4.0,4.0,0.84,0.84,-1,0.0,True
63fff42025,53.1,c,casa_pareada,0,"calefón junkers smart wr13-2 km e31 s4305 13 litros, gas",4.0,4.0,0.84,0.84,-1,0.0,True
e9f1642025,48.6,c,depto,no posee,termo eléctrico rheem 120 litros,4.0,4.0,0.0,0.0,-1,0.0,True
e86f732023,55.6,d,depto,no posee,calefont 7 litros tiro forzado,3.0,3.0,0.6,0.6,55,1.0,False
5f52c72024,52.4,d,depto,no posee,calefont 7 litros tiro forzado,1.9,1.9,0.47,0.47,58,1.0,False
888cdb2025,58.7,d,casa_pareada,no posee,calefont 13 litros tiro forzado,1.9,1.9,0.47,0.47,-1,0.0,True
279cdc2025,57.8,d,depto,no posee,calefont 7 litros tiro forzado,1.9,1.9,0.47,0.47,-1,0.0,True
e82ea12020,46.2,f,casa_pareada,no posee,calefont glp,1.7,1.7,0.38,0.38,27,1.0,False
fc9e482025,51.7,d,depto,no posee,calefont 11 litros,1.9,1.9,0.47,0.47,-1,0.0,True
b623fd2021,41.5,d,depto,no posee,el edificio cuenta con 2 calderas para el edificio sur y 3 calderas,1.9,1.9,0.47,0.47,8,0.07259158922291108,False
d906232026,83.5,d,depto,radiadores copa innova modelos dk,caldera rinnai modelo rb 30/36,1.9,1.9,0.47,0.47,-1,0.0,True
e0f4a12019,60.0,a,depto,no posee,calefont 7 litros tiro forzado,4.0,4.0,0.84,0.84,6,1.0,False
08b5662024,55.6,a,depto,no posee,calefont 7 litros tiro forzado,4.0,4.0,0.84,0.84,5,1.0,False
5ea3a42025,66.5,d,depto,no posee,calefont glp,1.9,1.9,0.47,0.47,-1,0.0,True
7deacf2022,43.5,d,depto,calefactor eléctrico,sistema de generación central por caldera de condensación,1.9,1.9,0.47,0.47,-1,0.0,True
cfcc2d2023,50.2,g,depto,no posee,calefont 10 litros tiro forzado,1.6,1.6,0.33,0.33,23,1.0,False
e56e422024,51.3,i,casa_pareada,caldera a gas - gaz 6000 w- marca bosch,caldera a gas - gaz 6000 w- marca bosch,0.6,0.6,0.25,0.25,-1,0.0,True
dc379a2021,49.3,d,depto,no posee,caldera con condensación,1.9,1.9,0.47,0.47,52,0.8333332618349243,False
e06e3f2023,40.0,c,depto,no posee,calefont 7 litros tiro forzado,4.0,4.0,0.84,0.84,3,0.16393443473783859,False
6811b62021,53.2,d,casa_pareada,no posee,calefont 7 litros tiro forzado,1.9,1.9,0.47,0.47,43,1.0,False
e0f8292023,57.2,g,depto,no posee,calefont 7 litros tiro forzado,1.6,1.6,0.33,0.33,22,1.0,False
aab7682021,61.3,d,casa_pareada,no posee,calefont,1.7,1.7,0.38,0.38,9,1.0,False
6f62df2025,47.8,d,casa_pareada,no posee,calefont glp,1.9,1.9,0.47,0.47,39,0.666666652366985,False
a4fe6a2025,57.8,d,depto,sin sistema,calefont,1.9,1.9,0.47,0.47,50,0.00881953798648314,False
d20d422024,57.8,d,casa_pareada,no posee,calefont 7 litros tiro forzado,1.9,1.9,0.47,0.47,43,0.6153846153846154,False
2eba9e2025,28.9,d,depto,no posee,sala de calderas,1.9,1.9,0.47,0.47,12,1.0,False
eee8482023,24.3,d,depto,no posee,central termica,1.9,1.9,0.47,0.47,38,0.7058823342377866,False
ee5a732022,78.2,d,casa_aislada,no posee,calefont tiro forzado,1.7,1.7,0.38,0.38,-1,0.0,True
0740ad2026,28.4,e,depto,no posee,calefont 7 litros tiro forzado,1.7,1.7,0.38,0.38,54,0.3111111004340148,False
d5fbb72021,29.5,g,depto,no posee,calefont. tiro forzado,1.6,1.6,0.33,0.33,-1,0.0,True
f41dd62025,49.8,g,depto,no posee,calefont 10 litros tiro forzado,1.6,1.6,0.33,0.33,23,1.0,False
732e462024,48.6,f,depto,no posee,calefont glp,1.6,1.6,0.33,0.33,29,1.0,False
c83c942023,47.1,c,depto,no posee,calefont 7 litros tiro forzado,3.0,3.0,0.6,0.6,51,1.0,False
8c00932022,39.2,f,casa_aislada,no posee,calefont glp,1.6,1.6,0.33,0.33,19,1.0,False
967cb92024,32.1,d,depto,no posee,bomba de calor,1.9,1.9,0.47,0.47,-1,0.0,True
545a5f2025,48.3,e,casa_pareada,no posee,calefont glp,1.7,1.7,0.38,0.38,25,1.0,False
a586ef2023,53.3,c,depto,no posee,calefont 7 litros tiro forzado,4.0,4.0,0.84,0.84,3,1.0,False
46f7e72024,49.4,d,depto,no posee,calefont 7 litros tiro forzado,1.9,1.9,0.47,0.47,60,1.0,False
e24db22022,40.4,d,depto,no posee,caldera a condensación,1.9,1.9,0.47,0.47,18,1.0,False
7d8ae72019,60.0,a,depto,no posee,calefont 7 litros tiro forzado,4.0,4.0,0.84,0.84,6,1.0,False
d37c4e2025,49.8,g,depto,sin sistema,calefon junkers wd7,1.1,1.1,0.28,0.28,-1,0.0,True
b37a032022,42.7,d,depto,no posee,el edificio cuenta con 2 calderas sime 2r10 de 154.500 kcal/h,1.9,1.9,0.47,0.47,-1,0.0,True
852d122023,101.1,d,depto,no posee,caldera de condensación,1.9,1.9,0.47,0.47,28,0.08547009094175897,False
0261bb2023,66.8,d,casa_pareada,no posee,calefont 7 litros tiro forzado,1.9,1.9,0.47,0.47,-1,0.0,True
ebcdfc2021,81.6,d,casa_pareada,opcional,mediante colector solar térmico por termosifón,1.9,1.9,0.47,0.47,-1,0.0,True
518cbb2021,54.7,d,depto,no posee,calefont 7 litros tiro forzado,1.9,1.9,0.47,0.47,-1,0.0,True
505e2c2024,35.8,d,depto,no posee,caldera con condensación,1.9,1.9,0.47,0.47,52,1.0,False
901efa2019,47.2,d,depto,no posee,calefont 7 litros tiro forzado,1.9,1.9,0.47,0.47,61,1.0,False
e9190b2023,31.5,d,depto,no posee,la torre cuenta con 2 calderas de gas natural sime modelo,1.9,1.9,0.47,0.47,-1,0.0,True
7db1582025,37.6,d,depto,no posee,sala de calderas,1.9,1.9,0.47,0.47,12,1.0,False
3b00d42024,94.9,e,casa_aislada,sistema centralizado con caldera a gas con radiadores,caldera anwo aqua plus 30/32,1.7,1.7,0.38,0.38,-1,0.0,True
c650072024,28.2,d,depto,no posee,el edificio cuenta con 2 calderas de gas natural condexa,1.9,1.9,0.47,0.47,-1,0.0,True
5363d52026,78.4,c,depto,no considera,caldera convencional,3.0,3.0,0.6,0.6,-1,0.0,True
d8c1ed2024,54.4,d,casa_pareada,no posee,calefont 7 litros tiro forzado,1.9,1.9,0.47,0.47,43,1.0,False
9b43602022,46.4,d,casa_aislada,no posee,calefont glp,1.9,1.9,0.47,0.47,-1,0.0,True
4651952022,49.3,d,depto,no posee,calefont glp,1.9,1.9,0.47,0.47,44,0.0,False
2ba7d12024,31.5,d,depto,no posee,termo electrico,1.9,1.9,0.47,0.47,-1,0.0,True
ce5a312025,52.3,g,casa_aislada,no posee,calefon,1.6,1.6,0.33,0.33,17,1.0,False
41968d2025,57.8,d,depto,sin sistema,calefont,1.9,1.9,0.47,0.47,50,0.00881953798648314,False
65fa692019,43.3,e,casa_aislada,no posee,calefont glp,1.7,1.7,0.38,0.38,21,0.14285714285714285,False
41fcac2021,49.8,d,casa_pareada,no posee,calefont glp,1.9,1.9,0.47,0.47,39,1.0,False
26969b2024,50.5,e,depto,no posee,calefont glp,1.7,1.7,0.38,0.38,-1,0.0,True
7533d52023,30.2,d,depto,no posee,5 calderas de gas natural genus premium evo hp 150 de 140,1.9,1.9,0.47,0.47,-1,0.0,True
c559962023,46.1,f,casa_pareada,no aplica,calefont glp,1.7,1.7,0.38,0.38,26,1.0,False
7db2872019,77.4,e,casa_aislada,no posee,calefont 13lts,1.7,1.7,0.38,0.38,-1,0.0,True
9cf0742023,54.0,f,casa_pareada,no aplica,calefont glp,1.6,1.6,0.33,0.33,26,1.0,False
af29562020,64.8,d,casa_pareada,no posee,calefont,1.7,1.7,0.38,0.38,9,1.0,False
1b34c52018,44.5,d,casa_pareada,no posee,calefont 7 litros tiro forzado,1.9,1.9,0.47,0.47,42,1.0,False
6599b82025,49.8,g,depto,no posee,calefont 10 litros tiro forzado,1.6,1.6,0.33,0.33,23,1.0,False
4732d92024,63.1,d,casa_aislada,no posee,calefont 7 litros tiro forzado,1.0,1.0,0.0,0.0,2,0.9906197598146202,False
a2a72b2021,56.3,d,depto,no considera,calefont 11 litros,3.0,3.0,0.6,0.6,-1,0.0,True
5c3af82025,57.8,d,depto,sin sistema,calefont,1.9,1.9,0.47,0.47,50,0.00881953798648314,False
c6090b2026,50.2,b,depto,no posee,calefont 10 litros tiro forzado cámada abierta,4.0,4.0,0.84,0.84,-1,0.0,True
007d522026,47.8,d,depto,no posee,caldera condensación,1.9,1.9,0.47,0.47,13,1.0,False
2902ed2026,51.3,e,depto,no posee,calefont glp,1.7,1.7,0.38,0.38,-1,0.0,True
27fc322025,47.1,c,casa_pareada,no posee,calefont 7 litros tiro forzado,4.0,4.0,0.84,0.84,3,0.00339213025673568,False
f8e4092024,47.0,e,casa_pareada,no posee,calefont 7 litros tiro forzado,1.7,1.7,0.38,0.38,34,1.0,False
6149112024,28.3,d,depto,no posee,caldera de condensación,1.9,1.9,0.47,0.47,28,1.0,False
c346532023,53.5,d,casa_aislada,no posee,calefont 13 litros tiro forzado,1.9,1.9,0.47,0.47,-1,0.0,True
d109ca2019,45.7,d,depto,no posee,caldera rinnai sm 175,1.9,1.9,0.47,0.47,-1,0.0,True
fe038f2021,79.6,d,casa_pareada,estufa kerosene 3 kw,calefon tiro natural 10 lts +sst,1.7,1.7,0.38,0.38,1,1.0,False
73e3772024,48.6,d,depto,no posee,calefont glp,1.9,1.9,0.47,0.47,44,0.0,False
4b63782024,49.0,f,casa_pareada,no posee,calefont,1.6,1.6,0.33,0.33,-1,0.0,True
6a84fe2020,48.8,g,depto,no posee,calefont 7 litros tiro forzado,1.6,1.6,0.33,0.33,22,1.0,False
6090e22021,48.4,d,depto,no posee,calefont 7 litros tiro forzado,1.9,1.9,0.47,0.47,60,1.0,False
86500c2026,49.4,f,depto,no posee,calefont 7 litros tiro forzado,1.6,1.6,0.33,0.33,32,1.0,False
fb40b62024,51.3,f,casa_aislada,no posee,calefont 7 litros tiro forzado,1.7,1.7,0.38,0.38,14,1.0,False
aa93e72024,30.3,d,depto,no posee,central de calderas a condensación,1.9,1.9,0.47,0.47,-1,0.0,True
78bbfc2025,46.5,d,depto,no posee,calefont 7 litros tiro forzado,1.7,1.7,0.38,0.38,56,1.0,False
d0a9292025,45.9,d,depto,no posee,calefont 7 litros tiro forzado,1.7,1.7,0.38,0.38,56,1.0,False
b94c092021,51.5,g,depto,radiadores eléctricos,termo eléctrico 155lts,1.0,1.0,0.0,0.0,-1,0.0,True
bcd1ea2025,53.7,d,depto,radiador eléctrico,termo,1.9,1.9,0.47,0.47,-1,0.0,True
6868ad2019,183.6,d,depto,calefacción central-piso radiante,caldera de condensación,1.0,1.0,0.0,0.0,-1,0.0,True
8034a82024,48.6,d,depto,no posee,calefont glp,1.9,1.9,0.47,0.47,44,0.0,False
56d42e2025,52.2,g,depto,no posee,calefont 10 litros tiro forzado,1.1,1.1,0.28,0.28,23,1.0,False
a227e52023,132.6,d,depto,radiadores eléctricos,caldera,1.9,1.9,0.47,0.47,-1,0.0,True
77a21c2021,123.7,g,casa_aislada,sistema de climatizacion multisplit,bomba de calor para agua caliente sanitaria,1.6,1.6,0.33,0.33,-1,0.0,True
22a21a2023,66.8,d,casa_pareada,no posee,calefont 7 litros tiro forzado,1.9,1.9,0.47,0.47,-1,0.0,True
811dc62025,48.7,g,casa_aislada,no posee,calefont 10 litros tiro forzado,1.1,1.1,0.28,0.28,17,1.0,False
1f5c092021,83.2,d,casa_aislada,no posee,calefont,1.9,1.9,0.47,0.47,-1,0.0,True
54545b2025,47.0,e,casa_pareada,no posee,calefont 7 litros tiro forzado,1.7,1.7,0.38,0.38,34,1.0,False
3ef0222024,53.3,d,depto,no posee,calefont 7 litros tiro forzado,3.0,3.0,0.6,0.6,55,1.0,False
c4761a2018,56.8,e,depto,no posee,calefont 7 litros tiro forzado,1.7,1.7,0.38,0.38,54,1.0,False
a22b252023,55.0,d,casa_pareada,no posee,calefont 7 litros tiro forzado,1.7,1.7,0.38,0.38,45,1.0,False
c028ab2026,57.8,e,depto,sin sistema,calefont tiro forzado 10 litros,1.7,1.7,0.38,0.38,35,1.0,False
863a312025,47.0,e,casa_pareada,no posee,calefont 7 litros tiro forzado,1.7,1.7,0.38,0.38,34,1.0,False
88a7402025,55.4,a,depto,no posee,"termo eléctrico anwo van200l, potencia 3.0 kw",4.0,4.0,0.84,0.84,4,1.0,False
eab26b2026,43.8,d,depto,sin sistema,calefont gas natural 7 litros tiro forzado,1.9,1.9,0.47,0.47,-1,0.0,True
67e6b12024,37.9,d,depto,radiadores electricos,caldera de condensacion,1.9,1.9,0.47,0.47,-1,0.0,True
8532762022,45.8,d,depto,no posee,termoeléctrico marca albin trotter – modelo atm,1.9,1.9,0.47,0.47,-1,0.0,True
d999632024,48.9,c,casa_pareada,no posee,calefont 7 litros tiro forzado,4.0,4.0,0.84,0.84,3,0.00339213025673568,False
d2b58a2023,52.2,g,depto,no posee,calefont 7 litros tiro forzado,1.6,1.6,0.33,0.33,22,1.0,False
462e612026,64.8,d,casa_pareada,no posee,calefont 7 litros tiro forzado,1.7,1.7,0.38,0.38,-1,0.0,True
3548752023,45.0,d,depto,no considera,caldera con condensación,1.9,1.9,0.47,0.47,53,0.73333334248513,False
ec6e242022,29.0,d,depto,no considera,caldera con condensación,1.9,1.9,0.47,0.47,53,1.0,False
4508d72026,49.5,f,depto,no posee,calefont 7 litros tiro forzado,1.7,1.7,0.38,0.38,31,1.0,False
c177832024,50.6,d,depto,no posee,calefont glp,3.0,3.0,0.6,0.6,37,0.0,False
d27f642021,52.5,d,depto,no posee,calefont gas licuado,1.9,1.9,0.47,0.47,11,0.009158751509832206,False
6139602022,48.6,d,depto,no posee,calefont glp,1.9,1.9,0.47,0.47,44,0.0,False
8086042023,55.1,d,casa_pareada,no posee,calefont 7 litros tiro forzado,1.9,1.9,0.47,0.47,43,1.0,False
30b8362018,52.8,a,depto,no posee,calefont 7 litros tiro forzado,4.0,4.0,0.84,0.84,5,1.0,False
61a1be2021,50.7,d,casa_pareada,no posee,calefont 10 litros tiro forzado,1.9,1.9,0.47,0.47,36,1.0,False
85f7f22024,40.2,d,depto,sin sistema,caldera,1.9,1.9,0.47,0.47,-1,0.0,True
50777e2026,49.4,d,depto,no posee,calefont glp,1.9,1.9,0.47,0.47,44,0.0,False
276fc02018,53.4,a,depto,no posee,calefont 7 litros tiro forzado,4.0,4.0,0.84,0.84,5,1.0,False
9db7cd2022,37.6,d,depto,no posee,central de calderas a condensación tipo mural,1.9,1.9,0.47,0.47,-1,0.0,True
bdd6ae2025,66.5,d,depto,no posee,"sistema individual, calefón 10 litros.",1.9,1.9,0.47,0.47,-1,0.0,True
d51f3e2025,51.0,a,depto,calefactor electrico,calefont 12 litros gl,4.0,4.0,0.84,0.84,-1,0.0,True
75e1872023,48.6,d,casa_pareada,no aplica,calefont glp,1.9,1.9,0.47,0.47,-1,0.0,True
2e581c2022,42.0,f,depto,no posee,calefont 7 litros tiro forzado,1.7,1.7,0.38,0.38,31,1.0,False
2204352022,47.9,d,casa_pareada,no posee,calefont 10 litros tiro forzado,1.9,1.9,0.47,0.47,36,1.0,False
34be512025,43.0,c,depto,no posee,termo electrico pie,4.0,4.0,0.84,0.84,-1,0.0,True
9116f02025,43.7,b,casa_pareada,no posee,calefont glp,3.0,3.0,0.6,0.6,-1,0.0,True
fbc4932021,56.0,f,depto,no posee,calefont tiro forzado,1.7,1.7,0.38,0.38,-1,0.0,True
8badf32024,29.0,d,depto,no posee,central térmica,1.9,1.9,0.47,0.47,38,0.004070556255695922,False
ad2e062023,41.8,f,casa_aislada,no aplica,calefont glp,1.6,1.6,0.33,0.33,-1,0.0,True
7280352025,65.2,d,depto,no posee,calefont 7 litros tiro forzado,1.9,1.9,0.47,0.47,-1,0.0,True
9f66c22026,46.1,c,depto,sin sistema,calefont tiro forzado 13 lts,4.0,4.0,0.84,0.84,-1,0.0,True
0fe5902025,59.5,d,casa_pareada,no posee,calefont 7 litros tiro forzado,1.9,1.9,0.47,0.47,43,0.47058819254351203,False
a1d1572024,47.9,d,depto,no posee,caldera con condensación,1.9,1.9,0.47,0.47,52,0.8333332618349243,False
3d38642021,48.4,d,depto,no posee,calefont 7 litros tiro forzado,1.9,1.9,0.47,0.47,60,1.0,False
5252832022,51.3,d,depto,no posee,calefont 7 litros,1.9,1.9,0.47,0.47,-1,0.0,True
ba5d2a2021,52.3,f,depto,no posee,calefont glp,1.7,1.7,0.38,0.38,29,1.0,False
91148c2024,40.9,d,depto,no posee,calefont glp,3.0,3.0,0.6,0.6,37,0.0,False
4357fe2022,52.0,e,depto,no posee,calefont 10 litros tiro forzado,1.7,1.7,0.38,0.38,-1,0.0,True
4dce792026,45.7,f,depto,no posee,calefont 7 litros tiro forzado,1.7,1.7,0.38,0.38,31,1.0,False
1bee742025,46.5,d,casa_pareada,calefactor electrico,calefont 7 litros gl,1.9,1.9,0.47,0.47,-1,0.0,True
9548bb2023,46.0,d,depto,no posee,caldera de condensación,1.9,1.9,0.47,0.47,28,1.0,False
0cd1732019,40.3,d,depto,no posee,calefont,1.9,1.9,0.47,0.47,50,0.45614033851846447,False
a5b52d2022,48.1,d,casa_pareada,no posee,calefont 10 litros tiro forzado,1.9,1.9,0.47,0.47,36,1.0,False
455f952020,60.3,a,depto,no posee,calefont 7 litros tiro forzado,4.0,4.0,0.84,0.84,6,1.0,False
ec754f2022,32.1,d,depto,calefactor eléctrico por convección,sistema de generación central por caldera de condensación,1.9,1.9,0.47,0.47,-1,0.0,True
079c742023,55.0,d,casa_aislada,no posee,"calefón splendid de 13 litros, master 13l, gas licuado, potencia",3.0,3.0,0.6,0.6,-1,0.0,True
59981e2024,47.0,a,depto,no posee,termo electrico 80 litros,4.0,4.0,0.84,0.84,-1,0.0,True
7949482024,55.5,d,casa_pareada,no posee,calefont 13 litros tiro forzado,1.9,1.9,0.47,0.47,-1,0.0,True
c80a552025,47.4,d,depto,no posee,"calefón mural de condensación, instalado en batería (conexión",1.9,1.9,0.47,0.47,-1,0.0,True
b39da72025,53.1,c,casa_pareada,0,"calefón junkers smart wr13-2 km e31 s4305 13 litros, gas",4.0,4.0,0.84,0.84,-1,0.0,True
906f502025,57.2,e,casa_pareada,no posee,calefont 10 litros tiro forzado,1.7,1.7,0.38,0.38,-1,0.0,True
bf1eda2022,49.9,d,depto,no posee,calefont glp,3.0,3.0,0.6,0.6,37,1.0,False
eed7402022,40.8,d,casa_pareada,"no posee, segun eett",calefont 10 litros tiro forzado,3.0,3.0,0.6,0.6,-1,0.0,True
61793f2022,40.6,c,depto,no posee,"calefont splendid 10 litros, gas licuado",3.0,3.0,0.6,0.6,-1,0.0,True
5dbc542026,47.0,d,casa_pareada,no posee,calefont 7 litros tiro forzado,1.7,1.7,0.38,0.38,41,1.0,False
a012872021,51.4,e,casa_pareada,no posee,calefont 10 litros tiro forzado,1.7,1.7,0.38,0.38,-1,0.0,True
561dfa2026,64.8,d,casa_pareada,no posee,calefont 10 litros tiro forzado,1.7,1.7,0.38,0.38,36,0.02654312861602531,False
0068482024,47.0,e,casa_pareada,no posee,calefont 7 litros tiro forzado,1.7,1.7,0.38,0.38,34,1.0,False
6ee8142026,47.0,d,casa_pareada,no posee,calefont 7 litros tiro forzado,1.7,1.7,0.38,0.38,41,1.0,False
5fbb9b2021,84.0,d,depto,no aplica,termoeléctrico,1.9,1.9,0.47,0.47,-1,0.0,True
00ff6c2025,50.8,c,depto,no posee,calefont 7 litros tiro forzado,4.0,4.0,0.84,0.84,3,1.0,False
54c6782025,52.8,d,casa_pareada,no posee,calefont glp,1.9,1.9,0.47,0.47,39,1.0,False
fcda5c2024,55.5,d,casa_pareada,no posee,calefont 13 litros tiro forzado,1.9,1.9,0.47,0.47,-1,0.0,True
16c3402020,51.0,d,depto,no posee,calefont glp,1.9,1.9,0.47,0.47,48,1.0,False
e6003a2021,54.8,d,depto,no considera,calefont 11 litros,3.0,3.0,0.6,0.6,-1,0.0,True
45ea0e2020,77.8,d,casa_aislada,estufa kerosene 3 kw,calefon tiro natural 10 lts +sst,1.0,1.0,0.0,0.0,1,0.7595744674348923,False
423a8f2025,32.8,d,depto,no posee,sistema centralizado a gas natural.,1.9,1.9,0.47,0.47,-1,0.0,True
a8e3eb2021,48.4,d,depto,no posee,calefont 7 litros tiro forzado,1.9,1.9,0.47,0.47,60,1.0,False
c54b5e2025,63.1,e,depto,sin sistema,calefont,1.7,1.7,0.38,0.38,35,1.0,False
8ff58b2018,52.8,a,depto,no posee,calefont 7 litros tiro forzado,4.0,4.0,0.84,0.84,5,1.0,False
077a0d2026,43.2,a,depto,no posee,termo electrico 80 litros,4.0,4.0,0.84,0.84,-1,0.0,True
96f17a2022,102.0,d,casa_aislada,estufa a gas,calefont,1.9,1.9,0.47,0.47,-1,0.0,True
8388d22023,44.1,d,depto,no posee,central termica,1.9,1.9,0.47,0.47,38,0.17142857489551486,False
64dab42021,33.6,c,depto,no posee,cuatro calderas de condensación y cuatro cilindros de inercia,3.0,3.0,0.6,0.6,-1,0.0,True
d106572025,48.5,d,depto,no posee,calefont glp,1.9,1.9,0.47,0.47,44,1.0,False
e85cc72023,55.5,d,casa_aislada,no posee,calefont 7 litros tiro forzado,1.7,1.7,0.38,0.38,33,0.037811515147903374,False
eb7d132020,57.3,c,depto,no considera,calefon con condensación,3.0,3.0,0.6,0.6,-1,0.0,True
d2eea82023,51.5,d,casa_pareada,no posee,calefont 7 litros tiro forzado,1.7,1.7,0.38,0.38,-1,0.0,True
c80f8e2024,49.5,f,depto,no posee,calefont 7 litros tiro forzado,1.7,1.7,0.38,0.38,31,1.0,False
dd54bd2019,49.1,d,depto,no posee,calefont 7 litros tiro forzado,1.9,1.9,0.47,0.47,60,1.0,False
e789f82022,49.2,d,depto,no posee,calefont glp,3.0,3.0,0.6,0.6,37,0.0,False
122e012018,39.9,d,casa_pareada,no posee,calefont 7 litros tiro forzado,3.0,3.0,0.6,0.6,-1,0.0,True
f857222023,29.0,d,depto,no posee,calefón con condensación,1.9,1.9,0.47,0.47,38,0.004070556255695922,False
8f4e172020,40.7,c,depto,no posee,calefont 7 litros tiro forzado,3.0,3.0,0.6,0.6,51,1.0,False
1862f22024,50.3,g,casa_aislada,no posee,calefont glp,1.6,1.6,0.33,0.33,20,1.0,False
c3d1dd2019,52.7,d,depto,no posee,bombas de calor,1.9,1.9,0.47,0.47,-1,0.0,True
4ad3412025,49.9,a,depto,no posee,"calefon splendid mvg tfi de 10 litros, de 17,6 kw potencia",4.0,4.0,0.84,0.84,4,1.0,False
d151a52026,47.6,d,depto,no posee,calefont 10 litros tiro forzado,1.9,1.9,0.47,0.47,11,1.0,False
d6bb8c2022,47.9,d,depto,no posee,calefont 7 litros tiro forzado,3.0,3.0,0.6,0.6,55,0.8500000115827424,False
ca930e2022,40.9,d,depto,no posee,caldera de condensación,1.9,1.9,0.47,0.47,28,1.0,False
9eaf972021,42.0,d,casa_pareada,no posee,calefont glp,1.9,1.9,0.47,0.47,40,1.0,False
0b68eb2024,60.1,e,depto,no posee,calefont 13 litros tiro forzado,1.7,1.7,0.38,0.38,-1,0.0,True
30a2a72023,52.2,g,depto,no posee,calefont 7 litros tiro forzado,1.6,1.6,0.33,0.33,22,1.0,False
8420a12021,49.5,f,casa_aislada,no posee,calefont 10 litros tiro forzado,1.7,1.7,0.38,0.38,15,1.0,False
8a91742024,31.8,d,depto,"central térmica, 3 calderas murales de condensación","central térmica, 3 calderas murales de condensación",1.9,1.9,0.47,0.47,-1,0.0,True
cea9032021,49.9,e,depto,no posee,calefont 7 litros tiro forzado,1.7,1.7,0.38,0.38,54,1.0,False
c1be792024,50.3,g,casa_aislada,no posee,calefont glp,1.6,1.6,0.33,0.33,20,1.0,False
7c69562019,29.8,d,depto,no posee,calefont 7 litros tiro forzado,1.9,1.9,0.47,0.47,57,1.0,False
b7b66b2020,47.5,d,depto,no posee,calefont 7 litros tiro forzado,1.0,1.0,0.0,0.0,2,0.9996619144450413,False
1fe3f52025,30.8,d,depto,no posee,"central térmica con 10 calefones de condesación, marca anwo,",1.0,1.0,0.0,0.0,2,1.0,False
2217962023,42.6,f,casa_pareada,no posee,calefont 7 litros tiro forzado,1.7,1.7,0.38,0.38,16,1.0,False
1f53c12023,51.6,f,casa_aislada,no posee,calefont 7 litros tiro forzado,1.7,1.7,0.38,0.38,14,1.0,False
babe522022,41.4,f,casa_aislada,no posee,calefont glp,1.6,1.6,0.33,0.33,19,1.0,False
23fe2b2024,50.9,c,depto,no posee,calefont 7 litros tiro forzado,4.0,4.0,0.84,0.84,3,1.0,False
8737af2025,28.9,d,depto,no posee,sala de calderas,1.9,1.9,0.47,0.47,12,1.0,False
e5fe5f2019,51.1,d,depto,no posee,calefont glp,1.9,1.9,0.47,0.47,49,1.0,False
ba5d4b2018,51.7,a,depto,no posee,calefont 7 litros tiro forzado,4.0,4.0,0.84,0.84,5,0.5454545422637074,False
7bf4962023,47.9,f,depto,no aplica,calefont glp,1.6,1.6,0.33,0.33,-1,0.0,True
17544c2020,46.2,f,casa_pareada,no posee,calefont glp,1.7,1.7,0.38,0.38,27,1.0,False
de97ec2024,42.4,d,depto,no considera,central térmica,1.9,1.9,0.47,0.47,-1,0.0,True
d6a59f2026,45.7,g,depto,sin sistema,calefont 7lt tiro forzado,1.1,1.1,0.28,0.28,-1,0.0,True
2cc1292025,49.8,b,depto,no posee,"calefont 10 litros tiro forzado, cámara abierta",4.0,4.0,0.84,0.84,-1,0.0,True
c57a272020,53.6,d,casa_aislada,no posee,"calefon tiro natural, modelo master de 7 lts,",3.0,3.0,0.6,0.6,-1,0.0,True
8965df2024,31.2,d,depto,no posee,"caldera de tipo condensación, 900kw marca inmergas modelo",1.9,1.9,0.47,0.47,-1,0.0,True
8a37a52024,45.0,d,depto,no posee,caldera de condensación,1.9,1.9,0.47,0.47,28,1.0,False
53f3ef2022,84.4,d,depto,sistema centralizado con losa radiante y caldera de condensación,centralizado con caldera de condensación y estanques de,1.9,1.9,0.47,0.47,-1,0.0,True
16e51e2022,31.0,e,depto,no posee,calefont 7 litros tiro forzado,1.0,1.0,0.0,0.0,2,0.9647634465122429,False
5ab2b92023,50.2,g,depto,no posee,calefont 10 litros tiro forzado,1.6,1.6,0.33,0.33,23,1.0,False
0f1cfa2023,52.2,g,depto,no posee,calefont 7 litros tiro forzado,1.6,1.6,0.33,0.33,22,1.0,False
d27aee2025,58.8,d,depto,no posee,calefont 11 litros,1.9,1.9,0.47,0.47,-1,0.0,True
e1d5082024,63.1,d,casa_aislada,no posee,calefont 7 litros tiro forzado,1.0,1.0,0.0,0.0,2,0.9906197598146202,False
fe285e2024,63.0,e,depto,no posee,centralizado a gas natural,1.7,1.7,0.38,0.38,-1,0.0,True
0490e22021,41.4,d,casa_pareada,no posee,calefont glp,1.9,1.9,0.47,0.47,40,0.0,False
5847be2025,53.5,a,depto,no posee,"calefon junkers wd10 km e31 s4300, de 10 l y 18,2 kw",4.0,4.0,0.84,0.84,-1,0.0,True
1a3aa22023,49.3,c,depto,no aplica,calefont glp,4.0,4.0,0.84,0.84,-1,0.0,True
86aac12026,60.8,f,casa_pareada,no posee,calefont glp,1.7,1.7,0.38,0.38,27,0.0,False
8fa7502024,24.9,d,depto,no posee,central termica,1.9,1.9,0.47,0.47,38,1.0,False
1d49192026,49.8,g,depto,no posee,calefont 10 litros tiro forzado,1.1,1.1,0.28,0.28,23,1.0,False
7dc2d72024,49.2,a,casa_pareada,no posee,calefont glp,4.0,4.0,0.84,0.84,-1,0.0,True
fe8bed2026,37.9,d,depto,no posee,caldera condensación,1.9,1.9,0.47,0.47,13,1.0,False
92259b2021,41.4,d,casa_pareada,no posee,calefont glp,1.9,1.9,0.47,0.47,40,0.0,False
079a8d2023,49.0,h,casa_pareada,no posee,calefont glp,1.6,1.6,0.33,0.33,-1,0.0,True
354fa02024,57.3,d,depto,no posee,"el edificio cuenta con 4 calderas baxi luna duo-tec mp 1.110,",1.9,1.9,0.47,0.47,-1,0.0,True
55b5b22024,32.0,d,depto,no posee,"caldera de tipo condensación, 900kw marca inmergas modelo",1.9,1.9,0.47,0.47,-1,0.0,True
5eacfb2018,86.1,d,casa_aislada,"calefactor italkero stratos 5.0, tiro balanceado","rheem 16 litros, tiro forzado",1.0,1.0,0.0,0.0,-1,0.0,True
9921842025,53.2,d,casa_pareada,no posee,calefont 7 litros tiro forzado,1.9,1.9,0.47,0.47,43,1.0,False
5833fe2024,50.9,b,casa_pareada,no posee,calefont 7 litros tiro forzado,4.0,4.0,0.84,0.84,-1,0.0,True
8d41572021,40.4,d,depto,no posee,caldera con condensación,1.9,1.9,0.47,0.47,52,1.0,False
d5a8fe2023,41.8,f,casa_aislada,no aplica,calefont glp,1.6,1.6,0.33,0.33,-1,0.0,True
ed477e2021,48.1,d,depto,no posee,calefont glp,1.9,1.9,0.47,0.47,44,0.0,False
89cb0c2025,48.3,e,casa_aislada,no posee,calefont glp,1.7,1.7,0.38,0.38,21,1.0,False
1d3c9f2025,64.8,d,depto,no aplica,caldera de condensacion a gas,1.9,1.9,0.47,0.47,-1,0.0,True
ac56772023,22.3,d,depto,no posee,5 calderas de gas natural genus premium evo hp 150 de 140,1.0,1.0,0.0,0.0,2,0.9814138620671692,False
18c17c2026,36.9,c,depto,no posee,caldera condensación,4.0,4.0,0.84,0.84,-1,0.0,True
04dcc22024,35.8,d,depto,no posee,calefont 7 litros tiro forzado,1.9,1.9,0.47,0.47,-1,0.0,True
0217222026,46.5,d,depto,no posee,calefont 7 litros tiro forzado,1.9,1.9,0.47,0.47,59,1.0,False
5cec2f2025,52.7,f,casa_pareada,no posee,"calefon splendid beyond 10 litros 2ev, gas licuado de 18 kw.",1.7,1.7,0.38,0.38,-1,0.0,True
efda5e2023,30.1,d,depto,no posee,5 calderas de gas natural genus premium evo hp 150 de 140,1.9,1.9,0.47,0.47,-1,0.0,True
9a87c92022,48.0,d,depto,no posee,calefont 10 litros tiro forzado,1.9,1.9,0.47,0.47,11,1.0,False
6e83b42024,48.6,g,depto,no posee,calefont 7 litros tiro forzado,1.1,1.1,0.28,0.28,22,0.045976585582855785,False
9275b62023,89.5,d,casa_aislada,no posee,calefont 7 litros tiro forzado,1.9,1.9,0.47,0.47,33,0.5692307794656191,False
683c602026,22.9,d,depto,no posee,termo eléctrico marca winter 80 litros.,1.9,1.9,0.47,0.47,-1,0.0,True
ddaad02024,55.3,d,casa_pareada,no posee,calefont 7 litros tiro forzado,1.9,1.9,0.47,0.47,43,1.0,False
8b6fd02024,75.2,f,casa_aislada,no posee,calefont 10 litros tiro forzado,1.7,1.7,0.38,0.38,15,1.0,False
1965af2019,48.5,d,depto,no posee,calefont 7 litros tiro forzado,1.9,1.9,0.47,0.47,60,1.0,False
b09fdc2022,43.0,d,casa_pareada,no posee,calefont 10 litros tiro forzado,3.0,3.0,0.6,0.6,36,0.00911958874395091,False
1b6c002023,43.7,f,casa_aislada,estufa a pellets bosca ecosmart,calefont 7 litros tiro forzado,1.6,1.6,0.33,0.33,-1,0.0,True
a743a52021,41.7,d,casa_pareada,no posee,calefont glp,1.9,1.9,0.47,0.47,40,0.0,False
e218892023,50.4,d,depto,no posee,calefont 7 litros tiro forzado,1.9,1.9,0.47,0.47,60,0.6666666237676203,False
54d3d12023,66.0,d,depto,no posee,calefont,1.9,1.9,0.47,0.47,50,0.3170731587883675,False
8dacd52024,66.7,d,casa_aislada,0,calefont 10 litros tiro forzado,1.7,1.7,0.38,0.38,-1,0.0,True
09b9e22025,49.5,d,casa_pareada,no posee,calefont 11 litros tiro forzado,1.9,1.9,0.47,0.47,-1,0.0,True
b94aad2024,47.9,d,depto,no considera,caldera con condensación,1.9,1.9,0.47,0.47,53,0.6734693980465853,False
775e7d2018,56.6,e,depto,no posee,calefont 7 litros tiro forzado,1.7,1.7,0.38,0.38,54,1.0,False
af2cc32019,48.4,d,depto,no posee,cuenta con un sistema de acs centralizado a partir de una,1.9,1.9,0.47,0.47,-1,0.0,True
ea39bf2023,49.4,d,depto,no posee,calefont 7 litros tiro forzado,1.9,1.9,0.47,0.47,60,1.0,False
5b27ee2025,48.6,c,depto,no posee,termo eléctrico rheem 120 litros,4.0,4.0,0.0,0.0,-1,0.0,True
1bea6f2025,128.4,d,casa_aislada,no posee,calefont 7 litros tiro forzado,1.9,1.9,0.47,0.47,33,0.2681159472190405,False
7c1f512023,52.0,f,casa_pareada,no aplica,calefont glp,1.7,1.7,0.38,0.38,26,1.0,False
0f48582023,60.4,d,depto,no posee,calefont 7 litros tiro forzado,1.9,1.9,0.47,0.47,-1,0.0,True
f28a412022,51.9,b,depto,no posee,calefont 7 litros tiro forzado,3.0,3.0,0.6,0.6,-1,0.0,True
6e0a242025,47.1,c,casa_pareada,no posee,calefont 7 litros tiro forzado,4.0,4.0,0.84,0.84,3,0.00339213025673568,False
2699eb2025,49.2,b,casa_pareada,no posee,calefont glp,4.0,4.0,0.84,0.84,-1,0.0,True
3186e12021,55.9,d,depto,estufa kerosene 3 kw,calefon tiro natural 10 lts +sst,1.7,1.7,0.38,0.38,1,0.9996608826569533,False
4ce25f2021,74.1,d,casa_aislada,no posee,calefont,1.9,1.9,0.47,0.47,-1,0.0,True
6f0ce82020,53.0,d,casa_pareada,no posee,calefont,1.9,1.9,0.47,0.47,10,1.0,False
eb399f2025,32.7,d,depto,no posee,caldera de condensación,1.9,1.9,0.47,0.47,28,1.0,False
3ce06f2023,27.3,d,depto,no posee,central termica,1.9,1.9,0.47,0.47,38,1.0,False
d2a5bb2024,45.7,f,depto,no posee,calefont 7 litros tiro forzado,1.7,1.7,0.38,0.38,31,1.0,False
2ee7502024,28.4,d,depto,no posee,caldera,1.9,1.9,0.47,0.47,8,0.07259158922291108,False
7c95532024,29.5,d,depto,no considera,caldera con condensación,1.9,1.9,0.47,0.47,53,1.0,False
86cc4d2018,41.3,e,casa_pareada,no posee,calefont 7 litros tiro forzado,1.7,1.7,0.38,0.38,34,1.0,False
96fdf62023,71.4,e,casa_aislada,no posee,termo eléctrico de 120 lt,1.7,1.7,0.38,0.38,-1,0.0,True
dab3c02018,48.2,d,depto,no posee,calefont 7 litros tiro forzado,1.9,1.9,0.47,0.47,60,1.0,False
01c4652024,51.0,d,depto,losa radiante,caldera con condensación,1.9,1.9,0.47,0.47,-1,0.0,True
4f64352024,54.6,d,casa_pareada,no posee,calefont glp,1.9,1.9,0.47,0.47,39,1.0,False
6667cb2025,49.3,d,depto,no posee,el edificio cuenta con 7 calderas condensación de gas natural,1.9,1.9,0.47,0.47,-1,0.0,True
9c26f32018,42.3,f,casa_aislada,no posee,calefont 7 litros tiro forzado,1.6,1.6,0.33,0.33,14,0.22884858922265802,False
7b375d2024,52.6,d,depto,no posee,calefont 7 litros tiro forzado,1.9,1.9,0.47,0.47,58,1.0,False
af646a2025,32.5,d,depto,no posee,caldera de condensación,1.9,1.9,0.47,0.47,28,1.0,False
0c3f772023,55.8,i,depto,"calefactor de tiro natural modelo 4990tc, marca orbis, potencia","calefon de tiro forzado digital de 13 litros- marca spendid,",0.6,0.6,0.25,0.25,-1,0.0,True
ddad502024,33.5,d,depto,no posee,calefont junkers hydrowind wtd15-kme,1.9,1.9,0.47,0.47,-1,0.0,True
bfc0682020,88.4,d,casa_aislada,no posee,calefont,1.9,1.9,0.47,0.47,-1,0.0,True
1f90372023,47.0,d,casa_pareada,no posee,calefont 7 litros tiro forzado,1.7,1.7,0.38,0.38,41,1.0,False
128e2f2026,43.7,d,depto,no considera,caldera a condensación,1.9,1.9,0.47,0.47,-1,0.0,True
d209052024,20.5,d,depto,no posee,calefont 7 litros tiro forzado,1.9,1.9,0.47,0.47,-1,0.0,True
898cd92024,57.8,e,depto,sin sistema,calefont,1.7,1.7,0.38,0.38,35,1.0,False
44ca852025,57.8,d,depto,no posee,calefont,1.9,1.9,0.47,0.47,50,1.0,False
11d3bd2025,53.4,f,casa_aislada,bomba de calor,calefont 10 litros tiro forzado,1.7,1.7,0.38,0.38,-1,0.0,True
2861a62023,55.5,d,depto,radiadores electricos,termo electrico,1.9,1.9,0.47,0.47,-1,0.0,True
c0ae222025,54.9,d,casa_pareada,no posee,calefont 7 litros tiro forzado,1.7,1.7,0.38,0.38,45,0.8333333440580949,False
87cf242025,45.7,d,depto,no posee,5 calderas de condensación ariston evo hp 150,1.9,1.9,0.47,0.47,-1,0.0,True
f48b942019,60.0,a,depto,no posee,calefont 7 litros tiro forzado,4.0,4.0,0.84,0.84,6,1.0,False
b93e652019,50.4,f,casa_aislada,no posee,calefont 7 litros tiro forzado,1.7,1.7,0.38,0.38,14,1.0,False
57a5662021,27.8,d,depto,no posee,estanque eléctrico 189 l,1.9,1.9,0.47,0.47,-1,0.0,True
34a75a2023,49.9,d,depto,no posee,calefont glp,3.0,3.0,0.6,0.6,37,1.0,False
6158e62021,48.0,d,depto,no posee,calefont glp,1.9,1.9,0.47,0.47,44,0.0,False
5de1522024,53.7,d,depto,no posee,calefont tiro forzado,1.7,1.7,0.38,0.38,24,1.0,False
e9ca082024,30.8,d,depto,no aplica,3 calderas murales de condensación,1.9,1.9,0.47,0.47,-1,0.0,True
4260b22025,53.2,d,casa_pareada,no posee,calefont 7 litros tiro forzado,1.9,1.9,0.47,0.47,43,1.0,False
ebedcc2024,99.0,d,depto,no posee,calefont 7 litros tiro forzado,1.9,1.9,0.47,0.47,-1,0.0,True
22e1002022,54.0,d,depto,0,calefont 10 litros tiro forzado,1.7,1.7,0.38,0.38,-1,0.0,True
062c632018,49.3,a,,no posee,calefont 7 litros tiro forzado,4.0,4.0,0.84,0.84,-1,0.0,True
71859c2023,55.0,a,depto,no posee,calefont 7 litros tiro forzado,4.0,4.0,0.84,0.84,5,1.0,False
531c722023,54.4,f,casa_aislada,estufa a parafina marca toyotomi modelo ff-v30t el que tiene,calefon marca mademsa modelo. forzada tfm 10 eco gl el,1.6,1.6,0.33,0.33,-1,0.0,True
a80f592022,31.0,d,depto,no posee,el edificio cuenta con 2 calderas sime 2r10 de 154.500 kcal/h,1.9,1.9,0.47,0.47,-1,0.0,True
f99d132022,48.6,d,depto,no posee,calefont glp,1.9,1.9,0.47,0.47,44,0.0,False
0c578c2024,43.6,d,depto,no posee,caldera de condensación,1.9,1.9,0.47,0.47,28,1.0,False
c11ea12025,60.5,a,depto,no posee,calefont 7 litros tiro forzado,4.0,4.0,0.84,0.84,6,1.0,False
eddf6c2025,57.2,d,depto,no posee,calefont 7 litros tiro forzado,1.7,1.7,0.38,0.38,56,0.09523809436260451,False
b0eac62024,48.6,d,depto,no posee,calefont glp,1.9,1.9,0.47,0.47,44,0.0,False
304a1a2019,43.3,e,casa_aislada,no posee,calefont glp,1.7,1.7,0.38,0.38,21,0.14285714285714285,False
c510a82026,49.1,e,depto,no aplica,termos eléctricos murales para cada departamento,1.7,1.7,0.38,0.38,-1,0.0,True
e29b7b2019,105.8,g,casa_aislada,calefactor a pellet,calefont,1.0,1.0,0.0,0.0,-1,0.0,True
e1cf092019,55.0,d,depto,no posee,calefont tiro forzado,1.7,1.7,0.38,0.38,24,1.0,False
40cc992026,22.3,f,depto,no posee,termo eléctrico,1.6,1.6,0.33,0.33,-1,0.0,True
74d9d32024,57.8,e,depto,sin sistema,calefont,1.7,1.7,0.38,0.38,35,1.0,False
250cf02024,45.2,d,depto,no posee,"el edificio cuenta con 4 calderas baxi luna duo-tec mp 1.110,",1.0,1.0,0.0,0.0,2,0.9969655704313037,False
3475432026,47.6,d,depto,no posee,calefont 7 litros tiro forzado,1.7,1.7,0.38,0.38,56,1.0,False
88af0e2026,58.6,i,casa_pareada,no posee,calefont 7 litros tiro forzado,0.6,0.6,0.25,0.25,-1,0.0,True
6ffd872025,53.0,d,depto,no posee,calefont glp,1.9,1.9,0.47,0.47,-1,0.0,True
efa9df2024,29.7,d,depto,no posee,caldera centralizada,1.9,1.9,0.47,0.47,-1,0.0,True
b3e7682026,63.6,d,depto,no posee,el edificio cuenta con 3 calderas de condensación aldens wm,1.9,1.9,0.47,0.47,-1,0.0,True
cbdc442019,40.2,d,casa_pareada,no posee,calefont glp,1.7,1.7,0.38,0.38,-1,0.0,True
611b052025,49.8,f,depto,no posee,calefont glp,1.6,1.6,0.33,0.33,29,1.0,False
3d216f2022,81.7,d,casa_pareada,la vivienda considera estufa de 6kw y combustible glp.,calefont 10 litros tiro forzado,1.7,1.7,0.38,0.38,-1,0.0,True
85dab72018,61.8,f,,no posee,"modelo cfgn0022, tiro forzado 13 lt, ionizado, gas natural, de",1.7,1.7,0.38,0.38,-1,0.0,True
e4c2412022,77.7,d,casa_aislada,la vivienda considera estufa de 6kw y combustible glp.,calefont 13 litros tiro forzado,1.7,1.7,0.38,0.38,-1,0.0,True
cd9fc62021,58.0,c,depto,no posee,"central térmica calefont condensación, gas licuado, bosch,",4.0,4.0,0.84,0.84,-1,0.0,True
3d72b12023,53.4,d,depto,no posee,calefont tiro forzado,1.7,1.7,0.38,0.38,24,1.0,False
06abc32023,28.0,d,depto,sistema por defecto.,bomba de calor + calderas,1.9,1.9,0.47,0.47,-1,0.0,True
ce267b2019,47.2,d,depto,no posee,calefont 7 litros tiro forzado,1.9,1.9,0.47,0.47,61,1.0,False
3e64bf2021,83.2,d,casa_aislada,no posee,calefont,1.9,1.9,0.47,0.47,-1,0.0,True
351a782025,48.3,e,casa_aislada,no posee,calefont glp,1.7,1.7,0.38,0.38,21,1.0,False
ea9c0a2021,66.8,d,casa_pareada,no posee,calefont,1.7,1.7,0.38,0.38,9,1.0,False
451d472025,47.8,d,casa_pareada,no posee,calefont glp,1.9,1.9,0.47,0.47,39,0.666666652366985,False
b406e82021,61.0,c,casa_pareada,no posee,calefont neckar ionizado 13 litros wn13 con potencia nominal,4.0,4.0,0.84,0.84,-1,0.0,True
01f3282026,49.4,d,depto,no posee,calefont 13 litros tiro forzado,1.9,1.9,0.47,0.47,-1,0.0,True
748fe92023,49.0,h,casa_pareada,no posee,calefont glp,1.6,1.6,0.33,0.33,-1,0.0,True
a2a3232019,94.1,e,casa_aislada,no posee,calefont 7 litros tiro forzado,1.0,1.0,0.0,0.0,2,0.9104064015798723,False
4390e82023,44.1,d,depto,no posee,central termica,1.9,1.9,0.47,0.47,38,0.17142857489551486,False
3a4b6e2024,63.1,d,casa_aislada,no posee,calefont 7 litros tiro forzado,1.0,1.0,0.0,0.0,2,0.9906197598146202,False
e62f392024,51.8,d,depto,no posee,calefont 7 litros tiro forzado,3.0,3.0,0.6,0.6,55,1.0,False
e6596b2025,54.8,d,depto,calefactor electrico,calefont 12 litros gl,1.9,1.9,0.47,0.47,0,0.5214825142445386,False
cc53e02022,45.3,f,casa_aislada,no posee,calefont 10 litros tiro forzado,1.6,1.6,0.33,0.33,15,0.33563144940949097,False
24bbcb2019,47.2,d,depto,no posee,calefont 7 litros tiro forzado,1.9,1.9,0.47,0.47,61,1.0,False
0d7e032026,36.6,a,depto,no posee,termo eléctrico,4.0,4.0,0.0,0.0,-1,0.0,True
eb2c2f2025,47.9,d,depto,no posee,sistema centralizado a gas natural.,1.9,1.9,0.47,0.47,-1,0.0,True
c25f672023,46.4,d,depto,no posee,calefont 7 litros tiro forzado,1.9,1.9,0.47,0.47,59,1.0,False
dca4cf2021,42.0,d,casa_pareada,no posee,calefont glp,1.9,1.9,0.47,0.47,40,1.0,False
bc62bf2025,47.2,d,depto,no aplica,caldera de condensacion a gas,1.9,1.9,0.47,0.47,-1,0.0,True
d4786c2025,49.5,d,casa_pareada,no posee,calefont 11 litros tiro forzado,1.9,1.9,0.47,0.47,-1,0.0,True
fe3df42025,46.8,f,casa_aislada,no posee,calefont glp,1.7,1.7,0.38,0.38,19,0.056458454608419154,False
d147ae2026,79.1,a,depto,no posee,termo eléctrico,4.0,4.0,0.84,0.84,-1,0.0,True
e3c5bd2024,69.4,d,casa_aislada,no posee,calefont 7 litros tiro forzado,1.9,1.9,0.47,0.47,33,0.8604651212905323,False
7194912022,29.1,d,depto,no posee,el edificio cuenta con 2 calderas de gas natural ivar super,1.9,1.9,0.47,0.47,-1,0.0,True
67d3cb2023,57.8,a,depto,no posee,calefont 7 litros tiro forzado,4.0,4.0,0.84,0.84,6,0.23529409627175601,False
a5f3c92024,54.8,a,depto,no posee,calefont 7 litros tiro forzado,4.0,4.0,0.84,0.84,5,1.0,False
51053d2021,55.5,d,casa_pareada,no posee,calefont 7 litros tiro forzado,1.7,1.7,0.38,0.38,45,1.0,False
a077a72018,48.3,d,depto,no posee,calefont glp,1.9,1.9,0.47,0.47,44,0.0,False
3b33072023,55.6,d,depto,no posee,caldera con condensación,1.9,1.9,0.47,0.47,52,0.4347825989642991,False
c39ffa2024,75.7,c,depto,sin sistema,calefont tiro forzado junkers,3.0,3.0,0.6,0.6,-1,0.0,True
158db32018,81.2,d,casa_aislada,no posee,calefont 7 litros tiro forzado,1.9,1.9,0.47,0.47,33,0.5692307794656191,False
679adf2024,55.8,d,depto,no posee,calefont 7 litros tiro forzado,3.0,3.0,0.6,0.6,55,1.0,False
8d250d2019,44.3,e,casa_pareada,no posee,calefont glp,1.7,1.7,0.38,0.38,25,1.0,False
f470722024,26.4,d,depto,no posee,caldera de condensación,1.9,1.9,0.47,0.47,28,1.0,False
56c92d2024,30.1,d,depto,no posee,calefont,1.9,1.9,0.47,0.47,50,0.17687073529202885,False
96422a2023,53.3,d,depto,no posee,calefont 7 litros tiro forzado,1.9,1.9,0.47,0.47,58,1.0,False
5765a62021,61.3,d,casa_pareada,no posee,calefont,1.7,1.7,0.38,0.38,9,1.0,False
d26d392024,49.1,d,depto,"central térmica, 2 calderas tipo tank in tank heat master. uso","central térmica, 2 calderas tipo tank in tank heat master.",1.9,1.9,0.47,0.47,-1,0.0,True
5e2f6d2025,32.0,d,depto,no aplica,termos electricos,1.9,1.9,0.47,0.47,-1,0.0,True
7c314f2019,51.0,d,depto,no posee,calefont glp,1.9,1.9,0.47,0.47,48,1.0,False
21c0992022,60.3,d,casa_pareada,no posee,calefont,1.9,1.9,0.47,0.47,10,1.0,False
4785ca2022,22.1,d,depto,no posee,el edificio cuenta con 2 calderas sime 2r10 de 154.500 kcal/h,1.9,1.9,0.47,0.47,-1,0.0,True
1d06b22023,58.7,d,casa_pareada,no posee,calefont 7 litros tiro forzado,1.7,1.7,0.38,0.38,46,1.0,False
9719152025,51.8,c,depto,no posee,calefont 7 litros tiro forzado,4.0,4.0,0.84,0.84,3,1.0,False
a5646e2022,79.6,e,casa_pareada,estufa kerosene 3 kw,calefon tiro natural 10 lts +sst,1.7,1.7,0.38,0.38,1,0.9768058184377205,False
09fc192026,52.3,b,depto,0,"calefón junkers hidrowind wr13-2 km e31 s4305 13 litros,",4.0,4.0,0.84,0.84,-1,0.0,True
764d992025,60.7,d,depto,no posee,calefont 7 litros tiro forzado,1.9,1.9,0.47,0.47,-1,0.0,True
f171142023,52.0,f,casa_pareada,no aplica,calefont glp,1.7,1.7,0.38,0.38,26,1.0,False
1261072024,30.4,d,depto,no posee,bomba de calor,1.9,1.9,0.47,0.47,-1,0.0,True
8ce9552023,52.2,g,depto,no posee,calefont 7 litros tiro forzado,1.6,1.6,0.33,0.33,22,1.0,False
cd379a2018,42.2,f,,no posee,calefont 7 litros tiro forzado,1.6,1.6,0.33,0.33,-1,0.0,True
7a804a2026,28.6,e,depto,sin sistema,caldera a condensación,1.7,1.7,0.38,0.38,-1,0.0,True
458e312022,53.3,d,depto,no posee,calefont 7 litros,1.9,1.9,0.47,0.47,-1,0.0,True
3cfcbe2025,57.8,d,casa_pareada,no posee,calefont 7 litros tiro forzado,1.9,1.9,0.47,0.47,43,0.6153846153846154,False
1437f32024,18.8,f,depto,no posee,calderas de condensación navien npe 32 swe,1.6,1.6,0.33,0.33,-1,0.0,True
bb568a2026,110.4,d,depto,caldera mural,caldera mural,1.9,1.9,0.47,0.47,-1,0.0,True
2cc8c82025,58.6,d,depto,no posee,5 calderas de condensación ariston evo hp 150,1.9,1.9,0.47,0.47,-1,0.0,True
44085f2024,70.2,d,depto,no posee,calefont 7 litros tiro forzado,1.0,1.0,0.0,0.0,2,0.9827185099761117,False
00ce7c2019,53.0,d,casa_pareada,no posee,"calefont splendid, master 10",1.9,1.9,0.47,0.47,-1,0.0,True
a46b4d2022,77.7,d,casa_aislada,la vivienda considera estufa de 6kw y combustible glp.,calefont 13 litros tiro forzado,1.7,1.7,0.38,0.38,-1,0.0,True
f0f0e12025,51.6,d,depto,no posee,calefont 7 litros tiro forzado,1.9,1.9,0.47,0.47,58,1.0,False
4c51762022,48.4,d,depto,no posee,calefont,1.9,1.9,0.47,0.47,50,1.0,False
2506f22024,58.2,d,depto,no posee,calefont tiro forzado,1.7,1.7,0.38,0.38,24,1.0,False
d22ecf2025,42.6,g,casa_aislada,no posee,calefont 7 litros,1.1,1.1,0.28,0.28,17,1.0,False
658de42022,27.8,d,depto,no considera,central térmica,1.9,1.9,0.47,0.47,-1,0.0,True
89c0502023,63.1,d,depto,no posee,caldera a condensación,1.9,1.9,0.47,0.47,18,0.30246913956864074,False
b771882023,33.4,d,depto,no posee,caldera a condensación,1.9,1.9,0.47,0.47,18,0.8750000275779601,False
e137f72026,55.5,d,depto,no posee,calefont 7 litros tiro forzado,3.0,3.0,0.6,0.6,55,1.0,False
9cdfb52026,53.1,d,casa_pareada,no posee,calefont 14 litros,1.9,1.9,0.47,0.47,-1,0.0,True
56cb8d2022,52.6,d,casa_pareada,no posee,calefont 10 litros tiro forzado,1.9,1.9,0.47,0.47,36,1.0,False
7a618f2024,45.2,d,depto,no posee,calefont,1.9,1.9,0.47,0.47,50,1.0,False
cd50972025,52.3,g,depto,no posee,calefont 10 litros tiro forzado,1.6,1.6,0.33,0.33,23,1.0,False
2925222026,32.8,d,depto,no aplica,4 calderas murales de condensación,1.9,1.9,0.47,0.47,-1,0.0,True
656d302021,42.0,d,casa_pareada,no posee,calefont glp,1.9,1.9,0.47,0.47,40,1.0,False
987cdf2023,29.0,d,depto,no posee,calefón con condensación,1.9,1.9,0.47,0.47,38,0.004070556255695922,False
080c1a2026,48.5,d,depto,no posee,calefont glp,1.9,1.9,0.47,0.47,44,1.0,False
9313592025,56.8,a,depto,no posee,calefont 7 litros tiro forzado,4.0,4.0,0.84,0.84,5,0.5,False
eb08b32024,78.3,e,casa_aislada,no posee,calefont 7 litros tiro forzado,1.7,1.7,0.38,0.38,33,0.012550881504633415,False
0bddd32023,49.2,d,depto,no posee,calefon,1.9,1.9,0.47,0.47,-1,0.0,True
968d2a2019,43.3,e,casa_aislada,no posee,calefont glp,1.7,1.7,0.38,0.38,21,0.14285714285714285,False
4cbbb22023,77.1,e,casa_aislada,no posee,calefont 7 litros tiro forzado,1.7,1.7,0.38,0.38,33,0.012550881504633415,False
668fb52025,106.4,d,depto,central de agua caliente,central de agua caliente,1.9,1.9,0.47,0.47,-1,0.0,True
0416242024,63.1,d,depto,sin sistema,calefont,1.9,1.9,0.47,0.47,50,0.00881953798648314,False
8772c32020,40.6,a,casa_aislada,no posee,calefont 7 litros tiro forzado,4.0,4.0,0.84,0.84,-1,0.0,True
b64f552024,49.5,f,casa_aislada,no posee,calefont 7 litros tiro forzado,1.7,1.7,0.38,0.38,14,1.0,False
8270992024,49.2,a,casa_pareada,no posee,calefont glp,4.0,4.0,0.84,0.84,-1,0.0,True
188e7c2025,51.3,i,casa_pareada,caldera a gas - gaz 6000 w- marca bosch,caldera a gas - gaz 6000 w- marca bosch,0.6,0.6,0.25,0.25,-1,0.0,True
8804aa2022,58.8,e,depto,calefacción mediante radiadores electricas,central termica a gas con calderas/calefon en cascada,1.7,1.7,0.38,0.38,-1,0.0,True
ab62672025,38.7,d,depto,no posee,calderas de condensación,1.9,1.9,0.47,0.47,13,0.01628222502278369,False
fd458e2020,53.9,d,depto,no posee,calentamiento de agua con caldera a condensación,1.9,1.9,0.47,0.47,50,0.00881953798648314,False
d5de042022,41.4,f,casa_aislada,no posee,calefont glp,1.6,1.6,0.33,0.33,19,1.0,False
2823792022,30.3,d,depto,no posee,central de calderas a condensación tipo mural,1.9,1.9,0.47,0.47,-1,0.0,True
a6f8dc2022,42.0,d,casa_pareada,no posee,calefont glp,1.9,1.9,0.47,0.47,40,1.0,False
0dccbc2018,41.3,e,casa_pareada,no posee,calefont 7 litros tiro forzado,1.7,1.7,0.38,0.38,34,1.0,False
a439d22025,48.0,b,depto,no posee,calefont glp,4.0,4.0,0.84,0.84,-1,0.0,True
0186662024,54.4,d,casa_pareada,no posee,calefont 7 litros tiro forzado,1.9,1.9,0.47,0.47,43,1.0,False
fa123e2026,25.4,d,depto,no posee,sala de calderas modular (gas natural),1.9,1.9,0.47,0.47,-1,0.0,True
274b522024,47.0,d,casa_pareada,no posee,calefont 7 litros tiro forzado,1.7,1.7,0.38,0.38,41,1.0,False
a066402019,33.1,d,depto,no posee,calefont,1.0,1.0,0.0,0.0,2,0.9949528716970112,False
d1f58a2018,45.2,d,casa_pareada,no posee,calefont 7 litros tiro forzado,1.9,1.9,0.47,0.47,42,1.0,False
dd17e82024,50.3,g,casa_aislada,no posee,calefont glp,1.6,1.6,0.33,0.33,20,1.0,False
a2a84f2022,48.1,d,casa_pareada,no posee,calefont 10 litros tiro forzado,1.9,1.9,0.47,0.47,36,1.0,False
4488fa2021,54.2,d,depto,no posee,calefont gas licuado,1.9,1.9,0.47,0.47,-1,0.0,True
b2152b2024,40.2,d,depto,"central térmica, 3 calderas murales de condensación","central térmica, 3 calderas murales de condensación",1.9,1.9,0.47,0.47,-1,0.0,True
ebe25a2024,51.7,c,depto,no posee,calefont 7 litros tiro forzado,4.0,4.0,0.84,0.84,3,1.0,False
c284c42025,27.8,d,depto,sin sistema,caldera de condensación marca naview,1.9,1.9,0.47,0.47,-1,0.0,True
15ec822026,51.4,b,depto,no posee,calefont 10 litros tiro forzado cámada abierta,4.0,4.0,0.84,0.84,-1,0.0,True
a06dde2024,51.4,d,depto,no posee,calefont 10 litros tiro forzado,1.9,1.9,0.47,0.47,11,1.0,False
94181a2020,43.7,d,casa_pareada,no posee,calefont 7 litros tiro forzado,1.9,1.9,0.47,0.47,42,1.0,False
6415cb2022,32.7,e,depto,calefacción mediante radiadores electricas,central termica a gas con calderas/calefon en cascada,1.7,1.7,0.38,0.38,-1,0.0,True
9cd16d2022,41.2,f,depto,no posee,calefont 7 litros tiro forzado,1.6,1.6,0.33,0.33,32,0.974999963321316,False
a074412021,59.3,d,casa_pareada,no posee,calefón,1.9,1.9,0.47,0.47,-1,0.0,True
42cddc2021,83.9,d,casa_aislada,no posee,calefont 7 litros tiro forzado,1.9,1.9,0.47,0.47,33,0.5692307794656191,False
f376ed2023,64.0,c,depto,no posee,caldera con condensación,4.0,4.0,0.84,0.84,-1,0.0,True
9359f52023,49.3,c,depto,no aplica,calefont glp,4.0,4.0,0.84,0.84,-1,0.0,True
548ffa2024,49.1,d,depto,no posee,calefont 7 litros tiro forzado,1.9,1.9,0.47,0.47,60,1.0,False
45a90b2021,36.5,c,casa_pareada,no posee,"calefont, encendido automático.",4.0,4.0,0.84,0.84,-1,0.0,True
1aa4242022,42.0,d,casa_pareada,no posee,calefont glp,1.9,1.9,0.47,0.47,40,1.0,False
f922812022,54.7,d,depto,no posee,caldera con condensación,1.9,1.9,0.47,0.47,52,0.5,False
a89a2b2025,63.1,d,casa_aislada,no posee,calefont 7 litros tiro forzado,1.9,1.9,0.47,0.47,33,1.0,False
9370802026,79.1,a,depto,no posee,termo eléctrico,4.0,4.0,0.0,0.0,-1,0.0,True
9cb5cf2020,59.2,c,depto,no considera,calefon con condensación,3.0,3.0,0.6,0.6,-1,0.0,True
c4511d2019,47.2,d,depto,no posee,calefont 7 litros tiro forzado,1.9,1.9,0.47,0.47,61,1.0,False
de156c2024,45.4,d,depto,no posee,"el edificio cuenta con 4 calderas baxi luna duo-tec mp 1.110,",1.9,1.9,0.47,0.47,-1,0.0,True
2ec7e52020,52.3,f,depto,no posee,calefont glp,1.7,1.7,0.38,0.38,29,1.0,False
f7a5bb2025,49.5,e,depto,no posee,calefont 12 litros tiro forzado,1.7,1.7,0.38,0.38,-1,0.0,True
e867392026,54.0,d,casa_pareada,no posee,calefont 7 litros tiro forzado,1.9,1.9,0.47,0.47,43,1.0,False
485e182024,57.5,e,depto,no posee,calefont 11 litros tiro forzado,1.7,1.7,0.38,0.38,-1,0.0,True
a566c02021,29.4,a,depto,no posee,sistema unitario,4.0,4.0,0.0,0.0,-1,0.0,True
255bc62025,46.8,g,depto,sin sistema de calefacción.,termo eléctrico rheem.,1.6,1.6,0.33,0.33,-1,0.0,True
57d5f92021,45.0,d,casa_pareada,no posee,calefont 7 litros tiro forzado,1.0,1.0,0.0,0.0,2,1.0,False
28ef3f2026,42.7,g,casa_aislada,no posee,calefont glp,1.1,1.1,0.28,0.28,20,1.0,False
4697152025,58.6,i,casa_pareada,no posee,calefont 7 litros tiro forzado,0.6,0.6,0.25,0.25,-1,0.0,True
11c9902018,50.5,a,depto,no posee,calefont 10 litros tiro forzado,4.0,4.0,0.84,0.84,-1,0.0,True
f948a22024,31.2,d,depto,no posee,"caldera de tipo condensación, 900kw marca inmergas modelo",1.9,1.9,0.47,0.47,-1,0.0,True
4e585a2023,52.4,d,depto,no posee,termo eléctrico pro eco evo primaterm 150 lt,1.9,1.9,0.47,0.47,-1,0.0,True
c97d402019,129.1,d,depto,chiller bomba de calor,caldera de condensación en casacada,1.9,1.9,0.47,0.47,-1,0.0,True
74bb5a2019,55.0,d,depto,no posee,calefont tiro forzado,1.7,1.7,0.38,0.38,24,1.0,False
f2c21b2023,38.8,d,depto,no posee,el edificio cuenta con 2 calderas de gas natural ivar super,1.9,1.9,0.47,0.47,-1,0.0,True
72ba1a2025,63.6,d,depto,no posee,el edificio cuenta con 3 calderas de condensación aldens wm,1.9,1.9,0.47,0.47,-1,0.0,True
4936622020,58.7,d,casa_pareada,no posee,calefont 10 litros tiro natural,1.7,1.7,0.38,0.38,-1,0.0,True
9fea912023,55.5,d,casa_pareada,no posee,calefont 7 litros tiro forzado,1.7,1.7,0.38,0.38,45,1.0,False
54d5c72024,61.8,a,depto,no posee,calefont 7 litros tiro forzado,4.0,4.0,0.84,0.84,6,0.44444440631195964,False
2933d42024,39.2,d,depto,no considera,caldera con condensación,1.9,1.9,0.47,0.47,53,1.0,False
ad429d2025,56.9,g,casa_pareada,no posee,calefont glp,1.1,1.1,0.28,0.28,-1,0.0,True
7fdf892022,44.5,d,depto,no posee,calefont,1.9,1.9,0.47,0.47,50,0.9285714285714285,False
ae50762022,30.1,d,depto,no posee,caldera con condensación,1.9,1.9,0.47,0.47,52,1.0,False
cdb0742023,40.3,d,depto,no considera,calefón con condensación,1.9,1.9,0.47,0.47,-1,0.0,True
b731902024,35.6,d,depto,no considera,caldera con condensación,1.9,1.9,0.47,0.47,53,0.9166666309174621,False
5f9d2e2020,66.0,a,casa_pareada,no posee,calefont 7 litros tiro forzado,4.0,4.0,0.84,0.84,-1,0.0,True
c168902022,51.6,d,depto,no posee,calefont 7 litros,1.9,1.9,0.47,0.47,-1,0.0,True
fa350c2026,44.5,b,depto,no posee,calefont 7 litros tiro forzado,4.0,4.0,0.84,0.84,3,0.00339213025673568,False
f7fac72023,50.2,g,depto,no posee,calefont 10 litros tiro forzado,1.6,1.6,0.33,0.33,23,1.0,False
fa659a2026,47.0,d,casa_pareada,no posee,calefont 7 litros tiro forzado,1.7,1.7,0.38,0.38,41,1.0,False
2699c22024,173.4,d,casa_aislada,no posee,calefont 7 litros tiro forzado,1.9,1.9,0.47,0.47,33,0.06292516806690554,False
75974e2024,66.7,f,casa_aislada,"estufa a parafina tiro forzado marca toyotomi modelo ff-55t,","calefont marca mademsa modelo. forced 10 eco gl, con una",1.6,1.6,0.33,0.33,-1,0.0,True
661daf2021,51.1,f,depto,no posee,calefont tiro forzado,1.7,1.7,0.38,0.38,-1,0.0,True
6a85412025,45.9,d,depto,no posee,calefont 7 litros tiro forzado,1.7,1.7,0.38,0.38,56,1.0,False
3d49c82026,57.8,e,depto,sin sistema,calefont tiro forzado 10 litros,1.7,1.7,0.38,0.38,35,1.0,False
98a13d2025,70.4,d,casa_pareada,no posee,calefont 7 litros tiro forzado,1.7,1.7,0.38,0.38,-1,0.0,True
7324922026,52.7,d,casa_pareada,calefactor electrico,calefont 10 litros gl,1.9,1.9,0.47,0.47,0,1.0,False
37d5712022,91.6,d,casa_pareada,no posee,calefont tiro forzado,1.7,1.7,0.38,0.38,7,1.0,False
32e17d2024,39.5,d,depto,no posee,caldera a condensaciòn,1.9,1.9,0.47,0.47,30,0.038670282988471666,False
0e28932025,45.4,d,depto,no posee,el edificio cuenta con 3 calderas de condensación aldens wm,1.9,1.9,0.47,0.47,-1,0.0,True
c2deec2025,48.0,d,depto,no posee,"calefont 10 litros tiro forzado, gas natural",1.9,1.9,0.47,0.47,-1,0.0,True
d804b22026,39.3,d,depto,no posee,caldera condensación,1.9,1.9,0.47,0.47,13,1.0,False
a723ad2026,48.5,d,depto,no posee,calefont glp,1.9,1.9,0.47,0.47,44,1.0,False
d849a62023,52.5,g,depto,radiadores eléctricos,termo eléctrico 155lts,1.6,1.6,0.33,0.33,-1,0.0,True
8a903e2022,28.7,d,depto,no existe,sistema de calentamiento de agua con estanque eléctrico,1.9,1.9,0.47,0.47,-1,0.0,True
1b4a002025,48.3,e,casa_aislada,no posee,calefont glp,1.7,1.7,0.38,0.38,21,1.0,False
6aa9ca2025,47.0,e,casa_pareada,no posee,calefont 7 litros tiro forzado,1.7,1.7,0.38,0.38,34,1.0,False
63cd812024,70.2,d,depto,no posee,caldera centralizada,1.9,1.9,0.47,0.47,-1,0.0,True
a6af252025,43.7,b,casa_pareada,no posee,calefont glp,3.0,3.0,0.6,0.6,-1,0.0,True
2ab3d82024,38.6,g,depto,no posee,calefont individual. gas licuado,1.6,1.6,0.33,0.33,-1,0.0,True
270efa2022,48.1,d,casa_pareada,no posee,calefont 10 litros tiro forzado,1.9,1.9,0.47,0.47,36,1.0,False
40e8de2026,47.6,d,depto,no posee,calefont 7 litros tiro forzado,1.7,1.7,0.38,0.38,56,1.0,False
a09eea2018,34.1,f,depto,no posee,calefont 7 litros tiro forzado,1.7,1.7,0.38,0.38,31,1.0,False
7b0cf02023,28.5,d,depto,no posee,calefont 7 litros tiro forzado,1.9,1.9,0.47,0.47,57,1.0,False
5036622024,29.0,d,depto,no posee,central termica,1.9,1.9,0.47,0.47,38,1.0,False
102b7c2025,51.5,c,depto,no posee,calefont 7 litros tiro forzado,4.0,4.0,0.84,0.84,3,1.0,False
794b892020,72.4,d,depto,sistema centralizado por piso radiante,sistema centralizado por caldera a gas,1.9,1.9,0.47,0.47,-1,0.0,True
afc7062022,48.1,d,casa_pareada,no posee,calefont 10 litros tiro forzado,1.9,1.9,0.47,0.47,36,1.0,False
ddc1802024,51.3,f,casa_aislada,no posee,calefont glp,1.6,1.6,0.33,0.33,19,0.3947368100201044,False
e888d82019,42.7,g,casa_aislada,no posee,calefont 7 litros tiro forzado,1.1,1.1,0.28,0.28,-1,0.0,True
e53c6e2025,43.4,d,depto,no posee,"central térmica con 10 calefones de condesación, marca anwo,",1.0,1.0,0.0,0.0,2,1.0,False
be94aa2025,52.2,g,depto,no posee,calefont 10 litros tiro forzado,1.6,1.6,0.33,0.33,23,1.0,False
bc63c52024,55.6,a,depto,no posee,calefont 7 litros tiro forzado,4.0,4.0,0.84,0.84,5,1.0,False
75b6202022,77.5,d,casa_pareada,no posee,calefón,1.9,1.9,0.47,0.47,-1,0.0,True
5967da2024,47.3,d,depto,sin calefacción,central termica. caldera condensación. gas natural,1.9,1.9,0.47,0.47,-1,0.0,True
caef642020,70.2,d,casa_aislada,no posee,calefont 13 litros tiro forzado,3.0,3.0,0.6,0.6,-1,0.0,True
30eced2022,51.9,b,depto,no posee,calefont 7 litros tiro forzado,3.0,3.0,0.6,0.6,-1,0.0,True
3effac2024,63.1,d,depto,no posee,calefont 7 litros tiro forzado,1.9,1.9,0.47,0.47,-1,0.0,True
c8e0e62023,71.7,d,depto,no posee,calefont,1.9,1.9,0.47,0.47,50,0.18705034516461114,False
13c62a2020,79.6,d,casa_aislada,estufa kerosene 3 kw,calefon tiro natural 10 lts +sst,1.7,1.7,0.38,0.38,1,1.0,False
2ef05b2019,38.3,d,depto,no posee,caldera rinnai sm 75,1.0,1.0,0.0,0.0,2,0.9939495667212813,False
0fc64e2025,49.1,e,depto,no posee,calefont,1.7,1.7,0.38,0.38,-1,0.0,True
edd1102025,42.3,g,depto,sin sistema de calefacción.,termo eléctrico rheem.,1.6,1.6,0.33,0.33,-1,0.0,True
cdebd82023,49.8,f,depto,no aplica,calefont glp,1.6,1.6,0.33,0.33,-1,0.0,True
b25dcf2026,46.5,d,depto,no posee,calefont 7 litros tiro forzado,1.9,1.9,0.47,0.47,59,1.0,False
56a7fc2019,41.8,d,depto,no posee,bombas de calor,1.9,1.9,0.47,0.47,-1,0.0,True
a4b87f2021,39.4,g,depto,no considera,calefon. tiro forzado.,1.6,1.6,0.33,0.33,-1,0.0,True
0375c62021,51.9,f,depto,no posee,calefont 10 litros tiro forzado,1.7,1.7,0.38,0.38,-1,0.0,True
a095242025,53.6,d,casa_pareada,no posee,calefont glp,1.9,1.9,0.47,0.47,39,1.0,False
1073b22022,99.0,d,casa_aislada,la calefaccion queda provista mediante split de muro marca,el agua caliente queda provista mediante calefon automatico,1.7,1.7,0.38,0.38,-1,0.0,True
dda5a82026,40.6,d,depto,no posee,sala de calderas,1.9,1.9,0.47,0.47,12,1.0,False
86ae872025,48.6,d,depto,no posee,calefont glp,1.9,1.9,0.47,0.47,44,0.0,False
860a482019,53.6,f,casa_aislada,no posee,calefont y sst,1.7,1.7,0.38,0.38,-1,0.0,True
901c242021,74.1,d,casa_aislada,estufa a gas,calefont,1.9,1.9,0.47,0.47,-1,0.0,True
5bfe5e2024,57.8,e,depto,sin sistema,calefont,1.7,1.7,0.38,0.38,35,1.0,False
9d17c52023,55.8,c,depto,no posee,calefont 7 litros tiro forzado,3.0,3.0,0.6,0.6,51,0.92499996718223,False
304db62020,42.4,d,casa_pareada,no posee,calefont glp,1.9,1.9,0.47,0.47,40,0.0,False
17a8722025,57.8,e,depto,sin sistema,calefont,1.7,1.7,0.38,0.38,35,1.0,False
09a4252026,43.5,d,depto,no posee,calefont 13 litros tiro forzado,1.9,1.9,0.47,0.47,-1,0.0,True
f47e2e2021,42.9,d,depto,no posee,central de calderas de condensación,1.9,1.9,0.47,0.47,-1,0.0,True
6f8e922026,40.2,e,depto,sin sistema,caldera a condensación,1.7,1.7,0.38,0.38,-1,0.0,True
ee30a02023,49.9,a,depto,no posee,"calefon splendid mvg tfi de 10 litros, de 17,6 kw potencia",4.0,4.0,0.84,0.84,4,1.0,False
73b19a2024,81.1,d,casa_aislada,no posee,calefont 7 litros tiro forzado,1.9,1.9,0.47,0.47,33,0.5692307794656191,False
a2106a2025,51.0,e,depto,no posee,calefont 7 litros tiro forzado,1.7,1.7,0.38,0.38,54,1.0,False
e085b22025,46.5,d,depto,no posee,calefont 7 litros tiro forzado,1.9,1.9,0.47,0.47,59,1.0,False
f72d8f2025,57.8,d,depto,no posee,calefont,1.9,1.9,0.47,0.47,50,1.0,False
7d1f802021,45.3,d,depto,no posee,calefont 10 litros tiro forzado,3.0,3.0,0.6,0.6,11,0.009571054886205977,False
a28ad92025,43.8,e,depto,no posee,calefont 12 litros tiro forzado,1.7,1.7,0.38,0.38,-1,0.0,True
caf13b2023,55.0,a,depto,no posee,calefont 7 litros tiro forzado,4.0,4.0,0.84,0.84,5,1.0,False
eb30e82026,47.0,d,casa_pareada,no posee,calefont 7 litros tiro forzado,1.7,1.7,0.38,0.38,41,1.0,False
c158cb2023,44.2,c,depto,no posee,calefont 7 litros tiro forzado,4.0,4.0,0.84,0.84,3,0.3448275944704466,False
0aa24c2019,45.2,f,depto,no posee,calefont 7 litros tiro forzado,1.6,1.6,0.33,0.33,32,0.974999963321316,False
b5c0dc2021,49.5,f,depto,no posee,calefont,1.7,1.7,0.38,0.38,-1,0.0,True
d5aef12022,47.1,d,depto,no posee,central térmica con bomba de calor,1.9,1.9,0.47,0.47,52,0.010176389984403624,False
920b1e2026,48.5,d,depto,no posee,calefont glp,1.9,1.9,0.47,0.47,44,1.0,False
7945822020,48.4,c,depto,no considera,calefon con condensación,3.0,3.0,0.6,0.6,-1,0.0,True
86546f2021,44.0,d,depto,no posee,calefon de condensación,1.9,1.9,0.47,0.47,50,0.00881953798648314,False
a44cce2025,49.5,d,casa_pareada,no posee,calefont 11 litros tiro forzado,1.9,1.9,0.47,0.47,-1,0.0,True
45a8822022,51.8,d,casa_pareada,no posee,calefont 10 litros tiro forzado,1.7,1.7,0.38,0.38,36,0.02654312861602531,False
c19e232023,41.2,f,casa_aislada,no posee,calefont glp,1.6,1.6,0.33,0.33,19,1.0,False
c6d3b42026,59.2,d,casa_pareada,no posee,calefont,1.9,1.9,0.47,0.47,10,1.0,False
a7735d2024,55.3,d,casa_pareada,no posee,calefont 7 litros tiro forzado,1.9,1.9,0.47,0.47,43,1.0,False
7a84972024,52.5,d,depto,no posee,calefont 10 litros tiro forzado,1.9,1.9,0.47,0.47,11,1.0,False
d442482025,48.3,b,depto,no posee,calefont glp,4.0,4.0,0.84,0.84,-1,0.0,True
60bcc52026,49.1,d,depto,no posee,calefont 7 litros tiro forzado,1.9,1.9,0.47,0.47,60,1.0,False
d571b22024,27.3,d,depto,no posee,central termica,1.9,1.9,0.47,0.47,38,1.0,False
55be322025,27.2,d,depto,no posee,termo eléctrico,1.9,1.9,0.47,0.47,8,1.0,False
0a98c72025,49.8,g,depto,no posee,calefont 10 litros tiro forzado,1.6,1.6,0.33,0.33,23,1.0,False
2924692026,57.8,e,depto,sin sistema,calefont tiro forzado 13 lts,1.7,1.7,0.38,0.38,35,1.0,False
4d12942023,49.9,d,depto,no posee,"calefont, tiro forzado",1.9,1.9,0.47,0.47,-1,0.0,True
7197492024,50.3,g,casa_aislada,no posee,calefont glp,1.6,1.6,0.33,0.33,20,1.0,False
766dd02023,49.4,d,depto,no posee,calefont 7 litros tiro forzado,1.9,1.9,0.47,0.47,60,1.0,False
0bdc442024,46.0,b,depto,no posee,"termo eléctrico anwo van200l, potencia 3.0 kw",4.0,4.0,0.84,0.84,-1,0.0,True
5e6c762024,32.0,d,depto,no posee,"caldera de tipo condensación, 900kw marca inmergas modelo",1.9,1.9,0.47,0.47,-1,0.0,True
f271d22025,40.6,d,depto,no posee,calefont 7 litros tiro forzado,1.9,1.9,0.47,0.47,-1,0.0,True
f21a312024,49.5,f,casa_aislada,no posee,calefont 7 litros tiro forzado,1.7,1.7,0.38,0.38,14,1.0,False
f9ab202024,31.8,d,depto,no posee,termo electrico,1.9,1.9,0.47,0.47,-1,0.0,True
9eef2c2024,53.1,c,depto,no posee,calefont 7 litros tiro forzado,4.0,4.0,0.84,0.84,3,1.0,False
ac94e02022,51.8,d,casa_pareada,no posee,calefont 10 litros tiro forzado,1.7,1.7,0.38,0.38,36,0.02654312861602531,False
613abb2025,62.2,d,casa_pareada,no posee,calefont 7 litros tiro forzado,1.7,1.7,0.38,0.38,-1,0.0,True
b8c2bb2025,49.8,f,depto,no posee,calefont glp,1.6,1.6,0.33,0.33,29,1.0,False
d2aca82024,50.3,g,casa_aislada,no posee,calefont glp,1.6,1.6,0.33,0.33,20,1.0,False
8046f62025,47.4,b,depto,no posee,"calefont 10 litros tiro forzado, cámara abierta",4.0,4.0,0.84,0.84,-1,0.0,True
83bee52025,53.1,e,depto,no posee,calefont 7 litros tiro forzado,1.7,1.7,0.38,0.38,54,1.0,False
77999c2026,57.8,d,depto,sin sistema,calefont tiro forzado 13 lts splendid modelo mvg tfi 13,1.9,1.9,0.47,0.47,50,0.00881953798648314,False
c00fb02020,42.0,f,depto,no posee,calefont 10 litros tiro forzado,1.7,1.7,0.38,0.38,-1,0.0,True
24a01a2025,59.2,g,depto,no posee,calefón rheem 14 lts,1.6,1.6,0.33,0.33,-1,0.0,True
db5f8d2024,56.5,d,depto,no posee,caldera con condensación,1.9,1.9,0.47,0.47,52,0.38461536938495355,False
3972812026,31.3,e,depto,no aplica,termos eléctricos murales para cada departamento,1.7,1.7,0.38,0.38,-1,0.0,True
ddd9832025,53.1,c,casa_pareada,0,"calefón junkers smart wr13-2 km e31 s4305 13 litros, gas",4.0,4.0,0.84,0.84,-1,0.0,True
b32d072025,29.0,d,depto,no posee,central térmica,1.9,1.9,0.47,0.47,38,0.004070556255695922,False
6b62362023,50.2,d,depto,no posee,calefont 7 litros tiro forzado,1.9,1.9,0.47,0.47,60,0.6666666237676203,False
d7edd82018,45.2,d,casa_pareada,no posee,calefont 7 litros tiro forzado,1.9,1.9,0.47,0.47,42,1.0,False
71dbfa2023,57.8,d,depto,no posee,calefont 7 litros tiro forzado,1.9,1.9,0.47,0.47,-1,0.0,True
0d0c502026,58.6,i,casa_pareada,no posee,calefont 7 litros tiro forzado,0.6,0.6,0.25,0.25,-1,0.0,True
37aae12022,30.1,d,depto,no posee,caldera con condensación,1.9,1.9,0.47,0.47,52,1.0,False
dac10b2018,52.8,a,depto,no posee,calefont 7 litros tiro forzado,4.0,4.0,0.84,0.84,5,1.0,False
3a5d172025,62.2,d,casa_pareada,no posee,calefont 7 litros tiro forzado,1.7,1.7,0.38,0.38,-1,0.0,True
45f5a72026,47.6,d,depto,no posee,calefont 7 litros tiro forzado,1.7,1.7,0.38,0.38,56,1.0,False
defaa82025,63.6,d,casa_aislada,no posee,calefont,1.9,1.9,0.47,0.47,-1,0.0,True
2fcca72018,67.5,e,casa_aislada,no posee,calefont tiro balanceado,1.0,1.0,0.0,0.0,-1,0.0,True
f394502026,49.4,f,depto,no posee,calefont 7 litros tiro forzado,1.6,1.6,0.33,0.33,32,1.0,False
8037542018,52.8,a,depto,no posee,calefont 7 litros tiro forzado,4.0,4.0,0.84,0.84,5,1.0,False
fbdc402023,27.1,d,depto,no considera,central termica,1.9,1.9,0.47,0.47,-1,0.0,True
1481252025,53.3,c,depto,no posee,calefont 7 litros tiro forzado,4.0,4.0,0.84,0.84,3,1.0,False
4951d92022,55.5,d,casa_pareada,no posee,calefont 7 litros tiro forzado,1.7,1.7,0.38,0.38,45,1.0,False
dfa3ad2022,41.4,f,casa_aislada,no posee,calefont glp,1.6,1.6,0.33,0.33,19,1.0,False
ca79ad2024,29.7,d,depto,no posee,central termica,1.9,1.9,0.47,0.47,38,1.0,False
40247f2025,47.8,d,casa_pareada,no posee,calefont glp,1.9,1.9,0.47,0.47,39,0.666666652366985,False
e1b6772024,30.5,d,depto,no posee,caldera central a gas,1.9,1.9,0.47,0.47,30,1.0,False
d491ad2023,55.1,d,depto,no posee,"calefon tiro forzado, modelo master 7 lts,",3.0,3.0,0.6,0.6,-1,0.0,True
97bdb82025,65.3,f,depto,no posee,calefont 7 litros tiro forzado,1.7,1.7,0.38,0.38,31,0.734177211230596,False
6523b42021,52.1,d,casa_pareada,no posee,calefont 10 litros tiro forzado,1.7,1.7,0.38,0.38,36,0.02654312861602531,False
cd3ca72022,54.5,f,depto,no posee,calefont 10 litros tiro forzado,1.7,1.7,0.38,0.38,-1,0.0,True
533e292024,46.8,d,depto,no posee,calefont 10 litros tiro forzado,1.7,1.7,0.38,0.38,11,0.027368438552601786,False
5e42b02024,39.0,d,depto,no posee,central de calderas a condensación,1.9,1.9,0.47,0.47,-1,0.0,True
e6295f2024,53.8,d,depto,no posee,calefont,1.9,1.9,0.47,0.47,50,1.0,False
769a4c2020,46.2,f,casa_pareada,no posee,calefont glp,1.7,1.7,0.38,0.38,27,1.0,False
6ff7b12026,54.3,e,casa_pareada,calefactor electrico,calefont 10 litros gl,1.7,1.7,0.38,0.38,-1,0.0,True
44db5b2025,44.8,c,depto,no posee,calefont 11 litros tiro forzado,3.0,3.0,0.6,0.6,-1,0.0,True
774c8e2021,41.6,g,depto,no posee,"calefon, tiro forzado",1.6,1.6,0.33,0.33,-1,0.0,True
19790f2022,41.8,f,casa_aislada,no posee,calefont glp,1.6,1.6,0.33,0.33,19,1.0,False
681b072021,46.2,f,casa_pareada,no posee,calefont glp,1.7,1.7,0.38,0.38,27,1.0,False
03ab712019,73.7,d,casa_aislada,no posee,calefont 10 litros tiro forzado,1.0,1.0,0.0,0.0,2,1.0,False
1db5682026,45.7,g,depto,no posee,calefont 7 litros tiro forzado,1.6,1.6,0.33,0.33,22,0.861538441068762,False
d3d3aa2020,52.3,f,depto,no posee,calefont glp,1.7,1.7,0.38,0.38,29,1.0,False
a48d6d2021,46.2,f,casa_pareada,no posee,calefont glp,1.7,1.7,0.38,0.38,27,1.0,False
2a3e0b2022,48.6,d,depto,no posee,calefont glp,1.9,1.9,0.47,0.47,44,0.0,False
0d46472022,28.2,d,depto,no posee,calefont 7 litros tiro forzado,3.0,3.0,0.6,0.6,55,0.08133971730274829,False
a75fce2024,50.9,c,depto,sin sistema,calefont tiro forzado bosch,3.0,3.0,0.6,0.6,-1,0.0,True
04d8942025,57.8,d,casa_pareada,0,calefont 7 litros tiro forzado,1.7,1.7,0.38,0.38,-1,0.0,True
de9fe02025,51.4,a,depto,no posee,"calefón mademsa forced 10 eco gl, 10 litros, gas licuado",4.0,4.0,0.84,0.84,-1,0.0,True
59ce842021,51.3,d,depto,no posee,calefont glp,1.9,1.9,0.47,0.47,49,0.0,False
f72e2f2025,51.9,b,depto,no posee,calefont 7 litros tiro forzado,4.0,4.0,0.84,0.84,3,0.00339213025673568,False
4607892024,31.2,d,depto,no considera,caldera con condensación,1.9,1.9,0.47,0.47,53,1.0,False
c1e42d2023,57.3,c,depto,no posee,calefon de condensación en cascada,3.0,3.0,0.6,0.6,-1,0.0,True
f7e84f2023,49.5,f,casa_aislada,no aplica,calefont glp,1.6,1.6,0.33,0.33,-1,0.0,True
cc42b02025,50.4,d,depto,no posee,5 calderas de condensación ariston evo hp 150,1.9,1.9,0.47,0.47,-1,0.0,True
69a8ad2026,47.3,d,depto,no posee,calefont 7 litros tiro forzado,1.9,1.9,0.47,0.47,61,0.0,False
fdb6b82019,61.7,d,depto,no posee,calefont 7 litros tiro forzado,1.9,1.9,0.47,0.47,-1,0.0,True
b7b6552026,48.7,e,casa_aislada,no posee,calefont glp,1.7,1.7,0.38,0.38,21,1.0,False
7fc06e2023,52.2,g,depto,no posee,calefont 7 litros tiro forzado,1.6,1.6,0.33,0.33,22,1.0,False
455b242023,49.9,d,depto,no posee,calefont glp,3.0,3.0,0.6,0.6,37,1.0,False
926ac82024,49.4,d,depto,no posee,calefont glp,1.9,1.9,0.47,0.47,44,0.0,False
6a6bcb2022,84.4,d,depto,sistema centralizado con losa radiante y caldera de condensación,centralizado con caldera de condensación y estanques de,1.9,1.9,0.47,0.47,-1,0.0,True
fb68cd2026,43.8,d,depto,sin sistema,calefont gas natural 7 litros tiro forzado,1.9,1.9,0.47,0.47,-1,0.0,True
0971d82025,43.2,f,depto,no posee,calefont a gas licuado,1.6,1.6,0.33,0.33,-1,0.0,True
e437242026,130.9,f,casa_aislada,radiadores,calefont gl,1.6,1.6,0.33,0.33,-1,0.0,True
0cc73b2024,56.6,c,casa_aislada,no posee,calefont 7 litros tiro forzado,4.0,4.0,0.84,0.84,-1,0.0,True
9a5d762026,42.6,c,depto,no posee,termo eléctrico 150 lts ursus troter,4.0,4.0,0.84,0.84,-1,0.0,True
06b1d82022,47.4,c,casa_pareada,no posee,calefont neckar ionizado 13 litros wn13 con potencia nominal,4.0,4.0,0.84,0.84,-1,0.0,True
0ad6f62024,46.0,b,depto,no posee,"termo eléctrico anwo van200l, potencia 3.0 kw",4.0,4.0,0.84,0.84,-1,0.0,True
4a77642025,57.8,d,depto,sin sistema,calefont,1.9,1.9,0.47,0.47,50,0.00881953798648314,False
323a9e2024,79.7,c,depto,no posee,termo eléctrico rheem 246 lt.,4.0,4.0,0.84,0.84,-1,0.0,True
a28aa92022,51.3,d,depto,no posee,calefont glp,1.9,1.9,0.47,0.47,49,0.0,False
686f8c2024,63.1,d,depto,sin sistema,calefont,1.9,1.9,0.47,0.47,50,0.00881953798648314,False
2d55962025,32.5,d,depto,no posee,caldera de condensación,1.9,1.9,0.47,0.47,28,1.0,False
d52cf82020,45.2,d,depto,no posee,calefont 13 litros tiro forzado,1.9,1.9,0.47,0.47,-1,0.0,True
878f322025,59.5,a,depto,no posee,calefont 7 litros tiro forzado,4.0,4.0,0.84,0.84,6,1.0,False
f0da852019,67.9,f,casa_aislada,convector eléctrico de 1.000 y 1.500 w,calefont 14lts,1.7,1.7,0.38,0.38,-1,0.0,True
f4aa722022,47.9,d,depto,no posee,calefont 7 litros tiro forzado,3.0,3.0,0.6,0.6,55,0.8500000115827424,False
5932282025,31.9,d,depto,no posee,caldera a condensación,1.9,1.9,0.47,0.47,18,1.0,False
47d4bf2024,36.1,d,depto,no posee,calefacción central mediante caldera de condensación,1.9,1.9,0.47,0.47,-1,0.0,True
1fac4e2022,46.4,d,casa_aislada,no posee,calefont glp,1.9,1.9,0.47,0.47,-1,0.0,True
2172102023,103.0,d,depto,no posee,calefont 7 litros tiro forzado,1.9,1.9,0.47,0.47,-1,0.0,True
334f8e2023,50.2,g,depto,no posee,calefont 10 litros tiro forzado,1.6,1.6,0.33,0.33,23,1.0,False
3a73372021,48.6,d,depto,no posee,caldera con condensación,1.9,1.9,0.47,0.47,52,0.8333332618349243,False
1884532024,35.2,a,depto,no posee,termo eléctrico junkers/bosch,4.0,4.0,0.84,0.84,-1,0.0,True
015dca2026,49.4,f,depto,no posee,calefont 7 litros tiro forzado,1.6,1.6,0.33,0.33,32,1.0,False
0ef7292023,68.6,e,casa_pareada,no aplica,calefont glp,1.7,1.7,0.38,0.38,-1,0.0,True
f498c92022,49.4,d,casa_pareada,no posee,calefont,1.9,1.9,0.47,0.47,10,1.0,False
b974c12024,37.1,a,depto,no posee,termo eléctrico junkers/bosch,4.0,4.0,0.84,0.84,-1,0.0,True
2aeaaf2018,50.4,e,casa_aislada,no posee,calefont tiro balanceado,1.0,1.0,0.0,0.0,-1,0.0,True
9182e92025,57.8,d,casa_pareada,no posee,calefont 7 litros tiro forzado,1.7,1.7,0.38,0.38,46,1.0,False
1c65a02025,51.9,b,depto,no posee,calefont 7 litros tiro forzado,4.0,4.0,0.84,0.84,3,0.00339213025673568,False
36f7ef2020,42.4,d,casa_pareada,no posee,calefont glp,1.9,1.9,0.47,0.47,40,0.0,False
22d6e42025,52.2,g,depto,no posee,calefont 10 litros tiro forzado,1.1,1.1,0.28,0.28,23,1.0,False
cb151f2025,53.0,d,depto,no posee,calefont glp,1.9,1.9,0.47,0.47,-1,0.0,True
ae489b2022,49.9,d,depto,no posee,calefont glp,3.0,3.0,0.6,0.6,37,1.0,False
8dd0be2025,46.5,d,depto,no posee,calefont 7 litros tiro forzado,1.9,1.9,0.47,0.47,59,1.0,False
fdc8712020,51.1,d,depto,no posee,calefont glp,1.9,1.9,0.47,0.47,49,1.0,False
d6fa282025,28.6,d,depto,no posee sistema de calefacción.,central térmica con 3 calderas murales modulares y 2 estanques,1.9,1.9,0.47,0.47,-1,0.0,True
9891e72025,59.5,a,depto,no posee,calefont 7 litros tiro forzado,4.0,4.0,0.84,0.84,6,1.0,False
f1736c2024,43.4,d,depto,no posee,calefacción central mediante caldera de condensación,1.9,1.9,0.47,0.47,-1,0.0,True
1419fe2026,46.5,b,depto,no posee,calefont 7 litros tiro forzado,4.0,4.0,0.84,0.84,3,0.00339213025673568,False
f7a8112024,46.5,d,casa_aislada,no posee,calefont 7 litros tiro forzado,1.9,1.9,0.47,0.47,33,0.22289156312656122,False
68ba5b2021,56.3,f,casa_pareada,no posee,calefont glp,1.7,1.7,0.38,0.38,27,0.0,False
53a73f2025,51.3,i,casa_pareada,caldera a gas - gaz 6000 w- marca bosch,caldera a gas - gaz 6000 w- marca bosch,0.6,0.6,0.25,0.25,-1,0.0,True
77cac32023,41.8,f,casa_aislada,no aplica,calefont glp,1.6,1.6,0.33,0.33,-1,0.0,True
1df38f2024,57.8,e,depto,no posee,calefont 7 litros tiro forzado,1.7,1.7,0.38,0.38,54,1.0,False
533fa32021,41.9,c,depto,no posee,"central térmica calefont condensación, gas licuado, bosch,",4.0,4.0,0.84,0.84,-1,0.0,True
faecb12024,47.0,e,casa_pareada,no posee,calefont 7 litros tiro forzado,1.7,1.7,0.38,0.38,34,1.0,False
e54a332026,48.1,e,casa_aislada,no posee,calefont glp,1.7,1.7,0.38,0.38,21,1.0,False
a1412a2025,50.6,f,depto,no posee,calefont glp,1.7,1.7,0.38,0.38,29,1.0,False
d16fde2023,28.7,d,depto,no considera,central termica,1.9,1.9,0.47,0.47,-1,0.0,True
029c3f2025,51.9,c,depto,calefactor electrico,calefont 12 litros gl,3.0,3.0,0.6,0.6,0,1.0,False
73c2472023,52.6,g,depto,radiadores eléctricos,termo eléctrico 155lts,1.6,1.6,0.33,0.33,-1,0.0,True
4217e02021,57.3,d,casa_pareada,no posee,calefont glp,1.9,1.9,0.47,0.47,-1,0.0,True
b715e22019,73.7,d,casa_aislada,no posee,calefont 10 litros tiro forzado,1.0,1.0,0.0,0.0,2,1.0,False
6a4d7b2025,44.1,e,depto,no posee,calefont 7 litros tiro forzado,1.7,1.7,0.38,0.38,54,1.0,False
990eee2024,49.8,g,depto,no posee,calefont 10 litros tiro forzado,1.1,1.1,0.28,0.28,23,1.0,False
6ba1652025,45.1,d,depto,no posee,calefont,1.9,1.9,0.47,0.47,50,1.0,False
2d24652020,49.5,f,depto,no posee,calefont 13 litros tiro forzado,1.6,1.6,0.33,0.33,-1,0.0,True
4700112019,53.3,f,casa_aislada,estufa a parafina marca toyotomi modelo ff-v30 el que tiene,calefon marca mademsa modelo forzada tfm 10 eco gl/gn,1.6,1.6,0.33,0.33,-1,0.0,True
246a4e2026,53.6,d,depto,0,calefont 10 litros tiro forzado,1.7,1.7,0.38,0.38,-1,0.0,True
b494312022,41.4,f,casa_aislada,no posee,calefont glp,1.6,1.6,0.33,0.33,19,1.0,False
ae1acc2021,52.1,d,casa_pareada,no posee,calefont 10 litros tiro forzado,1.7,1.7,0.38,0.38,36,0.02654312861602531,False
2fc8e52023,60.6,f,casa_aislada,estufa a parafina marca toyotomi modelo ff-55t el que tiene,calefon marca mademsa modelo. forzada tfm 10 eco gl el,1.6,1.6,0.33,0.33,-1,0.0,True
1b3e852023,51.2,e,depto,no aplica,calefont glp,1.7,1.7,0.38,0.38,-1,0.0,True
ea08ec2026,58.6,i,casa_pareada,no posee,calefont 7 litros tiro forzado,0.6,0.6,0.25,0.25,-1,0.0,True
601cfa2022,61.7,d,depto,no posee,calefont glp,1.9,1.9,0.47,0.47,-1,0.0,True
fc90b42023,83.7,d,casa_aislada,no posee,calefon 13 litros.,1.9,1.9,0.47,0.47,-1,0.0,True
6021bb2024,57.8,d,depto,sin sistema,calefont,1.9,1.9,0.47,0.47,50,0.00881953798648314,False
0b57742024,52.0,f,depto,no posee,calefont 7 litros tiro forzado,1.7,1.7,0.38,0.38,31,1.0,False
c835b82024,49.8,d,depto,no posee,calefont 10 litros tiro forzado,1.7,1.7,0.38,0.38,11,0.027148289571850337,False
853ace2024,57.0,e,casa_pareada,no posee,calefont. gas licuado,1.7,1.7,0.38,0.38,-1,0.0,True
1e81a12025,28.9,d,depto,no posee,sala de calderas,1.9,1.9,0.47,0.47,12,1.0,False
80bec82022,133.4,d,depto,piso radiante,caldera con condensación,1.9,1.9,0.47,0.47,-1,0.0,True
c35a162020,48.7,g,depto,no considera,caldera rinnai eco 16/17 gn,1.1,1.1,0.28,0.28,-1,0.0,True
d65e792026,43.2,a,depto,no posee,termo electrico 80 litros,4.0,4.0,0.84,0.84,-1,0.0,True
91a3232019,144.9,d,depto,calefacción central-piso radiante,caldera de condensación,1.0,1.0,0.0,0.0,-1,0.0,True
5ec3c52024,51.6,b,depto,no posee,"termo eléctrico anwo van200l, potencia 3.0 kw",4.0,4.0,0.84,0.84,-1,0.0,True
be8b382023,79.3,a,depto,no posee,"termo eléctrico marca junkers, modelo elacell excellence",4.0,4.0,0.84,0.84,-1,0.0,True
1f9e792024,29.7,d,depto,no posee,calefont 7 litros tiro forzado,1.9,1.9,0.47,0.47,57,1.0,False
299d0b2026,45.4,d,depto,no posee,"por definir, por defecto.",1.9,1.9,0.47,0.47,50,0.00881953798648314,False
dabe192022,29.1,d,depto,no posee,el edificio cuenta con 2 calderas de gas natural ivar super,1.9,1.9,0.47,0.47,-1,0.0,True
a84fbb2026,56.6,d,casa_pareada,no posee,calefont 13 lt,1.9,1.9,0.47,0.47,-1,0.0,True
a516d02019,43.3,e,casa_aislada,no posee,calefont glp,1.7,1.7,0.38,0.38,21,0.14285714285714285,False
1cb5f32024,37.7,d,depto,no considera,caldera con condensación,1.9,1.9,0.47,0.47,53,1.0,False
b687572022,40.8,d,casa_pareada,"no posee, segun eett",calefont 10 litros tiro forzado,3.0,3.0,0.6,0.6,-1,0.0,True
0033da2020,43.7,g,depto,no posee,calefont 7 litros tiro forzado,1.6,1.6,0.33,0.33,22,1.0,False
4341042021,52.3,d,depto,no posee,calefont glp,1.9,1.9,0.47,0.47,47,1.0,False
e899322024,51.0,b,depto,no posee,calefont 7 litros tiro forzado,4.0,4.0,0.84,0.84,3,0.00339213025673568,False
3f8b882026,28.9,d,depto,no posee,sala de calderas,1.9,1.9,0.47,0.47,12,1.0,False
afb54e2023,28.2,d,depto,sistema por defecto.,bomba de calor + calderas,1.9,1.9,0.47,0.47,-1,0.0,True
6e7e092025,53.3,d,depto,no posee,calefont 7 litros tiro forzado,3.0,3.0,0.6,0.6,55,1.0,False
c91dac2023,170.0,d,depto,caldera mural mixta de condensación rinnai,calefont de condensación navien,1.0,1.0,0.0,0.0,-1,0.0,True
afaf162026,44.5,b,depto,no posee,calefont 7 litros tiro forzado,4.0,4.0,0.84,0.84,3,0.00339213025673568,False
7bd1702023,47.6,c,depto,no posee,caldera con condensación,4.0,4.0,0.84,0.84,-1,0.0,True
e79b252023,54.0,f,casa_pareada,no aplica,calefont glp,1.6,1.6,0.33,0.33,26,1.0,False
ed51f32023,49.3,c,depto,no aplica,calefont glp,4.0,4.0,0.84,0.84,-1,0.0,True
6aa8882025,48.5,d,depto,no posee,calefont glp,1.9,1.9,0.47,0.47,44,1.0,False
abb5542024,49.6,f,casa_pareada,no posee,calefont 10 litros tiro forzado,1.7,1.7,0.38,0.38,-1,0.0,True
d8e1b12026,39.5,d,depto,no posee,calefont 10 litros tiro forzado,1.9,1.9,0.47,0.47,11,0.81818182669072,False
fc0e6c2023,30.5,d,depto,no posee,caldera central a gas,1.9,1.9,0.47,0.47,30,1.0,False
8c00c72020,46.0,d,depto,no posee,termo eléctrico,1.9,1.9,0.47,0.47,8,1.0,False
438e682025,53.4,f,casa_aislada,bomba de calor,calefont 10 litros tiro forzado,1.7,1.7,0.38,0.38,-1,0.0,True
c6bb162024,53.5,d,depto,no posee,calefont 7 litros tiro forzado,3.0,3.0,0.6,0.6,55,1.0,False
1de5a72020,79.6,d,casa_pareada,estufa kerosene 3 kw,calefon tiro natural 10 lts +sst,1.0,1.0,0.0,0.0,1,0.7461174635566151,False
fe56962026,41.0,d,depto,no posee,caldera condensación,1.9,1.9,0.47,0.47,13,1.0,False
f2eacb2023,41.8,f,casa_aislada,no aplica,calefont glp,1.6,1.6,0.33,0.33,-1,0.0,True
74bd532023,30.5,d,depto,no posee,caldera central a gas,1.9,1.9,0.47,0.47,30,1.0,False
a9148d2023,64.8,d,casa_pareada,no posee,calefont,1.7,1.7,0.38,0.38,9,1.0,False
46272e2025,47.0,d,casa_pareada,no posee,calefont 7 litros tiro forzado,1.7,1.7,0.38,0.38,41,1.0,False
e075bf2022,49.3,c,depto,no posee,calefont 7 litros tiro forzado,3.0,3.0,0.6,0.6,51,1.0,False
3412d32025,37.4,d,depto,split inverter,termo electrico,1.9,1.9,0.47,0.47,-1,0.0,True
f0d1c62024,32.7,d,depto,"central térmica, 3 calderas murales de condensación","central térmica, 3 calderas murales de condensación",1.9,1.9,0.47,0.47,-1,0.0,True
687aaa2022,41.4,f,casa_aislada,no posee,calefont glp,1.6,1.6,0.33,0.33,19,1.0,False
795ef92026,47.0,d,casa_pareada,no posee,calefont 7 litros tiro forzado,1.7,1.7,0.38,0.38,41,1.0,False
4dad4e2024,47.7,f,depto,no posee,calefont glp,1.6,1.6,0.33,0.33,29,1.0,False
4416182023,28.7,d,depto,no considera,central termica,1.9,1.9,0.47,0.47,-1,0.0,True
b4a1362024,49.0,f,casa_pareada,no posee,calefont,1.6,1.6,0.33,0.33,-1,0.0,True
e195382025,57.8,d,depto,sin sistema,calefont,1.9,1.9,0.47,0.47,50,0.00881953798648314,False
12dda22022,51.7,d,depto,no posee,calefont glp,1.9,1.9,0.47,0.47,-1,0.0,True
Oeste 6219d82018,54.1,d,casa_pareada,no posee,calefont 7 litros tiro forzado,1.7,1.7,0.38,0.38,45,0.6250000482614302,False
52d3a62021,46.1,d,casa_pareada,no posee,calefont 10 litros tiro forzado,1.9,1.9,0.47,0.47,36,1.0,False
d8a7c02025,44.5,d,casa_pareada,no posee,calefont glp,1.9,1.9,0.47,0.47,40,0.0,False
42a8382020,42.4,d,casa_pareada,no posee,calefont glp,1.9,1.9,0.47,0.47,40,0.0,False
2928b62026,51.7,d,depto,no posee,calefont 7 litros tiro forzado,1.9,1.9,0.47,0.47,58,1.0,False
d1d32e2025,37.3,c,depto,no posee,central termica calderas de gas natural,3.0,3.0,0.6,0.6,-1,0.0,True
06c4b92024,34.6,d,depto,no posee,caldera condensacion con estanque interior,1.9,1.9,0.47,0.47,-1,0.0,True
67942a2025,55.5,d,casa_pareada,no posee,calefont 7 litros tiro forzado,1.7,1.7,0.38,0.38,45,1.0,False
8b946b2021,59.3,d,casa_pareada,no posee,calefón,1.9,1.9,0.47,0.47,-1,0.0,True
2ae2002020,51.1,f,casa_aislada,no posee,calefont 10 litros tiro forzado,1.7,1.7,0.38,0.38,15,1.0,False
ab1f252020,51.1,d,depto,no posee,calefont glp,1.9,1.9,0.47,0.47,49,1.0,False
46eeab2020,60.3,a,depto,no posee,calefont 7 litros tiro forzado,4.0,4.0,0.84,0.84,6,1.0,False
ec92f62020,52.3,f,depto,no posee,calefont glp,1.7,1.7,0.38,0.38,29,1.0,False
3d94af2023,27.9,d,depto,no posee,"termo eléctrico mural marca winter 80 lt., potencia nominal 1,5",1.9,1.9,0.47,0.47,-1,0.0,True
3eae912026,58.6,i,casa_pareada,no posee,calefont 7 litros tiro forzado,0.6,0.6,0.25,0.25,-1,0.0,True
538b572020,71.3,c,casa_pareada,no posee,calefont neckar ionizado 13 litros wn13 con potencia nominal,4.0,4.0,0.84,0.84,-1,0.0,True
8f024c2021,84.0,d,casa_aislada,no posee,calefont 13 litros tiro forzado,1.9,1.9,0.47,0.47,-1,0.0,True
845bb32020,48.7,e,depto,no posee,termo eléctrico,1.7,1.7,0.38,0.38,-1,0.0,True
8947ed2024,49.3,d,depto,"central térmica, 2 calderas tipo tank in tank heat master. uso","central térmica, 2 calderas tipo tank in tank heat master.",1.9,1.9,0.47,0.47,-1,0.0,True
d74e992021,51.3,e,casa_pareada,no posee,calefont glp,1.7,1.7,0.38,0.38,25,1.0,False
358c622022,110.6,e,casa_aislada,caldera navien aguaplus 30/32 tf (30kw),"calefont tiro forzado modulante 14lt cámara abierta rheem,",1.7,1.7,0.38,0.38,-1,0.0,True
3964e22020,51.0,d,depto,no posee,calefont glp,1.9,1.9,0.47,0.47,48,1.0,False
17ca6c2023,173.4,d,casa_aislada,no posee,calefont 7 litros tiro forzado,1.9,1.9,0.47,0.47,33,0.06292516806690554,False
20031d2021,87.2,f,casa_aislada,no posee,calefont 10 litros tiro forzado,1.7,1.7,0.38,0.38,15,1.0,False
db917e2023,41.8,f,casa_aislada,no aplica,calefont glp,1.6,1.6,0.33,0.33,-1,0.0,True
abe7582024,29.7,d,depto,no posee,central termica,1.9,1.9,0.47,0.47,38,1.0,False
337d9d2023,58.7,d,casa_pareada,no posee,calefont 7 litros tiro forzado,1.7,1.7,0.38,0.38,46,1.0,False
913d9b2020,51.0,d,depto,no posee,calefont glp,1.9,1.9,0.47,0.47,48,1.0,False
0fdf8c2025,52.2,g,depto,no posee,calefont 10 litros tiro forzado,1.1,1.1,0.28,0.28,23,1.0,False
ecb9052023,57.8,a,depto,no posee,calefont 7 litros tiro forzado,4.0,4.0,0.84,0.84,5,0.3529411671188933,False
b402af2025,28.6,d,depto,no posee sistema de calefacción.,central térmica con 3 calderas murales modulares y 2 estanques,1.9,1.9,0.47,0.47,-1,0.0,True
000d5b2026,98.8,c,casa_aislada,no posee,calefón 15 lts gas natural tiro forzado,4.0,4.0,0.84,0.84,-1,0.0,True
3f48b32023,62.6,d,depto,no posee,calefont,1.9,1.9,0.47,0.47,50,0.5416666318111915,False
65c4be2025,46.8,f,casa_pareada,no posee,calefont glp,1.7,1.7,0.38,0.38,27,0.0,False
849dd32019,87.4,d,casa_aislada,no posee,calefont 10 litros tiro forzado,1.0,1.0,0.0,0.0,2,1.0,False
c4bbaa2019,50.9,d,depto,no posee,bomba de calor,1.9,1.9,0.47,0.47,-1,0.0,True
3d42f02024,41.2,b,depto,no posee,"termo eléctrico anwo van120l, potencia 1.7 kw",4.0,4.0,0.84,0.84,-1,0.0,True
c80cbc2025,48.4,d,depto,no posee,calefont,1.9,1.9,0.47,0.47,50,1.0,False
ae6cf02019,43.3,e,casa_aislada,no posee,calefont glp,1.7,1.7,0.38,0.38,21,0.14285714285714285,False
c3f4cf2025,54.1,c,depto,no posee,calefont 12 litros tiro forzado,3.0,3.0,0.6,0.6,-1,0.0,True
7a46852024,52.6,g,casa_aislada,no posee,calefont glp,1.6,1.6,0.33,0.33,20,1.0,False
17c27e2024,52.8,c,depto,no posee,calefont 7 litros tiro forzado,4.0,4.0,0.84,0.84,3,1.0,False
304b402024,31.5,d,depto,no posee,termo electrico,1.9,1.9,0.47,0.47,-1,0.0,True
7dd5af2025,34.6,d,depto,central termica calderas de gas natural,central termica calderas de gas natural,1.9,1.9,0.47,0.47,-1,0.0,True
e939632025,58.7,d,casa_pareada,no posee,calefont 7 litros tiro forzado,1.7,1.7,0.38,0.38,46,1.0,False
816b532022,60.8,d,depto,no posee,el edificio cuenta con 4 calderas tipo mural de condensación,1.9,1.9,0.47,0.47,-1,0.0,True
6073f72026,47.6,d,depto,no posee,calefont 7 litros tiro forzado,1.7,1.7,0.38,0.38,56,1.0,False
7df2f82022,48.1,d,casa_pareada,no posee,calefont 10 litros tiro forzado,1.9,1.9,0.47,0.47,36,1.0,False
b9a49a2025,59.5,d,casa_aislada,0,"calefón junkers hidrowind wr13-2 km e31 s4305 13 litros,",1.9,1.9,0.47,0.47,-1,0.0,True
aa7aa92026,58.1,d,depto,no aplica,1 calefón por cada departamento,1.9,1.9,0.47,0.47,-1,0.0,True
8ed8d42018,53.0,a,casa_pareada,no posee,calefont 7 litros tiro forzado,4.0,4.0,0.84,0.84,-1,0.0,True
d3576d2025,53.5,a,depto,no posee,"calefon junkers wd10 km e31 s4300, de 10 l y 18,2 kw",4.0,4.0,0.84,0.84,-1,0.0,True
1236542022,49.9,d,depto,no posee,calefont glp,3.0,3.0,0.6,0.6,37,1.0,False
c434902026,47.0,d,casa_pareada,no posee,calefont 7 litros tiro forzado,1.9,1.9,0.47,0.47,42,1.0,False
a3e7e52020,60.3,a,depto,no posee,calefont 7 litros tiro forzado,4.0,4.0,0.84,0.84,6,1.0,False
2de5812022,53.5,d,depto,no posee,calefont glp,1.9,1.9,0.47,0.47,-1,0.0,True
f844542025,26.6,d,depto,no posee,sala de calderas,1.9,1.9,0.47,0.47,12,1.0,False
0f767b2022,37.4,d,depto,no posee,caldera con condensación,1.9,1.9,0.47,0.47,52,1.0,False
724e8b2020,48.7,e,depto,no posee,termo eléctrico,1.7,1.7,0.38,0.38,-1,0.0,True
7eb95a2025,57.8,d,depto,no posee,calefont,1.9,1.9,0.47,0.47,50,1.0,False
b70eab2023,49.9,d,depto,no posee,calefont glp,3.0,3.0,0.6,0.6,37,1.0,False
0e47c42025,53.6,d,casa_pareada,no posee,calefont glp,1.9,1.9,0.47,0.47,39,1.0,False
7d44062022,94.2,d,casa_aislada,panel eléctrico radiante.,calefon 13 litros.,1.9,1.9,0.47,0.47,-1,0.0,True
513f132019,56.9,a,depto,no posee,calefont 7 litros tiro forzado,4.0,4.0,0.84,0.84,5,0.46153849123780327,False
8fb3472018,40.5,b,casa_pareada,no posee,calefont 7 litros tiro forzado,3.0,3.0,0.6,0.6,-1,0.0,True
ee29742020,48.4,e,depto,calefactor electrico convector modelo canelo iib marca pabst,"calefon tiro forzado marca rheem, linea prestige, de 14 litros",1.7,1.7,0.38,0.38,-1,0.0,True
02439c2026,41.0,d,depto,no posee,caldera condensación,1.9,1.9,0.47,0.47,13,1.0,False
a7bdfc2018,91.2,d,casa_pareada,no posee,calefont 10 litros tiro forzado,1.0,1.0,0.0,0.0,2,0.990287986107139,False
a887d62025,58.7,d,casa_pareada,no posee,calefont 13 litros tiro forzado,1.9,1.9,0.47,0.47,-1,0.0,True
4795cd2026,47.6,d,depto,no posee,calefont 7 litros tiro forzado,1.7,1.7,0.38,0.38,56,1.0,False
fd66802023,31.2,d,depto,no posee,caldera con condensación,1.9,1.9,0.47,0.47,52,1.0,False
f4009a2024,46.7,d,casa_aislada,no posee,calefont 7 litros tiro forzado,1.9,1.9,0.47,0.47,33,0.22560975701627942,False
084d6e2018,82.3,c,depto,caldera mural de condensacion baxi (main 5),caldera mural de condensacion baxi (main 5),3.0,3.0,0.6,0.6,-1,0.0,True
2647922024,55.8,b,casa_pareada,no posee,calefont 7 litros tiro forzado,4.0,4.0,0.84,0.84,-1,0.0,True
c5e4ad2025,32.4,d,depto,no posee,"calefont 10 litros tiro forzado, gas natural",1.9,1.9,0.47,0.47,28,0.01356852102694272,False
f2ad3a2022,46.1,e,casa_aislada,no posee,calefont glp,1.7,1.7,0.38,0.38,21,0.19999998455634352,False
4ca3662025,50.8,f,casa_pareada,no posee,calefont 7 litros tiro forzado,1.7,1.7,0.38,0.38,16,0.2647058810169847,False
5be17b2020,42.4,d,casa_pareada,no posee,calefont glp,1.9,1.9,0.47,0.47,40,0.0,False
0541a62024,31.2,d,depto,no posee,el edificio cuenta con 2 calderas mural de condensación baxi,1.9,1.9,0.47,0.47,-1,0.0,True
44ed0f2025,51.1,f,casa_pareada,no posee,calefont glp,1.6,1.6,0.33,0.33,27,0.0,False
e61ae42021,78.2,d,casa_pareada,no posee,calefont,1.7,1.7,0.38,0.38,9,1.0,False
db8dd02024,46.1,d,depto,no posee,central termica,1.9,1.9,0.47,0.47,38,0.17142857489551486,False
0af0dd2025,28.9,d,depto,sin sistema,caldera de condensación marca naview,1.9,1.9,0.47,0.47,-1,0.0,True
99a97d2023,54.8,f,depto,no posee,calefont 13 litros tiro forzado,1.6,1.6,0.33,0.33,-1,0.0,True
8d22182025,59.5,d,casa_pareada,no posee,calefont 7 litros tiro forzado,1.7,1.7,0.38,0.38,46,1.0,False
8dc9d32023,31.5,d,depto,no posee,la torre cuenta con 2 calderas de gas natural sime modelo,1.9,1.9,0.47,0.47,-1,0.0,True
547b702025,38.2,e,depto,no posee,calefont 7 litros tiro forzado,1.7,1.7,0.38,0.38,54,0.3333333088195928,False
0bb0d02023,55.8,i,depto,"calefactor de tiro natural modelo 4990tc, marca orbis, potencia","calefon de tiro forzado digital de 13 litros- marca spendid,",0.6,0.6,0.25,0.25,-1,0.0,True
ddcb3f2024,44.0,e,depto,no posee,calefont 7 litros tiro forzado,1.7,1.7,0.38,0.38,54,1.0,False
a709942024,46.3,d,depto,no posee,caldera de condensación,1.9,1.9,0.47,0.47,28,1.0,False
4d3c052024,47.1,a,depto,no posee,calefont 7 litros tiro forzado,4.0,4.0,0.84,0.84,-1,0.0,True
d8178f2024,47.0,e,casa_pareada,no posee,calefont 7 litros tiro forzado,1.7,1.7,0.38,0.38,34,1.0,False
060b532026,28.0,d,depto,no posee,termo eléctrico,1.9,1.9,0.47,0.47,8,1.0,False
c9989f2025,54.4,d,casa_pareada,no posee,calefont glp,1.9,1.9,0.47,0.47,39,1.0,False
27db0b2025,51.7,d,depto,no posee,calefont 11 litros,1.9,1.9,0.47,0.47,-1,0.0,True
14fcdc2021,47.8,d,depto,no posee,calefont 7 litros tiro forzado,1.9,1.9,0.47,0.47,60,0.6666666237676203,False
2e675e2021,74.1,d,casa_aislada,estufa a gas,calefont,1.9,1.9,0.47,0.47,-1,0.0,True
f675a42019,53.0,d,casa_pareada,no posee,"calefont splendid, master 10",1.0,1.0,0.0,0.0,2,0.9771976252412191,False
0217052022,53.4,d,casa_pareada,no posee,calefont 7 litros tiro forzado,1.9,1.9,0.47,0.47,43,1.0,False
c9cfa02026,48.5,d,depto,no posee,calefont glp,1.9,1.9,0.47,0.47,44,1.0,False
c6b1c02022,68.4,d,depto,no posee,central térmica. calefon con condensación,1.9,1.9,0.47,0.47,-1,0.0,True
62957d2024,35.5,d,depto,no posee,caldera con condensación,1.9,1.9,0.47,0.47,52,1.0,False
6f6da42024,24.9,d,depto,no posee,caldera con condensación,1.9,1.9,0.47,0.47,52,0.5769230769230769,False
e9bc552024,62.1,e,casa_pareada,no posee,calefont glp,1.7,1.7,0.38,0.38,25,0.5925925586970495,False
85e7942022,47.4,d,depto,no posee,calefont,1.9,1.9,0.47,0.47,50,1.0,False
448c462023,49.3,c,depto,no aplica,calefont glp,4.0,4.0,0.84,0.84,-1,0.0,True
d826ab2021,48.1,d,depto,no posee,calefont glp,1.9,1.9,0.47,0.47,44,0.0,False
2d92132021,48.8,d,depto,no posee,calefon de condensación,1.9,1.9,0.47,0.47,50,0.00881953798648314,False
1f407b2022,39.2,f,casa_aislada,no posee,calefont glp,1.6,1.6,0.33,0.33,19,1.0,False
c2426e2026,48.7,e,casa_aislada,no posee,calefont glp,1.7,1.7,0.38,0.38,21,1.0,False
5511902024,50.3,g,casa_aislada,no posee,calefont glp,1.6,1.6,0.33,0.33,20,1.0,False
0a88722022,52.3,d,depto,no considera,calefon 7 litros,1.9,1.9,0.47,0.47,-1,0.0,True
5cbe262025,59.5,a,depto,no posee,calefont 7 litros tiro forzado,4.0,4.0,0.84,0.84,6,1.0,False
0c8e812022,40.1,d,depto,no posee,termoeléctrico marca albin trotter – modelo atm,1.9,1.9,0.47,0.47,-1,0.0,True
3b37822026,63.1,d,casa_aislada,no posee,calefont 7 litros tiro forzado,1.9,1.9,0.47,0.47,33,1.0,False
f7d2672024,49.4,c,depto,no posee,"calefont ionizado splendid 13 litros potencia nominal 22,9 kw",4.0,4.0,0.84,0.84,-1,0.0,True
007e762026,20.0,e,depto,no posee,calefont 7 litros tiro forzado,1.7,1.7,0.38,0.38,54,0.1842105113427154,False
ec68d32023,68.6,e,casa_pareada,no aplica,calefont glp,1.7,1.7,0.38,0.38,-1,0.0,True
934ef52020,49.3,f,casa_aislada,no posee,calefont 10 litros tiro forzado,1.7,1.7,0.38,0.38,15,1.0,False
aed2482022,50.0,f,casa_pareada,"no posee, segun eett",calefont 10 litros tiro forzado,1.6,1.6,0.33,0.33,-1,0.0,True
cf9f402025,43.7,b,casa_pareada,no posee,calefont glp,3.0,3.0,0.6,0.6,-1,0.0,True
dccffb2024,49.6,d,depto,no posee,calefont 10 litros tiro forzado,1.7,1.7,0.38,0.38,11,0.027148289571850337,False
dbf1b62025,35.2,f,depto,no posee,calefont rheem tf 14 lt,1.7,1.7,0.38,0.38,-1,0.0,True
299cb52020,25.0,g,depto,no posee,"calefont, tiro forzado",1.6,1.6,0.33,0.33,-1,0.0,True
2f85772026,50.1,c,depto,no posee,calefont 7 litros tiro forzado,3.0,3.0,0.6,0.6,51,1.0,False
f4c0b32021,54.2,d,depto,no posee,calefont gas licuado,1.9,1.9,0.47,0.47,-1,0.0,True
1d1d752025,42.6,g,casa_aislada,no posee,calefont 7 litros,1.1,1.1,0.28,0.28,17,1.0,False
bed0262021,33.6,c,depto,no posee,cuatro calderas de condensación y cuatro cilindros de inercia,3.0,3.0,0.6,0.6,-1,0.0,True
d4d2b42024,66.8,d,casa_aislada,no posee,calefont 13 litros tiro forzado,1.9,1.9,0.47,0.47,33,0.012550881504633415,False
c6880a2018,52.2,a,depto,no posee,calefont 7 litros tiro forzado apoyado sst,4.0,4.0,0.84,0.84,-1,0.0,True
9143ad2024,49.9,d,depto,no posee,calefont glp,1.9,1.9,0.47,0.47,-1,0.0,True
02786e2018,45.2,d,casa_pareada,no posee,calefont 7 litros tiro forzado,1.9,1.9,0.47,0.47,42,1.0,False
807d472022,42.0,d,casa_pareada,no posee,calefont glp,1.9,1.9,0.47,0.47,40,1.0,False
eece1f2024,50.9,b,casa_pareada,no posee,calefont 7 litros tiro forzado,4.0,4.0,0.84,0.84,-1,0.0,True
67e5ec2025,51.6,d,depto,no posee,calefont 7 litros tiro forzado,1.9,1.9,0.47,0.47,58,1.0,False
a06f092025,29.6,d,depto,no posee,"central térmica con 8 calentadores de agua, marca anwo,",1.0,1.0,0.0,0.0,2,1.0,False
db22d12022,47.1,f,casa_pareada,no posee,calefont glp,1.7,1.7,0.38,0.38,27,0.0,False
489e6c2021,103.1,d,depto,radiadores,caldera de condensacíon,1.9,1.9,0.47,0.47,-1,0.0,True
02b41e2022,55.3,d,depto,no posee,calefont glp,1.9,1.9,0.47,0.47,-1,0.0,True
e44d4c2020,52.3,f,depto,no posee,calefont glp,1.7,1.7,0.38,0.38,29,1.0,False
ad70d52019,55.0,d,depto,no posee,calefont tiro forzado,1.7,1.7,0.38,0.38,24,1.0,False
df4c612024,49.6,f,casa_pareada,no posee,calefont 10 litros tiro forzado,1.7,1.7,0.38,0.38,-1,0.0,True
86bc462020,52.3,f,depto,no posee,calefont glp,1.7,1.7,0.38,0.38,29,1.0,False
be55f02020,42.4,d,casa_pareada,no posee,calefont 7 litros tiro forzado,1.9,1.9,0.47,0.47,42,0.6923077517063757,False
1e24e12023,43.3,a,depto,no posee,sistema unitario,4.0,4.0,0.84,0.84,-1,0.0,True
511aff2024,37.6,d,depto,no posee,caldera con condensación,1.9,1.9,0.47,0.47,52,1.0,False
ed580b2023,77.7,d,casa_aislada,0,calefont 10 litros tiro forzado,1.7,1.7,0.38,0.38,-1,0.0,True
2bfaca2024,57.8,d,casa_pareada,no posee,calefont 7 litros tiro forzado,1.9,1.9,0.47,0.47,43,0.6153846153846154,False
133fb52024,41.0,d,depto,no posee,caldera condensación,1.9,1.9,0.47,0.47,13,1.0,False
f6f8312021,42.0,d,casa_pareada,no posee,calefont glp,1.9,1.9,0.47,0.47,40,1.0,False
31a0c52020,54.7,d,depto,no posee,"calefon tiro forzado, modelo forza tfm 10 eco,",3.0,3.0,0.6,0.6,-1,0.0,True
7f9e7a2024,47.0,d,casa_pareada,no posee,calefont 7 litros tiro forzado,1.7,1.7,0.38,0.38,41,1.0,False
8ac6142026,60.8,f,casa_pareada,no posee,calefont glp,1.7,1.7,0.38,0.38,27,0.0,False
4f8f292022,46.1,f,casa_pareada,no posee,calefont glp,1.7,1.7,0.38,0.38,27,0.0,False
628f2e2023,58.6,d,casa_pareada,no posee,calefont,1.9,1.9,0.47,0.47,10,1.0,False
ded2152020,28.7,d,depto,no posee,calefont 13 litros tiro forzado,1.9,1.9,0.47,0.47,-1,0.0,True
6de57c2022,30.8,d,depto,no posee,termo eléctrico,1.9,1.9,0.47,0.47,8,1.0,False
daab222020,51.0,d,depto,no posee,calefont glp,1.9,1.9,0.47,0.47,48,1.0,False
c63dbd2021,52.1,d,depto,no posee,calefont 7 litros tiro forzado,1.9,1.9,0.47,0.47,58,1.0,False
6c9e802024,61.8,a,depto,no posee,calefont 7 litros tiro forzado,4.0,4.0,0.84,0.84,6,0.44444440631195964,False
3ea9d02019,51.8,f,depto,no posee,calefont 13 litros tiro forzado,1.7,1.7,0.38,0.38,-1,0.0,True
792a1e2024,40.0,g,depto,no posee,calefont individual. gas licuado,1.6,1.6,0.33,0.33,-1,0.0,True
c28b252025,40.7,d,depto,no posee,central térmica,1.9,1.9,0.47,0.47,38,0.004070556255695922,False
706a4a2025,56.1,d,depto,split inverter,termo eléctrico,1.9,1.9,0.47,0.47,-1,0.0,True
b22ce92022,52.6,f,casa_aislada,no posee,calefont glp,1.6,1.6,0.33,0.33,19,0.33707864583626157,False
c041542024,57.8,e,depto,sin sistema,calefon,1.7,1.7,0.38,0.38,35,1.0,False
5ed08a2023,79.3,a,depto,no posee,"termo eléctrico marca junkers, modelo elacell excellence",4.0,4.0,0.84,0.84,-1,0.0,True
bf81a62022,128.6,d,casa_aislada,no posee,calefont 10 litros tiro forzado,1.9,1.9,0.47,0.47,-1,0.0,True
dae72d2025,47.0,d,casa_pareada,no posee,calefont 7 litros tiro forzado,1.7,1.7,0.38,0.38,41,1.0,False
133f232025,48.7,f,depto,no posee,calefont 7 litros tiro forzado,1.7,1.7,0.38,0.38,31,1.0,False
3c81e82024,47.0,d,casa_aislada,no posee,calefont 7 litros tiro forzado,1.7,1.7,0.38,0.38,33,0.037811515147903374,False
5eba492025,47.0,e,casa_pareada,no posee,calefont 7 litros tiro forzado,1.7,1.7,0.38,0.38,34,1.0,False
29f0862020,40.8,d,depto,no posee,caldera condensación,1.9,1.9,0.47,0.47,13,1.0,False
f374272026,53.8,f,casa_pareada,bomba de calor tipo aire acondicionado aire-aire,calefont 7l gl splendid master,1.7,1.7,0.38,0.38,-1,0.0,True
9f4a282025,49.5,e,depto,no posee,calefont 12 litros tiro forzado,1.7,1.7,0.38,0.38,-1,0.0,True
3a70232018,47.2,d,depto,no posee,calefont 7 litros tiro forzado,1.9,1.9,0.47,0.47,61,1.0,False
356b0a2021,29.8,d,depto,no posee,calefont 7 litros tiro forzado,1.9,1.9,0.47,0.47,57,1.0,False
13fc002021,56.0,f,depto,no posee,calefont tiro forzado,1.7,1.7,0.38,0.38,-1,0.0,True
4d9d542024,52.3,d,depto,no posee,calefont 7 litros tiro forzado,1.9,1.9,0.47,0.47,58,1.0,False
e149bf2024,48.7,d,depto,no posee,calefont 10 litros tiro forzado,1.9,1.9,0.47,0.47,11,1.0,False
cb6b4b2025,63.1,d,casa_aislada,no posee,calefont 7 litros tiro forzado,1.9,1.9,0.47,0.47,33,1.0,False
acc3022023,54.3,c,depto,no posee,calefont 7 litros tiro forzado,4.0,4.0,0.84,0.84,3,1.0,False
bb18172025,51.3,i,casa_pareada,caldera a gas - gaz 6000 w- marca bosch,caldera a gas - gaz 6000 w- marca bosch,0.6,0.6,0.25,0.25,-1,0.0,True
8935862024,50.4,e,depto,no posee,calefont 11 litros tiro forzado,1.7,1.7,0.38,0.38,-1,0.0,True
d679742026,47.0,d,casa_pareada,no posee,calefont 7 litros tiro forzado,1.7,1.7,0.38,0.38,41,1.0,False
033c2f2020,42.4,d,casa_pareada,no posee,calefont glp,1.9,1.9,0.47,0.47,40,0.0,False
d137f62021,51.3,d,depto,no posee,calefont glp,1.9,1.9,0.47,0.47,49,0.0,False
01bf612022,48.3,d,depto,no posee,calefont 7 litros tiro forzado,1.9,1.9,0.47,0.47,60,1.0,False
ea7ded2019,43.3,i,casa_aislada,no posee,calefont ionizado splendid modelo master 10l. tiro forzado.,,,,,-1,0.0,True
0dc96a2025,32.2,e,depto,no posee,centralizado a gas natural,1.7,1.7,0.38,0.38,-1,0.0,True
0ec9382024,66.7,f,casa_aislada,"estufa a parafina tiro forzado marca toyotomi modelo ff-55t,","calefont marca mademsa modelo. forced 10 eco gl, con una",1.6,1.6,0.33,0.33,-1,0.0,True
68c5e22025,50.8,d,depto,no posee,calefont glp,1.9,1.9,0.47,0.47,48,1.0,False
a4a98e2020,51.0,d,depto,no posee,calefont glp,1.9,1.9,0.47,0.47,48,1.0,False
7507422023,53.1,d,depto,no posee,calefont 7 litros tiro forzado,1.9,1.9,0.47,0.47,58,1.0,False
0a09bd2022,42.0,d,casa_pareada,no posee,calefont glp,1.9,1.9,0.47,0.47,40,1.0,False
70fc512024,38.7,d,depto,no posee,caldera a gas centralizada,1.9,1.9,0.47,0.47,-1,0.0,True
3c517f2023,51.6,f,casa_aislada,no posee,calefont 7 litros tiro forzado,1.7,1.7,0.38,0.38,14,1.0,False
b96cd22024,28.2,d,depto,no posee,central termica,1.9,1.9,0.47,0.47,38,1.0,False
311b3a2026,43.3,e,depto,no posee,calefont 7 litros tiro forzado,1.7,1.7,0.38,0.38,54,1.0,False
589acc2025,55.4,a,depto,no posee,"termo eléctrico anwo van200l, potencia 3.0 kw",4.0,4.0,0.84,0.84,4,1.0,False
4cfb692022,43.1,f,casa_aislada,no posee,calefont 7 litros tiro forzado,1.6,1.6,0.33,0.33,14,0.22884858922265802,False
b7247e2021,83.9,d,casa_aislada,no posee,calefont 7 litros tiro forzado,1.9,1.9,0.47,0.47,33,0.5692307794656191,False
b096b72018,91.7,d,casa_aislada,no posee,calefont 7 litros tiro forzado,1.0,1.0,0.0,0.0,2,0.9952877790250343,False
a6c2692024,57.9,d,casa_pareada,no posee,calefont,1.9,1.9,0.47,0.47,10,1.0,False
d953e82021,72.6,d,casa_pareada,estufa kerosene 3 kw,calefon tiro natural 10 lts +sst,1.7,1.7,0.38,0.38,1,1.0,False
c8edff2023,55.5,d,casa_pareada,no posee,calefont 7 litros tiro forzado,1.7,1.7,0.38,0.38,45,1.0,False
02a7142025,59.5,d,casa_pareada,0,calefont 10 litros tiro forzado,1.7,1.7,0.38,0.38,-1,0.0,True
807f2c2022,47.5,a,depto,no posee,"calefon splendid, master mvg tfi 10, 10 litros, gas licuado",4.0,4.0,0.84,0.84,-1,0.0,True
5951ec2026,58.2,d,depto,no posee,calefont tiro forzado,1.7,1.7,0.38,0.38,24,1.0,False
aa1b502024,32.7,d,depto,"central térmica, 3 calderas murales de condensación","central térmica, 3 calderas murales de condensación",1.9,1.9,0.47,0.47,-1,0.0,True
63aedc2026,53.6,d,depto,caldera mural,caldera mural,1.9,1.9,0.47,0.47,-1,0.0,True
05d9b72026,58.1,d,depto,no aplica,1 calefón por cada departamento,1.9,1.9,0.47,0.47,-1,0.0,True
a909a92022,42.6,d,depto,"dos calefactores eléctricos wifi marca kaltemp, modelo wally",se consideran 3 caldera a gas tipo condensación para todo el,1.9,1.9,0.47,0.47,-1,0.0,True
30ca702022,52.4,d,depto,no posee,calefont glp,1.9,1.9,0.47,0.47,47,1.0,False
154a012026,48.5,d,depto,no posee,calefont glp,1.9,1.9,0.47,0.47,44,1.0,False
a3f3e22020,194.8,d,depto,cielo radiante mediante caldera de condensación a gas,mediante condensación a gas,1.9,1.9,0.47,0.47,-1,0.0,True
cfb7c12025,42.5,d,depto,no posee,calderas de condensación,1.9,1.9,0.47,0.47,-1,0.0,True
af85d12024,48.4,d,depto,no posee,calefont 7 litros tiro forzado,1.9,1.9,0.47,0.47,60,1.0,False
bbf84e2024,31.2,d,depto,no posee,"caldera de tipo condensación, 900kw marca inmergas modelo",1.9,1.9,0.47,0.47,-1,0.0,True
086b102021,51.7,d,depto,no posee,calefont glp,1.9,1.9,0.47,0.47,-1,0.0,True
c370772024,32.7,d,depto,"central térmica, 3 calderas murales de condensación","central térmica, 3 calderas murales de condensación",1.9,1.9,0.47,0.47,-1,0.0,True
f7c4242023,50.6,d,depto,no aplica,calefont glp,1.9,1.9,0.47,0.47,-1,0.0,True
3d02dd2022,29.0,d,depto,no posee,caldera con condensación,1.9,1.9,0.47,0.47,52,1.0,False
b763732022,93.4,d,casa_pareada,no posee,calefont tiro forzado,1.7,1.7,0.38,0.38,7,1.0,False
6576bd2021,59.5,d,casa_pareada,estufa kerosene 3 kw,calefon tiro natural 10 lts +sst,1.7,1.7,0.38,0.38,1,1.0,False
e9b1cf2020,51.1,d,depto,no posee,calefont glp,1.9,1.9,0.47,0.47,49,1.0,False
9463d62020,58.7,d,casa_pareada,no posee,calefont 10 litros tiro natural,1.7,1.7,0.38,0.38,-1,0.0,True
55964d2024,55.2,c,depto,no posee,calefont 7 litros tiro forzado,4.0,4.0,0.84,0.84,3,0.5263157873346737,False
ac975f2021,31.3,d,depto,no considera,calefont,1.9,1.9,0.47,0.47,50,0.00881953798648314,False
b1b7322024,40.5,d,depto,no posee,caldera central a gas,1.9,1.9,0.47,0.47,30,1.0,False
68f6562025,57.8,d,depto,no posee,calefont,1.9,1.9,0.47,0.47,50,1.0,False
4777862024,46.2,d,depto,no considera,caldera con condensación,1.9,1.9,0.47,0.47,53,0.6874999879346432,False
fac9fd2019,94.9,e,casa_aislada,caldera a gas sin condensacion encendido electronico control,caldera a gas licuado,1.7,1.7,0.38,0.38,-1,0.0,True
c2838b2023,64.4,e,casa_aislada,no posee,sistema aquatank 270 con bomba de calor para acs y,1.7,1.7,0.38,0.38,-1,0.0,True
fd2a482026,67.6,e,depto,sin sistema,calefont tiro forzado 13 lts,1.7,1.7,0.38,0.38,35,1.0,False
5f5a832024,40.4,d,depto,no posee,caldera de condensación,1.9,1.9,0.47,0.47,28,1.0,False
058ef92025,40.4,d,depto,no posee,el proyecto cuenta con 5 calefón de gas natural bosch modelo,1.9,1.9,0.47,0.47,-1,0.0,True
4311dd2021,46.4,d,depto,no posee,calefon,1.9,1.9,0.47,0.47,-1,0.0,True
6c10d42023,44.4,c,casa_pareada,no posee,calefon tiro natural marca splendid modelo,4.0,4.0,0.0,0.0,-1,0.0,True
25d2de2026,47.0,d,casa_pareada,no posee,calefont 7 litros tiro forzado,1.7,1.7,0.38,0.38,41,1.0,False
6e9a8b2024,63.0,e,depto,no posee,centralizado a gas natural,1.7,1.7,0.38,0.38,-1,0.0,True
49e7502022,47.8,d,casa_pareada,no posee,calefont 10 litros tiro forzado,1.9,1.9,0.47,0.47,36,1.0,False
3faaab2026,48.1,e,casa_aislada,no posee,calefont glp,1.7,1.7,0.38,0.38,21,1.0,False
07b4ea2024,28.0,d,depto,no considera,caldera con condensación,1.9,1.9,0.47,0.47,53,1.0,False
0f4bb12025,49.5,d,depto,no posee,sala de calderas,1.9,1.9,0.47,0.47,12,0.5657894480160836,False
1567352026,46.8,c,depto,no posee,calefont 7 litros tiro forzado,4.0,4.0,0.84,0.84,3,0.3448275944704466,False
1335632023,27.1,c,depto,no posee,bomba de calor 80kw carrier,3.0,3.0,0.6,0.6,-1,0.0,True
c00e262023,81.7,d,casa_pareada,0,calefont 10 litros tiro forzado,1.7,1.7,0.38,0.38,-1,0.0,True
23b5352021,83.9,d,casa_aislada,no posee,calefont 7 litros tiro forzado,1.9,1.9,0.47,0.47,33,0.5692307794656191,False
9087862026,81.7,d,casa_aislada,no posee,calefont 7 litros tiro forzado,1.7,1.7,0.38,0.38,33,0.037811515147903374,False
068d272025,57.8,d,depto,no posee,calefont,1.9,1.9,0.47,0.47,50,1.0,False
51dbd32026,31.2,d,depto,no posee,"central térmica eficiente inverter marca ariston, modelo hp150.",1.9,1.9,0.47,0.47,-1,0.0,True
59a2452026,42.1,d,depto,no posee,"calefont 10 litros tiro forzado, gas natural",1.9,1.9,0.47,0.47,-1,0.0,True
6b1ae02024,43.3,g,depto,no posee,calefont individual. gas licuado,1.6,1.6,0.33,0.33,-1,0.0,True
5a8e492022,43.3,d,casa_pareada,no posee,calefont 10 litros tiro forzado,1.9,1.9,0.47,0.47,36,0.9285714285714285,False
0b1eb52025,46.3,d,depto,no aplica,caldera de condensacion a gas,1.9,1.9,0.47,0.47,-1,0.0,True
f8bbbe2026,54.1,d,casa_pareada,no posee,calefont,1.9,1.9,0.47,0.47,10,1.0,False
09190d2022,81.7,d,casa_pareada,la vivienda considera estufa de 6kw y combustible glp.,calefont 10 litros tiro forzado,1.7,1.7,0.38,0.38,-1,0.0,True
3d621b2023,48.0,a,depto,no posee,"calefont splendid master ion tiro forzado 10 litros, de 17,6",4.0,4.0,0.84,0.84,-1,0.0,True
e164f52020,44.4,d,depto,no posee,calefont 13 litros tiro forzado,1.9,1.9,0.47,0.47,-1,0.0,True
c8467d2026,54.7,d,depto,no posee,"calefón splendid de 13 litros, master mvg tfi 13, gas licuado",3.0,3.0,0.6,0.6,-1,0.0,True
db2f702021,58.0,c,depto,no posee,"central térmica calefont condensación, gas licuado, bosch,",4.0,4.0,0.84,0.84,-1,0.0,True
ff64392026,45.2,e,depto,no posee,calefont 7 litros tiro forzado,1.7,1.7,0.38,0.38,54,1.0,False
b07d792026,42.7,g,casa_aislada,no posee,calefont glp,1.1,1.1,0.28,0.28,20,1.0,False
4bb66f2023,57.6,d,depto,no posee,calefont 7 litros tiro forzado,3.0,3.0,0.6,0.6,55,0.8500000115827424,False
ea642f2024,19.7,d,depto,no posee,caldera de condensación,1.9,1.9,0.47,0.47,28,0.579710176716623,False
db672c2025,51.3,a,depto,no posee,calefont 7 litros tiro forzado,4.0,4.0,0.84,0.84,5,0.4000000257394295,False
fe828e2024,31.1,d,depto,no posee,caldera central a gas,1.9,1.9,0.47,0.47,30,1.0,False
a625b22025,67.6,d,depto,sin sistema,calefont,1.9,1.9,0.47,0.47,50,0.00881953798648314,False
0c3a7d2025,46.7,a,depto,no posee,"calefon junkers wd10 km e31 s4300, de 10 l y 18,2 kw",4.0,4.0,0.84,0.84,-1,0.0,True
1e3d6e2022,48.1,d,casa_pareada,no posee,calefont 10 litros tiro forzado,1.9,1.9,0.47,0.47,36,1.0,False
43c2af2024,52.8,d,casa_pareada,no posee,calefont glp,1.9,1.9,0.47,0.47,39,1.0,False
d72a182025,45.1,d,depto,no posee,calefont,1.9,1.9,0.47,0.47,50,1.0,False
f3270a2026,50.2,g,depto,no posee,calefon,1.6,1.6,0.33,0.33,-1,0.0,True
2635172023,54.6,d,casa_pareada,no posee,calefont 7 litros tiro forzado,1.7,1.7,0.38,0.38,45,1.0,False
084db92024,54.4,d,depto,no posee,calefont 7 litros tiro forzado,3.0,3.0,0.6,0.6,55,1.0,False
2a1f812025,37.0,d,depto,no posee,termo eléctrico mural con mezclador marca winter de 80 l,1.9,1.9,0.47,0.47,-1,0.0,True
c058e02020,42.4,d,casa_pareada,no posee,calefont glp,1.9,1.9,0.47,0.47,40,0.0,False
552bf32021,66.8,d,casa_aislada,estufa a gas,calefont,1.9,1.9,0.47,0.47,-1,0.0,True
373c9b2023,103.2,d,depto,losa radiante,caldera con condensación,1.9,1.9,0.47,0.47,-1,0.0,True
52d9dd2022,54.8,g,depto,radiador eléctrico,termo eléctrico,1.1,1.1,0.28,0.28,-1,0.0,True
cbd83c2026,58.6,i,casa_pareada,no posee,calefont 7 litros tiro forzado,0.6,0.6,0.25,0.25,-1,0.0,True
7ef9292021,66.8,d,casa_aislada,estufa a gas,calefont,1.9,1.9,0.47,0.47,-1,0.0,True
6b848c2024,29.5,d,depto,no posee,central termica,1.9,1.9,0.47,0.47,38,1.0,False
28269c2021,92.0,d,casa_aislada,no posee,calefont,1.9,1.9,0.47,0.47,-1,0.0,True
1f47ee2023,31.7,d,depto,no posee,caldera de condensación baxi luna duo - tec mp +1.130,1.9,1.9,0.47,0.47,-1,0.0,True
29e1cb2021,48.3,e,casa_aislada,no posee,calefont glp,1.7,1.7,0.38,0.38,21,1.0,False
a6dff52026,40.8,d,depto,no aplica,4 calderas murales de condensación,1.9,1.9,0.47,0.47,-1,0.0,True
1f3c442026,57.8,e,depto,sin sistema,calefont tiro forzado 13 lts,1.7,1.7,0.38,0.38,35,1.0,False
838d922022,42.0,d,casa_pareada,no posee,calefont glp,1.9,1.9,0.47,0.47,40,1.0,False
0f25032023,65.5,d,depto,losa radiante,caldera con condensación,1.9,1.9,0.47,0.47,-1,0.0,True
33ef1a2025,37.4,d,depto,split inverter,termo eléctrico,1.9,1.9,0.47,0.47,-1,0.0,True
cbd4e62026,61.5,e,casa_aislada,no posee,calefont glp,1.7,1.7,0.38,0.38,21,0.03125,False
268be12024,52.5,d,depto,no posee,calefont 10 litros tiro forzado,1.9,1.9,0.47,0.47,11,1.0,False
b8384f2022,60.3,d,casa_pareada,no posee,calefont,1.9,1.9,0.47,0.47,10,1.0,False
7791012025,55.4,a,depto,no posee,"termo eléctrico anwo van200l, potencia 3.0 kw",4.0,4.0,0.84,0.84,4,1.0,False
56d2722020,47.9,f,casa_pareada,no posee,calefont 7 litros tiro forzado,1.7,1.7,0.38,0.38,16,0.2647058810169847,False
abbb342025,49.3,c,depto,calefactor electrico,calefont 12 litros gl,3.0,3.0,0.6,0.6,0,1.0,False
2885042020,51.1,d,depto,no posee,calefont glp,1.9,1.9,0.47,0.47,49,1.0,False
7632b02025,53.8,d,depto,no posee,calefont 7 litros tiro forzado,3.0,3.0,0.6,0.6,55,1.0,False
6d1e072023,120.6,d,depto,losa radiante,caldera con condensación,1.9,1.9,0.47,0.47,-1,0.0,True
43b2542023,39.5,d,depto,no posee,caldera central a gas,1.9,1.9,0.47,0.47,30,1.0,False
63a4d22024,55.8,b,casa_pareada,no posee,calefont 7 litros tiro forzado,4.0,4.0,0.84,0.84,-1,0.0,True
4eac4e2026,28.1,d,depto,no posee,termo eléctrico,1.9,1.9,0.47,0.47,8,1.0,False
b94b272021,66.8,d,casa_aislada,estufa a gas,calefont,1.9,1.9,0.47,0.47,-1,0.0,True
e63f922023,58.7,d,casa_pareada,no posee,calefont 7 litros tiro forzado,1.7,1.7,0.38,0.38,46,1.0,False
3b423e2020,30.4,d,depto,no posee,calefont 7 litros tiro forzado,1.0,1.0,0.0,0.0,2,1.0,False
1a76492018,55.0,d,casa_pareada,no posee,calefont 7 litros tiro forzado,1.9,1.9,0.47,0.47,43,1.0,False
a575e22022,29.9,d,depto,no posee,caldera a gas centralizada,1.0,1.0,0.0,0.0,2,1.0,False
629b872020,43.7,d,casa_pareada,no posee,calefont glp,1.9,1.9,0.47,0.47,40,0.0,False
52feec2024,52.8,d,casa_pareada,no posee,calefont glp,1.9,1.9,0.47,0.47,39,1.0,False
2ad5f62023,47.0,d,casa_pareada,no posee,calefont 7 litros tiro forzado,1.7,1.7,0.38,0.38,41,1.0,False
8fdf992019,51.1,d,depto,no posee,calefont glp,1.9,1.9,0.47,0.47,49,1.0,False
fddc802024,54.4,a,depto,no posee,termo electrico 120 litros,4.0,4.0,0.84,0.84,-1,0.0,True
e665582026,40.0,d,depto,no posee,"por definir, por defecto.",1.9,1.9,0.47,0.47,-1,0.0,True
ce2b1c2025,22.3,d,depto,central termica calderas de gas natural,central termica calderas de gas natural,1.9,1.9,0.47,0.47,-1,0.0,True
97fd132024,52.0,d,depto,no posee,bomba de calor,1.9,1.9,0.47,0.47,-1,0.0,True
3e37ec2019,51.1,d,depto,no posee,calefont glp,1.9,1.9,0.47,0.47,49,1.0,False
d1382b2026,47.0,d,casa_pareada,"estufa keroseno, 3 kw",calefont 10litros tiro forzado,1.7,1.7,0.38,0.38,-1,0.0,True
4374ed2021,36.2,d,depto,no posee,calefon de condensación,1.9,1.9,0.47,0.47,50,0.00881953798648314,False
f8b7392023,52.2,f,depto,no aplica,calefont glp,1.6,1.6,0.33,0.33,-1,0.0,True
c34b7c2024,56.5,i,depto,"caldera mural a gas marca nibir modelo ctfs (cu) 25,5 kw","caldera mural a gas marca nibir modelo ctfs (cu) 25,5 kw",0.6,0.6,0.25,0.25,-1,0.0,True
a34d972023,41.2,f,casa_aislada,no aplica,calefont glp,1.6,1.6,0.33,0.33,-1,0.0,True
cd03562023,56.9,d,casa_pareada,no posee,calefont,1.7,1.7,0.38,0.38,9,1.0,False
d3284b2026,20.0,e,depto,no posee,calefont 7 litros tiro forzado,1.7,1.7,0.38,0.38,54,0.1842105113427154,False
13e02c2022,62.0,e,depto,calefacción mediante radiadores electricas,central termica a gas con calderas/calefon en cascada,1.7,1.7,0.38,0.38,-1,0.0,True
ca412b2023,50.2,g,depto,no posee,calefont 10 litros tiro forzado,1.6,1.6,0.33,0.33,23,1.0,False
3ba6aa2022,45.7,d,casa_pareada,no posee,calefont glp,1.9,1.9,0.47,0.47,40,0.0,False
14c4472023,86.3,f,casa_aislada,no posee,calefont 7 litros tiro forzado,1.7,1.7,0.38,0.38,14,1.0,False
1819bb2023,30.2,d,depto,no posee,5 calderas de gas natural genus premium evo hp 150 de 140,1.9,1.9,0.47,0.47,-1,0.0,True
6456052021,102.9,d,casa_aislada,no posee,calefont 16 litros tiro forzado,1.7,1.7,0.38,0.38,-1,0.0,True
46e25b2022,55.5,d,casa_pareada,no posee,calefont 7 litros tiro forzado,1.7,1.7,0.38,0.38,45,1.0,False
ea0c8f2025,52.3,d,depto,no posee,el edificio cuenta con 7 calderas condensación de gas natural,1.9,1.9,0.47,0.47,-1,0.0,True
d8c3a92023,50.6,d,depto,no aplica,calefont glp,1.9,1.9,0.47,0.47,-1,0.0,True
9790452022,50.8,e,casa_aislada,no posee,calefont 7 litros tiro forzado,1.7,1.7,0.38,0.38,33,0.012550881504633415,False
dedc6b2023,50.2,g,depto,no posee,calefont 10 litros tiro forzado,1.6,1.6,0.33,0.33,23,1.0,False
b6808d2023,49.3,c,depto,no aplica,calefont glp,4.0,4.0,0.84,0.84,-1,0.0,True
827ce82023,96.6,d,casa_aislada,no posee,calefont,1.9,1.9,0.47,0.47,-1,0.0,True
289c752021,61.3,d,casa_pareada,no posee,calefont,1.7,1.7,0.38,0.38,9,1.0,False
9581522022,30.1,d,depto,no considera,caldera con condensación,1.9,1.9,0.47,0.47,53,1.0,False
0027b12021,51.3,e,casa_pareada,no posee,calefont 10 litros tiro forzado,1.7,1.7,0.38,0.38,-1,0.0,True
6f3b762022,40.1,d,depto,no considera,central térmica,1.9,1.9,0.47,0.47,-1,0.0,True
cf92722022,55.4,a,depto,no posee,"calefon splendid, master mvg tfi 10, 10 litros, gas licuado",4.0,4.0,0.84,0.84,-1,0.0,True
ff8f3b2025,59.5,d,casa_pareada,no posee,calefont 7 litros tiro forzado,1.7,1.7,0.38,0.38,46,1.0,False
cfabc82026,47.0,d,casa_pareada,no posee,calefont 7 litros tiro forzado,1.7,1.7,0.38,0.38,41,1.0,False
96bbe82022,52.3,d,depto,no posee,calefont glp,1.9,1.9,0.47,0.47,47,1.0,False
99d2f02024,43.9,d,depto,no posee,calefont 10 litros tiro forzado,1.7,1.7,0.38,0.38,11,0.027285465883879177,False
15e8f32024,43.8,d,depto,no considera,caldera con condensación,1.9,1.9,0.47,0.47,53,0.8461538522460185,False
f2ab412023,54.0,f,casa_pareada,no aplica,calefont glp,1.6,1.6,0.33,0.33,26,1.0,False
f526442025,56.9,g,casa_pareada,no posee,calefont glp,1.1,1.1,0.28,0.28,-1,0.0,True
2978f52026,30.5,d,depto,no posee,central de agua caliente para suministro de todos los departamentos,1.9,1.9,0.47,0.47,-1,0.0,True
ff58ad2025,47.0,e,casa_pareada,no posee,calefont 7 litros tiro forzado,1.7,1.7,0.38,0.38,34,1.0,False
7f4e742022,94.7,d,casa_aislada,la vivienda considera estufa de 6kw y combustible glp.,calefont 10 litros tiro forzado,1.7,1.7,0.38,0.38,-1,0.0,True
b59cb02023,50.4,d,depto,no posee,calefont 7 litros tiro forzado,1.9,1.9,0.47,0.47,60,0.6666666237676203,False
ad129d2019,64.5,d,casa_aislada,,"calefont 10 lts, tiro forzado, gas licuado",1.7,1.7,0.38,0.38,-1,0.0,True
df08312025,70.4,d,depto,no posee,central de agua caliente para suministro de todos los departamentos,1.9,1.9,0.47,0.47,-1,0.0,True
2ee79b2023,81.7,d,casa_pareada,0,calefont 10 litros tiro forzado,1.7,1.7,0.38,0.38,-1,0.0,True
56feaa2024,54.0,d,depto,0,calefont 10 litros tiro forzado,1.7,1.7,0.38,0.38,-1,0.0,True
86e87c2021,50.7,g,depto,no considera,calefon. tiro forzado.,1.6,1.6,0.33,0.33,-1,0.0,True
e39b732022,51.3,d,depto,no posee,calefont glp,1.9,1.9,0.47,0.47,49,0.0,False
5840bc2025,25.1,d,depto,no posee,calderas de condensación,1.9,1.9,0.47,0.47,-1,0.0,True
994cc92020,56.9,d,casa_pareada,no posee,calefont,1.7,1.7,0.38,0.38,9,1.0,False
1eb41a2023,32.1,a,depto,no posee,sistema unitario,4.0,4.0,0.84,0.84,-1,0.0,True
3e8fd22021,72.6,a,depto,no posee,sistema unitario,4.0,4.0,0.0,0.0,-1,0.0,True
087d382025,48.0,d,depto,no posee,calefont 10 litros tiro forzado,1.9,1.9,0.47,0.47,11,1.0,False
06fbcc2024,61.8,a,depto,no posee,calefont 7 litros tiro forzado,4.0,4.0,0.84,0.84,6,0.44444440631195964,False
2e50a62025,46.5,d,depto,no posee,calefont 7 litros tiro forzado,1.9,1.9,0.47,0.47,59,1.0,False
544bd22025,54.7,f,depto,no posee,calefont 10 litros tiro forzado,1.7,1.7,0.38,0.38,-1,0.0,True
4249cf2023,40.8,c,depto,no posee,calefont 7 litros tiro forzado,3.0,3.0,0.6,0.6,51,1.0,False
3bea8b2023,114.6,d,casa_aislada,no posee,calefont 7 litros tiro forzado,1.9,1.9,0.47,0.47,33,0.2681159472190405,False
cf1c6c2020,42.4,d,casa_pareada,no posee,calefont glp,1.9,1.9,0.47,0.47,40,0.0,False
4df0282024,44.7,d,depto,0,caldera de condensacion,1.9,1.9,0.47,0.47,-1,0.0,True
bc21142025,45.9,d,depto,no posee,calefont 7 litros tiro forzado,1.9,1.9,0.47,0.47,59,1.0,False
2b3aac2025,44.4,a,depto,no posee,termo eléctrico,4.0,4.0,0.84,0.84,-1,0.0,True
396b792022,53.7,e,depto,no considera,bomba de calor,1.7,1.7,0.38,0.38,-1,0.0,True
741d502025,41.8,f,depto,calefactor electrico,calefont 10 litros gl,1.6,1.6,0.33,0.33,-1,0.0,True
4a17972024,48.3,f,casa_pareada,no posee,calefont glp,1.7,1.7,0.38,0.38,27,0.0,False
63f7e92022,52.9,d,depto,no posee,caldera con condensación,1.9,1.9,0.47,0.47,52,0.6976743935473383,False
431fee2020,41.2,i,casa_aislada,split inverter marca fujitsu modelo acy50 uia-ll.,"calefont ionizado- gas licuado, marca splendid, modelo beyond",,,,,-1,0.0,True
aad3bd2022,52.6,d,casa_pareada,no posee,calefont 10 litros tiro forzado,1.9,1.9,0.47,0.47,36,1.0,False
60556c2020,23.5,d,depto,no posee,calefont 13 litros tiro forzado,1.9,1.9,0.47,0.47,-1,0.0,True
33e3f22025,48.7,g,casa_aislada,no posee,calefont 10 litros tiro forzado,1.1,1.1,0.28,0.28,17,1.0,False
531d252021,81.6,d,casa_pareada,opcional,mediante colector solar térmico por termosifón,1.9,1.9,0.47,0.47,-1,0.0,True
759fc52024,39.9,a,depto,no posee,calefon,4.0,4.0,0.84,0.84,-1,0.0,True
3935462021,51.3,f,casa_aislada,no posee,calefont 10 litros tiro forzado,1.7,1.7,0.38,0.38,15,1.0,False
7dd7be2020,57.2,b,depto,no posee,calefont 7 litros tiro forzado,3.0,3.0,0.6,0.6,-1,0.0,True
1937772025,55.5,d,casa_pareada,no posee,calefont 7 litros tiro forzado,1.7,1.7,0.38,0.38,45,1.0,False
4af2092025,48.6,d,casa_pareada,no posee,"calefont marca splendid, modelo tcsb7-3, 7 lts, potencia",1.9,1.9,0.47,0.47,-1,0.0,True
71f51c2022,55.3,d,depto,no posee,calefont glp,1.9,1.9,0.47,0.47,-1,0.0,True
b4866f2025,50.8,f,casa_pareada,no posee,calefont 7 litros tiro forzado,1.7,1.7,0.38,0.38,16,0.2647058810169847,False
f7383c2021,37.8,c,depto,no posee,"central térmica calefont condensación, gas licuado, bosch,",4.0,4.0,0.84,0.84,-1,0.0,True
5693b72021,48.4,d,depto,radiador eléctrico,termo eléctrico,1.9,1.9,0.47,0.47,-1,0.0,True
c934d42019,50.5,d,depto,no posee,calefont 7 glp,1.9,1.9,0.47,0.47,-1,0.0,True
011dea2023,40.0,c,depto,no posee,calefont 7 litros tiro forzado,4.0,4.0,0.84,0.84,3,0.16393443473783859,False
58520c2025,48.3,e,casa_aislada,no posee,calefont glp,1.7,1.7,0.38,0.38,21,1.0,False
35a01a2026,51.3,e,depto,no posee,calefont glp,1.7,1.7,0.38,0.38,-1,0.0,True
dfe2be2022,36.5,d,depto,no posee,caldera a condensación,1.9,1.9,0.47,0.47,18,1.0,False
1b4ac12023,28.5,d,depto,no posee,caldera de condensación,1.9,1.9,0.47,0.47,28,1.0,False
c29e632025,50.1,c,depto,calefactor electrico,calefont 10 litros gl,3.0,3.0,0.6,0.6,0,1.0,False
eec55a2025,68.2,f,casa_pareada,no posee,calefont 7 litros tiro forzado,1.7,1.7,0.38,0.38,16,0.06666667009859048,False
dfbe2f2025,40.6,d,depto,no posee,sala de calderas,1.9,1.9,0.47,0.47,12,1.0,False
061d182022,84.5,e,depto,calefacción mediante radiadores electricas,central termica a gas con calderas/calefon en cascada,1.7,1.7,0.38,0.38,-1,0.0,True
004ba12026,47.0,d,depto,no posee,calefont 7 litros tiro forzado,1.9,1.9,0.47,0.47,61,0.0,False
05c8802020,60.3,a,depto,no posee,calefont 7 litros tiro forzado,4.0,4.0,0.84,0.84,6,1.0,False
780a252024,49.9,d,depto,no posee,calefont glp,1.9,1.9,0.47,0.47,-1,0.0,True
dfdf5a2024,47.0,e,casa_pareada,no posee,calefont 7 litros tiro forzado,1.7,1.7,0.38,0.38,34,1.0,False
33f0182026,46.8,c,depto,no posee,calefont 7 litros tiro forzado,4.0,4.0,0.84,0.84,3,0.3448275944704466,False
7b2ab12025,57.8,d,depto,no posee,calefont,1.9,1.9,0.47,0.47,50,1.0,False
fd90282026,25.0,d,depto,no posee,caldera condensación,1.9,1.9,0.47,0.47,13,1.0,False
3d7d7e2022,50.6,f,depto,no posee,calefont 7 litros tiro forzado,1.6,1.6,0.33,0.33,32,1.0,False
ae103b2022,49.6,d,casa_pareada,no posee,calefont 10 litros tiro forzado,3.0,3.0,0.6,0.6,36,0.00917105697810023,False
593d932025,58.7,d,casa_pareada,no posee,calefont 7 litros tiro forzado,1.7,1.7,0.38,0.38,46,1.0,False
af1bb22025,32.6,d,depto,no posee,caldera de condensación,1.9,1.9,0.47,0.47,28,1.0,False
316ebc2023,53.0,f,depto,no posee,calefont 7 litros tiro forzado,1.6,1.6,0.33,0.33,32,1.0,False
c99fc52023,60.9,a,depto,no posee,calefont 7 litros tiro forzado,4.0,4.0,0.84,0.84,6,1.0,False
88ea892022,47.8,d,casa_pareada,no posee,calefont 10 litros tiro forzado,1.9,1.9,0.47,0.47,36,1.0,False
e8d2302024,105.2,d,casa_aislada,panel eléctrico radiante.,calefon,1.9,1.9,0.47,0.47,-1,0.0,True
dc2f732019,54.5,e,casa_pareada,no posee,calefont glp,1.7,1.7,0.38,0.38,25,1.0,False
71e1162025,59.5,a,depto,no posee,calefont 7 litros tiro forzado,4.0,4.0,0.84,0.84,6,1.0,False
a86d142019,42.2,g,casa_aislada,no posee,calefont 7 litros tiro forzado,1.1,1.1,0.28,0.28,-1,0.0,True
8324332024,47.0,a,depto,no posee,termo electrico 80 litros,4.0,4.0,0.84,0.84,-1,0.0,True
ef53262024,31.1,d,depto,no posee,caldera central a gas,1.9,1.9,0.47,0.47,30,1.0,False
62a0382026,47.3,d,depto,no posee,calefont 7 litros tiro forzado,1.9,1.9,0.47,0.47,61,0.0,False
0a351e2024,52.2,d,casa_pareada,no posee,calefont glp,3.0,3.0,0.6,0.6,-1,0.0,True
a4a9102023,54.6,d,casa_pareada,no posee,calefont 7 litros tiro forzado,1.7,1.7,0.38,0.38,45,1.0,False
9d24a12024,48.5,d,depto,no posee,calefont 7 litros tiro forzado,1.9,1.9,0.47,0.47,60,1.0,False
9b06782025,53.2,d,casa_pareada,no posee,calefont 7 litros tiro forzado,1.9,1.9,0.47,0.47,43,1.0,False
c709b12024,36.8,d,depto,no considera,caldera con condensación,1.9,1.9,0.47,0.47,53,1.0,False
ddcf1f2025,42.2,e,depto,no posee,calefont 12 litros tiro forzado,1.7,1.7,0.38,0.38,-1,0.0,True
98f4f62021,55.1,d,depto,no posee,calefont 7 litros tiro forzado,1.9,1.9,0.47,0.47,-1,0.0,True
a3a23e2026,55.3,d,casa_aislada,calefactor electrico,calefont 10 litros gl,1.9,1.9,0.47,0.47,0,0.7625006171926384,False
3987902024,123.5,d,depto,"caldera de condensación marca immergas, modelo victrix pro","caldera de condensación marca immergas, modelo victrix pro",1.9,1.9,0.47,0.47,-1,0.0,True
137b012024,49.0,f,casa_pareada,no posee,calefont,1.6,1.6,0.33,0.33,-1,0.0,True
9b4cc32023,51.9,b,depto,no posee,calefont 7 litros tiro forzado,4.0,4.0,0.84,0.84,3,0.00339213025673568,False
c3b6692026,42.7,g,casa_aislada,no posee,calefont glp,1.1,1.1,0.28,0.28,20,1.0,False
3cd1412023,130.0,d,depto,no posee,calefont 7 litros tiro forzado,1.9,1.9,0.47,0.47,-1,0.0,True
8450952023,55.5,d,depto,no posee,caldera con condensación,1.9,1.9,0.47,0.47,52,0.4411764305095425,False
721a032026,28.6,f,depto,no posee,termo eléctrico,1.6,1.6,0.33,0.33,-1,0.0,True
cd82da2018,88.6,f,casa_aislada,electricidad,calefont 13 litros tiro forzado,1.7,1.7,0.38,0.38,-1,0.0,True
535be12025,53.0,c,depto,no posee,calefont 7 litros tiro forzado,4.0,4.0,0.84,0.84,3,1.0,False
ac99922022,52.3,d,depto,no posee,calefont glp,1.9,1.9,0.47,0.47,47,1.0,False
c7c90a2022,48.6,d,depto,no posee,calefont glp,1.9,1.9,0.47,0.47,44,0.0,False
270ea72026,47.0,d,casa_pareada,no posee,calefont 7 litros tiro forzado,1.7,1.7,0.38,0.38,41,1.0,False
4c199c2026,28.6,e,depto,sin sistema,caldera a condensación,1.7,1.7,0.38,0.38,-1,0.0,True
09a7222023,30.2,d,depto,no posee,caldera con condensación,1.9,1.9,0.47,0.47,52,1.0,False
058cb92024,29.8,d,depto,no posee,central termica,1.9,1.9,0.47,0.47,38,1.0,False
22f7552025,49.2,b,casa_pareada,no posee,calefont glp,4.0,4.0,0.84,0.84,-1,0.0,True
439ba52025,40.7,c,depto,no posee,calefont 7 litros tiro forzado,3.0,3.0,0.6,0.6,51,1.0,False
a39c632025,24.1,d,depto,no posee,calderas de condensación,1.9,1.9,0.47,0.47,-1,0.0,True
7751e52021,42.0,d,casa_pareada,no posee,calefont glp,1.9,1.9,0.47,0.47,40,1.0,False
d207102021,92.0,d,casa_aislada,no posee,calefont,1.9,1.9,0.47,0.47,-1,0.0,True
4042432022,51.9,b,depto,no posee,calefont 7 litros tiro forzado,3.0,3.0,0.6,0.6,-1,0.0,True
0952ef2025,39.4,d,depto,no posee,"central térmica con 8 calentadores de agua, marca anwo,",1.0,1.0,0.0,0.0,2,0.9986490946831411,False
80041f2025,41.0,d,depto,no posee,"central térmica con 10 calefones de condesación, marca anwo,",1.0,1.0,0.0,0.0,2,0.9993240574165058,False
ff96312021,35.8,d,depto,no posee,el edificio cuenta con 2 calderas para el edificio sur y 3 calderas,1.9,1.9,0.47,0.47,8,0.07259158922291108,False
9805d12022,51.9,b,depto,no posee,calefont 7 litros tiro forzado,3.0,3.0,0.6,0.6,-1,0.0,True
b458e62025,49.8,g,depto,no posee,calefont 10 litros tiro forzado,1.6,1.6,0.33,0.33,23,1.0,False
ee9f082026,53.1,d,casa_pareada,no posee,calefont 14 litros,1.9,1.9,0.47,0.47,-1,0.0,True
e897ef2023,49.3,c,depto,no aplica,calefont glp,4.0,4.0,0.84,0.84,-1,0.0,True
e283be2025,48.0,c,depto,no posee,caldera de condensación ares tec 770,3.0,3.0,0.0,0.0,-1,0.0,True
8f8abd2024,50.3,g,casa_aislada,no posee,calefont glp,1.6,1.6,0.33,0.33,20,1.0,False
050fa82024,44.1,d,depto,no posee,caldera con condensación,1.9,1.9,0.47,0.47,52,0.8333332618349243,False
7625cd2026,39.5,d,depto,no posee,calefont 10 litros tiro forzado,1.9,1.9,0.47,0.47,11,0.81818182669072,False
10a2092024,45.7,d,depto,no considera,caldera con condensación,1.9,1.9,0.47,0.47,53,0.7674418688175538,False
61495f2022,52.3,d,depto,no posee,calefont glp,1.9,1.9,0.47,0.47,47,1.0,False
f1cb6c2024,48.0,d,depto,no posee,calefont 7 litros tiro forzado,1.9,1.9,0.47,0.47,60,1.0,False
9a6d3f2026,53.2,d,casa_pareada,calefactor electrico,calefont 8 litros gl,1.7,1.7,0.38,0.38,-1,0.0,True
f537752025,47.0,d,casa_pareada,no posee,calefont 7 litros tiro forzado,1.7,1.7,0.38,0.38,41,1.0,False
d58f402025,48.5,d,depto,no aplica,caldera de condensacion a gas,1.9,1.9,0.47,0.47,-1,0.0,True
1718162022,46.1,e,casa_aislada,no posee,calefont glp,1.7,1.7,0.38,0.38,21,0.19999998455634352,False
4009472022,52.0,e,depto,no posee,calefont 10 litros tiro forzado,1.7,1.7,0.38,0.38,-1,0.0,True
5857b02021,53.3,f,casa_aislada,estufa a parafina marca toyotomi modelo ff-v30 el que tiene,calefon marca mademsa modelo forzada tfm 10 eco gl/gn,1.6,1.6,0.33,0.33,-1,0.0,True
c55fb52024,95.3,d,casa_aislada,no posee,calefont 7 litros tiro forzado,1.9,1.9,0.47,0.47,33,0.5692307794656191,False
a1008a2022,52.3,d,depto,no posee,calefont glp,1.9,1.9,0.47,0.47,47,1.0,False
f1b11d2018,50.6,f,depto,no posee,se ocupa sistema por defecto,1.6,1.6,0.33,0.33,-1,0.0,True
4f3bb12023,43.7,f,casa_aislada,estufa a pellets bosca ecosmart,calefont 7 litros tiro forzado,1.6,1.6,0.33,0.33,-1,0.0,True
11e9f92024,82.6,f,casa_aislada,electricidad,calefont 13 litros tiro forzado,1.7,1.7,0.38,0.38,-1,0.0,True
f320202023,49.4,d,depto,no posee,calefont 7 litros tiro forzado,1.9,1.9,0.47,0.47,60,1.0,False
ab72842025,54.2,c,depto,no posee,calefont 10 litros tiro forzado,3.0,3.0,0.6,0.6,-1,0.0,True
7eff0d2026,50.2,b,depto,no posee,calefont 10 litros tiro forzado cámada abierta,4.0,4.0,0.84,0.84,-1,0.0,True
30a59c2024,31.7,d,depto,no posee,calefont 7 litros tiro forzado,1.9,1.9,0.47,0.47,57,1.0,False
d6f1f32025,59.5,a,depto,no posee,calefont 7 litros tiro forzado,4.0,4.0,0.84,0.84,6,1.0,False
323dde2024,29.5,c,depto,no posee,bomba de calor 80kw carrier,3.0,3.0,0.6,0.6,-1,0.0,True
33acb72023,49.9,d,depto,no posee,calefont glp,3.0,3.0,0.6,0.6,37,1.0,False
ef9c1f2024,52.5,d,depto,no posee,calefont 10 litros tiro forzado,1.9,1.9,0.47,0.47,11,1.0,False
205ae02024,50.9,c,depto,no posee,calefont 7 litros tiro forzado,4.0,4.0,0.84,0.84,3,1.0,False
ebacbf2026,57.5,f,casa_aislada,no posee,calefont glp,1.7,1.7,0.38,0.38,19,0.056458454608419154,False
bf09562025,59.5,d,casa_aislada,0,"calefón junkers w13 kb31 13 litros, gas licuado con potencia",1.9,1.9,0.47,0.47,-1,0.0,True
9b61ed2025,67.2,d,depto,no posee,calefont 7 litros tiro forzado,1.9,1.9,0.47,0.47,-1,0.0,True
d654612025,47.4,d,depto,no posee,calefont,1.9,1.9,0.47,0.47,50,1.0,False
ff74682025,33.0,d,depto,no posee,sistema centralizado a gas natural.,1.9,1.9,0.47,0.47,-1,0.0,True
189f032020,38.2,g,depto,no considera,"calefon, tiro forzado",1.6,1.6,0.33,0.33,-1,0.0,True
aa25112023,48.6,d,casa_pareada,no aplica,calefont glp,1.9,1.9,0.47,0.47,-1,0.0,True
cb6dc02025,48.5,d,depto,no posee,calefont glp,1.9,1.9,0.47,0.47,44,1.0,False
34b8f52021,83.2,d,casa_aislada,no posee,calefont,1.9,1.9,0.47,0.47,-1,0.0,True
9fa8fe2019,60.1,f,depto,no posee,calefont 13 litros tiro forzado,1.7,1.7,0.38,0.38,-1,0.0,True
b0e9a22024,69.6,d,casa_pareada,no posee,calefont glp,1.9,1.9,0.47,0.47,-1,0.0,True
1ffc5e2026,38.9,g,depto,no posee,caldera condensación,1.6,1.6,0.33,0.33,-1,0.0,True
45609c2024,36.6,d,depto,no posee,caldera de condensación,1.9,1.9,0.47,0.47,28,1.0,False
694a7a2025,43.0,c,depto,no posee,termo electrico pie,4.0,4.0,0.84,0.84,-1,0.0,True
5ec5742025,62.2,d,casa_pareada,no posee,calefont 10 litros tiro forzado,1.7,1.7,0.38,0.38,36,0.02654312861602531,False
3dfb2f2022,27.0,d,depto,no posee,caldera a condensación,1.9,1.9,0.47,0.47,18,1.0,False
0564b92026,40.0,d,depto,no posee,"por definir, por defecto.",1.9,1.9,0.47,0.47,-1,0.0,True
0f8ba52025,48.7,g,casa_aislada,no posee,calefont 10 litros tiro forzado,1.1,1.1,0.28,0.28,17,1.0,False
8cfdf62022,26.9,d,depto,no posee,caldera a condensación,1.9,1.9,0.47,0.47,18,1.0,False
e2afdf2025,57.8,d,depto,no posee,calefont,1.9,1.9,0.47,0.47,50,1.0,False
ca196b2026,41.8,d,depto,no posee,"central térmica eficiente inverter marca ariston, modelo hp150.",1.9,1.9,0.47,0.47,-1,0.0,True
d720bf2023,43.7,f,casa_aislada,estufa a pellets bosca ecosmart,calefont 7 litros tiro forzado,1.6,1.6,0.33,0.33,-1,0.0,True
ac8a942022,67.1,d,depto,no posee,caldera de condensación,1.9,1.9,0.47,0.47,28,0.2409638605777922,False
9ec5ae2025,51.3,i,casa_pareada,caldera a gas - gaz 6000 w- marca bosch,caldera a gas - gaz 6000 w- marca bosch,0.6,0.6,0.25,0.25,-1,0.0,True
ab52252026,51.3,e,depto,no posee,calefont glp,1.7,1.7,0.38,0.38,-1,0.0,True
b99ced2025,37.4,d,depto,split inverter,termo eléctrico,1.9,1.9,0.47,0.47,-1,0.0,True
67122a2023,28.3,d,depto,no posee,central termica,1.9,1.9,0.47,0.47,38,1.0,False
3eca942026,45.9,d,depto,no posee,calefont 7 litros tiro forzado,1.9,1.9,0.47,0.47,59,1.0,False
ea8aac2026,46.5,d,depto,no posee,calefont 7 litros tiro forzado,1.9,1.9,0.47,0.47,59,1.0,False
62bf212022,77.8,d,casa_aislada,no posee,calefont 7 litros tiro forzado,1.7,1.7,0.38,0.38,33,0.037811515147903374,False
3093bc2022,47.2,d,depto,0,calefont 10 litros tiro forzado,1.7,1.7,0.38,0.38,-1,0.0,True
2235a72024,45.7,f,depto,no posee,calefont 7 litros tiro forzado,1.7,1.7,0.38,0.38,31,1.0,False
c14c6f2024,43.5,f,depto,no posee,calefont 7 litros tiro forzado,1.7,1.7,0.38,0.38,31,1.0,False
116ff32026,31.2,d,depto,no posee,"central térmica eficiente inverter marca ariston, modelo hp150.",1.9,1.9,0.47,0.47,-1,0.0,True
d90ab82023,29.7,f,depto,no posee,calefon,1.7,1.7,0.38,0.38,-1,0.0,True
7025d32023,44.1,e,depto,no posee,calefont 7 litros tiro forzado,1.7,1.7,0.38,0.38,54,1.0,False
1af2e52020,106.6,e,casa_aislada,caldera a gas sin condensacion encendido electronico control,caldera a gas licuado,1.7,1.7,0.38,0.38,-1,0.0,True
0c57d52025,58.7,d,casa_pareada,no posee,calefont 7 litros tiro forzado,1.7,1.7,0.38,0.38,46,1.0,False
61ee282021,41.4,d,casa_pareada,no posee,calefont glp,1.9,1.9,0.47,0.47,40,0.0,False
800ecf2024,100.2,e,casa_aislada,sistema centralizado con caldera a gas con radiadores,caldera anwo aqua plus 30/32,1.7,1.7,0.38,0.38,-1,0.0,True
a84ca02025,48.0,e,depto,no posee,calefont 7 litros tiro forzado,1.7,1.7,0.38,0.38,54,1.0,False
b4590d2022,29.2,d,depto,no posee,caldera a gas centralizada,1.0,1.0,0.0,0.0,2,1.0,False
b4a1b32024,55.6,d,depto,no posee,calefont,1.9,1.9,0.47,0.47,50,1.0,False
3139fd2022,52.4,d,depto,no posee,calefont glp,1.9,1.9,0.47,0.47,47,1.0,False
2769002021,42.4,d,casa_aislada,no posee,calefont glp,1.9,1.9,0.47,0.47,-1,0.0,True
140d5c2024,46.5,c,depto,no posee,calefont 7 litros tiro forzado,4.0,4.0,0.84,0.84,3,0.3448275944704466,False
c6c86e2026,53.1,d,casa_pareada,calefactor electrico,calefont 8 litros gl,1.7,1.7,0.38,0.38,-1,0.0,True
6a2f9f2022,45.0,d,depto,calefactor eléctrico por convección,sistema de generación central por caldera de condensación,1.9,1.9,0.47,0.47,-1,0.0,True
bb0ad22021,43.3,e,casa_aislada,no posee,calefont glp,1.7,1.7,0.38,0.38,21,0.14285714285714285,False
74bddb2024,31.8,d,depto,no posee,termo electrico,1.9,1.9,0.47,0.47,-1,0.0,True
94f2a22023,40.1,c,depto,no posee,calefont 7 litros tiro forzado,3.0,3.0,0.6,0.6,51,1.0,False
76bb6b2026,71.7,d,casa_pareada,sin sistema,calefont,1.9,1.9,0.47,0.47,-1,0.0,True
789cf82023,30.9,d,depto,no posee,termo eléctrico pro eco evo primaterm 100lt,1.9,1.9,0.47,0.47,-1,0.0,True
b4dc2d2023,44.4,c,casa_pareada,no posee,calefon tiro natural marca splendid modelo,4.0,4.0,0.0,0.0,-1,0.0,True
1f66122022,167.0,d,depto,losa radiante,central térmica,1.9,1.9,0.47,0.47,-1,0.0,True
cf69e72022,52.3,d,depto,no posee,calefont glp,1.9,1.9,0.47,0.47,47,1.0,False
9436dd2021,102.9,d,casa_aislada,no posee,calefont 16 litros tiro forzado,1.7,1.7,0.38,0.38,-1,0.0,True
82dd9d2023,46.1,f,casa_pareada,no aplica,calefont glp,1.7,1.7,0.38,0.38,26,1.0,False
1cbef32023,44.5,f,casa_pareada,no posee,calefont 7 litros tiro forzado,1.7,1.7,0.38,0.38,16,1.0,False
b709102024,95.3,d,casa_aislada,no posee,calefont 7 litros tiro forzado,1.9,1.9,0.47,0.47,33,0.5692307794656191,False
1b4de72022,47.0,d,casa_pareada,no posee,calefont 7 litros tiro forzado,1.7,1.7,0.38,0.38,41,1.0,False
4ff1d42024,124.8,d,depto,no posee,calefont 7 litros tiro forzado,1.9,1.9,0.47,0.47,-1,0.0,True
f9fa692024,31.2,d,depto,no posee,"caldera de tipo condensación, 900kw marca inmergas modelo",1.9,1.9,0.47,0.47,-1,0.0,True
6dbc152025,47.7,f,casa_aislada,no posee,calefont glp,1.7,1.7,0.38,0.38,19,0.056458454608419154,False
3883542019,47.2,d,depto,no posee,calefont 7 litros tiro forzado,1.9,1.9,0.47,0.47,61,1.0,False
0f202d2021,66.8,d,casa_pareada,no posee,calefont,1.7,1.7,0.38,0.38,9,1.0,False
72f1702018,42.3,f,casa_aislada,no posee,calefont 7 litros tiro forzado,1.6,1.6,0.33,0.33,14,0.22884858922265802,False
5bbaf02023,55.7,e,casa_pareada,no posee,sistema aquatank 270 con bomba de calor para acs y,1.7,1.7,0.38,0.38,-1,0.0,True
315f7e2025,58.6,f,casa_aislada,no posee,calefont 7 litros tiro forzado,1.7,1.7,0.38,0.38,14,1.0,False
e662a52024,63.1,d,casa_aislada,no posee,calefont 7 litros tiro forzado,1.9,1.9,0.47,0.47,33,1.0,False
f9cff72023,44.4,c,casa_pareada,no posee,calefon tiro natural marca splendid modelo,4.0,4.0,0.0,0.0,-1,0.0,True
3c3fd02025,48.3,e,casa_aislada,no posee,calefont glp,1.7,1.7,0.38,0.38,21,1.0,False
8cee9d2022,39.2,f,casa_aislada,no posee,calefont glp,1.6,1.6,0.33,0.33,19,1.0,False
c8bdd62022,42.9,d,depto,no posee,caldera a condensación,1.9,1.9,0.47,0.47,18,1.0,False
d020ee2020,61.6,f,depto,no posee,calefont 13 litros tiro forzado,1.6,1.6,0.33,0.33,-1,0.0,True
95c7ab2023,54.4,c,depto,no posee,calefont 7 litros tiro forzado,3.0,3.0,0.6,0.6,51,1.0,False
d905a92025,48.3,b,depto,no posee,calefont glp,4.0,4.0,0.84,0.84,-1,0.0,True
19496b2025,31.7,d,depto,no posee,calefont 7 litros tiro forzado,1.9,1.9,0.47,0.47,57,1.0,False
dadb072023,51.7,d,depto,no posee,calefont 10 litros tiro forzado,3.0,3.0,0.6,0.6,11,0.009571054886205977,False
796a832019,29.3,d,depto,no posee,cuenta con un sistema de acs centralizado a partir de una,1.9,1.9,0.47,0.47,-1,0.0,True
45dd7c2026,49.8,g,depto,no posee,calefont 10 litros tiro forzado,1.1,1.1,0.28,0.28,23,1.0,False
3372ec2025,47.7,f,depto,no posee,calefont glp,1.6,1.6,0.33,0.33,29,1.0,False
a19fc02026,70.7,a,depto,central termica calderas de gas natural,central termica calderas de gas natural,4.0,4.0,0.84,0.84,-1,0.0,True
1b729b2025,23.3,d,depto,no posee,sistema centralizado a gas natural.,1.9,1.9,0.47,0.47,-1,0.0,True
d227432025,48.6,a,depto,no posee,termo eléctrico,4.0,4.0,0.84,0.84,-1,0.0,True
7c8a282023,62.0,c,casa_aislada,no posee,calefont 7 litros tiro forzado,3.0,3.0,0.6,0.6,-1,0.0,True
e1df562018,92.0,d,casa_aislada,estufa eskabe minioconvex siglo xxi,junkers w13 hydrowind 13l,1.0,1.0,0.0,0.0,-1,0.0,True
1f7dfc2024,30.7,d,depto,no posee,"el edificio cuenta con 5 calderas de gas natural, riello condexa",1.0,1.0,0.0,0.0,2,1.0,False
c1f6312019,121.3,d,depto,si posee,estanque de acumulación sistema centralizado,1.9,1.9,0.47,0.47,-1,0.0,True
e429772024,50.9,c,depto,no posee,calefont 7 litros tiro forzado,4.0,4.0,0.84,0.84,3,1.0,False
3307e72021,41.7,d,casa_pareada,no posee,calefont glp,1.9,1.9,0.47,0.47,40,0.0,False
878ad42025,62.6,d,depto,no posee,calefon,1.9,1.9,0.47,0.47,-1,0.0,True
c59d902025,54.3,a,depto,no posee,calefont 7 litros tiro forzado,4.0,4.0,0.84,0.84,5,1.0,False
b999ef2024,134.1,d,casa_aislada,"caldera de condensación, gas licuado","caldera de condensación, gas licuado",1.9,1.9,0.47,0.47,-1,0.0,True
53f06e2024,52.8,c,depto,no posee,calefont 7 litros tiro forzado,4.0,4.0,0.84,0.84,3,1.0,False
b974022022,48.0,d,depto,no posee,calefont 10 litros tiro forzado,1.9,1.9,0.47,0.47,11,1.0,False
f4f7202025,94.2,d,casa_aislada,calefactores eléctricos,calefont 10 litros tiro forzado,1.7,1.7,0.38,0.38,-1,0.0,True
4694d92022,84.0,d,casa_aislada,no considera,calefon 13 litros. gas natural,1.9,1.9,0.47,0.47,-1,0.0,True
b4c9ce2022,42.9,d,depto,no posee,caldera a condensación,1.9,1.9,0.47,0.47,18,1.0,False
61160d2022,48.3,c,casa_pareada,no posee,"calefon tiro natural, modelo master de 7 lts,",4.0,4.0,0.84,0.84,-1,0.0,True
7a13092025,27.8,d,depto,sin sistema,caldera de condensación marca naview,1.9,1.9,0.47,0.47,-1,0.0,True
ec59b92022,49.5,d,depto,no considera,caldera con condensación,1.9,1.9,0.47,0.47,53,0.7674418688175538,False
2ab2782025,63.1,e,depto,no posee,calefont,1.7,1.7,0.38,0.38,35,1.0,False
c3c0b32020,116.1,c,casa_aislada,no posee,calefont neckar ionizado 13 litros wn13 con potencia nominal,4.0,4.0,0.84,0.84,-1,0.0,True
11a25a2025,62.2,d,casa_pareada,no posee,calefont 7 litros tiro forzado,1.9,1.9,0.47,0.47,43,0.29629627934852476,False
3334292024,29.4,d,depto,sin sistema,"bosch condens 7000 wp - 100 kw, estanque 1000lts marca",1.9,1.9,0.47,0.47,-1,0.0,True
4f34f42023,51.0,e,depto,no posee,calefont 7 litros tiro forzado,1.7,1.7,0.38,0.38,54,1.0,False
4c3e592025,81.7,d,casa_pareada,no posee,calefont 7 litros tiro forzado,1.7,1.7,0.38,0.38,-1,0.0,True
1c45602022,54.4,f,casa_aislada,estufa a parafina marca toyotomi modelo ff-v30t el que tiene,calefon marca mademsa modelo. forzada tfm 10 eco gl el,1.6,1.6,0.33,0.33,-1,0.0,True
aa89572023,40.1,c,depto,no posee,calefont 7 litros tiro forzado,4.0,4.0,0.84,0.84,3,0.1666666795363814,False
f55bf92022,51.3,d,depto,no posee,caldera con condensación,1.9,1.9,0.47,0.47,52,0.8333332618349243,False
2b40dc2026,47.0,d,casa_pareada,"estufa keroseno, 3 kw",calefont 10litros tiro forzado,1.7,1.7,0.38,0.38,-1,0.0,True
ee83282025,56.0,d,depto,no posee,caldera centralizada,1.7,1.7,0.38,0.38,-1,0.0,True
d359e52022,45.0,d,depto,no posee,el edificio cuenta con 2 calderas de gas natural ivar super,1.9,1.9,0.47,0.47,-1,0.0,True
9c691c2024,37.8,d,depto,no posee,caldera con condensación,1.9,1.9,0.47,0.47,52,1.0,False
df48ca2025,50.4,d,casa_pareada,no posee,calefont glp,1.9,1.9,0.47,0.47,39,1.0,False
5956932024,63.1,e,depto,sin sistema,calefont,1.7,1.7,0.38,0.38,35,1.0,False
687b662026,48.8,d,depto,no posee,caldera condensación,1.9,1.9,0.47,0.47,13,1.0,False
e897dc2019,47.2,d,depto,no posee,calefont 7 litros tiro forzado,1.9,1.9,0.47,0.47,61,1.0,False
3a7e082026,48.1,e,casa_aislada,no posee,calefont glp,1.7,1.7,0.38,0.38,21,1.0,False
c5e8552022,35.9,d,depto,0,"una caldera a gas natural ivar superac 520, potencia",1.9,1.9,0.47,0.47,-1,0.0,True
7527b02025,47.8,d,casa_pareada,no posee,calefont glp,1.9,1.9,0.47,0.47,39,0.666666652366985,False
f02e052025,53.0,d,depto,no posee,calefont glp,1.9,1.9,0.47,0.47,-1,0.0,True
81c39a2023,49.0,d,depto,no posee,"calefont, tiro forzado",1.9,1.9,0.47,0.47,-1,0.0,True
4d9b5d2026,21.6,d,depto,no posee,termo eléctrico,1.9,1.9,0.47,0.47,8,1.0,False
dd536f2024,63.1,d,depto,sin sistema,calefont,1.9,1.9,0.47,0.47,50,0.00881953798648314,False
853d042022,102.0,d,casa_aislada,estufa a gas,calefont,1.9,1.9,0.47,0.47,-1,0.0,True
fbd5602025,57.1,a,depto,no posee,calefont 7 litros tiro forzado,4.0,4.0,0.84,0.84,5,0.4000000257394295,False
e61ac12023,30.3,d,depto,no posee,caldera de condensación,1.9,1.9,0.47,0.47,28,1.0,False
cc581b2022,48.1,d,casa_pareada,no posee,calefont 10 litros tiro forzado,1.9,1.9,0.47,0.47,36,1.0,False
646e8d2026,19.8,e,depto,no posee,calefont 7 litros tiro forzado,1.7,1.7,0.38,0.38,54,0.1842105113427154,False
e8ddc72026,41.4,d,depto,no considera,caldera a condensación,1.9,1.9,0.47,0.47,-1,0.0,True
8bf74c2022,55.5,d,casa_aislada,no posee,calefont 7 litros tiro forzado,1.7,1.7,0.38,0.38,33,0.037811515147903374,False
d8571a2025,59.5,d,casa_aislada,0,"calefón junkers hidrowind wr13-2 km e31 s4305 13 litros,",1.9,1.9,0.47,0.47,-1,0.0,True
8aad0d2020,58.3,f,casa_aislada,no posee,calefont 10 litros tiro forzado,1.7,1.7,0.38,0.38,15,1.0,False
d0dfd22023,55.0,a,depto,no posee,calefont 7 litros tiro forzado,4.0,4.0,0.84,0.84,5,1.0,False
97cf722025,49.4,d,depto,no posee,calefont glp,1.9,1.9,0.47,0.47,44,0.0,False
bc850e2023,49.4,d,depto,no posee,calefont 7 litros tiro forzado,1.9,1.9,0.47,0.47,60,1.0,False
9432f52026,49.5,d,casa_pareada,no posee,calefont 11 litros tiro forzado,1.9,1.9,0.47,0.47,-1,0.0,True
5a4dd42025,47.7,f,depto,no posee,calefont glp,1.6,1.6,0.33,0.33,29,1.0,False
9af8702024,47.0,e,casa_pareada,no posee,calefont 7 litros tiro forzado,1.7,1.7,0.38,0.38,34,1.0,False
3924ce2025,47.0,e,casa_pareada,no posee,calefont 7 litros tiro forzado,1.7,1.7,0.38,0.38,34,1.0,False
83d2242025,49.2,a,casa_pareada,no posee,calefont glp,4.0,4.0,0.84,0.84,-1,0.0,True
13f0ad2021,48.3,e,casa_aislada,no posee,calefont glp,1.7,1.7,0.38,0.38,21,1.0,False
1648ad2022,51.6,d,casa_pareada,no posee,calefont 7 litros tiro forzado,1.7,1.7,0.38,0.38,-1,0.0,True
e33b272024,48.9,c,casa_pareada,no posee,calefont 7 litros tiro forzado,4.0,4.0,0.84,0.84,3,0.00339213025673568,False
38420d2021,54.1,d,depto,estufa kerosene 3 kw,calefon tiro natural 10 lts +sst,1.7,1.7,0.38,0.38,1,0.9996608826569533,False
3a010d2025,53.4,f,casa_aislada,bomba de calor,calefont 10 litros tiro forzado,1.7,1.7,0.38,0.38,-1,0.0,True
abc4c22025,48.3,b,depto,no posee,calefont glp,4.0,4.0,0.84,0.84,-1,0.0,True
9774892022,40.0,c,depto,no posee,calefont 7 litros tiro forzado,3.0,3.0,0.6,0.6,51,1.0,False
5a44d82025,66.8,d,casa_pareada,no posee,calefont 7 litros tiro forzado,1.7,1.7,0.38,0.38,-1,0.0,True
bdcc6d2024,48.3,f,casa_pareada,no posee,calefont glp,1.7,1.7,0.38,0.38,27,0.0,False
c55d912021,42.7,f,depto,no posee,calefont,1.7,1.7,0.38,0.38,-1,0.0,True
38fc132020,55.0,a,depto,no posee,calefont 10 litros tiro forzado,4.0,4.0,0.84,0.84,-1,0.0,True
3858a32023,54.0,f,casa_pareada,no aplica,calefont glp,1.6,1.6,0.33,0.33,26,1.0,False
c1bbdb2025,29.2,d,depto,no posee,central de agua caliente para suministro de todos los departamentos,1.9,1.9,0.47,0.47,-1,0.0,True
0e24712023,51.3,d,depto,no posee,"calefont, tiro forzado",1.9,1.9,0.47,0.47,-1,0.0,True
9405ff2024,63.1,d,depto,no posee,calefont 7 litros tiro forzado,1.9,1.9,0.47,0.47,-1,0.0,True
20b4cd2023,57.7,a,depto,no posee,"calefont splendid master ion tiro forzado 10 litros, de 17,6",4.0,4.0,0.84,0.84,-1,0.0,True
86a4492025,58.4,d,depto,no posee,central térmica,1.9,1.9,0.47,0.47,38,0.004070556255695922,False
a5c4a82026,51.3,e,depto,no posee,calefont glp,1.7,1.7,0.38,0.38,-1,0.0,True
5213322023,41.2,f,casa_aislada,no aplica,calefont glp,1.6,1.6,0.33,0.33,-1,0.0,True
0dd2c52024,42.5,f,depto,no posee,calefont master 10l splendid,1.7,1.7,0.38,0.38,-1,0.0,True
c14a352025,48.6,d,casa_pareada,no posee,"calefont marca splendid, modelo tcsb7-3, 7 lts, potencia",1.9,1.9,0.47,0.47,-1,0.0,True
5ebf272021,74.8,d,casa_aislada,estufa a gas,calefont,1.9,1.9,0.47,0.47,-1,0.0,True
4d64812021,31.9,d,depto,no posee,caldera con condensación,1.9,1.9,0.47,0.47,52,1.0,False
e23cd22022,52.4,d,depto,no posee,calefont glp,1.9,1.9,0.47,0.47,47,1.0,False
c1952d2019,70.2,d,casa_aislada,no posee,calefont 10 litros tiro forzado,1.9,1.9,0.47,0.47,-1,0.0,True
30e53a2025,49.8,g,depto,no posee,calefont 10 litros tiro forzado,1.6,1.6,0.33,0.33,23,1.0,False
15ab1d2025,38.2,d,depto,no posee,"central térmica con 8 calentadores de agua, marca anwo,",1.0,1.0,0.0,0.0,2,0.9969655704313037,False
6b74ed2026,31.0,d,depto,no posee,calefont 7 litros tiro forzado,1.9,1.9,0.47,0.47,57,1.0,False
ae44312025,51.3,i,casa_pareada,caldera a gas - gaz 6000 w- marca bosch,caldera a gas - gaz 6000 w- marca bosch,0.6,0.6,0.25,0.25,-1,0.0,True
015edd2021,46.9,g,depto,no posee,calefont. tiro forzado,1.6,1.6,0.33,0.33,-1,0.0,True
df04aa2024,29.7,d,depto,no posee,calefont 7 litros tiro forzado,1.9,1.9,0.47,0.47,57,1.0,False
77f8e32024,26.1,d,depto,no posee,central termica,1.9,1.9,0.47,0.47,38,1.0,False
5f4c822023,55.6,d,depto,no posee,calefont 7 litros tiro forzado,1.9,1.9,0.47,0.47,-1,0.0,True
5b24e82020,58.7,d,depto,estufa kerosene 3 kw,calefon tiro natural 10 lts +sst,1.7,1.7,0.38,0.38,1,0.9996608826569533,False
5805dd2025,48.5,d,depto,no posee,calefont glp,1.9,1.9,0.47,0.47,44,1.0,False
a944162026,46.1,c,depto,no posee,calefont 7 litros tiro forzado,4.0,4.0,0.84,0.84,3,0.3448275944704466,False
35c5ac2024,57.2,f,casa_pareada,no posee,"calefon splendid beyond 10 litros 2ev, gas licuado de 18 kw.",1.7,1.7,0.38,0.38,-1,0.0,True
acf0182026,29.1,e,depto,no posee,calefont 7 litros tiro forzado,1.7,1.7,0.38,0.38,54,0.3111111004340148,False
e99f722024,27.8,d,depto,no posee,el edificio cuenta con 3 calderas de gas natural condexa,1.9,1.9,0.47,0.47,-1,0.0,True
3598a02019,60.0,a,depto,no posee,calefont 7 litros tiro forzado,4.0,4.0,0.84,0.84,6,1.0,False
a326e42024,47.0,d,depto,no posee,caldera de condensacin,1.9,1.9,0.47,0.47,-1,0.0,True
01c69f2025,49.4,d,depto,no posee,calefont glp,1.9,1.9,0.47,0.47,44,0.0,False
e8f0b32023,42.9,d,depto,no considera,central termica,1.9,1.9,0.47,0.47,-1,0.0,True
fe754a2024,30.5,d,depto,no posee,caldera central a gas,1.9,1.9,0.47,0.47,30,1.0,False
6c87982025,53.4,d,depto,no posee,calefont glp,1.9,1.9,0.47,0.47,-1,0.0,True
c1814e2023,43.7,f,casa_aislada,estufa a parafina ff55-t,calefont 7 litros tiro forzado,1.6,1.6,0.33,0.33,-1,0.0,True
2714cb2022,48.7,d,depto,no posee,caldera con condensación,1.9,1.9,0.47,0.47,52,0.8333332618349243,False
59f1922025,58.0,c,depto,no posee,sala de calderas,3.0,3.0,0.6,0.6,-1,0.0,True
3597f22022,72.6,d,casa_pareada,no posee,calefont 7 litros tiro forzado,1.7,1.7,0.38,0.38,-1,0.0,True
69ecb82026,54.4,d,depto,no aplica,4 calderas murales de condensación,1.9,1.9,0.47,0.47,-1,0.0,True
bf1ac62018,50.4,e,casa_aislada,no posee,calefont tiro balanceado,1.0,1.0,0.0,0.0,-1,0.0,True
d7b7ec2025,57.8,d,depto,sin sistema,calefont,1.9,1.9,0.47,0.47,50,0.00881953798648314,False
e1b7792022,54.0,d,depto,0,calefont 10 litros tiro forzado,1.7,1.7,0.38,0.38,-1,0.0,True
ba0b002025,63.1,d,casa_aislada,no posee,calefont 7 litros tiro forzado,1.9,1.9,0.47,0.47,33,1.0,False
be179b2024,31.0,d,depto,no posee,el edificio cuenta con 3 calderas de gas natural sime modelo,1.9,1.9,0.47,0.47,-1,0.0,True
fb2bd02024,83.0,c,depto,no posee,termo eléctrico bosch modelo tronic 150 litros.,4.0,4.0,0.84,0.84,-1,0.0,True
cf60642021,34.6,a,depto,no posee,sistema unitario,4.0,4.0,0.0,0.0,-1,0.0,True
2b9ba62024,33.3,d,depto,no posee,caldera condensacion con estanque interior,1.9,1.9,0.47,0.47,-1,0.0,True
32abd12025,29.0,d,depto,no posee,central térmica,1.9,1.9,0.47,0.47,38,0.004070556255695922,False
a19a952022,45.7,d,casa_pareada,no posee,calefont glp,1.9,1.9,0.47,0.47,40,0.0,False
8cb10e2023,79.3,a,depto,no posee,"termo eléctrico marca junkers, modelo elacell excellence",4.0,4.0,0.84,0.84,-1,0.0,True
bf2d8f2024,38.6,g,depto,no posee,calefont individual. gas licuado,1.6,1.6,0.33,0.33,-1,0.0,True
22a9f52025,56.5,d,casa_pareada,no posee,calefont 7 litros tiro forzado,1.9,1.9,0.47,0.47,43,0.6153846153846154,False
99f5042022,50.8,e,casa_aislada,no posee,calefont 7 litros tiro forzado,1.7,1.7,0.38,0.38,33,0.012550881504633415,False
d837352020,42.4,d,casa_pareada,no posee,calefont glp,1.9,1.9,0.47,0.47,40,0.0,False
456d792019,48.6,d,depto,no posee,calefont 7 litros tiro forzado,3.0,3.0,0.6,0.6,55,0.8500000115827424,False
c3b73e2023,48.6,d,casa_pareada,no aplica,calefont glp,1.9,1.9,0.47,0.47,-1,0.0,True
Block 1B 5bca732023,67.5,i,depto,"calefactor de tiro natural modelo 4990tc, marca orbis, potencia","calefon de tiro forzado digital de 13 litros- marca spendid,",0.6,0.6,0.25,0.25,-1,0.0,True
a6e2602026,44.8,f,casa_pareada,bomba de calor tipo aire acondicionado aire-aire,calefont 7l gl splendid master,1.7,1.7,0.38,0.38,-1,0.0,True
5699452023,55.2,d,depto,no posee,caldera de condensación,1.9,1.9,0.47,0.47,28,0.6779661008076037,False
196bb52022,52.6,d,casa_pareada,no posee,calefont 10 litros tiro forzado,1.9,1.9,0.47,0.47,36,1.0,False
0051bf2020,39.7,g,depto,no posee,"calefont, tiro forzado",1.6,1.6,0.33,0.33,-1,0.0,True
40aea42020,52.3,f,depto,no posee,calefont glp,1.7,1.7,0.38,0.38,29,1.0,False
0392192019,51.1,d,depto,no posee,calefont glp,1.9,1.9,0.47,0.47,49,1.0,False
d5fc732025,51.2,a,depto,no posee,calefont 7 litros tiro forzado,4.0,4.0,0.84,0.84,5,0.37500002413071515,False
b624bc2020,53.1,d,depto,no posee,calefont 13 litros tiro forzado,1.9,1.9,0.47,0.47,-1,0.0,True
8b6b792023,49.9,d,depto,no posee,calefont glp,3.0,3.0,0.6,0.6,37,1.0,False
f180ab2018,57.3,f,casa_aislada,calefactor eléctrico. uno de 1.000 y uno de 1.500w,"calefont 14lts, gas licuado",1.7,1.7,0.38,0.38,-1,0.0,True
ff4d002024,46.2,d,depto,no posee,central termica,1.9,1.9,0.47,0.47,38,0.17142857489551486,False
dd53f72021,52.2,d,depto,no posee,calefont 7 litros tiro forzado,1.7,1.7,0.38,0.38,56,0.2068965540195685,False
40c08b2023,49.3,c,depto,no aplica,calefont glp,4.0,4.0,0.84,0.84,-1,0.0,True
dbb2af2023,81.7,d,casa_pareada,0,calefont 10 litros tiro forzado,1.7,1.7,0.38,0.38,-1,0.0,True
3af1222026,48.0,f,depto,radiador eléctrico,termo,1.6,1.6,0.33,0.33,-1,0.0,True
50bfb22022,74.3,f,casa_aislada,no posee,calefont 7 litros tiro forzado,1.6,1.6,0.33,0.33,14,0.22884858922265802,False
5979ba2021,50.5,g,depto,no posee,"calefont, tiro forzado",1.6,1.6,0.33,0.33,-1,0.0,True
e779b22024,54.6,d,casa_pareada,no posee,calefont 7 litros tiro forzado,1.7,1.7,0.38,0.38,45,1.0,False
4a67712022,50.6,f,depto,no posee,calefont 7 litros tiro forzado,1.6,1.6,0.33,0.33,32,1.0,False
894bda2021,57.9,d,casa_pareada,no posee,calefont 10 litros,3.0,3.0,0.6,0.6,-1,0.0,True
fe6fdc2021,70.8,d,casa_pareada,no posee,calefón,1.9,1.9,0.47,0.47,-1,0.0,True
33b5072024,30.0,d,depto,no posee,caldera de condensación,1.9,1.9,0.47,0.47,28,1.0,False
d212b82023,43.1,c,depto,no posee,calefon de condensación en cascada,3.0,3.0,0.6,0.6,-1,0.0,True
022dfb2019,67.5,d,casa_pareada,no posee,calefont,1.0,1.0,0.0,0.0,2,0.9560297276199535,False
cb3f242023,66.8,d,casa_pareada,no posee,calefont 7 litros tiro forzado,1.9,1.9,0.47,0.47,-1,0.0,True
1b38382025,47.4,b,depto,no posee,"calefont 10 litros tiro forzado, cámara abierta",4.0,4.0,0.84,0.84,-1,0.0,True
f337df2019,60.0,a,depto,no posee,calefont 7 litros tiro forzado,4.0,4.0,0.84,0.84,6,1.0,False
62cb712025,51.8,c,depto,no posee,calefont 7 litros tiro forzado,4.0,4.0,0.84,0.84,3,1.0,False
4f01c22025,43.7,b,casa_pareada,no posee,calefont glp,3.0,3.0,0.6,0.6,-1,0.0,True
f6f2d42019,55.4,d,casa_pareada,no posee,calefont,1.9,1.9,0.47,0.47,10,1.0,False
71425c2025,51.2,d,depto,no posee,calefont,1.9,1.9,0.47,0.47,50,1.0,False
b9b10d2021,61.4,g,depto,radiadores eléctricos,termo eléctrico 189lts,1.0,1.0,0.0,0.0,-1,0.0,True
9578102020,44.0,f,casa_pareada,no posee,calefont 7 litros tiro forzado,1.7,1.7,0.38,0.38,16,1.0,False
3e5db92025,51.6,d,depto,no posee,calefont,1.9,1.9,0.47,0.47,50,1.0,False
5fa6be2023,44.2,c,depto,no posee,calefont 7 litros tiro forzado,3.0,3.0,0.6,0.6,51,1.0,False
009f082026,61.7,d,depto,no posee,caldera condensación,1.9,1.9,0.47,0.47,13,0.32214766839743425,False
aa5e322025,21.3,d,depto,no posee,termo eléctrico splendid 80 lt,1.9,1.9,0.47,0.47,-1,0.0,True
4702292023,29.4,d,depto,no posee,central termica,1.9,1.9,0.47,0.47,38,1.0,False
d35c1f2024,43.5,f,depto,no posee,calefont 7 litros tiro forzado,1.7,1.7,0.38,0.38,31,1.0,False
3de44a2024,63.6,d,casa_pareada,no posee,calefont glp,1.9,1.9,0.47,0.47,-1,0.0,True
8c95332026,47.6,d,depto,no posee,calefont 7 litros tiro forzado,1.7,1.7,0.38,0.38,56,1.0,False
98ae3a2024,30.5,d,depto,no posee,caldera centralizada,1.9,1.9,0.47,0.47,-1,0.0,True
3139af2023,55.4,d,depto,no posee,calderas de condensación murales,1.9,1.9,0.47,0.47,-1,0.0,True
e366bf2024,57.2,e,casa_pareada,no posee,calefont 7 litros tiro forzado,1.7,1.7,0.38,0.38,34,0.5588235276304894,False
487fdd2024,30.7,d,depto,0,caldera de condensacion,1.9,1.9,0.47,0.47,-1,0.0,True
2c2a5e2026,70.7,a,depto,central termica calderas de gas natural,central termica calderas de gas natural,4.0,4.0,0.84,0.84,-1,0.0,True
9b79072018,52.8,a,depto,no posee,calefont 7 litros tiro forzado,4.0,4.0,0.84,0.84,5,1.0,False
e9bfc12021,44.6,g,depto,no posee,calefont 7 litros tiro forzado,1.6,1.6,0.33,0.33,22,1.0,False
db90722024,46.2,d,depto,no posee,calefont 7 litros tiro forzado,1.9,1.9,0.47,0.47,59,1.0,False
b14d472025,47.0,d,casa_pareada,no posee,calefont 7 litros tiro forzado,1.7,1.7,0.38,0.38,41,1.0,False
5e70872018,41.3,e,casa_pareada,no posee,calefont 7 litros tiro forzado,1.7,1.7,0.38,0.38,34,1.0,False
a675dc2025,48.4,d,depto,no posee,calefont,1.9,1.9,0.47,0.47,50,1.0,False
a645ca2022,49.9,d,depto,no posee,calefont glp,3.0,3.0,0.6,0.6,37,1.0,False
5d257f2026,44.8,f,casa_pareada,bomba de calor tipo aire acondicionado aire-aire,calefont 7l gl splendid master,1.7,1.7,0.38,0.38,-1,0.0,True
ef7e2a2021,51.3,g,depto,no posee,calefont. tiro forzado,1.6,1.6,0.33,0.33,-1,0.0,True
4d31302024,53.7,d,depto,no posee,calefont tiro forzado,1.7,1.7,0.38,0.38,24,1.0,False
6e7e0c2024,49.6,f,casa_pareada,no posee,calefont 10 litros tiro forzado,1.7,1.7,0.38,0.38,-1,0.0,True
d181a42022,34.1,a,depto,no posee,sistema unitario,4.0,4.0,0.84,0.84,-1,0.0,True
c38a372025,49.5,e,depto,no posee,calefont 7 litros tiro forzado,1.7,1.7,0.38,0.38,54,0.9333333333333333,False
a7c8d72026,44.5,b,depto,no posee,calefont 7 litros tiro forzado,4.0,4.0,0.84,0.84,3,0.00339213025673568,False
6078d12023,41.8,f,casa_aislada,no aplica,calefont glp,1.6,1.6,0.33,0.33,-1,0.0,True
c861eb2025,55.3,d,depto,no posee,el proyecto cuenta con 5 calefón de gas natural bosch modelo,1.9,1.9,0.47,0.47,-1,0.0,True
919acb2026,97.3,d,depto,no posee,caldera condensación,1.9,1.9,0.47,0.47,13,0.0960000049913901,False
8c65ac2024,50.9,d,depto,no posee,calefont 7 litros tiro forzado,1.9,1.9,0.47,0.47,-1,0.0,True
1ddd9d2020,58.2,g,depto,no posee,calefont 7 litros tiro forzado,1.6,1.6,0.33,0.33,22,0.9333333333333333,False
824f512026,44.5,f,casa_pareada,no posee,calefont 7 litros tiro forzado,1.7,1.7,0.38,0.38,16,1.0,False
7b89cf2022,54.4,f,casa_aislada,estufa a parafina marca toyotomi modelo ff-v30t el que tiene,calefon marca mademsa modelo. forzada tfm 10 eco gl el,1.6,1.6,0.33,0.33,-1,0.0,True
1c776e2024,46.5,d,casa_aislada,no posee,calefont 7 litros tiro forzado,1.9,1.9,0.47,0.47,33,0.22289156312656122,False
9b1b612023,58.6,d,casa_pareada,no posee,calefont,1.9,1.9,0.47,0.47,10,1.0,False
804a912026,48.5,d,depto,no posee,calefont glp,1.9,1.9,0.47,0.47,44,1.0,False
1aee5c2023,94.2,d,casa_aislada,no posee.,calefon 13 litros.,1.9,1.9,0.47,0.47,-1,0.0,True
a51ebe2024,90.5,d,casa_aislada,no posee,termo electrico,1.9,1.9,0.47,0.47,-1,0.0,True
fbb3042026,53.2,d,casa_pareada,no posee,calefont 7 litros tiro forzado,1.9,1.9,0.47,0.47,43,1.0,False
2702432019,53.0,d,casa_pareada,no posee,"calefont splendid, master 10",1.0,1.0,0.0,0.0,2,0.9771976252412191,False
ff87592023,57.8,d,depto,no posee,calefont 7 litros tiro forzado,1.9,1.9,0.47,0.47,-1,0.0,True
b5a84b2023,62.0,c,casa_aislada,no posee,calefont 10l modelo splendid gas licuado,3.0,3.0,0.6,0.6,-1,0.0,True
1a3f662020,49.7,f,depto,no posee,calefont 13 litros tiro forzado,1.6,1.6,0.33,0.33,-1,0.0,True
8325292025,50.4,d,depto,no posee,5 calderas de condensación ariston evo hp 150,1.9,1.9,0.47,0.47,-1,0.0,True
de89132021,32.9,d,depto,no posee,calefon de condensación,1.9,1.9,0.47,0.47,50,0.00881953798648314,False
7844cf2024,93.3,e,depto,caldera de muro rinnai eco 25/28 con radiadores anwo,caldera de muro rinnai eco 25/28,1.7,1.7,0.38,0.38,-1,0.0,True
0a247f2025,44.8,g,casa_aislada,no posee,calefont 7 litros,1.1,1.1,0.28,0.28,17,1.0,False
ae7ce42025,48.7,g,casa_aislada,no posee,calefont 7 litros,1.1,1.1,0.28,0.28,17,1.0,False
dbd7892024,44.1,e,casa_pareada,no posee,calefont glp,1.7,1.7,0.38,0.38,25,1.0,False
1fd8ff2026,57.6,d,depto,no posee,calefont 7 litros tiro forzado,3.0,3.0,0.6,0.6,55,0.8500000115827424,False
7b92a92022,37.8,d,depto,no posee,caldera con condensación,1.9,1.9,0.47,0.47,52,1.0,False
fd57292025,48.3,e,casa_aislada,no posee,calefont glp,1.7,1.7,0.38,0.38,21,1.0,False
2082112023,55.9,e,depto,no posee,calefont 7 litros tiro forzado,1.7,1.7,0.38,0.38,54,1.0,False
ade11a2025,58.7,d,casa_pareada,no posee,calefont 7 litros tiro forzado,1.7,1.7,0.38,0.38,46,1.0,False
b452be2025,56.7,i,depto,caldera a gas - gaz 6000 w- marca bosch,caldera a gas - gaz 6000 w- marca bosch,0.6,0.6,0.25,0.25,-1,0.0,True
7067192024,28.8,d,depto,no posee,central térmica,1.9,1.9,0.47,0.47,38,0.004070556255695922,False
f7005f2025,68.1,d,depto,no posee,5 calderas de condensación ariston evo hp 150,1.9,1.9,0.47,0.47,-1,0.0,True
3623252024,65.3,d,depto,no posee,el edificio cuenta con 5 calefont de condensación marca navien,1.9,1.9,0.47,0.47,-1,0.0,True
d414262024,45.0,d,depto,no posee,caldera de condensación,1.9,1.9,0.47,0.47,28,1.0,False
116a042024,63.0,e,depto,no posee,centralizado a gas natural,1.7,1.7,0.38,0.38,-1,0.0,True
3716332024,43.9,d,depto,no posee,calefacción central mediante caldera de condensación,1.9,1.9,0.47,0.47,-1,0.0,True
fb95f62020,111.0,d,casa_aislada,no posee,calefont 7 litros tiro forzado,1.9,1.9,0.47,0.47,33,0.24832215544205052,False
39d9fc2025,48.3,e,casa_pareada,no posee,calefont glp,1.7,1.7,0.38,0.38,25,1.0,False
45ea9e2025,53.0,d,depto,no posee,calefont glp,1.9,1.9,0.47,0.47,-1,0.0,True
32dc0b2026,49.4,f,depto,no posee,calefont 7 litros tiro forzado,1.6,1.6,0.33,0.33,32,1.0,False
9677de2022,38.0,d,depto,sistema centralizado con losa radiante y caldera de condensación,centralizado con caldera de condensación y estanques de,1.9,1.9,0.47,0.47,-1,0.0,True
b52a4e2022,77.8,d,casa_aislada,no posee,calefont 7 litros tiro forzado,1.7,1.7,0.38,0.38,33,0.037811515147903374,False
e947a62024,57.8,e,depto,sin sistema,calefon,1.7,1.7,0.38,0.38,35,1.0,False
b3471f2024,77.6,d,depto,"caldera de condensación marca immergas, modelo victrix pro","caldera de condensación marca immergas, modelo victrix pro",1.9,1.9,0.47,0.47,-1,0.0,True
947ef12018,42.7,d,casa_pareada,no posee,calefont 7 litros tiro forzado,1.9,1.9,0.47,0.47,42,0.7826087102492029,False
5d41b02025,59.5,d,casa_pareada,0,calefont 10 litros tiro forzado,1.7,1.7,0.38,0.38,-1,0.0,True
b113722022,48.6,d,depto,no posee,calefont glp,1.9,1.9,0.47,0.47,44,0.0,False
b6615d2024,52.2,g,depto,no posee,calefont 10 litros tiro forzado,1.6,1.6,0.33,0.33,23,1.0,False
d734d62019,28.7,d,depto,no posee,calefont 7 litros tiro forzado,1.9,1.9,0.47,0.47,57,1.0,False
9c16722023,52.2,g,depto,no posee,calefont 7 litros tiro forzado,1.6,1.6,0.33,0.33,22,1.0,False
37b18a2024,50.3,g,casa_aislada,no posee,calefont glp,1.6,1.6,0.33,0.33,20,1.0,False
0d0b312025,59.5,d,casa_aislada,0,"calefón junkers hidrowind wr13-2 km e31 s4305 13 litros,",1.9,1.9,0.47,0.47,-1,0.0,True
2630bd2018,48.3,d,depto,no posee,calefont glp,1.9,1.9,0.47,0.47,44,0.0,False
bc728a2026,53.2,d,casa_pareada,no posee,calefont 7 litros tiro forzado,1.9,1.9,0.47,0.47,43,1.0,False
366bec2021,61.3,d,casa_pareada,no posee,calefont,1.7,1.7,0.38,0.38,9,1.0,False
cf32af2024,66.7,f,casa_aislada,"estufa a parafina tiro forzado marca toyotomi modelo ff-55t,","calefont marca mademsa modelo. forced 10 eco gl, con una",1.6,1.6,0.33,0.33,-1,0.0,True
b16e162025,30.7,d,depto,no posee,calefont 7 litros tiro forzado,1.9,1.9,0.47,0.47,57,1.0,False
a34a902019,47.2,d,depto,no posee,calefont 7 litros tiro forzado,1.9,1.9,0.47,0.47,61,1.0,False
1b64a52022,40.5,d,depto,no posee,central térmica con bomba de calor,1.9,1.9,0.47,0.47,30,0.038670282988471666,False
6cacbc2023,52.2,g,depto,no posee,calefont 7 litros tiro forzado,1.6,1.6,0.33,0.33,22,1.0,False
fb90b52025,57.5,d,depto,no posee,central de agua caliente para suministro de todos los departamentos,1.9,1.9,0.47,0.47,-1,0.0,True
3b61302026,21.4,d,depto,no posee,termo eléctrico marca winter 80 litros.,1.9,1.9,0.47,0.47,-1,0.0,True
5b47d02023,50.5,f,casa_aislada,no aplica,calefont glp,1.6,1.6,0.33,0.33,-1,0.0,True
639c992020,55.0,a,depto,no posee,calefont 10 litros tiro forzado,4.0,4.0,0.84,0.84,-1,0.0,True
7c3f182025,53.3,c,depto,no posee,calefont 7 litros tiro forzado,4.0,4.0,0.84,0.84,3,1.0,False
271a412025,68.2,f,casa_pareada,no posee,calefont 7 litros tiro forzado,1.7,1.7,0.38,0.38,16,0.06666667009859048,False
10e8ee2026,53.6,d,depto,no posee,calefont 7 litros tiro forzado,3.0,3.0,0.6,0.6,55,1.0,False
5128d42024,51.3,f,casa_aislada,no posee,calefont 7 litros tiro forzado,1.7,1.7,0.38,0.38,14,1.0,False
0060ae2022,50.7,d,depto,no posee,"calefont 10 litros, splendid",3.0,3.0,0.6,0.6,-1,0.0,True
279e902024,32.4,d,depto,0,caldera de condensacion,1.9,1.9,0.47,0.47,-1,0.0,True
6533d52026,54.4,d,depto,no aplica,4 calderas murales de condensación,1.9,1.9,0.47,0.47,-1,0.0,True
0a381e2026,45.6,c,depto,no posee,calefont 7 litros tiro forzado,3.0,3.0,0.6,0.6,51,1.0,False
b4c2d32019,51.1,d,depto,no posee,calefont glp,1.9,1.9,0.47,0.47,49,1.0,False
cd5e9c2025,53.0,d,depto,no posee,calefont glp,1.9,1.9,0.47,0.47,-1,0.0,True
7011502025,63.6,d,casa_pareada,no posee,calefont 7 litros tiro forzado,1.7,1.7,0.38,0.38,-1,0.0,True
4d58722024,39.1,d,depto,no considera,central térmica,1.9,1.9,0.47,0.47,-1,0.0,True
f0a67b2023,57.8,e,depto,no posee,calefont 7 litros tiro forzado,1.7,1.7,0.38,0.38,54,1.0,False
2abbb72023,30.9,g,depto,radiador eléctrico 1000w,termos eléctricos 120lts,1.6,1.6,0.33,0.33,-1,0.0,True
cf06b02023,41.8,f,casa_aislada,no aplica,calefont glp,1.6,1.6,0.33,0.33,-1,0.0,True
eadf612025,46.7,f,casa_pareada,no posee,calefón,1.7,1.7,0.38,0.38,-1,0.0,True
336cdb2019,51.7,d,depto,no posee,calefont 7 litros tiro forzado,1.9,1.9,0.47,0.47,58,1.0,False
e80d1d2025,55.6,a,depto,no posee,calefont 7 litros tiro forzado,4.0,4.0,0.84,0.84,5,1.0,False
c547432023,69.8,d,casa_pareada,no posee,"calefont 13 litros neckar marca junkers, gas licuado.",1.9,1.9,0.47,0.47,-1,0.0,True
e4501a2025,111.5,d,casa_aislada,no posee,calefon gas natural 13 litros,1.9,1.9,0.47,0.47,-1,0.0,True
073fec2024,47.0,d,casa_pareada,no posee,calefont 7 litros tiro forzado,1.7,1.7,0.38,0.38,41,1.0,False
9ebac12021,46.0,f,depto,no posee,calefont 13 litros tiro forzado,1.7,1.7,0.38,0.38,-1,0.0,True
3275122019,47.2,d,depto,no posee,calefont 7 litros tiro forzado,1.9,1.9,0.47,0.47,61,1.0,False
3eba4a2020,66.0,a,casa_pareada,no posee,calefont 7 litros tiro forzado,4.0,4.0,0.84,0.84,-1,0.0,True
3cf9032024,66.7,f,casa_aislada,"estufa a parafina tiro forzado marca toyotomi modelo ff-55t,","calefont marca mademsa modelo. forced 10 eco gl, con una",1.6,1.6,0.33,0.33,-1,0.0,True
7c9e8b2025,53.5,a,depto,no posee,"calefon junkers wd10 km e31 s4300, de 10 l y 18,2 kw",4.0,4.0,0.84,0.84,-1,0.0,True
6038962023,40.6,d,depto,no posee,central termica,1.9,1.9,0.47,0.47,38,0.17142857489551486,False
78f2772020,54.7,d,depto,no posee,"calefon tiro forzado, modelo forza tfm 10 eco,",3.0,3.0,0.6,0.6,-1,0.0,True
816b3a2023,31.8,d,depto,no considera,central termica,1.9,1.9,0.47,0.47,-1,0.0,True
23bc122026,35.8,d,depto,no aplica,1 calefón por cada departamento,1.9,1.9,0.47,0.47,-1,0.0,True
e615e62021,51.0,d,casa_pareada,no posee,calefont glp,1.9,1.9,0.47,0.47,39,1.0,False
0da7ab2023,59.6,a,depto,no posee,calefont 7 litros tiro forzado,4.0,4.0,0.84,0.84,6,1.0,False
5eedad2025,51.0,e,depto,no posee,calefont 7 litros tiro forzado,1.7,1.7,0.38,0.38,54,1.0,False
8840aa2022,68.9,f,casa_aislada,no posee,calefont 10 litros tiro forzado,1.6,1.6,0.33,0.33,15,0.33563144940949097,False
63ad802026,41.5,d,depto,no posee,central de agua caliente para suministro de todos los departamentos,1.9,1.9,0.47,0.47,-1,0.0,True
b800e12025,28.1,d,depto,no posee,termo eléctrico,1.9,1.9,0.47,0.47,8,1.0,False
7cc7782025,48.6,d,depto,no posee,calefont 7 litros tiro forzado,1.9,1.9,0.47,0.47,60,1.0,False
1a9e462025,55.5,d,casa_pareada,no posee,calefont 7 litros tiro forzado,1.7,1.7,0.38,0.38,45,1.0,False
3679892021,48.1,d,depto,no posee,calefont glp,1.9,1.9,0.47,0.47,44,0.0,False
aea0412025,47.8,d,casa_aislada,no posee,calefont glp,1.9,1.9,0.47,0.47,-1,0.0,True
0043ac2025,66.8,d,casa_pareada,no posee,calefont 7 litros tiro forzado,1.7,1.7,0.38,0.38,-1,0.0,True
a8943e2024,48.5,d,depto,no posee,caldera de condensación,1.9,1.9,0.47,0.47,28,1.0,False
83df542023,42.6,f,casa_pareada,no posee,calefont 7 litros tiro forzado,1.7,1.7,0.38,0.38,16,1.0,False
b67abd2024,32.8,d,depto,"no posee. se proyectan placas eléctricas, sin embargo no es",se considera por defecto. agua caliente la proporcionada por,1.9,1.9,0.47,0.47,-1,0.0,True
7f77112023,50.2,g,depto,no posee,calefont 10 litros tiro forzado,1.6,1.6,0.33,0.33,23,1.0,False
b956ac2023,45.1,f,depto,no posee,calefont 7 litros tiro forzado,1.6,1.6,0.33,0.33,32,1.0,False
dd2a5f2024,56.0,i,depto,"calefactor ambiental a gas marca orbis modelo 4990tc 10,5","calefón 14 litros marca rheem modelo td tfi 14-1 24,5 kw",0.6,0.6,0.25,0.25,-1,0.0,True
3edeff2024,42.4,d,depto,no considera,central térmica,1.9,1.9,0.47,0.47,-1,0.0,True
bcb3f52023,58.7,d,casa_aislada,no posee,calefont 7 litros tiro forzado,1.7,1.7,0.38,0.38,33,0.037811515147903374,False
5da7f32024,28.7,d,depto,no posee,termo eléctrico 100 l,1.9,1.9,0.47,0.47,-1,0.0,True
242f3c2023,71.7,d,casa_aislada,no posee,calefont 7 litros tiro forzado,1.9,1.9,0.47,0.47,33,0.7399999851740895,False
75a14f2022,112.9,d,casa_aislada,estufa a gas,calefont,1.9,1.9,0.47,0.47,-1,0.0,True
4b86742025,70.4,d,casa_pareada,no posee,calefont 7 litros tiro forzado,1.7,1.7,0.38,0.38,-1,0.0,True
7960802025,46.4,d,depto,no posee,calefont 7 litros tiro forzado,1.9,1.9,0.47,0.47,59,1.0,False
a9091d2021,52.5,g,depto,radiadores eléctricos,termo eléctrico 155lts,1.0,1.0,0.0,0.0,-1,0.0,True
c069ab2022,48.7,d,depto,no posee,calefont glp,1.9,1.9,0.47,0.47,44,0.0,False
92c0472025,57.5,e,depto,no posee,calefont 7 litros tiro forzado,1.7,1.7,0.38,0.38,54,1.0,False
9288502024,47.0,e,casa_pareada,no posee,calefont 7 litros tiro forzado,1.7,1.7,0.38,0.38,34,1.0,False
f8b8522018,86.1,d,casa_aislada,"calefactor italkero stratos 5.0, tiro balanceado","rheem 16 litros, tiro forzado",1.0,1.0,0.0,0.0,-1,0.0,True
08e73e2025,43.8,d,depto,no posee,calefont glp,1.9,1.9,0.47,0.47,-1,0.0,True
936ecb2024,65.9,d,depto,no considera,caldera con condensación,1.9,1.9,0.47,0.47,53,0.18131868057270104,False
025df82023,37.2,a,depto,no posee,"termo eléctrico marca junkers, modelo elacell excellence",4.0,4.0,0.84,0.84,-1,0.0,True
82e1172023,42.9,d,depto,no considera,central termica,1.9,1.9,0.47,0.47,-1,0.0,True
ce77712021,55.1,d,depto,no posee,calefont 7 litros tiro forzado,1.9,1.9,0.47,0.47,-1,0.0,True
6d8a582022,47.1,c,depto,no posee,calefont 7 litros tiro forzado,3.0,3.0,0.6,0.6,51,1.0,False
5f5bbf2021,61.7,c,depto,no posee,"central térmica calefont condensación, gas licuado, bosch,",4.0,4.0,0.84,0.84,-1,0.0,True
3468f22025,50.4,d,casa_pareada,no posee,calefont glp,1.9,1.9,0.47,0.47,39,1.0,False
b543bf2026,49.1,d,depto,no posee,calefont 7 litros tiro forzado,1.9,1.9,0.47,0.47,60,1.0,False
76bbb02024,48.0,f,depto,no posee,calefont,1.6,1.6,0.33,0.33,-1,0.0,True
28b0a42022,48.0,d,depto,no posee,calefont 10 litros tiro forzado,1.9,1.9,0.47,0.47,11,1.0,False
4cf3732023,42.8,d,depto,no posee,calefont tiro forzado 13 litros,1.9,1.9,0.47,0.47,11,0.009158751509832206,False
575b8e2023,44.5,f,casa_pareada,no posee,calefont 7 litros tiro forzado,1.7,1.7,0.38,0.38,16,1.0,False
96fb052026,114.6,d,casa_aislada,no posee,calefont 7 litros tiro forzado,1.9,1.9,0.47,0.47,33,0.2681159472190405,False
77135a2026,71.7,d,casa_pareada,sin sistema,calefont,1.9,1.9,0.47,0.47,-1,0.0,True
7128202019,60.0,a,depto,no posee,calefont 7 litros tiro forzado,4.0,4.0,0.84,0.84,6,1.0,False
9f12cc2019,44.0,g,casa_aislada,no posee,calefont 7 litros tiro forzado,1.6,1.6,0.33,0.33,-1,0.0,True
eecf062021,48.7,g,depto,no posee,caldera rinnai eco 16/17 gn,1.1,1.1,0.28,0.28,-1,0.0,True
cb9a172024,52.4,i,casa_aislada,no posee,calefont 7 litros tiro forzado,,,,,-1,0.0,True
6bf3ca2024,50.3,g,casa_aislada,no posee,calefont glp,1.6,1.6,0.33,0.33,20,1.0,False
2c23122025,66.8,d,casa_aislada,no posee,calefont 7 litros tiro forzado,1.7,1.7,0.38,0.38,33,0.037811515147903374,False
d040e82022,52.3,d,depto,no posee,calefont glp,1.9,1.9,0.47,0.47,47,1.0,False
441d092021,46.2,f,casa_pareada,no posee,calefont glp,1.7,1.7,0.38,0.38,27,1.0,False
aaee1e2019,47.2,d,depto,no posee,calefont 7 litros tiro forzado,1.9,1.9,0.47,0.47,61,1.0,False
f49c682026,57.8,d,depto,sin sistema,calefont tiro forzado 13 lts splendid modelo mvg tfi 13,1.9,1.9,0.47,0.47,50,0.00881953798648314,False
43f67a2024,50.0,f,casa_pareada,no posee,calefont glp,1.6,1.6,0.33,0.33,27,0.0,False
c8a68c2022,28.1,d,depto,no existe,sistema de calentamiento de agua con estanque eléctrico,1.9,1.9,0.47,0.47,-1,0.0,True
ffd6912025,38.2,e,depto,no posee,calefont 7 litros tiro forzado,1.7,1.7,0.38,0.38,54,0.3333333088195928,False
a9c2ed2021,51.0,d,depto,no considera,calefont 11 litros,3.0,3.0,0.6,0.6,-1,0.0,True
470a5d2021,51.1,d,depto,no posee,calefont glp,1.9,1.9,0.47,0.47,49,1.0,False
b88f622020,51.0,d,depto,no posee,calefont glp,1.9,1.9,0.47,0.47,48,1.0,False
24f1302024,47.1,c,casa_pareada,no posee,calefont 7 litros tiro forzado,4.0,4.0,0.84,0.84,3,0.00339213025673568,False
80b31b2026,41.8,d,depto,no posee,"central térmica eficiente inverter marca ariston, modelo hp150.",1.9,1.9,0.47,0.47,-1,0.0,True
b7852d2023,43.1,a,depto,no posee,"calefon splendid mvg tfi de 10 litros, de 17,6 kw potencia",4.0,4.0,0.84,0.84,4,1.0,False
da02722024,60.4,d,depto,no posee,calefont 7 litros tiro forzado,1.9,1.9,0.47,0.47,-1,0.0,True
87a3042026,47.6,d,depto,no posee,calefont 7 litros tiro forzado,1.7,1.7,0.38,0.38,56,1.0,False
1417d02024,46.5,d,depto,no posee,central termica,1.9,1.9,0.47,0.47,38,0.17142857489551486,False
866a292025,53.6,d,casa_pareada,no posee,calefont glp,1.9,1.9,0.47,0.47,39,1.0,False
66e8572018,47.2,d,depto,no posee,calefont 7 litros tiro forzado,1.9,1.9,0.47,0.47,61,1.0,False
2315e02021,51.3,e,casa_pareada,no posee,calefont 10 litros tiro forzado,1.7,1.7,0.38,0.38,-1,0.0,True
62e5202023,73.7,d,casa_pareada,no posee,calefont tiro forzado,1.7,1.7,0.38,0.38,7,1.0,False
8a30772026,51.1,d,depto,no posee,sala de calderas,1.9,1.9,0.47,0.47,12,0.682539656858621,False
5aaad12024,56.0,b,depto,no posee,calefont 7 litros tiro forzado,4.0,4.0,0.84,0.84,3,0.00339213025673568,False
4b95912026,40.6,d,depto,no posee,sala de calderas,1.9,1.9,0.47,0.47,12,1.0,False
af97982025,65.4,d,depto,no posee,sistema centralizado. calderas de condensación. gas licuado,1.9,1.9,0.47,0.47,-1,0.0,True
3626e12020,115.1,d,depto,caldera,caldera,1.0,1.0,0.0,0.0,-1,0.0,True
b23d292024,27.6,d,depto,no considera,caldera con condensación,1.9,1.9,0.47,0.47,53,1.0,False
bbc63f2023,69.8,f,casa_aislada,no posee,calefont 10 litros tiro forzado,1.6,1.6,0.33,0.33,15,0.33563144940949097,False
9f32c52020,46.2,f,casa_pareada,no posee,calefont glp,1.7,1.7,0.38,0.38,27,1.0,False
dbe2bb2023,52.4,c,depto,no posee,calefont,3.0,3.0,0.6,0.6,-1,0.0,True
e566482023,52.4,d,depto,0,calefont 10 litros tiro forzado,1.7,1.7,0.38,0.38,-1,0.0,True
7ea7302023,47.0,d,casa_pareada,no posee,calefont 7 litros tiro forzado,1.7,1.7,0.38,0.38,41,1.0,False
ae20de2022,135.3,d,depto,piso radiante,caldera con condensación,1.9,1.9,0.47,0.47,-1,0.0,True
09ccc32025,51.9,c,depto,calefactor electrico,calefont 12 litros gl,3.0,3.0,0.6,0.6,0,1.0,False
15ea702022,43.2,d,depto,no posee,termo eléctrico,1.9,1.9,0.47,0.47,8,1.0,False
9af3c52024,47.0,d,casa_aislada,no posee,calefont 7 litros tiro forzado,1.7,1.7,0.38,0.38,33,0.037811515147903374,False
2956312025,40.4,c,depto,no posee,central termica calderas de gas natural,3.0,3.0,0.6,0.6,-1,0.0,True
9420612026,49.5,d,casa_pareada,no posee,calefont 11 litros tiro forzado,1.9,1.9,0.47,0.47,-1,0.0,True
79e8492023,53.1,d,depto,no posee,calefont 7 litros tiro forzado,1.9,1.9,0.47,0.47,58,1.0,False
ffe53f2019,49.1,d,depto,no posee,calefont tiro forzado,1.7,1.7,0.38,0.38,24,0.5217391289750797,False
da8d812022,40.6,d,depto,no posee,el edificio cuenta con 2 calderas de gas natural ivar super,1.9,1.9,0.47,0.47,-1,0.0,True
79ca752026,19.5,e,depto,no posee,calefont 7 litros tiro forzado,1.7,1.7,0.38,0.38,54,0.1842105113427154,False
0ff4d92022,42.8,d,depto,no posee,calefont 10 litros tiro forzado,1.9,1.9,0.47,0.47,11,1.0,False
77caf02021,52.5,g,depto,radiadores eléctricos,termo eléctrico 155lts,1.0,1.0,0.0,0.0,-1,0.0,True
b4e5132024,29.3,g,depto,no posee,calefont individual. gas licuado,1.6,1.6,0.33,0.33,-1,0.0,True
e2bd672020,39.0,g,depto,no posee,calefont 7 litros tiro forzado,1.6,1.6,0.33,0.33,22,0.835820837724787,False
7076d72022,51.9,d,casa_pareada,no posee,calefont 10 litros tiro forzado,1.9,1.9,0.47,0.47,36,1.0,False
afd4c62023,62.0,d,casa_pareada,no posee,calefont,1.9,1.9,0.47,0.47,10,1.0,False
eddbc92021,39.9,d,depto,no posee,central de calderas de condensación,1.9,1.9,0.47,0.47,-1,0.0,True
31bb8f2023,47.6,c,depto,no considera,caldera con condensación,4.0,4.0,0.84,0.84,-1,0.0,True
a2a8af2024,36.1,d,depto,no posee,caldera,1.9,1.9,0.47,0.47,-1,0.0,True
93ab042025,56.0,g,casa_pareada,no posee,calefont glp,1.6,1.6,0.33,0.33,-1,0.0,True
24c4052018,42.3,f,casa_aislada,no posee,calefont 7 litros tiro forzado,1.6,1.6,0.33,0.33,14,0.22884858922265802,False
7d6b792023,50.4,f,casa_aislada,estufa a parafina marca toyotomi modelo ff-v30t el que tiene,calefon marca mademsa modelo. forzada tfm 10 eco gl el,1.6,1.6,0.33,0.33,-1,0.0,True
9aa26c2019,93.6,d,depto,caldera de condensacion,caldera de condensacion,1.9,1.9,0.47,0.47,-1,0.0,True
c620ad2024,27.8,d,depto,losa radiante,caldera con condensación,1.9,1.9,0.47,0.47,-1,0.0,True
99e2aa2022,80.0,f,casa_aislada,electricidad,calefont 13 litros tiro forzado,1.7,1.7,0.38,0.38,-1,0.0,True
d0135b2024,66.7,d,casa_aislada,no posee,calefont 7 litros tiro forzado,1.9,1.9,0.47,0.47,33,1.0,False
f0888e2024,47.5,d,depto,no posee,calefont tiro forzado,1.9,1.9,0.47,0.47,24,0.024526388758561498,False
db83fe2021,57.9,d,casa_pareada,no posee,calefont 10 litros,3.0,3.0,0.6,0.6,-1,0.0,True
de7acc2025,44.5,d,casa_pareada,no posee,calefont glp,1.9,1.9,0.47,0.47,40,0.0,False
5dfa392026,40.2,d,depto,no posee,sala de calderas,1.9,1.9,0.47,0.47,12,1.0,False
ad19b52022,72.6,d,casa_pareada,estufa kerosene 3 kw,calefon tiro natural 10 lts +sst,1.7,1.7,0.38,0.38,1,1.0,False
2771fb2026,46.1,b,depto,no posee,calefont 7 litros tiro forzado,4.0,4.0,0.84,0.84,3,0.00339213025673568,False
eb62c62023,81.7,d,casa_pareada,0,calefont 10 litros tiro forzado,1.7,1.7,0.38,0.38,-1,0.0,True
6ba8692025,53.1,c,casa_pareada,0,"calefón junkers smart wr13-2 km e31 s4305 13 litros, gas",4.0,4.0,0.84,0.84,-1,0.0,True
96d9c92018,31.5,g,,radiador eléctrico,calefont 7 litros tiro forzado,1.1,1.1,0.28,0.28,-1,0.0,True
6cbfd72020,44.4,g,depto,no posee,"calefont, tiro forzado",1.6,1.6,0.33,0.33,-1,0.0,True
266eb02023,63.1,d,casa_aislada,no posee,calefont 7 litros tiro forzado,1.9,1.9,0.47,0.47,33,1.0,False
ccd0712022,52.2,d,depto,estufa kerosene 3 kw,calefon tiro natural 10 lts +sst,1.7,1.7,0.38,0.38,1,0.9996608826569533,False
4c9d672022,43.5,d,depto,calefactor eléctrico,sistema de generación central por caldera de condensación,1.9,1.9,0.47,0.47,-1,0.0,True
bd863d2021,51.5,d,depto,no posee,calefont 7 litros tiro forzado,1.9,1.9,0.47,0.47,58,1.0,False
3942332024,55.6,d,casa_pareada,no posee,calefont glp,1.9,1.9,0.47,0.47,39,0.5999999922781718,False
b8b1fe2024,49.2,a,casa_pareada,no posee,calefont glp,4.0,4.0,0.84,0.84,-1,0.0,True
333d762022,42.0,d,casa_pareada,no posee,calefont glp,1.9,1.9,0.47,0.47,40,1.0,False
f39f192025,34.4,d,depto,caldera mural,caldera mural,1.7,1.7,0.38,0.38,-1,0.0,True
c65fab2025,48.7,d,depto,no posee,calefont 7 litros tiro forzado,1.9,1.9,0.47,0.47,60,1.0,False
c4f9c12023,70.1,d,casa_pareada,no posee,calefont,1.9,1.9,0.47,0.47,10,1.0,False
a3dcc12026,48.5,d,depto,no posee,calefont glp,1.9,1.9,0.47,0.47,44,1.0,False
79ef412023,66.6,d,depto,no posee,calefon,1.9,1.9,0.47,0.47,-1,0.0,True
ca97032026,38.8,d,depto,no posee,caldera condensación,1.9,1.9,0.47,0.47,13,1.0,False
eefaed2024,57.0,e,casa_pareada,no posee,calefont. gas licuado,1.7,1.7,0.38,0.38,-1,0.0,True
fde7212025,47.3,c,depto,no posee,caldera a condensación,4.0,4.0,0.84,0.84,-1,0.0,True
255cdb2023,41.8,f,casa_aislada,no aplica,calefont glp,1.6,1.6,0.33,0.33,-1,0.0,True
785b102026,26.6,d,depto,no posee,caldera condensación,1.9,1.9,0.47,0.47,13,1.0,False
896a332022,35.5,d,depto,no posee,caldera con condensación,1.9,1.9,0.47,0.47,52,1.0,False
2bfd282025,44.2,c,depto,no posee,central termica calderas de gas natural,3.0,3.0,0.6,0.6,-1,0.0,True
95677f2025,44.5,f,casa_pareada,no posee,calefont 7 litros tiro forzado,1.7,1.7,0.38,0.38,16,1.0,False
bc04132022,93.4,d,casa_pareada,no posee,calefont tiro forzado,1.7,1.7,0.38,0.38,7,1.0,False
a4eada2021,49.5,f,casa_aislada,no posee,calefont 10 litros tiro forzado,1.7,1.7,0.38,0.38,15,1.0,False
fed29a2024,29.7,d,depto,sin sistema,"bosch condens 7000 wp - 100 kw, estanque 1000lts marca",1.9,1.9,0.47,0.47,-1,0.0,True
67cdb22022,41.7,e,depto,no posee,calefont 10 litros tiro forzado,1.7,1.7,0.38,0.38,-1,0.0,True
6784462024,27.7,d,depto,no considera,caldera con condensación,1.9,1.9,0.47,0.47,53,1.0,False
24c2382025,32.8,c,depto,no posee,caldera de condensación ares tec 770,3.0,3.0,0.0,0.0,-1,0.0,True
b109382022,27.0,d,depto,no posee,caldera a condensación,1.9,1.9,0.47,0.47,18,1.0,False
08750c2023,55.5,d,casa_pareada,no posee,calefont 7 litros tiro forzado,1.7,1.7,0.38,0.38,45,1.0,False
c8a8832024,52.4,d,depto,no considera,caldera con condensación,1.9,1.9,0.47,0.47,53,0.702127669362209,False
84225f2022,62.5,d,casa_pareada,no posee,calefont tiro forzado,1.7,1.7,0.38,0.38,7,1.0,False
161bfb2019,51.1,d,depto,no posee,calefont glp,1.9,1.9,0.47,0.47,49,1.0,False
0dd8fa2026,39.7,d,depto,no posee,caldera condensación,1.9,1.9,0.47,0.47,13,1.0,False
039f612021,41.4,d,casa_pareada,no posee,calefont glp,1.9,1.9,0.47,0.47,40,0.0,False
6f99802025,42.6,g,casa_aislada,no posee,calefont 7 litros,1.1,1.1,0.28,0.28,17,1.0,False
a05a2c2024,39.8,d,depto,no posee,central termica,1.9,1.9,0.47,0.47,38,0.17142857489551486,False
7d00662024,50.5,e,depto,no posee,calefont glp,1.7,1.7,0.38,0.38,-1,0.0,True
721f7c2021,46.1,d,casa_pareada,no posee,calefont 10 litros tiro forzado,1.9,1.9,0.47,0.47,36,1.0,False
bc69d32022,38.7,d,depto,no posee,termoeléctrico marca albin trotter – modelo atm,1.9,1.9,0.47,0.47,-1,0.0,True
ccb9f52024,31.5,d,depto,no posee,termo electrico,1.9,1.9,0.47,0.47,-1,0.0,True
f1868a2026,39.5,d,depto,no posee,calefont 10 litros tiro forzado,1.9,1.9,0.47,0.47,11,0.81818182669072,False
81d4fe2024,47.9,f,depto,no aplica,calefont glp,1.6,1.6,0.33,0.33,-1,0.0,True
6f99af2018,56.6,e,depto,no posee,calefont 7 litros tiro forzado,1.7,1.7,0.38,0.38,54,1.0,False
eb0e592022,47.9,d,casa_pareada,no posee,calefont 10 litros tiro forzado,1.9,1.9,0.47,0.47,36,1.0,False
4b6be52022,48.3,c,casa_pareada,no posee,"calefon tiro natural, modelo master de 7 lts,",4.0,4.0,0.84,0.84,-1,0.0,True
3261042025,55.4,a,depto,no posee,"termo eléctrico anwo van200l, potencia 3.0 kw",4.0,4.0,0.84,0.84,4,1.0,False
36941b2022,43.5,f,casa_pareada,no posee,calefont 7 litros tiro forzado,1.7,1.7,0.38,0.38,16,1.0,False
8bdafd2024,52.8,d,depto,no posee,calefont 7 litros tiro forzado,3.0,3.0,0.6,0.6,55,1.0,False
ac6e912022,51.9,b,depto,no posee,calefont 7 litros tiro forzado,3.0,3.0,0.6,0.6,-1,0.0,True
ec13dc2022,52.2,e,depto,no posee,calefont 7 litros tiro forzado,1.0,1.0,0.0,0.0,2,0.991949014914969,False
0635c12024,78.6,d,casa_pareada,no posee,calefont 10 lts,1.9,1.9,0.47,0.47,-1,0.0,True
42c3a82022,47.9,d,casa_pareada,no posee,calefont 10 litros tiro forzado,1.9,1.9,0.47,0.47,36,1.0,False
d778e82021,52.3,f,depto,no posee,calefont glp,1.7,1.7,0.38,0.38,29,1.0,False
09ca092024,49.0,f,casa_pareada,no posee,calefont,1.6,1.6,0.33,0.33,-1,0.0,True
83a2b52024,63.1,d,depto,sin sistema,calefont,1.9,1.9,0.47,0.47,50,0.00881953798648314,False
e508c22024,48.3,f,casa_pareada,no posee,calefont glp,1.7,1.7,0.38,0.38,27,0.0,False
ffec612025,47.0,a,depto,no posee,termo eléctrico,4.0,4.0,0.84,0.84,-1,0.0,True
19ecf62022,59.6,d,casa_pareada,no posee,calefont 7 litros tiro forzado,1.7,1.7,0.38,0.38,46,1.0,False
ca3ac42025,40.6,d,depto,no posee,sala de calderas,1.9,1.9,0.47,0.47,12,1.0,False
79519e2022,101.4,c,casa_aislada,no posee,calefont junkers 16 litros w16-kme con potencia nominal de,4.0,4.0,0.84,0.84,-1,0.0,True
00f9262022,41.4,f,casa_aislada,no posee,calefont glp,1.6,1.6,0.33,0.33,19,1.0,False
b545f92025,53.0,d,depto,no posee,calefont glp,1.9,1.9,0.47,0.47,-1,0.0,True
ad49a42026,47.0,d,casa_pareada,no posee,calefont 7 litros tiro forzado,1.9,1.9,0.47,0.47,42,1.0,False
1957ef2019,46.0,f,depto,no posee,calefont 13 litros tiro forzado,1.7,1.7,0.38,0.38,-1,0.0,True
407ac62018,61.1,a,depto,no posee,calefont 7 litros tiro forzado,4.0,4.0,0.84,0.84,6,1.0,False
ae3db42020,124.0,e,casa_aislada,caldera a gas sin condensacion encendido electronico control,caldera a gas licuado,1.7,1.7,0.38,0.38,-1,0.0,True
4ac1312023,52.8,d,depto,no posee,calefont 7 litros tiro forzado,1.9,1.9,0.47,0.47,58,1.0,False
4944512018,56.8,g,,no aplica,calefont tiro forzado 10 lt.,1.6,1.6,0.33,0.33,-1,0.0,True
fd17882026,58.1,c,depto,no posee,calefont 10 litros tiro forzado marca splendid.,4.0,4.0,0.0,0.0,-1,0.0,True
dd9beb2024,43.4,b,depto,no posee,calefont 7 litros tiro forzado,4.0,4.0,0.84,0.84,3,0.00339213025673568,False
b171012025,49.4,d,depto,no posee,calefont glp,1.9,1.9,0.47,0.47,44,0.0,False
ab6cf32025,59.5,d,casa_aislada,0,"calefón junkers w13 kb31 13 litros, gas licuado con potencia",1.9,1.9,0.47,0.47,-1,0.0,True
27357b2024,50.1,c,depto,no posee,calefont 7 litros tiro natural,3.0,3.0,0.6,0.6,-1,0.0,True
62aa1d2025,48.5,d,depto,no posee,calefont glp,1.9,1.9,0.47,0.47,44,1.0,False
82ab162024,41.8,d,depto,"central térmica, 3 calderas tipo tank in tank heat master, 150","central térmica, 3 calderas tipo tank in tank heat master, 150",1.9,1.9,0.47,0.47,-1,0.0,True
cf62212022,46.1,e,casa_aislada,no posee,calefont glp,1.7,1.7,0.38,0.38,21,0.19999998455634352,False
463d792020,48.7,e,depto,no posee,termo eléctrico,1.7,1.7,0.38,0.38,-1,0.0,True
dd6c3c2023,54.0,c,depto,no posee,calefont,3.0,3.0,0.6,0.6,-1,0.0,True
bcbe4f2024,28.4,d,depto,no posee,caldera,1.9,1.9,0.47,0.47,8,0.07259158922291108,False
b145a02023,47.1,c,depto,no posee,calefont 7 litros tiro forzado,3.0,3.0,0.6,0.6,51,1.0,False
06badc2022,36.4,d,depto,no posee,caldera a condensación,1.9,1.9,0.47,0.47,18,1.0,False
5047d12019,47.2,d,depto,no posee,calefont 7 litros tiro forzado,1.9,1.9,0.47,0.47,61,1.0,False
ee78f92024,41.0,d,depto,no posee,caldera de condensación,1.9,1.9,0.47,0.47,28,1.0,False
935dc52022,51.4,c,depto,no posee,"calefont splendid 10 litros, gas licuado",3.0,3.0,0.6,0.6,-1,0.0,True
f4b4aa2025,46.7,a,depto,no posee,"calefon junkers wd10 km e31 s4300, de 10 l y 18,2 kw",4.0,4.0,0.84,0.84,-1,0.0,True
ff18052024,52.4,e,depto,sin sistema,calefont,1.7,1.7,0.38,0.38,35,1.0,False
863e172023,49.4,d,depto,no posee,calefont 7 litros tiro forzado,1.9,1.9,0.47,0.47,60,1.0,False
e690b42023,105.2,d,casa_aislada,no posee.,calefon 13 litros.,1.9,1.9,0.47,0.47,-1,0.0,True
ec230e2025,57.8,d,depto,no posee,calefont 7 litros tiro forzado,1.9,1.9,0.47,0.47,-1,0.0,True
2a5ef92023,42.6,f,casa_pareada,no posee,calefont 7 litros tiro forzado,1.7,1.7,0.38,0.38,16,1.0,False
7782a32023,55.1,d,depto,no posee,calefont 7 litros tiro forzado,3.0,3.0,0.6,0.6,55,1.0,False
911c7c2023,50.2,g,depto,no posee,calefont 10 litros tiro forzado,1.6,1.6,0.33,0.33,23,1.0,False
a8793f2020,94.9,e,casa_aislada,caldera a gas sin condensacion encendido electronico control,caldera a gas licuado,1.7,1.7,0.38,0.38,-1,0.0,True
7657f92022,42.4,f,depto,no posee,calefont 7 litros tiro forzado,1.7,1.7,0.38,0.38,31,1.0,False
8961372025,28.9,d,depto,no posee,sala de calderas,1.9,1.9,0.47,0.47,12,1.0,False
725f452022,45.7,c,depto,no posee,"calefont splendid 10 litros, gas licuado",3.0,3.0,0.6,0.6,-1,0.0,True
852aa32019,91.1,d,depto,caldera de condensacion,caldera de condensacion,1.9,1.9,0.47,0.47,-1,0.0,True
efdb162025,80.4,d,casa_pareada,no posee,calefont 10 litros tiro forzado,1.9,1.9,0.47,0.47,36,0.09352517258230557,False
41bf4e2023,45.4,c,depto,no posee,calefont,3.0,3.0,0.6,0.6,51,0.012550881504633415,False
2929912025,49.2,d,depto,no posee,caldera condensación,1.9,1.9,0.47,0.47,13,1.0,False
8f61182024,55.3,d,casa_pareada,no posee,calefont 7 litros tiro forzado,1.9,1.9,0.47,0.47,43,1.0,False
9670752025,31.1,d,depto,no posee,calefont 7 litros tiro forzado,1.9,1.9,0.47,0.47,57,1.0,False
c05a0b2020,51.0,d,depto,no posee,calefont glp,1.9,1.9,0.47,0.47,48,1.0,False
af7c9b2022,78.8,d,casa_aislada,no posee,calefont 7 litros tiro forzado,1.9,1.9,0.47,0.47,33,0.5692307794656191,False
a211dd2024,33.3,d,depto,"central térmica, 3 calderas murales de condensación","central térmica, 3 calderas murales de condensación",1.9,1.9,0.47,0.47,-1,0.0,True
2f2c982021,34.4,d,depto,radiador eléctrico,termo eléctrico,1.9,1.9,0.47,0.47,-1,0.0,True
8243362022,31.6,d,depto,no posee,caldera de condensación,1.9,1.9,0.47,0.47,28,1.0,False
3b29ea2026,58.2,d,depto,no posee,calefont tiro forzado,1.7,1.7,0.38,0.38,24,1.0,False
62dcea2024,49.5,f,casa_aislada,no posee,calefont 7 litros tiro forzado,1.7,1.7,0.38,0.38,14,1.0,False
d617e32022,61.0,d,casa_pareada,no posee,calefont 10 litros tiro forzado,1.9,1.9,0.47,0.47,36,0.2857142711676701,False
1f6f3b2025,55.6,a,depto,no posee,calefont 7 litros tiro forzado,4.0,4.0,0.84,0.84,5,1.0,False
0bf4212020,48.7,e,depto,no posee,termo eléctrico,1.7,1.7,0.38,0.38,-1,0.0,True
1ae2492026,47.4,d,depto,no considera,caldera a condensación,1.9,1.9,0.47,0.47,-1,0.0,True
4bba502025,47.0,d,casa_pareada,no posee,calefont 7 litros tiro forzado,1.7,1.7,0.38,0.38,41,1.0,False
cf97712025,48.6,a,depto,no posee,termo eléctrico,4.0,4.0,0.84,0.84,-1,0.0,True
50f5e52025,32.4,d,depto,no posee,calefont 10 litros tiro forzado,1.9,1.9,0.47,0.47,11,0.25961539946505546,False
14c57e2019,42.1,d,depto,no posee,caldera rinnai sm 75,1.0,1.0,0.0,0.0,2,0.9976383251456247,False
9cd7ea2020,121.4,c,casa_aislada,no posee,"calefont de capacidad 17 litros, tiro natural, encendido automatico.",4.0,4.0,0.84,0.84,-1,0.0,True
bb9c242025,37.6,d,depto,sin sistema,caldera de condensación marca naview,1.9,1.9,0.47,0.47,-1,0.0,True
bbc6d82025,53.4,g,depto,calefactor eléctrico wally one de kaltemp,termo eléctrico rheem,1.6,1.6,0.33,0.33,-1,0.0,True
5b97942021,60.3,d,casa_pareada,no posee,calefon,1.9,1.9,0.47,0.47,-1,0.0,True
bf92842023,32.1,d,depto,no considera,central termica,1.9,1.9,0.47,0.47,-1,0.0,True
00c3402025,47.0,d,casa_pareada,no posee,calefont 7 litros tiro forzado,1.7,1.7,0.38,0.38,41,1.0,False
0532b22024,30.7,d,depto,no posee,caldera centralizada,1.9,1.9,0.47,0.47,-1,0.0,True
3789782026,53.0,d,depto,no posee,calefont glp,1.9,1.9,0.47,0.47,-1,0.0,True
e0feda2021,54.6,a,depto,no posee,sistema unitario,4.0,4.0,0.0,0.0,-1,0.0,True
7486c62023,66.8,d,casa_pareada,no posee,calefont 7 litros tiro forzado,1.9,1.9,0.47,0.47,-1,0.0,True
3e227a2021,61.7,c,depto,no posee,"central térmica calefont condensación, gas licuado, bosch,",4.0,4.0,0.84,0.84,-1,0.0,True
0d0fe72024,55.1,a,casa_aislada,no posee,calefont glp,4.0,4.0,0.84,0.84,-1,0.0,True
cd1b192025,48.3,e,casa_pareada,no posee,calefont glp,1.7,1.7,0.38,0.38,25,1.0,False
50e8972025,45.4,d,depto,no posee,el edificio cuenta con 3 calderas de condensación aldens wm,1.9,1.9,0.47,0.47,-1,0.0,True
12dec02025,42.8,d,depto,no posee,calefont 10 litros tiro forzado,1.9,1.9,0.47,0.47,11,1.0,False
37f8512021,61.3,d,casa_pareada,no posee,calefont,1.7,1.7,0.38,0.38,9,1.0,False
44d56f2019,62.1,d,depto,radiadores,caldera de condensación en cascada,1.0,1.0,0.0,0.0,-1,0.0,True
30cdee2025,58.6,i,casa_pareada,no posee,calefont 7 litros tiro forzado,0.6,0.6,0.25,0.25,-1,0.0,True
e636bd2018,52.2,a,depto,no posee,calefont 7 litros tiro forzado apoyado sst,4.0,4.0,0.84,0.84,-1,0.0,True
d5ad912025,66.8,d,casa_pareada,no posee,calefont 7 litros tiro forzado,1.9,1.9,0.47,0.47,-1,0.0,True
99686b2025,62.2,d,casa_pareada,no posee,calefont 7 litros tiro forzado,1.9,1.9,0.47,0.47,43,0.29629627934852476,False
0069842022,35.2,d,depto,losa radiante mediante bomba de calor aerotérmica,bomba de calor aerotérmica,1.9,1.9,0.47,0.47,-1,0.0,True
44e24a2025,21.5,d,depto,no posee,termo eléctrico,1.9,1.9,0.47,0.47,8,1.0,False
5c995e2024,47.0,e,casa_pareada,no posee,calefont 7 litros tiro forzado,1.7,1.7,0.38,0.38,34,1.0,False
2911952023,30.1,d,depto,no posee,5 calderas de gas natural genus premium evo hp 150 de 140,1.9,1.9,0.47,0.47,-1,0.0,True
a637cc2024,66.7,d,casa_aislada,no posee,calefont 7 litros tiro forzado,1.9,1.9,0.47,0.47,33,1.0,False
b429862026,58.6,i,casa_pareada,no posee,calefont 7 litros tiro forzado,0.6,0.6,0.25,0.25,-1,0.0,True
0a76fa2022,62.5,d,casa_pareada,no posee,calefont tiro forzado,1.7,1.7,0.38,0.38,7,1.0,False
beb49f2020,48.3,d,depto,no posee,calefont 13 litros tiro forzado,1.9,1.9,0.47,0.47,-1,0.0,True
8543282024,52.5,d,depto,no posee,calefont 10 litros tiro forzado,1.9,1.9,0.47,0.47,11,1.0,False
0535322023,40.3,d,depto,no considera,calefon con condensación,1.9,1.9,0.47,0.47,-1,0.0,True
5beee62023,53.0,f,depto,no posee,calefont 7 litros tiro forzado,1.6,1.6,0.33,0.33,32,1.0,False
8b1dc22022,51.9,b,depto,no posee,calefont 7 litros tiro forzado,3.0,3.0,0.6,0.6,-1,0.0,True
86d1322022,28.6,d,depto,no posee,el edificio cuenta con 2 calderas de gas natural ivar super,1.9,1.9,0.47,0.47,-1,0.0,True
134a4b2023,28.7,d,depto,no considera,calefón de condensación,1.9,1.9,0.47,0.47,-1,0.0,True
07787f2023,173.4,d,casa_aislada,no posee,calefont 7 litros tiro forzado,1.9,1.9,0.47,0.47,33,0.06292516806690554,False
3d09822021,66.6,c,casa_pareada,no posee,calefont neckar ionizado 13 litros wn13 con potencia nominal,4.0,4.0,0.84,0.84,-1,0.0,True
c2ecd32023,30.6,d,depto,no posee,caldera de condensación baxi luna duo - tec mp +1.130,1.9,1.9,0.47,0.47,-1,0.0,True
4ffbf12025,46.5,d,depto,no posee,calefont 7 litros tiro forzado,1.9,1.9,0.47,0.47,59,1.0,False
80eef92018,53.4,a,depto,no posee,calefont 7 litros tiro forzado,4.0,4.0,0.84,0.84,5,1.0,False
ce0a172022,101.4,c,casa_aislada,no posee,calefont junkers 16 litros w16-kme con potencia nominal de,4.0,4.0,0.84,0.84,-1,0.0,True
d045de2025,53.0,c,depto,no posee,calefont 7 litros tiro forzado,4.0,4.0,0.84,0.84,3,1.0,False
4da3a82025,62.2,d,casa_pareada,no posee,calefont 10 litros tiro forzado,1.7,1.7,0.38,0.38,36,0.02654312861602531,False
77ded22022,49.3,d,depto,no posee,calefont glp,1.9,1.9,0.47,0.47,44,0.0,False
d374692023,49.8,d,casa_pareada,no posee,calefont,1.7,1.7,0.38,0.38,9,1.0,False
64a9722022,55.3,d,depto,no posee,calefont glp,1.9,1.9,0.47,0.47,-1,0.0,True
bcb9e92023,50.2,d,depto,no posee,caldera de condensación baxi luna duo - tec mp +1.130,1.9,1.9,0.47,0.47,-1,0.0,True
ee77412025,28.9,d,depto,no posee sistema de calefacción.,central térmica con 3 calderas murales modulares y 2 estanques,1.9,1.9,0.47,0.47,-1,0.0,True
d7744c2022,51.9,b,depto,no posee,calefont 7 litros tiro forzado,3.0,3.0,0.6,0.6,-1,0.0,True
d442e12020,43.0,c,depto,no posee,calefont 7 litros tiro forzado,3.0,3.0,0.6,0.6,51,1.0,False
1908c22024,30.5,d,depto,no posee,caldera central a gas,1.9,1.9,0.47,0.47,30,1.0,False
cb0aaa2025,47.5,a,depto,no posee,"termo eléctrico anwo van200l, potencia 3.0 kw",4.0,4.0,0.84,0.84,4,1.0,False
379c3e2024,48.6,f,depto,no posee,calefont glp,1.6,1.6,0.33,0.33,29,1.0,False
11f5282025,63.6,d,casa_aislada,no posee,calefont,1.9,1.9,0.47,0.47,-1,0.0,True
25388b2025,48.3,f,depto,no posee,calefont glp,1.7,1.7,0.38,0.38,29,1.0,False
a2c7ee2025,51.6,c,depto,no posee,calefont 7 litros tiro forzado,4.0,4.0,0.84,0.84,3,1.0,False
11ce352026,20.0,e,depto,no posee,calefont 7 litros tiro forzado,1.7,1.7,0.38,0.38,54,0.1842105113427154,False
bc843c2018,51.4,d,depto,no posee,calefont ionizado 10 litros tiro natural marca splendid modleo,1.7,1.7,0.38,0.38,-1,0.0,True
0456702022,46.1,f,casa_pareada,no posee,calefont glp,1.7,1.7,0.38,0.38,27,0.0,False
8c6a912024,48.3,f,casa_pareada,no posee,calefont glp,1.7,1.7,0.38,0.38,27,0.0,False
e2afb72023,41.8,f,casa_aislada,no aplica,calefont glp,1.6,1.6,0.33,0.33,-1,0.0,True
a5760d2023,43.8,d,casa_pareada,no aplica,calefont glp,1.9,1.9,0.47,0.47,-1,0.0,True
daf2622020,52.3,i,depto,"calefactor a gas natural, 35000 btu, marca orbis, modelo","calefont a gas natural, tiro forzado, marca mademsa, capacidad",0.6,0.6,0.25,0.25,-1,0.0,True
e17e5d2022,41.7,e,depto,no posee,calefont 10 litros tiro forzado,1.7,1.7,0.38,0.38,-1,0.0,True
4f00452021,51.3,d,depto,no posee,calefont glp,1.9,1.9,0.47,0.47,49,0.0,False
1b02a42025,55.5,d,casa_pareada,no posee,calefont 7 litros tiro forzado,1.7,1.7,0.38,0.38,45,1.0,False
0190a82024,47.0,e,casa_pareada,no posee,calefont 7 litros tiro forzado,1.7,1.7,0.38,0.38,34,1.0,False
0289982026,48.9,d,depto,no aplica,4 calderas murales de condensación,1.9,1.9,0.47,0.47,-1,0.0,True
4c82ca2022,33.2,d,depto,no considera,caldera con condensación,1.9,1.9,0.47,0.47,53,1.0,False
3f02d92026,47.6,d,depto,no posee,calefont 7 litros tiro forzado,1.7,1.7,0.38,0.38,56,1.0,False
eb18b42024,34.2,c,depto,sin sistema,calefont tiro forzado bosch,3.0,3.0,0.6,0.6,-1,0.0,True
699f2b2023,60.9,a,depto,no posee,calefont 7 litros tiro forzado,4.0,4.0,0.84,0.84,6,1.0,False
ae61e32025,50.9,c,depto,no posee,calefont 7 litros tiro forzado,4.0,4.0,0.84,0.84,3,1.0,False
fefd762022,52.3,d,depto,no posee,calefont glp,1.9,1.9,0.47,0.47,47,1.0,False
1f32ae2025,52.2,g,depto,no posee,calefont 10 litros tiro forzado,1.1,1.1,0.28,0.28,23,1.0,False
2668102026,57.4,d,depto,no posee,sala de calderas,1.9,1.9,0.47,0.47,12,0.3981481396742624,False
f281192018,47.2,d,depto,no posee,calefont 7 litros tiro forzado,1.9,1.9,0.47,0.47,61,1.0,False
cb8cc02026,52.9,d,depto,no posee,calefont 7 litros tiro forzado,1.9,1.9,0.47,0.47,58,1.0,False
2c32622023,52.0,f,casa_pareada,no aplica,calefont glp,1.7,1.7,0.38,0.38,26,1.0,False
80a2ed2023,56.9,d,casa_pareada,no posee,calefont,1.7,1.7,0.38,0.38,9,1.0,False
6c00632022,39.0,d,depto,no posee,central de calderas a condensación tipo mural,1.9,1.9,0.47,0.47,-1,0.0,True
4037b52022,60.6,f,casa_aislada,estufa a parafina marca toyotomi modelo ff-55t el que tiene,calefon marca mademsa modelo. forzada tfm 10 eco gl el,1.6,1.6,0.33,0.33,-1,0.0,True
bb01342019,55.0,d,depto,no posee,calefont tiro forzado,1.7,1.7,0.38,0.38,24,1.0,False
c22b232026,21.8,d,depto,no posee,termo eléctrico,1.9,1.9,0.47,0.47,8,1.0,False
db41232025,42.8,d,depto,no posee,calefont tiro forzado 12 litros,1.9,1.9,0.47,0.47,11,0.009158751509832206,False
01abe32024,48.6,f,depto,no posee,calefont,1.6,1.6,0.33,0.33,-1,0.0,True
31593a2025,55.1,c,depto,calefactor electrico,calefont 12 litros gl,3.0,3.0,0.6,0.6,0,1.0,False
c768292021,47.2,f,casa_pareada,no posee,calefont glp,1.7,1.7,0.38,0.38,27,0.0,False
00846f2018,49.0,g,,radiador eléctrico,calefont 7 litros tiro forzado,1.1,1.1,0.28,0.28,-1,0.0,True
ba678c2022,42.0,d,casa_pareada,no posee,calefont glp,1.9,1.9,0.47,0.47,40,1.0,False
7ba6b12023,114.6,d,casa_aislada,no posee,calefont 7 litros tiro forzado,1.9,1.9,0.47,0.47,33,0.2681159472190405,False
8d5c5e2023,49.0,d,depto,no posee,calefont 7 litros tiro forzado,1.9,1.9,0.47,0.47,60,1.0,False
27a6022026,47.7,f,casa_aislada,no posee,calefont glp,1.7,1.7,0.38,0.38,19,0.056458454608419154,False
a4b4ea2026,47.6,d,depto,no posee,calefont 7 litros tiro forzado,1.7,1.7,0.38,0.38,56,1.0,False
ad9a142026,54.3,e,casa_pareada,calefactor electrico,calefont 10 litros gl,1.7,1.7,0.38,0.38,-1,0.0,True
fed74f2024,41.2,d,depto,no posee,caldera de condensación,1.9,1.9,0.47,0.47,28,1.0,False
390a3e2025,28.3,d,depto,sin sistema,caldera,1.9,1.9,0.47,0.47,-1,0.0,True
15e2392022,77.7,d,casa_aislada,la vivienda considera estufa de 6kw y combustible glp.,calefont 13 litros tiro forzado,1.7,1.7,0.38,0.38,-1,0.0,True
699ea32023,49.9,d,depto,no posee,calefont glp,3.0,3.0,0.6,0.6,37,1.0,False
72d3392023,53.1,d,depto,no posee,calefont 7 litros tiro forzado,1.9,1.9,0.47,0.47,58,1.0,False
535e8d2023,50.4,d,depto,no posee,calefont 7 litros tiro forzado,1.9,1.9,0.47,0.47,-1,0.0,True
8488992022,40.5,d,depto,no posee,central térmica con bomba de calor,1.9,1.9,0.47,0.47,30,0.038670282988471666,False
ff16a02020,79.6,d,casa_aislada,estufa kerosene 3 kw,calefon tiro natural 10 lts +sst,1.7,1.7,0.38,0.38,1,1.0,False
1c6a392023,38.2,d,depto,no posee,calefon de condensación,1.9,1.9,0.47,0.47,50,0.00881953798648314,False
ec5c1c2022,74.3,d,casa_pareada,no posee,calefont 7 litros tiro forzado,1.7,1.7,0.38,0.38,-1,0.0,True
7737c22023,49.0,d,depto,no posee,calefont 7 litros tiro forzado,1.9,1.9,0.47,0.47,60,1.0,False
87ab3c2026,40.6,d,depto,no posee,sala de calderas,1.9,1.9,0.47,0.47,12,1.0,False
3797a72025,56.9,g,casa_pareada,no posee,calefont glp,1.1,1.1,0.28,0.28,-1,0.0,True
05b15c2024,47.4,d,depto,no posee,calefont glp,3.0,3.0,0.6,0.6,37,0.0,False
700c8a2024,52.7,f,casa_pareada,no posee,"calefon splendid beyond 10 litros 2ev, gas licuado de 18 kw.",1.7,1.7,0.38,0.38,-1,0.0,True
9710562026,50.2,b,depto,no posee,calefont 10 litros tiro forzado cámada abierta,4.0,4.0,0.84,0.84,-1,0.0,True
02749b2026,58.6,i,casa_pareada,no posee,calefont 7 litros tiro forzado,0.6,0.6,0.25,0.25,-1,0.0,True
9071882020,51.0,d,depto,no posee,calefont glp,1.9,1.9,0.47,0.47,48,1.0,False
3251e82021,24.1,d,depto,no considera,calefont,1.9,1.9,0.47,0.47,50,0.00881953798648314,False
14121a2018,50.5,a,depto,no posee,calefont 10 litros tiro forzado,4.0,4.0,0.84,0.84,-1,0.0,True
1b9da72019,56.0,d,depto,,,1.9,1.9,0.47,0.47,-1,0.0,True
fb61e72026,47.0,d,casa_pareada,no posee,calefont 7 litros tiro forzado,1.9,1.9,0.47,0.47,42,1.0,False
9bd0622022,48.0,d,depto,no posee,calefont 10 litros tiro forzado,1.9,1.9,0.47,0.47,11,1.0,False
d585602022,85.0,d,depto,radiadores eléctricos,termos eléctricos 189lts,1.9,1.9,0.47,0.47,-1,0.0,True
38ccea2026,41.8,d,depto,no posee,"central térmica eficiente inverter marca ariston, modelo hp150.",1.9,1.9,0.47,0.47,-1,0.0,True
ec87ef2024,50.9,b,casa_pareada,no posee,calefont 7 litros tiro forzado,4.0,4.0,0.84,0.84,-1,0.0,True
f07f072023,32.3,d,depto,no posee,termo eléctrico pro eco evo primaterm 100 lt,1.9,1.9,0.47,0.47,-1,0.0,True
b63f732019,51.1,d,depto,no posee,calefont 7 glp,1.9,1.9,0.47,0.47,-1,0.0,True
2708c42023,50.8,d,depto,no aplica,calefont glp,1.9,1.9,0.47,0.47,-1,0.0,True
b398c82025,54.4,a,casa_aislada,no posee,calefont 7 litros tiro forzado,4.0,4.0,0.84,0.84,-1,0.0,True
fdd2cd2024,65.3,d,depto,no aplica,3 calderas murales de condensación,1.9,1.9,0.47,0.47,-1,0.0,True
13707d2026,44.5,f,casa_pareada,no posee,calefont 7 litros tiro forzado,1.7,1.7,0.38,0.38,16,1.0,False
d7279b2019,60.0,a,depto,no posee,calefont 7 litros tiro forzado,4.0,4.0,0.84,0.84,6,1.0,False
e9f2362024,39.2,d,depto,no considera,caldera con condensación,1.9,1.9,0.47,0.47,53,1.0,False
a2d64f2026,30.5,d,depto,no posee,sala de calderas modular (gas natural),1.9,1.9,0.47,0.47,-1,0.0,True
0a241f2022,43.0,d,casa_pareada,no posee,calefont 10 litros tiro forzado,3.0,3.0,0.6,0.6,36,0.00911958874395091,False
1624952025,48.7,g,casa_aislada,no posee,calefon,1.1,1.1,0.28,0.28,17,1.0,False
b278732023,55.0,d,casa_pareada,no posee,calefont 7 litros tiro forzado,1.7,1.7,0.38,0.38,45,1.0,False
569c572024,43.0,d,depto,no posee,"caldera de tipo condensación, 900kw marca inmergas modelo",1.9,1.9,0.47,0.47,-1,0.0,True
21893f2026,47.7,f,casa_aislada,no posee,calefont glp,1.7,1.7,0.38,0.38,19,0.056458454608419154,False
e18eb12019,61.1,a,depto,no posee,calefont 7 litros tiro forzado,4.0,4.0,0.84,0.84,6,1.0,False
262b142025,63.1,d,casa_aislada,no posee,calefont 7 litros tiro forzado,1.9,1.9,0.47,0.47,33,1.0,False
b05b102023,47.2,c,depto,no posee,"calefont splendid 10 litros, mvg tfi 10 gas licuado",3.0,3.0,0.6,0.6,-1,0.0,True
757eef2025,56.9,g,casa_pareada,no posee,calefont glp,1.1,1.1,0.28,0.28,-1,0.0,True
c811b02021,66.5,c,depto,no posee,cuatro calderas de condensación y cuatro cilindros de inercia,3.0,3.0,0.6,0.6,-1,0.0,True
019faa2022,28.0,d,depto,no posee,central térmica con bomba de calor,1.9,1.9,0.47,0.47,-1,0.0,True
3742f62023,96.1,d,casa_aislada,no posee,calefont 7 litros tiro forzado,1.9,1.9,0.47,0.47,33,0.5692307794656191,False
24a0492024,33.5,d,depto,no considera,caldera con condensación,1.9,1.9,0.47,0.47,53,1.0,False
49 c03fb22020,47.6,d,casa_pareada,no posee,calefont 7 litros tiro forzado,3.0,3.0,0.6,0.6,-1,0.0,True
8d27b62025,48.5,d,depto,no posee,calefont glp,1.9,1.9,0.47,0.47,44,1.0,False
b09fc02026,49.5,d,casa_pareada,no posee,calefont 11 litros tiro forzado,1.9,1.9,0.47,0.47,-1,0.0,True
a921872023,54.1,d,casa_aislada,no posee,"calefón splendid de 10 litros, master 10l, gas licuado, potencia",3.0,3.0,0.6,0.6,-1,0.0,True
4e673a2022,51.9,b,depto,no posee,calefont 7 litros tiro forzado,3.0,3.0,0.6,0.6,-1,0.0,True
43a7652026,53.0,c,depto,no posee,calefont 7 litros tiro forzado,4.0,4.0,0.84,0.84,3,1.0,False
6b5cae2018,52.8,a,depto,no posee,calefont 7 litros tiro forzado,4.0,4.0,0.84,0.84,5,1.0,False
9a79ce2023,30.1,d,depto,no posee,5 calderas de gas natural genus premium evo hp 150 de 140,1.0,1.0,0.0,0.0,2,1.0,False
8fb7822024,20.9,d,depto,no posee,calefont 7 litros tiro forzado,1.9,1.9,0.47,0.47,-1,0.0,True
1f5bcf2025,43.7,b,casa_pareada,no posee,calefont glp,3.0,3.0,0.6,0.6,-1,0.0,True
a8dc0e2026,44.6,c,depto,no posee,calefont 7 litros tiro forzado,4.0,4.0,0.84,0.84,3,0.3448275944704466,False
b2ca3d2025,49.1,d,depto,no posee,calefont 7 litros tiro forzado,3.0,3.0,0.6,0.6,55,0.8500000115827424,False
52fd042022,46.3,f,casa_pareada,no posee,calefont 10 litros tiro forzado,1.6,1.6,0.33,0.33,-1,0.0,True
aecfb02025,35.2,d,depto,no posee,calefont 11 litros,1.9,1.9,0.47,0.47,-1,0.0,True
c4875c2022,52.3,d,depto,no posee,calefont glp,1.9,1.9,0.47,0.47,47,1.0,False
fda2b62022,44.4,d,depto,no posee,calefont,1.9,1.9,0.47,0.47,50,0.8965516763929752,False
786ea82024,36.5,d,depto,losa radiante,caldera con condensación,1.9,1.9,0.47,0.47,-1,0.0,True
c94eb02022,105.2,d,casa_aislada,panel eléctrico radiante.,calefon 13 litros.,1.9,1.9,0.47,0.47,-1,0.0,True
c653a82019,80.0,f,casa_aislada,no posee,calefont 7 litros tiro forzado,1.7,1.7,0.38,0.38,14,1.0,False
89e6f32024,47.9,d,depto,no posee,calefont tiro forzado,1.9,1.9,0.47,0.47,24,0.024526388758561498,False
b11d492021,46.5,d,casa_pareada,no posee,calefont 7 litros tiro forzado,1.0,1.0,0.0,0.0,2,1.0,False
4b81162018,55.0,d,casa_pareada,no posee,calefont 7 litros tiro forzado,1.9,1.9,0.47,0.47,43,1.0,False
6478ef2025,49.2,c,depto,no posee,caldera de condensación ares tec 770,3.0,3.0,0.0,0.0,-1,0.0,True
769cf12023,44.0,c,depto,no posee,calefont 7 litros tiro forzado,4.0,4.0,0.84,0.84,3,0.3448275944704466,False
c538522023,52.2,a,depto,no posee,calefont 7 litros tiro forzado,4.0,4.0,0.84,0.84,5,1.0,False
a545ab2024,74.9,d,casa_aislada,no posee,calefont 7 litros tiro forzado,1.7,1.7,0.38,0.38,33,0.037811515147903374,False
8f595f2026,47.3,d,depto,no posee,calefont 7 litros tiro forzado,1.9,1.9,0.47,0.47,61,0.0,False
c71cc32023,52.2,g,depto,no posee,calefont 7 litros tiro forzado,1.6,1.6,0.33,0.33,22,1.0,False
86649e2023,47.9,f,depto,no aplica,calefont glp,1.6,1.6,0.33,0.33,-1,0.0,True
cb61382023,55.6,d,depto,no posee,calefont 7 litros tiro forzado,3.0,3.0,0.6,0.6,55,1.0,False
5f7f5d2024,50.3,g,casa_aislada,no posee,calefont glp,1.6,1.6,0.33,0.33,20,1.0,False
fe32b72021,77.5,d,casa_pareada,no posee,calefón,1.9,1.9,0.47,0.47,-1,0.0,True
135bcb2023,54.8,c,depto,no posee,calefont 7 litros tiro forzado,3.0,3.0,0.6,0.6,51,1.0,False
e63c4a2020,52.3,i,depto,"calefactor a gas natural, 35000 btu, marca orbis, modelo","calefont a gas natural, tiro forzado, marca mademsa, capacidad",0.6,0.6,0.25,0.25,-1,0.0,True
94e08c2025,25.2,d,depto,no posee,"central térmica con 10 calefones de condesación, marca anwo,",1.0,1.0,0.0,0.0,2,0.9922818369003964,False
3f36dd2023,170.0,d,depto,caldera mural mixta de condensación rinnai,calefont de condensación navien,1.0,1.0,0.0,0.0,-1,0.0,True
e31b002025,43.7,b,casa_pareada,no posee,calefont glp,3.0,3.0,0.6,0.6,-1,0.0,True
2031d22024,58.9,a,depto,no posee,termo eléctrico junkers/bosch,4.0,4.0,0.84,0.84,-1,0.0,True
43f32c2023,85.0,d,casa_pareada,no posee,calefont,1.9,1.9,0.47,0.47,10,0.5043478055343403,False
526e462022,49.9,d,depto,no posee,calefont glp,3.0,3.0,0.6,0.6,37,1.0,False
ce25fc2022,41.4,f,casa_aislada,no posee,calefont glp,1.6,1.6,0.33,0.33,19,1.0,False
03e4f12024,81.7,d,casa_pareada,no posee,calefont glp,1.9,1.9,0.47,0.47,-1,0.0,True
efa2af2026,46.5,d,depto,no posee,calefont 7 litros tiro forzado,1.9,1.9,0.47,0.47,59,1.0,False
9654222018,66.1,d,casa_aislada,no posee,calefont 7 litros tiro forzado,1.9,1.9,0.47,0.47,33,1.0,False
56d8a52023,48.6,g,depto,no posee,calefont 7 litros tiro forzado,1.1,1.1,0.28,0.28,22,0.045976585582855785,False
5508fe2024,43.1,a,depto,no posee,calefon,4.0,4.0,0.84,0.84,-1,0.0,True
d200882026,47.0,d,casa_pareada,no posee,calefont 7 litros tiro forzado,1.7,1.7,0.38,0.38,41,1.0,False
4214e12022,69.8,f,casa_aislada,no posee,calefont 10 litros tiro forzado,1.6,1.6,0.33,0.33,15,0.33563144940949097,False
0a044d2019,86.2,f,casa_aislada,no posee,calefont 7 litros tiro forzado,1.6,1.6,0.33,0.33,14,0.22884858922265802,False
ee7dcc2024,59.5,d,depto,no posee,"caldera de tipo condensación, 900kw marca inmergas modelo",1.9,1.9,0.47,0.47,-1,0.0,True
20cfb12018,52.2,a,depto,no posee,calefont 7 litros tiro forzado apoyado sst,4.0,4.0,0.84,0.84,-1,0.0,True
d8ff382024,29.5,d,depto,no posee,central térmica,1.9,1.9,0.47,0.47,38,0.004070556255695922,False
115c332025,47.0,e,casa_pareada,no posee,calefont 7 litros tiro forzado,1.7,1.7,0.38,0.38,34,1.0,False
a8d7762022,46.1,f,casa_pareada,no posee,calefont glp,1.7,1.7,0.38,0.38,27,0.0,False
db54512024,39.3,d,depto,no posee,caldera central a gas,1.9,1.9,0.47,0.47,30,1.0,False
3220152020,57.2,b,depto,no posee,calefont 7 litros tiro forzado,3.0,3.0,0.6,0.6,-1,0.0,True
813aef2022,47.0,d,casa_pareada,no posee,calefont 7 litros tiro forzado,1.7,1.7,0.38,0.38,41,1.0,False
7836052021,51.0,d,depto,no posee,calefont glp,1.9,1.9,0.47,0.47,48,1.0,False
5b9aef2021,57.9,d,casa_pareada,no posee,calefont 10 litros,3.0,3.0,0.6,0.6,-1,0.0,True
df2a282022,52.3,d,depto,no posee,calefont glp,1.9,1.9,0.47,0.47,47,1.0,False
9873182022,33.8,d,depto,no posee,calefont 7 litros tiro forzado,1.9,1.9,0.47,0.47,57,1.0,False
86706f2025,47.0,e,casa_pareada,no posee,calefont 7 litros tiro forzado,1.7,1.7,0.38,0.38,34,1.0,False
c8ae3c2024,51.8,d,depto,no posee,bomba de calor,1.9,1.9,0.47,0.47,-1,0.0,True
37d8ef2025,54.2,a,depto,no posee,calefont 7 litros tiro forzado,4.0,4.0,0.84,0.84,5,1.0,False
4c64c72020,51.0,d,depto,no posee,calefont glp,1.9,1.9,0.47,0.47,48,1.0,False
e808eb2025,57.8,d,casa_pareada,0,calefont 7 litros tiro forzado,1.7,1.7,0.38,0.38,-1,0.0,True
3e7d1c2023,50.2,g,depto,no posee,calefont 10 litros tiro forzado,1.6,1.6,0.33,0.33,23,1.0,False
9be7102025,47.0,d,casa_pareada,no posee,calefont 7 litros tiro forzado,1.7,1.7,0.38,0.38,41,1.0,False
75785a2023,42.6,f,casa_pareada,no posee,calefont 7 litros tiro forzado,1.7,1.7,0.38,0.38,16,1.0,False
2d992c2025,51.8,c,depto,no posee,calefont 7 litros tiro forzado,4.0,4.0,0.84,0.84,3,1.0,False
528e272026,46.6,e,depto,no posee,calefont 7 litros tiro forzado,1.7,1.7,0.38,0.38,54,1.0,False
4c228f2024,52.2,e,depto,no posee,calefont 7 litros tiro forzado,1.7,1.7,0.38,0.38,54,1.0,False
8c5c0c2024,30.5,d,depto,no posee,caldera central a gas,1.9,1.9,0.47,0.47,30,1.0,False
810f142025,48.5,d,depto,no posee,calefont glp,1.9,1.9,0.47,0.47,44,1.0,False
9ea6112020,124.0,e,casa_aislada,caldera a gas sin condensacion encendido electronico control,caldera a gas licuado,1.7,1.7,0.38,0.38,-1,0.0,True
69e3752026,28.6,d,depto,no posee,termo eléctrico marca winter 80 litros.,1.9,1.9,0.47,0.47,38,0.004070556255695922,False
b2b7892022,47.9,d,depto,no posee,calefont 7 litros tiro forzado,1.9,1.9,0.47,0.47,60,0.6666666237676203,False
b817142025,58.7,d,casa_pareada,no posee,calefont 7 litros tiro forzado,1.7,1.7,0.38,0.38,46,1.0,False
0bdcac2024,53.7,d,depto,no posee,calefont tiro forzado,1.7,1.7,0.38,0.38,24,1.0,False
4e588c2022,68.0,d,casa_pareada,no posee,calefont tiro forzado,1.7,1.7,0.38,0.38,7,1.0,False
cb71262019,29.3,d,depto,no posee,cuenta con un sistema de acs centralizado a partir de una,1.9,1.9,0.47,0.47,-1,0.0,True
c66f9a2025,46.1,d,depto,no posee,calefont 7 litros tiro forzado,1.7,1.7,0.38,0.38,56,1.0,False
023fbd2026,51.2,d,depto,no posee,"calefont 10 litros tiro forzado, gas natural",1.9,1.9,0.47,0.47,-1,0.0,True
9b6ef72024,40.1,a,depto,no posee,calefon,4.0,4.0,0.84,0.84,-1,0.0,True
d4d11b2022,82.2,d,casa_aislada,la calefaccion queda provista mediante split de muro marca,el agua caliente queda provista mediante calefon automatico,1.7,1.7,0.38,0.38,-1,0.0,True
91a6842019,55.4,d,casa_pareada,no posee,calefont,1.0,1.0,0.0,0.0,2,0.9736582087214822,False
a702ce2024,44.1,e,casa_pareada,no posee,calefont glp,1.7,1.7,0.38,0.38,25,1.0,False
97a7102025,50.4,d,casa_pareada,no posee,calefont glp,1.9,1.9,0.47,0.47,39,1.0,False
19486c2025,59.5,d,casa_aislada,0,"calefón junkers w13 kb31 13 litros, gas licuado con potencia",1.9,1.9,0.47,0.47,-1,0.0,True
b7f2cb2023,44.5,f,casa_pareada,no posee,calefont 7 litros tiro forzado,1.7,1.7,0.38,0.38,16,1.0,False
2123832026,42.4,b,depto,0,"calefón junkers hidrowind wd10 km e31 s4300, 10 litros,",4.0,4.0,0.84,0.84,-1,0.0,True
9e344c2026,45.9,d,depto,no posee,calefont 7 litros tiro forzado,1.9,1.9,0.47,0.47,59,1.0,False
4c2edc2026,47.0,d,casa_pareada,no posee,calefont 7 litros tiro forzado,1.7,1.7,0.38,0.38,41,1.0,False
f29d052021,41.7,d,casa_pareada,no posee,calefont glp,1.9,1.9,0.47,0.47,40,0.0,False
e1b4312025,23.1,d,depto,no posee,caldera a condensación,1.9,1.9,0.47,0.47,18,1.0,False
86ac122024,29.2,d,depto,no posee,caldera a gas centralizada,1.9,1.9,0.47,0.47,-1,0.0,True
3d99ba2020,64.8,d,casa_pareada,no posee,calefont,1.7,1.7,0.38,0.38,9,1.0,False
114b6c2024,19.1,d,depto,no posee,caldera central a gas,1.9,1.9,0.47,0.47,30,1.0,False
660a112025,52.5,d,depto,calefactor electrico,calefont 12 litros gl,1.9,1.9,0.47,0.47,0,0.5209410008367642,False
39fbb02023,55.1,d,depto,no posee,calefont 7 litros tiro forzado,3.0,3.0,0.6,0.6,55,1.0,False
87bd432026,30.5,d,depto,no posee,central de agua caliente para suministro de todos los departamentos,1.9,1.9,0.47,0.47,-1,0.0,True
2c07ae2023,47.3,d,depto,no posee,calefont,1.9,1.9,0.47,0.47,50,1.0,False
40ed232024,45.4,d,depto,no posee,"el edificio cuenta con 3 calderas baxi luna duo-tec mp 1.110,",1.9,1.9,0.47,0.47,-1,0.0,True
213cb72025,66.8,d,casa_pareada,0,calefont 10 litros tiro forzado,1.9,1.9,0.47,0.47,-1,0.0,True
07e8202024,23.2,d,depto,radiadores electricos,caldera de condensacion,1.9,1.9,0.47,0.47,-1,0.0,True
10c22b2018,51.4,d,depto,no posee,calefont ionizado 10 litros tiro natural marca splendid modleo,1.7,1.7,0.38,0.38,-1,0.0,True
7126042023,28.5,d,depto,no posee,caldera de condensación,1.9,1.9,0.47,0.47,28,1.0,False
23a1622023,25.1,d,depto,no posee,central termica,1.9,1.9,0.47,0.47,38,1.0,False
8dc1352026,54.6,b,casa_aislada,calefactor electrico,calefont 8 litros gl,3.0,3.0,0.6,0.6,-1,0.0,True
9b6d892021,45.0,d,casa_pareada,no posee,calefont 7 litros tiro forzado,1.9,1.9,0.47,0.47,42,1.0,False
3d87f32021,42.4,d,casa_aislada,no posee,calefont glp,1.9,1.9,0.47,0.47,-1,0.0,True
fe21a22020,38.0,g,depto,no posee,calefont 7 litros tiro forzado,1.6,1.6,0.33,0.33,22,0.7567567251700221,False
79f2cb2021,79.0,d,depto,central térmica,central de agua caliente,1.9,1.9,0.47,0.47,-1,0.0,True
3011372023,69.2,d,depto,no posee,calefon,1.9,1.9,0.47,0.47,-1,0.0,True
d9a6d82024,93.8,d,casa_aislada,estufa a gas,calefont,1.9,1.9,0.47,0.47,-1,0.0,True
46017e2019,51.1,d,depto,no posee,calefont 7 glp,1.9,1.9,0.47,0.47,-1,0.0,True
581fda2025,52.7,a,depto,no posee,"calefón mademsa forced 10 eco gl, 10 litros, gas licuado",4.0,4.0,0.84,0.84,-1,0.0,True
cb1cf92022,43.1,d,depto,no posee,el edificio cuenta con 2 calderas para el edificio sur y 3 calderas,1.9,1.9,0.47,0.47,8,0.07259158922291108,False
38661b2020,52.3,f,depto,no posee,calefont glp,1.7,1.7,0.38,0.38,29,1.0,False
ca751d2025,53.1,c,casa_pareada,0,"calefón junkers smart wr13-2 km e31 s4305 13 litros, gas",4.0,4.0,0.84,0.84,-1,0.0,True
7df5ba2026,52.4,e,depto,sin sistema,calefont tiro forzado 10 litros,1.7,1.7,0.38,0.38,-1,0.0,True
536cee2025,44.8,d,depto,no posee,calefont glp,1.9,1.9,0.47,0.47,-1,0.0,True
4157332022,42.0,d,casa_pareada,no posee,calefont glp,1.9,1.9,0.47,0.47,40,1.0,False
253a832023,50.2,g,depto,no posee,calefont 10 litros tiro forzado,1.6,1.6,0.33,0.33,23,1.0,False
31d3a12021,45.2,d,casa_pareada,no posee,calefont 7 litros tiro forzado,1.0,1.0,0.0,0.0,2,1.0,False
2e344d2019,45.7,d,depto,no posee,caldera rinnai sm 75,1.0,1.0,0.0,0.0,2,0.9962937888027079,False
89a4f72024,52.2,d,casa_pareada,no posee,calefont glp,3.0,3.0,0.6,0.6,-1,0.0,True
9e87372025,46.1,g,depto,no posee,calefont glp,1.6,1.6,0.33,0.33,-1,0.0,True
3ce1ea2025,66.2,d,depto,no posee,calefont 7 litros tiro forzado,1.9,1.9,0.47,0.47,-1,0.0,True
b7f8bf2026,29.1,e,depto,no posee,calefont 7 litros tiro forzado,1.7,1.7,0.38,0.38,54,0.3111111004340148,False
5d475b2024,35.5,d,depto,no posee,caldera con condensación,1.9,1.9,0.47,0.47,52,1.0,False
a3dd062023,49.8,d,casa_pareada,no posee,calefont,1.7,1.7,0.38,0.38,9,1.0,False
b206ba2023,42.1,a,depto,no posee,"calefon splendid mvg tfi de 10 litros, de 17,6 kw potencia",4.0,4.0,0.84,0.84,4,1.0,False
22a7692021,54.8,e,casa_pareada,no posee,calefont glp,1.7,1.7,0.38,0.38,25,0.9846153612214422,False
a644d82022,51.3,d,depto,no considera,caldera con condensación,1.9,1.9,0.47,0.47,53,0.702127669362209,False
98772b2021,77.5,d,casa_pareada,no posee,calefón,1.9,1.9,0.47,0.47,-1,0.0,True
f9c11a2025,74.1,d,casa_aislada,no posee,calefont glp,1.9,1.9,0.47,0.47,-1,0.0,True
c91d392019,60.0,f,casa_aislada,estufa a parafina marca toyotomi modelo ff-55 el que tiene,calefon marca mademsa modelo forzada tfm 10 eco gl/gn,1.6,1.6,0.33,0.33,-1,0.0,True
407d9b2024,44.1,e,casa_pareada,no posee,calefont glp,1.7,1.7,0.38,0.38,25,1.0,False
8abcc72020,51.6,d,casa_pareada,estufa kerosene 3 kw,calefon tiro natural 10 lts +sst,1.0,1.0,0.0,0.0,1,0.7595744674348923,False
4725672021,61.4,g,depto,radiadores eléctricos,termo eléctrico 189lts,1.0,1.0,0.0,0.0,-1,0.0,True
aa9a7f2022,37.6,d,depto,no posee,central de calderas a condensación tipo mural,1.9,1.9,0.47,0.47,-1,0.0,True
0dca8d2023,50.0,i,casa_aislada,no posee,calefont 7 litros tiro forzado,,,,,-1,0.0,True
7dbf642023,50.4,f,casa_aislada,estufa a parafina marca toyotomi modelo ff-v30t el que tiene,calefon marca mademsa modelo. forzada tfm 10 eco gl el,1.6,1.6,0.33,0.33,-1,0.0,True
91c9e62024,56.0,f,depto,no posee,calefont glp,1.7,1.7,0.38,0.38,29,1.0,False
27b5d62020,39.0,g,depto,no posee,calefont 7 litros tiro forzado,1.6,1.6,0.33,0.33,22,0.835820837724787,False
aae8002022,51.8,d,casa_pareada,no posee,calefont 10 litros tiro forzado,1.7,1.7,0.38,0.38,36,0.02654312861602531,False
d69f612024,32.7,d,depto,"central térmica, 3 calderas murales de condensación","central térmica, 3 calderas murales de condensación",1.9,1.9,0.47,0.47,-1,0.0,True
43766e2020,83.7,d,casa_aislada,no posee,calefont 13 litros,1.9,1.9,0.47,0.47,-1,0.0,True
b2c2442026,47.7,f,casa_aislada,no posee,calefont glp,1.7,1.7,0.38,0.38,19,0.056458454608419154,False
87adf72024,49.2,d,depto,no posee,"el edificio cuenta con 5 calderas de gas natural, riello condexa",1.9,1.9,0.47,0.47,28,0.01356852102694272,False
f5bd752024,30.0,d,depto,no posee,calefont 7 litros tiro forzado,1.9,1.9,0.47,0.47,57,1.0,False
4067782023,52.2,d,depto,no posee,calderas mural a condensación riello condexa 135,1.9,1.9,0.47,0.47,-1,0.0,True
fb3ab62026,66.5,d,depto,no posee,calefont 7 litros tiro forzado,1.9,1.9,0.47,0.47,-1,0.0,True
bacb7b2022,47.2,d,depto,0,calefont 10 litros tiro forzado,1.7,1.7,0.38,0.38,-1,0.0,True
6874bb2025,49.0,d,depto,no aplica,termos electricos,1.9,1.9,0.47,0.47,-1,0.0,True
fce4c32024,48.8,a,depto,no posee,"calefon splendid mvg tfi de 10 litros, de 17,6 kw potencia",4.0,4.0,0.84,0.84,4,1.0,False
8635f22025,48.5,d,depto,no posee,calefont glp,1.9,1.9,0.47,0.47,44,1.0,False
76a1202025,53.7,d,casa_aislada,no posee,calefont 7 litros tiro forzado,1.9,1.9,0.47,0.47,33,0.39361702477221755,False
23f87f2024,29.0,d,depto,no posee,central termica,1.9,1.9,0.47,0.47,38,1.0,False
bf06352022,22.1,d,depto,no posee,el edificio cuenta con 2 calderas sime 2r10 de 154.500 kcal/h,1.9,1.9,0.47,0.47,-1,0.0,True
5b8b9d2020,58.3,f,casa_aislada,no posee,calefont 10 litros tiro forzado,1.7,1.7,0.38,0.38,15,1.0,False
9720cb2024,54.4,d,casa_pareada,no posee,calefont 7 litros tiro forzado,1.9,1.9,0.47,0.47,43,1.0,False
2040692024,40.2,d,depto,"central térmica, 3 calderas murales de condensación","central térmica, 3 calderas murales de condensación",1.9,1.9,0.47,0.47,-1,0.0,True
8018d72024,70.2,d,depto,no posee,caldera centralizada,1.9,1.9,0.47,0.47,-1,0.0,True
8f3c4a2024,51.1,c,depto,no posee,calefont 7 litros tiro forzado,4.0,4.0,0.84,0.84,3,1.0,False
86e41d2021,78.2,d,casa_pareada,no posee,calefont,1.7,1.7,0.38,0.38,9,1.0,False
2a925c2023,39.5,d,depto,no posee,caldera central a gas,1.9,1.9,0.47,0.47,30,1.0,False
9c62362023,44.5,f,casa_pareada,no posee,calefont 7 litros tiro forzado,1.7,1.7,0.38,0.38,16,1.0,False
ec17042026,47.0,d,casa_pareada,no posee,calefont 7 litros tiro forzado,1.7,1.7,0.38,0.38,41,1.0,False
2534292025,55.4,a,depto,no posee,"termo eléctrico anwo van200l, potencia 3.0 kw",4.0,4.0,0.84,0.84,4,1.0,False
6645642023,41.9,d,depto,no posee,caldera a condensación,1.9,1.9,0.47,0.47,18,1.0,False
81f1d32024,48.6,f,depto,no posee,calefont,1.6,1.6,0.33,0.33,-1,0.0,True
9b762d2023,53.4,d,depto,no posee,calefont tiro forzado,1.7,1.7,0.38,0.38,24,1.0,False
0da92c2022,43.8,d,depto,no posee,el edificio cuenta con 2 calderas de gas natural ivar super,1.9,1.9,0.47,0.47,-1,0.0,True
510dfa2025,42.6,g,casa_aislada,no posee,calefont 7 litros,1.1,1.1,0.28,0.28,17,1.0,False
8f847b2026,42.4,f,depto,no posee,calefont 7 litros tiro forzado,1.7,1.7,0.38,0.38,31,1.0,False
7e7e722022,35.5,d,depto,no posee,caldera con condensación,1.9,1.9,0.47,0.47,52,1.0,False
ea015d2022,47.6,a,depto,no posee,"calefon splendid, master mvg tfi 10, 10 litros, gas licuado",4.0,4.0,0.84,0.84,-1,0.0,True
cce5982025,48.3,b,depto,no posee,calefont glp,4.0,4.0,0.84,0.84,-1,0.0,True
8084342018,47.2,d,depto,no posee,calefont 7 litros tiro forzado,1.9,1.9,0.47,0.47,61,1.0,False
8b73642025,56.9,g,casa_pareada,no posee,calefont glp,1.1,1.1,0.28,0.28,-1,0.0,True
9f05612025,47.0,d,casa_pareada,no posee,calefont 7 litros tiro forzado,1.7,1.7,0.38,0.38,41,1.0,False
35072f2019,51.3,d,casa_pareada,no posee,calefont 7 litros tiro forzado,1.9,1.9,0.47,0.47,43,0.421052597354778,False
c5e3da2024,35.1,f,depto,no posee,calderas de condensación navien npe 32 swe,1.6,1.6,0.33,0.33,-1,0.0,True
fe7eae2019,87.4,d,casa_aislada,no posee,calefont 10 litros tiro forzado,1.0,1.0,0.0,0.0,2,1.0,False
45daf42026,51.3,e,depto,no posee,calefont glp,1.7,1.7,0.38,0.38,-1,0.0,True
c02fac2021,48.4,f,depto,no posee,calefont tiro forzado,1.7,1.7,0.38,0.38,-1,0.0,True
3a3dcd2024,50.4,d,casa_pareada,no posee,calefont glp,1.9,1.9,0.47,0.47,39,1.0,False
e422092023,52.4,c,depto,no posee,calefont,3.0,3.0,0.6,0.6,-1,0.0,True
b618a42025,43.8,d,depto,no posee,calefont glp,1.9,1.9,0.47,0.47,-1,0.0,True
b5db2a2025,50.8,c,depto,no posee,calefont 7 litros tiro forzado,4.0,4.0,0.84,0.84,3,1.0,False
14c7a82025,53.1,c,casa_pareada,0,"calefón junkers smart wr13-2 km e31 s4305 13 litros, gas",4.0,4.0,0.84,0.84,-1,0.0,True
6177f62019,47.2,d,depto,no posee,calefont 7 litros tiro forzado,1.9,1.9,0.47,0.47,61,1.0,False
9e3c1e2022,48.7,d,depto,no posee,calefont glp,1.9,1.9,0.47,0.47,44,0.0,False
04c2862025,52.7,a,depto,no posee,"calefon splendid mvg tfi de 10 litros, de 17,6 kw potencia",4.0,4.0,0.84,0.84,4,1.0,False
d332022025,45.9,d,depto,no posee,calefont 7 litros tiro forzado,1.9,1.9,0.47,0.47,59,1.0,False
f966ee2020,89.2,f,casa_aislada,no posee,calefont 7 litros tiro forzado,1.0,1.0,0.0,0.0,2,0.9214708189686638,False
ed49a52025,48.6,c,depto,no posee,termo eléctrico rheem 120 litros,4.0,4.0,0.0,0.0,-1,0.0,True
9874af2024,51.7,f,casa_aislada,"estufa a parafina tiro forzado marca toyotomi modelo ff-v30t,","calefont marca mademsa modelo. forced 10 eco gl, con una",1.6,1.6,0.33,0.33,-1,0.0,True
b7727b2023,62.0,c,casa_aislada,no posee,calefont 7 litros tiro forzado,3.0,3.0,0.6,0.6,-1,0.0,True
5e956e2025,46.3,d,depto,no posee,sistema centralizado a gas natural.,1.9,1.9,0.47,0.47,-1,0.0,True
a399592022,48.7,d,depto,no posee,calefont glp,1.9,1.9,0.47,0.47,44,0.0,False
b9674f2023,57.8,e,depto,no posee,calefont 7 litros tiro forzado,1.7,1.7,0.38,0.38,54,1.0,False
b6eaa62021,49.1,d,depto,no posee,calefont,1.7,1.7,0.38,0.38,50,0.02635479117282256,False
5d07d32023,55.1,d,casa_aislada,no posee,calefont 10 litros tiro forzado,3.0,3.0,0.6,0.6,-1,0.0,True
5b162b2022,84.4,d,depto,sistema centralizado con losa radiante y caldera de condensación,centralizado con caldera de condensación y estanques de,1.9,1.9,0.47,0.47,-1,0.0,True
88269c2022,87.2,f,casa_aislada,no posee,calefont 7 litros tiro forzado,1.6,1.6,0.33,0.33,14,0.22884858922265802,False
e514e32019,74.9,d,casa_aislada,estufa fija,calefont 14 litros,1.9,1.9,0.47,0.47,-1,0.0,True
2c870e2024,49.4,d,depto,no posee,calefont tiro forzado,1.9,1.9,0.47,0.47,24,0.024526388758561498,False
6494e62025,61.6,e,depto,no posee,centralizado a gas natural,1.7,1.7,0.38,0.38,-1,0.0,True
ba01192023,40.8,c,depto,no posee,calefont 7 litros tiro forzado,3.0,3.0,0.6,0.6,51,1.0,False
94d61e2020,58.7,d,casa_pareada,no posee,calefon 10 lts splendid modelo master 10,1.7,1.7,0.38,0.38,-1,0.0,True
8f829d2024,46.0,d,depto,no considera,central térmica,1.9,1.9,0.47,0.47,-1,0.0,True
98e07e2022,50.1,d,depto,no posee,calefont 10 litros tiro forzado,3.0,3.0,0.6,0.6,11,0.009571054886205977,False
b014772026,53.7,d,depto,no posee,calefont tiro forzado,1.7,1.7,0.38,0.38,24,1.0,False
861c862022,42.5,d,depto,no posee,el edificio cuenta con 4 calderas tipo mural de condensación,1.9,1.9,0.47,0.47,-1,0.0,True
8b30e22018,44.4,b,casa_pareada,no posee,calefont 7 litros tiro forzado,3.0,3.0,0.6,0.6,-1,0.0,True
5459392026,28.6,d,depto,no posee,termo eléctrico marca winter 80 litros.,1.9,1.9,0.47,0.47,38,0.004070556255695922,False
7658ae2023,50.6,d,depto,no aplica,calefont glp,1.9,1.9,0.47,0.47,-1,0.0,True
cc76512026,30.0,g,depto,no posee,calefont 7 litros tiro forzado,1.6,1.6,0.33,0.33,22,0.5599999654062089,False
71848e2022,37.5,d,depto,no posee,calefon de condensación,1.9,1.9,0.47,0.47,50,0.00881953798648314,False
d8c3d42021,55.5,d,casa_pareada,no posee,calefont 7 litros tiro forzado,1.7,1.7,0.38,0.38,45,1.0,False
12074e2026,28.6,d,depto,no posee,termo eléctrico marca winter 80 litros.,1.9,1.9,0.47,0.47,38,0.004070556255695922,False
6576c72021,60.1,f,depto,no posee,calefont 13 litros tiro forzado,1.7,1.7,0.38,0.38,-1,0.0,True
dbb3792023,43.7,f,depto,no posee,calefont 7 litros tiro forzado,1.6,1.6,0.33,0.33,32,1.0,False
a5caec2018,50.5,a,depto,no posee,calefont 10 litros tiro forzado,4.0,4.0,0.84,0.84,-1,0.0,True
468e9a2023,28.0,d,depto,no posee,central termica bomba calor aerotermica - electricidad,1.9,1.9,0.47,0.47,-1,0.0,True
7db5a82024,49.8,g,depto,no posee,calefont 10 litros tiro forzado,1.1,1.1,0.28,0.28,23,1.0,False
0f08322018,48.3,d,depto,no posee,calefont glp,1.9,1.9,0.47,0.47,44,0.0,False
193ab62018,52.8,a,depto,no posee,calefont 7 litros tiro forzado,4.0,4.0,0.84,0.84,5,1.0,False
0fb7362022,50.7,d,depto,no posee,"calefont 13 litros, splendid",3.0,3.0,0.6,0.6,-1,0.0,True
f16d8d2024,58.2,d,depto,no posee,calefont tiro forzado,1.7,1.7,0.38,0.38,24,1.0,False
0376da2020,44.0,g,depto,no posee,"calefont, tiro forzado",1.6,1.6,0.33,0.33,-1,0.0,True
5321862024,49.1,d,depto,no posee,calefont 7 litros tiro forzado,3.0,3.0,0.6,0.6,55,0.8500000115827424,False
433fe62026,48.5,d,depto,no posee,calefont glp,1.9,1.9,0.47,0.47,44,1.0,False
49bd342020,78.8,d,casa_aislada,no posee,calefont,1.9,1.9,0.47,0.47,-1,0.0,True
89b6f22022,26.4,d,depto,no posee,caldera a condensación,1.9,1.9,0.47,0.47,18,1.0,False
49fd842019,51.3,d,casa_pareada,no posee,calefont 7 litros tiro forzado,1.9,1.9,0.47,0.47,43,0.421052597354778,False
0f85f22025,48.4,d,depto,no posee,calefont,1.9,1.9,0.47,0.47,50,1.0,False
8288ab2026,49.5,e,depto,no posee,calefont 7 litros tiro forzado,1.7,1.7,0.38,0.38,54,0.9333333333333333,False
a775f52023,51.7,f,depto,no posee,calefont 7 litros tiro forzado,1.6,1.6,0.33,0.33,32,1.0,False
19a7762024,41.9,d,depto,no considera,calefont,1.9,1.9,0.47,0.47,50,0.00881953798648314,False
17e98c2023,84.0,d,casa_aislada,no considera,calefón,1.9,1.9,0.47,0.47,-1,0.0,True
c2e49d2021,50.1,d,casa_pareada,no posee,calefont glp,1.9,1.9,0.47,0.47,39,1.0,False
5c09922019,60.0,a,depto,no posee,calefont 7 litros tiro forzado,4.0,4.0,0.84,0.84,6,1.0,False
e0e1372025,66.5,d,depto,no posee,calefont glp,1.9,1.9,0.47,0.47,-1,0.0,True
a366be2020,42.4,d,casa_pareada,no posee,calefont glp,1.9,1.9,0.47,0.47,40,0.0,False
25760c2024,43.7,d,depto,no posee,caldera de condensación,1.9,1.9,0.47,0.47,28,1.0,False
4bc8932025,83.6,e,depto,no posee,calefont 7 litros tiro forzado,1.7,1.7,0.38,0.38,54,0.05426356264330277,False
c5b9472019,49.1,d,depto,no posee,calefont 7 litros tiro forzado,1.9,1.9,0.47,0.47,60,1.0,False
87506d2019,94.1,e,casa_aislada,no posee,calefont 7 litros tiro forzado,1.0,1.0,0.0,0.0,2,0.9104064015798723,False
285c512025,49.5,d,casa_pareada,no posee,calefont 11 litros tiro forzado,1.9,1.9,0.47,0.47,-1,0.0,True
6d266f2024,49.5,f,casa_aislada,no posee,calefont 7 litros tiro forzado,1.7,1.7,0.38,0.38,14,1.0,False
ec08d52022,62.0,e,depto,calefacción mediante radiadores electricas,central termica a gas con calderas/calefon en cascada,1.7,1.7,0.38,0.38,-1,0.0,True
2516fa2025,48.4,c,depto,no posee,termo eléctrico rheem 120 litros,4.0,4.0,0.0,0.0,-1,0.0,True
bff9312021,55.6,d,depto,"sistema tank in tank, calderas de agua caliente con gas natural","sistema tank in tank, calderas de agua caliente con gas natural",1.9,1.9,0.47,0.47,-1,0.0,True
89ae5f2025,52.0,g,casa_aislada,no posee,calefon,1.6,1.6,0.33,0.33,17,1.0,False
1f0d812022,76.3,d,casa_pareada,no posee,calefont 7 litros tiro forzado,1.0,1.0,0.0,0.0,2,1.0,False
e2559c2025,54.9,d,casa_pareada,no posee,calefont 7 litros tiro forzado,1.7,1.7,0.38,0.38,45,0.8333333440580949,False
42c66d2023,55.2,d,depto,no posee,caldera de condensación,1.9,1.9,0.47,0.47,28,0.6779661008076037,False
b587f72022,45.2,f,depto,no posee,calefont 7 litros tiro forzado,1.6,1.6,0.33,0.33,32,0.974999963321316,False
20b9ea2023,30.9,g,depto,radiador eléctrico 1000w,termos eléctricos 120lts,1.6,1.6,0.33,0.33,-1,0.0,True
d7f6402025,67.6,d,depto,sin sistema,calefont,1.9,1.9,0.47,0.47,50,0.00881953798648314,False
2f68572026,51.7,d,depto,no posee,calefont 7 litros tiro forzado,1.9,1.9,0.47,0.47,58,1.0,False
addf802026,60.8,f,casa_pareada,no posee,calefont glp,1.7,1.7,0.38,0.38,27,0.0,False
37edef2018,43.0,f,,no posee,"modelo cfgn0022, tiro forzado 13 lt, ionizado, gas natural, de",1.7,1.7,0.38,0.38,-1,0.0,True
14560b2021,47.1,f,casa_pareada,no posee,calefont glp,1.7,1.7,0.38,0.38,27,0.0,False
88a9ed2024,61.5,c,depto,no posee,calefont 7 litros tiro forzado,4.0,4.0,0.84,0.84,3,0.13888888769724875,False
e64c0c2022,48.1,d,casa_pareada,no posee,calefont 10 litros tiro forzado,1.9,1.9,0.47,0.47,36,1.0,False
76c7182019,39.5,d,depto,no posee,caldera rinnai sm 175,1.9,1.9,0.47,0.47,30,0.038670282988471666,False
44bad32022,29.3,d,depto,no considera,caldera con condensación,1.9,1.9,0.47,0.47,53,1.0,False
a5d58f2021,66.8,d,casa_aislada,estufa a gas,calefont,1.9,1.9,0.47,0.47,-1,0.0,True
1507a12021,45.0,d,casa_pareada,no posee,calefont 7 litros tiro forzado,1.0,1.0,0.0,0.0,2,1.0,False
2bebfa2025,66.8,d,casa_aislada,no posee,calefont 7 litros tiro forzado,1.9,1.9,0.47,0.47,33,1.0,False
93ed9a2019,50.5,d,depto,no posee,calefont glp,1.9,1.9,0.47,0.47,-1,0.0,True
5c2dac2021,45.0,d,casa_aislada,no posee,calefont 7 litros tiro forzado,1.0,1.0,0.0,0.0,2,1.0,False
e4899d2025,49.8,g,depto,sin sistema,calefon junkers wd7,1.1,1.1,0.28,0.28,-1,0.0,True
5e10fd2023,51.3,d,depto,no posee,"calefont, tiro forzado",1.9,1.9,0.47,0.47,-1,0.0,True
f0fe992024,55.8,c,depto,no posee,calefont 7 litros tiro forzado,4.0,4.0,0.84,0.84,3,0.4000000061774627,False
65e8672024,49.4,d,depto,no posee,calefont 7 litros tiro forzado,1.9,1.9,0.47,0.47,60,1.0,False
9caddd2026,49.9,d,casa_pareada,no posee,calefont 7 litros tiro forzado,1.9,1.9,0.47,0.47,42,0.6206896753722028,False
70c5e82023,50.8,d,depto,no aplica,calefont glp,1.9,1.9,0.47,0.47,-1,0.0,True
f587f92019,51.7,d,depto,no posee,calefont 7 litros tiro forzado,1.9,1.9,0.47,0.47,58,1.0,False
a812522023,55.0,a,depto,no posee,calefont 7 litros tiro forzado,4.0,4.0,0.84,0.84,5,1.0,False
f314752024,47.4,d,casa_pareada,no posee,calefont 13 litros,1.9,1.9,0.47,0.47,-1,0.0,True
9e7c1c2019,74.9,d,casa_aislada,estufa fija,calefont 14 litros,1.0,1.0,0.0,0.0,-1,0.0,True
0d12da2020,46.2,f,casa_pareada,no posee,calefont glp,1.7,1.7,0.38,0.38,27,1.0,False
896fd02023,31.3,d,depto,no posee,la torre cuenta con 2 calderas de gas natural sime modelo,1.9,1.9,0.47,0.47,-1,0.0,True
1e246b2023,49.3,c,depto,no aplica,calefont glp,4.0,4.0,0.84,0.84,-1,0.0,True
465f2a2021,55.0,d,depto,no posee,calefont gas licuado,1.9,1.9,0.47,0.47,-1,0.0,True
0bef562020,48.7,e,depto,no posee,termo eléctrico,1.7,1.7,0.38,0.38,-1,0.0,True
1a1fed2020,51.1,d,depto,no posee,calefont glp,1.9,1.9,0.47,0.47,49,1.0,False
bf72bd2021,48.6,d,depto,no posee,calefont glp,1.9,1.9,0.47,0.47,44,0.0,False
a40b082026,48.5,d,depto,no posee,calefont glp,1.9,1.9,0.47,0.47,44,1.0,False
ddfd6a2024,52.4,d,casa_pareada,no posee,calefont glp,3.0,3.0,0.6,0.6,-1,0.0,True
1caeba2026,42.7,g,casa_aislada,no posee,calefont glp,1.1,1.1,0.28,0.28,20,1.0,False
34970b2018,52.8,a,depto,no posee,calefont 7 litros tiro forzado,4.0,4.0,0.84,0.84,5,1.0,False
072c6e2024,49.9,d,depto,no posee,calefont glp,1.9,1.9,0.47,0.47,-1,0.0,True
69c7362024,105.2,d,casa_aislada,panel eléctrico radiante.,calefon,1.9,1.9,0.47,0.47,-1,0.0,True
1837a72025,34.5,d,depto,no posee,el edificio cuenta con 3 calderas de condensación aldens wm,1.9,1.9,0.47,0.47,-1,0.0,True
21ad732019,47.2,d,depto,no posee,calefont 7 litros tiro forzado,1.9,1.9,0.47,0.47,61,1.0,False
ec46fe2025,21.6,d,depto,no posee,termo eléctrico splendid 80 lt,1.9,1.9,0.47,0.47,-1,0.0,True
80faa82026,44.2,d,depto,no posee,el edificio cuenta con 4 calderas a gas natural de condensación,1.9,1.9,0.47,0.47,-1,0.0,True
debcc32026,47.6,d,depto,no posee,calefont 7 litros tiro forzado,1.7,1.7,0.38,0.38,56,1.0,False
65bd632024,28.5,d,depto,no considera,caldera con condensación,1.9,1.9,0.47,0.47,53,1.0,False
1c934a2018,66.1,g,casa_aislada,no posee,calefont 7 litros tiro forzado,1.1,1.1,0.28,0.28,-1,0.0,True
cfb8242020,34.6,d,depto,no posee,calentamiento de agua con caldera a condensación,1.9,1.9,0.47,0.47,50,0.00881953798648314,False
ada05b2021,48.4,d,depto,no posee,calefont 7 litros tiro forzado,1.9,1.9,0.47,0.47,60,1.0,False
dae00d2021,61.7,c,depto,no posee,"central térmica calefont condensación, gas licuado, bosch,",4.0,4.0,0.84,0.84,-1,0.0,True
Base Pareada c3b54c2018,58.7,d,casa_pareada,no posee,calefont 7 litros tiro forzado,1.7,1.7,0.38,0.38,46,1.0,False
c2b8572025,42.6,g,casa_aislada,no posee,calefont 7 litros,1.1,1.1,0.28,0.28,17,1.0,False
7b38372021,54.3,f,depto,no posee,calefont tiro forzado,1.7,1.7,0.38,0.38,-1,0.0,True
e303792024,42.8,b,depto,0,"calefon junkers wr13-2 km e31 s4305, 13 litros, gas licuado",4.0,4.0,0.84,0.84,-1,0.0,True
f892b92025,55.5,d,casa_pareada,no posee,calefont 7 litros tiro forzado,1.7,1.7,0.38,0.38,45,1.0,False
520e812019,124.0,e,casa_aislada,caldera a gas sin condensacion encendido electronico control,caldera a gas licuado,1.7,1.7,0.38,0.38,-1,0.0,True
703f3b2026,43.5,g,depto,no posee,calefont 7 litros tiro forzado,1.6,1.6,0.33,0.33,22,1.0,False
ebaa322023,22.3,d,depto,no posee,5 calderas de gas natural genus premium evo hp 150 de 140,1.0,1.0,0.0,0.0,2,0.9814138620671692,False
146c462019,29.8,d,depto,no posee,calefont 7 litros tiro forzado,1.9,1.9,0.47,0.47,57,1.0,False
4456002025,55.4,a,depto,no posee,"termo eléctrico anwo van200l, potencia 3.0 kw",4.0,4.0,0.84,0.84,4,1.0,False
651b432025,67.6,d,depto,sin sistema,calefont,1.9,1.9,0.47,0.47,50,0.00881953798648314,False
749b1e2024,33.7,d,depto,"central térmica, 3 calderas murales de condensación","central térmica, 3 calderas murales de condensación",1.9,1.9,0.47,0.47,-1,0.0,True
c11fae2025,50.8,c,depto,no posee,calefont 7 litros tiro forzado,4.0,4.0,0.84,0.84,3,1.0,False
da86102021,35.8,d,depto,no posee,el edificio cuenta con 2 calderas para el edificio sur y 3 calderas,1.9,1.9,0.47,0.47,8,0.07259158922291108,False
eec8f22024,51.4,d,depto,no posee,calefont,1.9,1.9,0.47,0.47,50,1.0,False
047fc72024,49.6,f,casa_pareada,no posee,calefont 10 litros tiro forzado,1.7,1.7,0.38,0.38,-1,0.0,True
0f986f2025,48.9,d,depto,no posee,calefont 7 litros tiro forzado,1.7,1.7,0.38,0.38,56,0.46153849123780327,False
687ad12022,43.7,f,casa_aislada,no posee,calefont glp,1.6,1.6,0.33,0.33,19,1.0,False
f582cf2025,68.5,e,casa_aislada,no posee,calefont 7 litros tiro forzado,1.7,1.7,0.38,0.38,33,0.012550881504633415,False
54e4692024,44.4,g,depto,no posee,calefont individual. gas licuado,1.6,1.6,0.33,0.33,-1,0.0,True
c48c7b2024,29.5,d,depto,no considera,caldera con condensación,1.9,1.9,0.47,0.47,53,1.0,False
c26ab82024,47.0,e,casa_pareada,no posee,calefont 7 litros tiro forzado,1.7,1.7,0.38,0.38,34,1.0,False
bd65772024,57.8,d,depto,sin sistema,calefont,1.9,1.9,0.47,0.47,50,0.00881953798648314,False
1751812022,52.3,d,depto,no posee,calefont glp,1.9,1.9,0.47,0.47,47,1.0,False
ef22952023,98.4,d,casa_aislada,no considera,calefón,1.9,1.9,0.47,0.47,-1,0.0,True
4392662026,48.6,d,depto,no posee,calefont 7 litros tiro forzado,1.9,1.9,0.47,0.47,60,1.0,False
aa27922023,68.1,d,depto,no posee,calefont 7 litros tiro forzado,1.9,1.9,0.47,0.47,-1,0.0,True
1e8da52024,78.4,d,depto,calefacción: radiadores extraplanos marca ocean modelos,sistema acs: caldera marca aqua plus rb 30/32,1.9,1.9,0.47,0.47,-1,0.0,True
81af5a2019,48.5,d,depto,no posee,calefont 7 litros tiro forzado,1.9,1.9,0.47,0.47,60,1.0,False
afc59e2024,52.2,b,depto,no posee,calefont 7 litros tiro forzado,4.0,4.0,0.84,0.84,3,0.00339213025673568,False
7862b02024,48.6,f,depto,no posee,calefont,1.6,1.6,0.33,0.33,-1,0.0,True
6bfe332025,47.0,a,depto,no posee,termo eléctrico,4.0,4.0,0.84,0.84,-1,0.0,True
16b0422024,55.6,a,depto,no posee,calefont 7 litros tiro forzado,4.0,4.0,0.84,0.84,5,1.0,False
a093632026,51.6,d,depto,no posee,calefont 7 litros tiro forzado,3.0,3.0,0.6,0.6,55,1.0,False
601e6e2025,53.4,f,casa_aislada,bomba de calor,calefont 10 litros tiro forzado,1.7,1.7,0.38,0.38,-1,0.0,True
203d022023,53.7,d,depto,no posee,calefont tiro forzado,1.7,1.7,0.38,0.38,24,1.0,False
c4a5532024,131.8,c,casa_pareada,panel eléctrico de vidrio marca anwo modelo ndfl,calefont marco anwo,3.0,3.0,0.6,0.6,-1,0.0,True
c5b2072020,51.1,d,depto,no posee,calefont glp,1.9,1.9,0.47,0.47,49,1.0,False
bfbc552020,57.2,b,depto,no posee,calefont 7 litros tiro forzado,3.0,3.0,0.6,0.6,-1,0.0,True
1446332025,53.1,c,casa_pareada,0,"calefón junkers smart wr13-2 km e31 s4305 13 litros, gas",4.0,4.0,0.84,0.84,-1,0.0,True
b410e62024,52.4,e,depto,no posee,calefont 7 litros tiro forzado,1.7,1.7,0.38,0.38,54,1.0,False
a5e0952026,51.3,e,depto,no posee,calefont glp,1.7,1.7,0.38,0.38,-1,0.0,True
0f23f02020,55.1,d,depto,no posee,"calefon tiro forzado, modelo forza tfm 10 eco,",3.0,3.0,0.6,0.6,-1,0.0,True
1437d62023,42.6,f,casa_pareada,no posee,calefont 7 litros tiro forzado,1.7,1.7,0.38,0.38,16,1.0,False
8b04ea2024,57.8,d,casa_pareada,no posee,calefont 7 litros tiro forzado,1.9,1.9,0.47,0.47,43,0.6153846153846154,False
b21f3d2022,55.3,d,depto,no posee,calefont glp,1.9,1.9,0.47,0.47,-1,0.0,True
d4ac532021,51.3,d,depto,no posee,calefont glp,1.9,1.9,0.47,0.47,49,0.0,False
a306bf2024,48.6,d,depto,no posee,calefont glp,1.9,1.9,0.47,0.47,44,0.0,False
b9cb752025,50.9,d,depto,no posee,calefont glp,1.9,1.9,0.47,0.47,48,1.0,False
05437d2021,99.0,d,casa_aislada,la calefaccion queda provista mediante convectores electricos,el agua caliente queda provista mediante calefon automatico,1.7,1.7,0.38,0.38,-1,0.0,True
93c5d12023,44.5,f,casa_pareada,no posee,calefont 7 litros tiro forzado,1.7,1.7,0.38,0.38,16,1.0,False
888fcc2026,53.0,d,depto,no posee,calefont glp,1.9,1.9,0.47,0.47,-1,0.0,True
93f7bf2019,47.2,d,depto,no posee,calefont 7 litros tiro forzado,1.9,1.9,0.47,0.47,61,1.0,False
250c5d2025,53.1,c,casa_pareada,0,"calefón junkers smart wr13-2 km e31 s4305 13 litros, gas",4.0,4.0,0.84,0.84,-1,0.0,True
3836a82021,28.7,d,depto,no considera,central termica,1.9,1.9,0.47,0.47,-1,0.0,True
1b4cb22024,50.4,d,casa_pareada,no posee,calefont glp,1.9,1.9,0.47,0.47,39,1.0,False
4150cd2026,35.0,d,depto,no considera,caldera a condensación,1.9,1.9,0.47,0.47,-1,0.0,True
6008832021,49.5,f,casa_aislada,no posee,calefont 10 litros tiro forzado,1.7,1.7,0.38,0.38,15,1.0,False
1ebca82021,49.0,h,casa_pareada,no posee,calefont glp,1.6,1.6,0.33,0.33,-1,0.0,True
512c852018,43.0,f,,no posee,calefont 7 litros tiro forzado,1.6,1.6,0.33,0.33,-1,0.0,True
a7e6ee2023,64.4,e,casa_aislada,no posee,sistema aquatank 270 con bomba de calor para acs y,1.7,1.7,0.38,0.38,-1,0.0,True
ae899f2026,57.8,e,depto,sin sistema,calefont tiro forzado 13 lts,1.7,1.7,0.38,0.38,35,1.0,False
ce61d32026,54.3,e,casa_pareada,calefactor electrico,calefont 10 litros gl,1.7,1.7,0.38,0.38,-1,0.0,True
3e35c72023,49.9,d,depto,no posee,calefont glp,3.0,3.0,0.6,0.6,37,1.0,False
f903362021,51.0,d,depto,no posee,calefont glp,1.9,1.9,0.47,0.47,48,1.0,False
911af02026,20.0,e,depto,no posee,calefont 7 litros tiro forzado,1.7,1.7,0.38,0.38,54,0.1842105113427154,False
6089d52021,52.2,d,depto,estufa kerosene 3 kw,calefon tiro natural 10 lts +sst,1.7,1.7,0.38,0.38,1,0.9996608826569533,False
5d1f342023,66.8,d,depto,no posee,calefont 13 litros tiro forzado,1.9,1.9,0.47,0.47,-1,0.0,True
fcd6982019,40.4,d,depto,no posee,calefont 7 litros tiro forzado,1.9,1.9,0.47,0.47,-1,0.0,True
5fdf442022,62.5,d,casa_pareada,no posee,calefont tiro forzado,1.7,1.7,0.38,0.38,7,1.0,False
ab13912024,40.5,d,depto,no posee,caldera condensacin,1.9,1.9,0.47,0.47,-1,0.0,True
e320c52024,70.4,d,casa_aislada,no posee,calefont 10 litros tiro forzado,1.9,1.9,0.47,0.47,-1,0.0,True
0835422025,50.8,d,depto,no posee,calefont glp,1.9,1.9,0.47,0.47,48,1.0,False
d372c42025,66.5,d,depto,no posee,calefont glp,1.9,1.9,0.47,0.47,-1,0.0,True
b376762019,44.3,e,casa_pareada,no posee,calefont glp,1.7,1.7,0.38,0.38,25,1.0,False
12730d2022,55.5,d,casa_pareada,no posee,calefont 7 litros tiro forzado,1.7,1.7,0.38,0.38,45,1.0,False
e5c6cb2022,46.1,d,depto,no considera,calefont,1.9,1.9,0.47,0.47,50,0.00881953798648314,False
b140b12024,131.8,c,casa_pareada,panel eléctrico de vidrio marca anwo modelo ndfl,calefont marco anwo,3.0,3.0,0.6,0.6,-1,0.0,True
abe4fa2018,111.0,d,casa_aislada,"calefactor italkero stratos 5.0, tiro balanceado","rheem 16 litros, tiro forzado",1.0,1.0,0.0,0.0,-1,0.0,True
21f4f62023,34.8,d,depto,no posee,calentamiento de agua con caldera a condensación,1.9,1.9,0.47,0.47,50,0.00881953798648314,False
170e492023,57.8,d,depto,no posee,calefont 7 litros tiro forzado,1.9,1.9,0.47,0.47,-1,0.0,True
80dacf2026,48.1,e,casa_aislada,no posee,calefont glp,1.7,1.7,0.38,0.38,21,1.0,False
878c782025,44.8,d,depto,no posee,calefont,1.9,1.9,0.47,0.47,50,1.0,False
00e9312024,71.3,d,depto,caldera mural,caldera mural,1.7,1.7,0.38,0.38,-1,0.0,True
e26aca2021,60.3,d,casa_pareada,no posee,calefon,1.9,1.9,0.47,0.47,-1,0.0,True
e4ddaa2020,46.2,f,casa_pareada,no posee,calefont glp,1.7,1.7,0.38,0.38,27,1.0,False
c1b2872023,41.9,d,depto,no posee,caldera a condensación,1.9,1.9,0.47,0.47,18,1.0,False
7067bb2023,29.6,c,depto,no posee,caldera con condensación,4.0,4.0,0.84,0.84,-1,0.0,True
ba97db2023,47.0,d,casa_pareada,no posee,calefont 7 litros tiro forzado,1.7,1.7,0.38,0.38,41,1.0,False
347b132026,43.6,e,depto,no posee,calefont 7 litros tiro forzado,1.7,1.7,0.38,0.38,54,1.0,False
b30db42023,42.6,f,casa_pareada,no posee,calefont 7 litros tiro forzado,1.7,1.7,0.38,0.38,16,1.0,False
5cf52c2026,47.0,d,casa_pareada,no posee,calefont 7 litros tiro forzado,1.7,1.7,0.38,0.38,41,1.0,False
7e66a42025,52.7,a,depto,no posee,"calefon splendid mvg tfi de 10 litros, de 17,6 kw potencia",4.0,4.0,0.84,0.84,4,1.0,False
fc25ab2019,56.9,a,depto,no posee,calefont 7 litros tiro forzado,4.0,4.0,0.84,0.84,5,0.46153849123780327,False
62c8432020,69.0,f,casa_aislada,electricidad,calefont 13 litros tiro forzado,1.7,1.7,0.38,0.38,-1,0.0,True
75d0442023,48.6,d,casa_aislada,no aplica,calefont glp,1.9,1.9,0.47,0.47,-1,0.0,True
4845fe2022,52.3,d,depto,no posee,calefont glp,1.9,1.9,0.47,0.47,47,1.0,False
9810e92024,79.6,d,casa_aislada,no posee,calefont 10 litros tiro natural,1.7,1.7,0.38,0.38,-1,0.0,True
e66df62021,52.1,d,casa_pareada,no posee,calefont 10 litros tiro forzado,1.7,1.7,0.38,0.38,36,0.02654312861602531,False
d89afd2020,79.6,d,casa_pareada,estufa kerosene 3 kw,calefon tiro natural 10 lts +sst,1.7,1.7,0.38,0.38,1,1.0,False
abccfa2022,32.6,d,depto,no posee,caldera de condensación,1.9,1.9,0.47,0.47,28,1.0,False
2bc6952022,49.9,d,depto,no posee,calefont glp,3.0,3.0,0.6,0.6,37,1.0,False
5d487d2026,47.0,d,casa_pareada,no posee,calefont 7 litros tiro forzado,1.9,1.9,0.47,0.47,42,1.0,False
83fbec2020,34.8,d,depto,no posee,calentamiento de agua con caldera a condensación,1.9,1.9,0.47,0.47,50,0.00881953798648314,False
d9a6e92023,74.3,f,depto,radiador eléctrico,termo eléctrico,1.6,1.6,0.33,0.33,-1,0.0,True
cd8bdd2025,53.2,d,casa_pareada,no posee,calefont 7 litros tiro forzado,1.9,1.9,0.47,0.47,43,1.0,False
0ac9612024,51.7,f,casa_aislada,"estufa a parafina tiro forzado marca toyotomi modelo ff-v30t,","calefont marca mademsa modelo. forced 10 eco gl, con una",1.6,1.6,0.33,0.33,-1,0.0,True
1dbbde2022,55.4,a,depto,no posee,"calefon splendid, master mvg tfi 10, 10 litros, gas licuado",4.0,4.0,0.84,0.84,-1,0.0,True
07d8bb2023,81.6,d,depto,radiadores eléctricos,termos eléctricos 189lts,1.9,1.9,0.47,0.47,-1,0.0,True
5fb66e2018,81.2,d,casa_aislada,no posee,calefont 7 litros tiro forzado,1.9,1.9,0.47,0.47,33,0.5692307794656191,False
eb7efb2024,52.8,d,casa_pareada,no posee,calefont glp,1.9,1.9,0.47,0.47,39,1.0,False
4d73e72026,43.6,f,depto,no posee,calefont 7 litros tiro forzado,1.7,1.7,0.38,0.38,31,1.0,False
81f7b42023,68.0,d,casa_pareada,no posee,calefont tiro forzado,1.7,1.7,0.38,0.38,7,1.0,False
7e0e9f2021,51.3,d,depto,no posee,calefont glp,1.9,1.9,0.47,0.47,49,0.0,False
5d83952019,56.9,a,depto,no posee,calefont 7 litros tiro forzado,4.0,4.0,0.84,0.84,5,0.46153849123780327,False
3079342023,45.2,d,depto,no posee,"calefón splendid mvg tfi 13 litros, gas natural de 22,5 kw",1.9,1.9,0.47,0.47,-1,0.0,True
743dd62020,73.6,d,depto,radiadores eléctricos 1000w,termo eléctrico 155lts,1.9,1.9,0.47,0.47,-1,0.0,True
1e00522022,31.2,d,depto,no posee,el edificio cuenta con 2 calderas sime 2r10 de 154.500 kcal/h,1.9,1.9,0.47,0.47,-1,0.0,True
39562a2022,84.4,d,casa_aislada,no posee,calefont 7 litros tiro forzado,1.9,1.9,0.47,0.47,33,0.5692307794656191,False
fe2b432019,51.0,d,depto,no posee,calefont glp,1.9,1.9,0.47,0.47,48,1.0,False
9fe4a22022,26.9,d,depto,no posee,caldera a condensación,1.9,1.9,0.47,0.47,18,1.0,False
2981fb2025,47.0,e,casa_pareada,no posee,calefont 7 litros tiro forzado,1.7,1.7,0.38,0.38,34,1.0,False
91ed5d2021,50.7,d,casa_pareada,no posee,calefont 10 litros tiro forzado,1.9,1.9,0.47,0.47,36,1.0,False
837a1a2022,29.1,d,depto,no posee,el edificio cuenta con 2 calderas de gas natural ivar super,1.9,1.9,0.47,0.47,-1,0.0,True
800b4e2026,51.7,d,depto,no posee,calefont 13 litros tiro forzado,1.9,1.9,0.47,0.47,-1,0.0,True
021e512025,51.3,i,casa_pareada,caldera a gas - gaz 6000 w- marca bosch,caldera a gas - gaz 6000 w- marca bosch,0.6,0.6,0.25,0.25,-1,0.0,True
16 12704a2018,41.3,e,casa_pareada,no posee,calefont 7 litros tiro forzado,1.0,1.0,0.0,0.0,2,0.9899564345574308,False
0506a62026,52.4,d,depto,sin sistema,calefont tiro forzado 10 litros,1.9,1.9,0.47,0.47,-1,0.0,True
5e30292025,42.6,g,casa_aislada,no posee,calefont 7 litros,1.1,1.1,0.28,0.28,17,1.0,False
eb90632026,58.6,i,casa_pareada,no posee,calefont 7 litros tiro forzado,0.6,0.6,0.25,0.25,-1,0.0,True
c4f96e2023,86.3,f,casa_aislada,no posee,calefont 7 litros tiro forzado,1.7,1.7,0.38,0.38,14,1.0,False
3ab2232025,49.8,g,depto,sin sistema,calefon junkers wd7,1.1,1.1,0.28,0.28,-1,0.0,True
bf45062022,47.2,d,depto,0,calefont 10 litros tiro forzado,1.7,1.7,0.38,0.38,-1,0.0,True
657c152024,34.3,d,depto,no posee,caldera modular de condensación,1.9,1.9,0.47,0.47,-1,0.0,True
710d592026,48.5,d,depto,no posee,calefont glp,1.9,1.9,0.47,0.47,44,1.0,False
5cba132026,48.5,d,depto,no posee,calefont glp,1.9,1.9,0.47,0.47,44,1.0,False
a62bbc2024,62.9,d,depto,no posee,calefont,1.9,1.9,0.47,0.47,50,0.5098039061309078,False
591da82023,42.6,f,casa_pareada,no posee,calefont 7 litros tiro forzado,1.7,1.7,0.38,0.38,16,1.0,False
aa8a752023,55.6,c,casa_pareada,no posee,calefon tiro natural marca splendid modelo,4.0,4.0,0.0,0.0,-1,0.0,True
8164882024,50.4,d,depto,no posee,calefont 11 litros tiro forzado,1.9,1.9,0.47,0.47,-1,0.0,True
ed4bdf2023,136.4,d,casa_aislada,no posee,calefont 7 litros tiro forzado,1.9,1.9,0.47,0.47,33,0.16972477532170413,False
3b509f2025,32.7,d,depto,no posee,caldera de condensación,1.9,1.9,0.47,0.47,28,1.0,False
c200362019,53.0,d,casa_pareada,no posee,"calefont splendid, master 10",1.0,1.0,0.0,0.0,2,0.9771976252412191,False
7570742018,56.8,e,depto,no posee,calefont 7 litros tiro forzado,1.7,1.7,0.38,0.38,54,1.0,False
4cac6c2021,56.3,d,depto,no considera,calefont 11 litros,3.0,3.0,0.6,0.6,-1,0.0,True
f51c352025,57.8,f,depto,no posee,calefont 7 litros tiro forzado,1.7,1.7,0.38,0.38,31,1.0,False
7b1ee42022,43.1,d,depto,no posee,el edificio cuenta con 2 calderas para el edificio sur y 3 calderas,1.9,1.9,0.47,0.47,8,0.07259158922291108,False
3443472022,84.9,d,depto,"calefaciión mediante 4 calderas marca baxi, modelo luna","agua caliente mediante 4 calderas marca baxi, modelo luna",1.9,1.9,0.47,0.47,-1,0.0,True
b0e65f2022,46.1,e,casa_aislada,no posee,calefont glp,1.7,1.7,0.38,0.38,21,0.19999998455634352,False
ccd9a82023,65.0,c,depto,no posee,caldera con condensación,4.0,4.0,0.84,0.84,-1,0.0,True
ac28b92022,48.3,e,depto,no posee,calefont 10 litros tiro forzado,1.7,1.7,0.38,0.38,-1,0.0,True
d636fe2024,38.7,c,casa_pareada,no posee,calefont 7 litros tiro forzado,4.0,4.0,0.84,0.84,3,0.00339213025673568,False
cdc4992024,27.9,d,depto,losa radiante,caldera con condensación,1.9,1.9,0.47,0.47,-1,0.0,True
f7d9472023,61.1,f,casa_aislada,no aplica,calefont glp,1.7,1.7,0.38,0.38,-1,0.0,True
7ee6142025,47.8,d,casa_pareada,no posee,calefont glp,1.9,1.9,0.47,0.47,39,0.666666652366985,False
80aa662025,53.2,d,casa_pareada,no posee,calefont 7 litros tiro forzado,1.9,1.9,0.47,0.47,43,1.0,False
f11fdf2026,42.8,e,depto,no posee,calefont 7 litros tiro forzado,1.7,1.7,0.38,0.38,54,1.0,False
d089752022,28.3,d,depto,no existe,sistema de calentamiento de agua con estanque eléctrico,1.9,1.9,0.47,0.47,-1,0.0,True
077f5c2021,50.0,c,depto,no posee,calefont 10 litros tiro forzado,3.0,3.0,0.6,0.6,-1,0.0,True
e6f1cd2019,41.2,f,depto,no posee,calefont 7 litros tiro forzado,1.6,1.6,0.33,0.33,32,0.974999963321316,False
c441992024,49.8,b,casa_aislada,no posee,calefont 7 litros tiro forzado,3.0,3.0,0.6,0.6,-1,0.0,True
95c2692025,42.3,b,depto,no posee,calefont glp,3.0,3.0,0.6,0.6,-1,0.0,True
e5cd462021,53.1,d,depto,radiadores,calefon con condensación,1.9,1.9,0.47,0.47,-1,0.0,True
a2b7bd2024,48.3,f,casa_pareada,no posee,calefont glp,1.7,1.7,0.38,0.38,27,0.0,False
6b0e3b2026,47.0,d,casa_pareada,no posee,calefont 7 litros tiro forzado,1.9,1.9,0.47,0.47,42,1.0,False
1368e82025,48.5,d,depto,no posee,sistema centralizado a gas natural.,1.9,1.9,0.47,0.47,-1,0.0,True
dcc0fb2024,31.3,d,depto,no aplica,3 calderas murales de condensación,1.9,1.9,0.47,0.47,-1,0.0,True
438f9d2026,48.8,d,depto,no posee,calefont 13 litros tiro forzado,1.9,1.9,0.47,0.47,-1,0.0,True
6212e82023,53.1,d,depto,no posee,calefont 7 litros tiro forzado,3.0,3.0,0.6,0.6,55,1.0,False
8caff12026,49.4,f,depto,no posee,calefont 7 litros tiro forzado,1.6,1.6,0.33,0.33,32,1.0,False
de69f12023,41.2,f,casa_aislada,no aplica,calefont glp,1.6,1.6,0.33,0.33,-1,0.0,True
f5be332026,70.6,c,depto,no posee,calefont 7 litros tiro forzado,3.0,3.0,0.6,0.6,51,0.22424241471245449,False
Lote 2 640efa2023,54.0,f,casa_pareada,no aplica,calefont glp,1.6,1.6,0.33,0.33,26,1.0,False
cfcaef2026,43.1,d,depto,no posee,caldera condensación,1.9,1.9,0.47,0.47,13,1.0,False
5be0532019,55.0,a,depto,no posee,calefont 10 litros tiro forzado,4.0,4.0,0.84,0.84,-1,0.0,True
bdf04d2021,52.2,d,depto,estufa kerosene 3 kw,calefon tiro natural 10 lts +sst,1.7,1.7,0.38,0.38,1,0.9996608826569533,False
5efb862023,33.0,d,depto,no posee,la torre cuenta con 2 calderas de gas natural sime modelo,1.9,1.9,0.47,0.47,-1,0.0,True
a0fb052023,30.7,d,depto,no posee,central termica,1.9,1.9,0.47,0.47,38,0.7058823342377866,False
d677722023,49.8,f,depto,no posee,calefont 12 litros tiro forzado,1.6,1.6,0.33,0.33,-1,0.0,True
7fc7312026,57.8,d,depto,sin sistema,calefont tiro forzado 13 lts splendid modelo mvg tfi 13,1.9,1.9,0.47,0.47,50,0.00881953798648314,False
9b45a72023,70.1,d,casa_pareada,no posee,calefont,1.9,1.9,0.47,0.47,10,1.0,False
28544c2023,29.0,d,depto,no posee,central termica,1.9,1.9,0.47,0.47,38,1.0,False
438efa2019,105.0,e,casa_aislada,"caldera mural mixta gas natural, marca anwo, modelo aqua","caldera mural mixta gas natural, marca anwo, modelo aqua",1.7,1.7,0.38,0.38,-1,0.0,True
d090712021,43.3,e,casa_aislada,no posee,calefont glp,1.7,1.7,0.38,0.38,21,0.14285714285714285,False
fc4e922019,38.7,f,casa_aislada,no posee,calefont 7 litros tiro forzado,1.6,1.6,0.33,0.33,14,0.22884858922265802,False
917d402022,27.8,d,depto,no considera,central térmica,1.9,1.9,0.47,0.47,-1,0.0,True
7c20142023,49.1,d,depto,no posee,calefont 7 litros tiro forzado,1.9,1.9,0.47,0.47,60,1.0,False
0d89612020,43.7,d,casa_pareada,no posee,calefont 7 litros tiro forzado,1.9,1.9,0.47,0.47,42,1.0,False
929a552023,52.2,f,depto,no aplica,calefont glp,1.6,1.6,0.33,0.33,-1,0.0,True
fa0a9d2024,39.1,d,depto,no considera,central térmica,1.9,1.9,0.47,0.47,-1,0.0,True
311b802019,52.1,d,depto,no posee,sistema de calentamiento de agua directo a gas 13 lt,1.9,1.9,0.47,0.47,-1,0.0,True
22766c2025,43.6,d,depto,no posee,"central térmica con 8 calentadores de agua, marca anwo,",1.0,1.0,0.0,0.0,2,0.9996619144450413,False
2064b02024,28.7,d,depto,no posee,termo eléctrico 100 l,1.9,1.9,0.47,0.47,-1,0.0,True
240f992020,66.0,c,depto,no posee,departamentos con sistema centralizado de caldera a condensación,4.0,4.0,0.84,0.84,-1,0.0,True
71f5b92022,47.2,f,casa_pareada,no posee,calefont glp,1.7,1.7,0.38,0.38,27,0.0,False
f0709d2026,58.6,i,casa_pareada,no posee,calefont 7 litros tiro forzado,0.6,0.6,0.25,0.25,-1,0.0,True
d714972025,57.8,d,depto,no posee,calefont,1.9,1.9,0.47,0.47,50,1.0,False
4693e12021,42.0,d,casa_pareada,no posee,calefont glp,1.9,1.9,0.47,0.47,40,1.0,False
9a8bf42022,54.1,c,depto,no posee,calefont 7 litros tiro forzado,3.0,3.0,0.6,0.6,51,1.0,False
33f8262025,62.6,d,depto,no posee,calefon,1.9,1.9,0.47,0.47,-1,0.0,True
ab60192025,37.6,d,depto,no posee,sala de calderas,1.9,1.9,0.47,0.47,12,1.0,False
fcf4ea2025,51.0,e,depto,no posee,calefont 7 litros tiro forzado,1.7,1.7,0.38,0.38,54,1.0,False
adf5112019,48.5,d,depto,no posee,calefont 7 litros tiro forzado,1.9,1.9,0.47,0.47,60,1.0,False
906d442022,48.3,e,depto,no posee,calefont 10 litros tiro forzado,1.7,1.7,0.38,0.38,-1,0.0,True
b1be7f2023,55.5,d,casa_pareada,no posee,calefont 7 litros tiro forzado,1.7,1.7,0.38,0.38,45,1.0,False
629c532025,57.8,d,depto,no posee,calefont,1.9,1.9,0.47,0.47,50,1.0,False
74a3d52022,50.1,d,depto,no posee,calefont 10 litros tiro forzado,3.0,3.0,0.6,0.6,11,0.009571054886205977,False
b882752026,57.8,e,depto,sin sistema,calefont tiro forzado 13 lts,1.7,1.7,0.38,0.38,35,1.0,False
90701d2026,51.4,c,depto,no posee,calefont 7 litros tiro forzado,4.0,4.0,0.84,0.84,3,1.0,False
87d9f12019,40.6,d,depto,no posee,"5 calderas murales de condensación a gas natural, baxi luna",1.9,1.9,0.47,0.47,-1,0.0,True
2625312026,47.6,d,depto,no posee,calefont 7 litros tiro forzado,1.7,1.7,0.38,0.38,56,1.0,False
ccfaab2026,71.7,d,casa_pareada,sin sistema,calefont,1.9,1.9,0.47,0.47,-1,0.0,True
c7c45e2025,40.4,d,depto,no posee,sala de calderas,1.9,1.9,0.47,0.47,12,1.0,False
8a1ac62025,57.8,d,casa_pareada,no posee,calefont 7 litros tiro forzado,1.7,1.7,0.38,0.38,46,1.0,False
48f37e2020,42.7,d,depto,no posee,calefont 7 litros tiro forzado,1.0,1.0,0.0,0.0,2,1.0,False
3a04752021,46.6,f,depto,no posee,calefont 10 litros tiro forzado,1.7,1.7,0.38,0.38,-1,0.0,True
d1d7062023,38.8,d,depto,no posee,el edificio cuenta con 2 calderas de gas natural ivar super,1.9,1.9,0.47,0.47,-1,0.0,True
b2aa0e2022,91.6,d,casa_pareada,no posee,calefont tiro forzado,1.7,1.7,0.38,0.38,7,1.0,False
49ab3c2019,74.8,d,casa_aislada,no posee,calefont tiro forzado 10 lt,1.0,1.0,0.0,0.0,2,0.9647634465122429,False
7736ce2026,67.6,e,depto,sin sistema,calefont tiro forzado 13 lts,1.7,1.7,0.38,0.38,35,1.0,False
cdf4ae2025,30.7,d,depto,no posee,calefont 7 litros tiro forzado,1.9,1.9,0.47,0.47,57,1.0,False
45b50d2018,51.7,a,depto,no posee,calefont 7 litros tiro forzado,4.0,4.0,0.84,0.84,5,0.5454545422637074,False
7cecc52018,52.1,d,depto,no posee,calefont 10 litros tiro forzado,1.7,1.7,0.38,0.38,11,0.027507854358327408,False
a064f72024,37.8,d,depto,no posee,caldera con condensación,1.9,1.9,0.47,0.47,52,1.0,False
b3d8b52024,49.5,f,depto,no posee,calefont 7 litros tiro forzado,1.7,1.7,0.38,0.38,31,1.0,False
ab90e42020,46.2,f,casa_pareada,no posee,calefont glp,1.7,1.7,0.38,0.38,27,1.0,False
0dcd962025,55.5,d,casa_pareada,no posee,calefont 13 litros tiro forzado,1.9,1.9,0.47,0.47,-1,0.0,True
fb257b2022,45.1,d,depto,no posee,caldera con condensación,1.9,1.9,0.47,0.47,52,0.8333332618349243,False
cb9ec52025,46.3,a,depto,calefactor electrico,calefont 12 litros gl,4.0,4.0,0.84,0.84,-1,0.0,True
3a79f12024,37.1,a,depto,no posee,termo eléctrico junkers/bosch,4.0,4.0,0.84,0.84,-1,0.0,True
e863262019,45.2,d,depto,no posee,calefont 7 litros tiro forzado,1.9,1.9,0.47,0.47,-1,0.0,True
30 754c432019,52.3,d,casa_pareada,no posee,calefont 7 litros tiro forzado,3.0,3.0,0.6,0.6,-1,0.0,True
dfc2a12020,57.2,d,casa_pareada,no posee,"calefon tiro natural, modelo master de 7 lts,",3.0,3.0,0.6,0.6,-1,0.0,True
09d4462023,54.6,f,depto,radiador eléctrico,termo eléctrico,1.6,1.6,0.33,0.33,-1,0.0,True
b88e8e2025,54.2,d,casa_aislada,no posee,calefont 7 litros tiro forzado,1.7,1.7,0.38,0.38,33,0.037811515147903374,False
4681e92023,52.5,e,casa_pareada,no posee,sistema aquatank 270 con bomba de calor para acs y,1.7,1.7,0.38,0.38,-1,0.0,True
9578b92025,30.9,g,depto,"no posee sistema de calefacción, si incluye equipo panel","termo eléctrico de 80 y 120 litros, para deptos. de 1 dormitorio",1.6,1.6,0.33,0.33,-1,0.0,True
f23ee02020,28.7,d,depto,no posee,calefont 13 litros tiro forzado,1.9,1.9,0.47,0.47,-1,0.0,True
b765672024,63.0,d,depto,"central térmica, 3 calderas murales de condensación","central térmica, 3 calderas murales de condensación",1.9,1.9,0.47,0.47,-1,0.0,True
a9fd792022,79.4,d,casa_pareada,no posee,calefont tiro forzado,1.7,1.7,0.38,0.38,7,1.0,False
3443072023,46.1,e,casa_aislada,no posee,calefont glp,1.7,1.7,0.38,0.38,21,0.19999998455634352,False
e54d7a2026,47.0,d,casa_pareada,no posee,calefont 7 litros tiro forzado,1.7,1.7,0.38,0.38,41,1.0,False
2f163a2025,63.1,d,depto,sin sistema,calefont,1.9,1.9,0.47,0.47,50,0.00881953798648314,False
b0ac7a2022,50.0,f,casa_pareada,"no posee, segun eett",calefont 10 litros tiro forzado,1.6,1.6,0.33,0.33,-1,0.0,True
0754102024,49.4,d,depto,no posee,calefont 7 litros tiro forzado,1.9,1.9,0.47,0.47,60,1.0,False
7cd1432025,78.2,d,casa_aislada,no posee,calefont 7 litros tiro forzado,1.9,1.9,0.47,0.47,33,0.5692307794656191,False
48dc232024,50.6,d,depto,no posee,calefont glp,3.0,3.0,0.6,0.6,37,0.0,False
dc891e2025,42.3,b,depto,no posee,calefont glp,3.0,3.0,0.6,0.6,-1,0.0,True
26c7402024,49.9,d,depto,"central térmica, 3 calderas murales de condensación","central térmica, 3 calderas murales de condensación",1.9,1.9,0.47,0.47,-1,0.0,True
8d398f2020,45.6,d,depto,no posee,caldera condensación,1.9,1.9,0.47,0.47,13,1.0,False
04ba8c2022,35.6,d,depto,no posee,calefont 7 litros tiro forzado,1.9,1.9,0.47,0.47,-1,0.0,True
b7253a2023,52.4,d,depto,0,calefont 10 litros tiro forzado,1.7,1.7,0.38,0.38,-1,0.0,True
7cc4a32019,40.0,d,depto,no posee,"5 calderas murales de condensación a gas natural, baxi luna",1.9,1.9,0.47,0.47,-1,0.0,True
72ba012023,79.3,a,depto,no posee,"termo eléctrico marca junkers, modelo elacell excellence",4.0,4.0,0.84,0.84,-1,0.0,True
1bfb1b2026,48.5,d,depto,no posee,calefont glp,1.9,1.9,0.47,0.47,44,1.0,False
d2c96e2025,46.5,d,depto,no posee,calefont 7 litros tiro forzado,1.9,1.9,0.47,0.47,59,1.0,False
aba9152026,47.6,d,depto,no posee,calefont 7 litros tiro forzado,1.7,1.7,0.38,0.38,56,1.0,False
1c8e7b2023,34.6,d,depto,no posee,calentamiento de agua con caldera a condensación,1.9,1.9,0.47,0.47,50,0.00881953798648314,False
02fb1f2023,54.0,f,casa_pareada,no aplica,calefont glp,1.6,1.6,0.33,0.33,26,1.0,False
8bc7442025,53.6,d,casa_pareada,no posee,calefont glp,1.9,1.9,0.47,0.47,39,1.0,False
c73f1a2024,55.6,a,depto,no posee,calefont 7 litros tiro forzado,4.0,4.0,0.84,0.84,5,1.0,False
870e622026,48.7,e,casa_aislada,no posee,calefont glp,1.7,1.7,0.38,0.38,21,1.0,False
ed04812023,54.0,f,casa_pareada,no aplica,calefont glp,1.6,1.6,0.33,0.33,26,1.0,False
2a63962025,23.9,d,depto,no posee,calderas de condensación,1.9,1.9,0.47,0.47,-1,0.0,True
0ac14e2018,61.1,a,depto,no posee,calefont 7 litros tiro forzado,4.0,4.0,0.84,0.84,6,1.0,False
4c037f2021,44.4,c,casa_pareada,no posee,calefont 7 litros tiro forzado,4.0,4.0,0.84,0.84,3,0.00339213025673568,False
f620652023,46.6,d,depto,no posee,caldera de condensación baxi luna duo - tec mp +1.130,1.9,1.9,0.47,0.47,-1,0.0,True
15e7912026,52.1,f,casa_pareada,no posee,calefont glp,1.7,1.7,0.38,0.38,27,0.0,False
91ba7b2022,45.7,d,casa_pareada,no posee,calefont glp,1.9,1.9,0.47,0.47,40,0.0,False
f60ce92025,50.8,d,depto,no posee,calefont glp,1.9,1.9,0.47,0.47,48,1.0,False
e435da2023,68.1,d,depto,no posee,calefont 7 litros tiro forzado,1.9,1.9,0.47,0.47,-1,0.0,True
40bd502024,57.8,d,depto,sin sistema,calefont,1.9,1.9,0.47,0.47,50,0.00881953798648314,False
f571d62018,42.3,f,casa_aislada,no posee,calefont 7 litros tiro forzado,1.6,1.6,0.33,0.33,14,0.22884858922265802,False
0d00a02025,51.9,d,depto,no posee,calefont 7 litros tiro forzado,1.9,1.9,0.47,0.47,58,1.0,False
2633882023,61.5,d,casa_pareada,no posee,calefont 7 litros tiro forzado,1.9,1.9,0.47,0.47,43,0.39999996911268704,False
4059912019,40.0,d,depto,no posee,"5 calderas murales de condensación a gas natural, baxi luna",1.9,1.9,0.47,0.47,-1,0.0,True
af51fd2024,30.8,g,depto,no posee,calefont 7 litros tiro forzado,1.6,1.6,0.33,0.33,22,0.6086956113022319,False
b439dd2021,40.3,d,depto,no posee,calefon de condensación,1.9,1.9,0.47,0.47,50,0.00881953798648314,False
2fb2502023,59.9,a,depto,no posee,"termo eléctrico marca junkers, modelo elacell excellence",4.0,4.0,0.84,0.84,-1,0.0,True
4221942022,58.3,d,depto,no posee,calefont 13 litros tiro forzado,1.9,1.9,0.47,0.47,-1,0.0,True
8ddbd52024,33.9,a,depto,no posee,calefont 7 litros tiro forzado,4.0,4.0,0.84,0.84,-1,0.0,True
0e95c32025,53.8,d,depto,no posee,calefont glp,1.9,1.9,0.47,0.47,-1,0.0,True
d1b6f52022,46.6,f,depto,no posee,calefont 10 litros tiro forzado,1.6,1.6,0.33,0.33,-1,0.0,True
b6edab2024,51.3,f,casa_aislada,no posee,calefont 7 litros tiro forzado,1.7,1.7,0.38,0.38,14,1.0,False
b76c762020,64.4,g,depto,no posee,calefont 7 litros tiro forzado,1.6,1.6,0.33,0.33,22,0.45901638182148874,False
992fa42018,44.4,b,casa_pareada,no posee,calefont 7 litros tiro forzado,3.0,3.0,0.6,0.6,-1,0.0,True
f9a40e2020,51.0,d,depto,no posee,calefont glp,1.9,1.9,0.47,0.47,48,1.0,False
f5b5512021,46.4,d,depto,no posee,caldera con condensación,1.9,1.9,0.47,0.47,52,0.8333332618349243,False
c943b92021,102.9,d,casa_aislada,no posee,calefont 16 litros tiro forzado,1.7,1.7,0.38,0.38,-1,0.0,True
cbd9f92025,46.1,d,depto,no posee,calefont 7 litros tiro forzado,1.7,1.7,0.38,0.38,56,1.0,False
731ed22025,48.5,d,depto,no posee,sistema centralizado a gas natural.,1.9,1.9,0.47,0.47,-1,0.0,True
49feff2024,44.6,g,depto,no posee,calefont 7 litros tiro forzado,1.6,1.6,0.33,0.33,22,1.0,False
2dd2ce2022,93.4,d,casa_aislada,no posee,calefont tiro forzado,1.7,1.7,0.38,0.38,-1,0.0,True
795abb2018,41.3,e,casa_pareada,no posee,calefont 7 litros tiro forzado,1.7,1.7,0.38,0.38,34,1.0,False
9af4202024,127.7,e,casa_aislada,sistema centralizado con caldera a gas con radiadores,caldera anwo aqua plus 30/32,1.7,1.7,0.38,0.38,-1,0.0,True
c2b1ee2023,58.6,d,casa_pareada,no posee,calefont,1.9,1.9,0.47,0.47,10,1.0,False
3e89e02023,26.0,d,depto,no posee,caldera central a gas,1.9,1.9,0.47,0.47,30,1.0,False
5fa32c2025,67.6,d,depto,sin sistema,calefont,1.9,1.9,0.47,0.47,50,0.00881953798648314,False
2657e92022,42.4,d,depto,no considera,central térmica,1.9,1.9,0.47,0.47,-1,0.0,True
7e0eaa2025,27.8,d,depto,sin sistema,caldera de condensación marca naview,1.9,1.9,0.47,0.47,-1,0.0,True
c229bd2026,68.9,d,depto,no posee,calefont 7 litros tiro forzado,1.9,1.9,0.47,0.47,-1,0.0,True
4b2ac32023,54.0,f,casa_pareada,no aplica,calefont glp,1.6,1.6,0.33,0.33,26,1.0,False
3783492025,28.1,d,depto,no posee,termo eléctrico,1.9,1.9,0.47,0.47,8,1.0,False
219d7a2022,71.3,c,casa_aislada,no posee,calefont neckar ionizado 13 litros wn13 con potencia nominal,4.0,4.0,0.84,0.84,-1,0.0,True
8be72a2026,47.3,d,depto,no posee,calefont 7 litros tiro forzado,1.9,1.9,0.47,0.47,61,0.0,False
c28da62025,43.7,b,casa_pareada,no posee,calefont glp,3.0,3.0,0.6,0.6,-1,0.0,True
ab2ef72025,32.0,c,depto,no posee,sala de calderas,3.0,3.0,0.6,0.6,-1,0.0,True
05c47d2023,56.6,f,casa_aislada,estufa a parafina tiro forzado,calefont 7 litros tiro forzado,1.6,1.6,0.33,0.33,-1,0.0,True
7a04c12023,96.1,d,casa_aislada,no posee,calefont 7 litros tiro forzado,1.9,1.9,0.47,0.47,33,0.5692307794656191,False
6720e62025,58.7,d,casa_pareada,no posee,calefont 7 litros tiro forzado,1.7,1.7,0.38,0.38,46,1.0,False
cdf6622025,53.1,c,casa_pareada,0,"calefón junkers smart wr13-2 km e31 s4305 13 litros, gas",4.0,4.0,0.84,0.84,-1,0.0,True
f73b552025,27.6,d,depto,no posee,termo eléctrico,1.9,1.9,0.47,0.47,8,1.0,False
0f8d4d2022,93.4,d,casa_pareada,no posee,calefont tiro forzado,1.7,1.7,0.38,0.38,7,1.0,False
35d9ec2024,50.3,g,casa_aislada,no posee,calefont glp,1.6,1.6,0.33,0.33,20,1.0,False
138ff82026,67.6,e,depto,sin sistema,calefont tiro forzado 13 lts,1.7,1.7,0.38,0.38,35,1.0,False
4612252019,33.9,d,depto,no posee,caldera rinnai sm 175,1.9,1.9,0.47,0.47,-1,0.0,True
06b7652022,84.4,d,casa_aislada,no posee,calefont 7 litros tiro forzado,1.9,1.9,0.47,0.47,33,0.5692307794656191,False
9045eb2024,65.5,d,depto,no aplica,3 calderas murales de condensación,1.9,1.9,0.47,0.47,-1,0.0,True
a261792023,84.2,d,depto,radiadores eléctricos,caldera,1.9,1.9,0.47,0.47,-1,0.0,True
c3a8492021,57.3,d,casa_pareada,no posee,calefont glp,1.9,1.9,0.47,0.47,-1,0.0,True
f9b4252025,59.5,d,casa_aislada,0,"calefón junkers hidrowind wr13-2 km e31 s4305 13 litros,",1.9,1.9,0.47,0.47,-1,0.0,True
a62c492024,31.3,d,depto,no posee,central termica,1.9,1.9,0.47,0.47,38,0.5217391289750797,False
19e9f92025,48.0,b,depto,no posee,calefont glp,4.0,4.0,0.84,0.84,-1,0.0,True
13a5e32021,47.4,c,casa_pareada,no posee,calefont neckar ionizado 13 litros wn13 con potencia nominal,4.0,4.0,0.84,0.84,-1,0.0,True
de6a682022,26.4,d,depto,no posee,caldera a condensación,1.9,1.9,0.47,0.47,18,1.0,False
66bd292019,30.3,d,depto,no posee,caldera rinnai sm 175,1.9,1.9,0.47,0.47,-1,0.0,True
c120092024,47.7,d,depto,no posee,caldera con condensación,1.9,1.9,0.47,0.47,52,0.8333332618349243,False
d08fd72024,49.9,d,depto,no posee,calefont glp,1.9,1.9,0.47,0.47,-1,0.0,True
6f88b32026,50.5,c,depto,calefactor electrico,calefont 10 litros gl,3.0,3.0,0.6,0.6,0,1.0,False
15e6b72023,50.8,d,depto,no aplica,calefont glp,1.9,1.9,0.47,0.47,-1,0.0,True
47b83c2026,52.9,d,depto,no posee,calefont 7 litros tiro forzado,1.9,1.9,0.47,0.47,58,1.0,False
b1bc6b2026,58.6,i,casa_pareada,no posee,calefont 7 litros tiro forzado,0.6,0.6,0.25,0.25,-1,0.0,True
82b80a2025,47.3,d,depto,no posee,calefont 7 litros tiro forzado,1.9,1.9,0.47,0.47,61,0.0,False
ea7ab62024,47.0,e,casa_pareada,no posee,calefont 7 litros tiro forzado,1.7,1.7,0.38,0.38,34,1.0,False
95816c2026,67.6,e,depto,sin sistema,calefont tiro forzado 13 lts,1.7,1.7,0.38,0.38,35,1.0,False
f1569d2024,49.4,d,depto,no posee,calefont tiro forzado,1.9,1.9,0.47,0.47,24,0.024526388758561498,False
b29b1e2025,38.8,b,depto,0,"calefon junkers wtd10 km e31, 10 litros, gas licuado de 17,8",4.0,4.0,0.84,0.84,-1,0.0,True
1843f32026,71.7,d,casa_pareada,sin sistema,calefont,1.9,1.9,0.47,0.47,-1,0.0,True
e28ad22019,91.2,d,depto,caldera de condensacion,caldera de condensacion,1.0,1.0,0.0,0.0,-1,0.0,True
72af772023,50.8,d,depto,no aplica,calefont glp,1.9,1.9,0.47,0.47,-1,0.0,True
6054d72024,54.0,d,depto,0,calefont 10 litros tiro forzado,1.7,1.7,0.38,0.38,-1,0.0,True
93f2212023,67.5,i,depto,"calefactor de tiro natural modelo 4990tc, marca orbis, potencia","calefon de tiro forzado digital de 13 litros- marca spendid,",0.6,0.6,0.25,0.25,-1,0.0,True
3723102022,49.3,d,depto,no posee,calefont glp,1.9,1.9,0.47,0.47,44,0.0,False
437af52023,55.0,a,depto,no posee,calefont 7 litros tiro forzado,4.0,4.0,0.84,0.84,5,1.0,False
1b45832025,52.6,d,depto,no posee,caldera bosch condens 7000 wp modelo gc7000wp 100,1.9,1.9,0.47,0.47,-1,0.0,True
6eab022026,44.3,d,depto,no posee,calefont 13 litros tiro forzado,1.9,1.9,0.47,0.47,-1,0.0,True
96b9d22020,55.0,a,depto,no posee,calefont 10 litros tiro forzado,4.0,4.0,0.84,0.84,-1,0.0,True
3754c42024,56.0,f,depto,no posee,calefont glp,1.7,1.7,0.38,0.38,29,1.0,False
7a952e2026,28.6,d,depto,no posee,sala de calderas,1.9,1.9,0.47,0.47,12,1.0,False
1c99592019,105.8,g,casa_aislada,calefactor a pellet,calefont,1.0,1.0,0.0,0.0,-1,0.0,True
40cbb22025,42.6,g,casa_aislada,no posee,calefont 7 litros,1.1,1.1,0.28,0.28,17,1.0,False
b1a1482024,46.3,d,depto,radiadores electricos,caldera de condensacion,1.9,1.9,0.47,0.47,-1,0.0,True
52dfb22023,53.7,d,depto,no posee,calefont tiro forzado,1.7,1.7,0.38,0.38,24,1.0,False
e2f8262026,57.8,d,depto,sin sistema,calefont tiro forzado 13 lts splendid modelo mvg tfi 13,1.9,1.9,0.47,0.47,50,0.00881953798648314,False
a791b32025,49.1,e,depto,no posee,calefont,1.7,1.7,0.38,0.38,50,0.00881953798648314,False
67e5cc2021,46.4,d,depto,no posee,calefon,1.9,1.9,0.47,0.47,-1,0.0,True
a8609c2020,44.6,d,depto,no posee,caldera de condensación,1.0,1.0,0.0,0.0,2,0.998986495398458,False
150e1e2023,76.8,d,casa_pareada,no posee,calefont,1.9,1.9,0.47,0.47,10,0.7837837928085651,False
1388f72022,48.6,d,depto,el proyecto no define sistema de calefacción,el proyecto considera un equipo calefont 7lts ionizado para,1.9,1.9,0.47,0.47,-1,0.0,True
a89de42024,56.3,d,depto,no posee,calefont 10 litros tiro forzado,3.0,3.0,0.6,0.6,11,0.009571054886205977,False
97d8be2022,29.2,d,depto,no posee,el edificio cuenta con 2 calderas de gas natural ivar super,1.9,1.9,0.47,0.47,-1,0.0,True
53b9862024,48.9,c,casa_aislada,no posee,calefont 7 litros tiro forzado,4.0,4.0,0.84,0.84,-1,0.0,True
6301db2024,48.6,f,depto,no posee,calefont,1.6,1.6,0.33,0.33,-1,0.0,True
9cdd172019,132.1,d,depto,chiller bomba de calor,caldera de condensación en casacada,1.9,1.9,0.47,0.47,-1,0.0,True
3c16ae2024,61.1,c,depto,no posee,calefont 7 litros tiro forzado,4.0,4.0,0.84,0.84,3,0.1470588215254771,False
324c702024,39.3,d,depto,no posee,el edificio cuenta con 2 calderas mural de condensación baxi,1.9,1.9,0.47,0.47,-1,0.0,True
fa0cb12019,42.3,g,casa_aislada,no posee,calefont 7 litros tiro forzado,1.1,1.1,0.28,0.28,-1,0.0,True
ca25052024,49.0,c,depto,no posee,calefont 13 litros tiro forzado,3.0,3.0,0.6,0.6,-1,0.0,True
d7d01b2023,49.3,c,depto,no aplica,calefont glp,4.0,4.0,0.84,0.84,-1,0.0,True
8c54c12024,49.0,c,depto,no posee,calefont 13 litros tiro forzado,3.0,3.0,0.6,0.6,-1,0.0,True
8be46c2024,29.0,d,depto,no posee,central termica,1.9,1.9,0.47,0.47,38,1.0,False
3947ec2023,50.8,d,depto,no posee,caldera a condensación,1.9,1.9,0.47,0.47,18,0.790322566181799,False
f1521a2026,47.6,d,depto,no posee,calefont 7 litros tiro forzado,1.7,1.7,0.38,0.38,56,1.0,False
2496412020,48.4,c,depto,no considera,calefon con condensación,3.0,3.0,0.6,0.6,-1,0.0,True
1b66732023,49.9,d,depto,no posee,calefont glp,3.0,3.0,0.6,0.6,37,1.0,False
bc93bc2024,52.2,g,depto,no posee,calefont 7 litros tiro forzado,1.6,1.6,0.33,0.33,22,1.0,False
c3942d2023,45.7,d,depto,no posee,calefont 7 litros tiro forzado,1.9,1.9,0.47,0.47,59,1.0,False
d8ff812025,50.1,a,depto,no posee,"calefon junkers wd10 km e31 s4300, de 10 l y 18,2 kw",4.0,4.0,0.84,0.84,-1,0.0,True
4396e42020,42.4,d,casa_pareada,no posee,calefont glp,1.9,1.9,0.47,0.47,40,0.0,False
f4f1362019,94.6,d,casa_aislada,no posee,calefont 7 litros tiro forzado,1.9,1.9,0.47,0.47,33,0.5692307794656191,False
3525822022,57.8,d,depto,no considera,calefont,1.9,1.9,0.47,0.47,50,0.00881953798648314,False
f361de2024,30.8,d,depto,no posee,caldera de condensacin,1.9,1.9,0.47,0.47,-1,0.0,True
d28ade2023,77.8,d,depto,radiador eléctrico,temo eléctrico,1.9,1.9,0.47,0.47,-1,0.0,True
ee382c2026,75.5,c,depto,"por definir, se considera por defecto para esta etapa.","por definir, se considera por defecto para esta etapa.",4.0,4.0,0.84,0.84,-1,0.0,True
69b8a52018,52.1,d,depto,no posee,calefont 7 litros tiro forzado,1.7,1.7,0.38,0.38,56,0.21428572807469437,False
e92c1e2024,52.4,d,casa_pareada,no posee,calefont glp,3.0,3.0,0.6,0.6,-1,0.0,True
5fd02d2022,54.1,c,depto,no posee,calefont 7 litros tiro forzado,3.0,3.0,0.6,0.6,51,1.0,False
8ac5ff2025,55.2,f,casa_pareada,no posee,calefont glp,1.7,1.7,0.38,0.38,27,0.0,False
b5abb82022,41.4,d,depto,no posee,caldera con condensación,1.9,1.9,0.47,0.47,52,1.0,False
74254f2024,59.5,d,casa_pareada,no posee,calefont 7 litros tiro forzado,1.9,1.9,0.47,0.47,43,0.47058819254351203,False
aca98a2022,45.0,d,casa_pareada,no posee,calefont,1.9,1.9,0.47,0.47,10,1.0,False
7d52532022,53.5,d,depto,no posee,calefont 7 litros,1.9,1.9,0.47,0.47,-1,0.0,True
d1683e2024,42.2,d,depto,no posee,caldera con condensación,1.9,1.9,0.47,0.47,52,1.0,False
aef1f82021,78.2,d,casa_pareada,no posee,calefont,1.7,1.7,0.38,0.38,9,1.0,False
20afa02023,49.9,d,depto,no posee,calefont glp,3.0,3.0,0.6,0.6,37,1.0,False
4420e72024,134.1,d,casa_aislada,"caldera de condensación, gas licuado","caldera de condensación, gas licuado",1.9,1.9,0.47,0.47,-1,0.0,True
1741702019,87.4,d,casa_aislada,no posee,calefont 10 litros tiro forzado,1.0,1.0,0.0,0.0,2,1.0,False
0ac6e32024,52.4,d,casa_pareada,no posee,calefont glp,3.0,3.0,0.6,0.6,-1,0.0,True
5f41432026,33.2,d,depto,losa radiante,caldera,1.9,1.9,0.47,0.47,-1,0.0,True
be3b662019,87.4,d,casa_aislada,no posee,calefont 10 litros tiro forzado,1.0,1.0,0.0,0.0,2,1.0,False
8cadec2026,47.0,d,casa_pareada,"estufa keroseno, 3 kw",calefont 10litros tiro forzado,1.7,1.7,0.38,0.38,-1,0.0,True
3a5b882023,55.7,d,casa_aislada,no posee,calefont 7 litros tiro forzado,1.7,1.7,0.38,0.38,33,0.037811515147903374,False
203b292026,49.2,b,depto,no posee,calefont 7 litros tiro forzado,4.0,4.0,0.84,0.84,3,0.00339213025673568,False
b5d67d2026,29.9,d,depto,no posee,termo eléctrico splendid 80 lt,1.9,1.9,0.47,0.47,-1,0.0,True
e449d82025,51.8,c,depto,no posee,calefont 7 litros tiro forzado,4.0,4.0,0.84,0.84,3,1.0,False
a1987f2025,44.5,f,casa_pareada,no posee,calefont 7 litros tiro forzado,1.7,1.7,0.38,0.38,16,1.0,False
87ddec2022,77.7,d,casa_aislada,la vivienda considera estufa de 6kw y combustible glp.,calefont 13 litros tiro forzado,1.7,1.7,0.38,0.38,-1,0.0,True
98aba62024,55.8,c,depto,no posee,calefont 7 litros tiro forzado,4.0,4.0,0.84,0.84,3,0.4000000061774627,False
7848c12021,49.1,d,depto,no posee,calefont,1.7,1.7,0.38,0.38,50,0.02635479117282256,False
1e6bec2024,51.8,c,depto,no posee,calefont 7 litros tiro forzado,4.0,4.0,0.84,0.84,3,1.0,False
fb0fa62025,48.2,b,casa_aislada,no posee,calefont 7 litros tiro forzado,3.0,3.0,0.6,0.6,-1,0.0,True
ee57392023,72.6,d,depto,no posee,calefont,1.9,1.9,0.47,0.47,50,0.17567566834304085,False
9c5fb12026,58.6,i,casa_pareada,no posee,calefont 7 litros tiro forzado,0.6,0.6,0.25,0.25,-1,0.0,True
2c32162023,57.7,d,depto,no posee,calefont tiro forzado,1.7,1.7,0.38,0.38,24,1.0,False
9232122026,49.4,f,depto,no posee,calefont 7 litros tiro forzado,1.6,1.6,0.33,0.33,32,1.0,False
f4bde42023,54.0,f,casa_pareada,no aplica,calefont glp,1.6,1.6,0.33,0.33,26,1.0,False
ddafb42024,51.6,d,casa_pareada,no posee,calefont glp,1.9,1.9,0.47,0.47,39,1.0,False
cc15452025,49.9,d,depto,no posee,calefont 7 litros tiro forzado,1.9,1.9,0.47,0.47,60,0.6666666237676203,False
8ca6af2025,40.6,d,depto,no posee,sala de calderas,1.9,1.9,0.47,0.47,12,1.0,False
ca04662025,55.5,d,casa_pareada,no posee,calefont 7 litros tiro forzado,1.7,1.7,0.38,0.38,45,1.0,False
fb416c2023,31.0,d,depto,no posee,caldera con condensación,1.9,1.9,0.47,0.47,52,1.0,False
9b128d2024,51.8,d,casa_aislada,no posee,"calefón splendid de 10 litros, master mvg tfi 10, gas licuado",3.0,3.0,0.6,0.6,-1,0.0,True
6c460b2018,52.8,a,depto,no posee,calefont 7 litros tiro forzado,4.0,4.0,0.84,0.84,5,1.0,False
c106862025,41.0,d,depto,no posee,"central térmica con 10 calefones de condesación, marca anwo,",1.0,1.0,0.0,0.0,2,0.9993240574165058,False
7a3c5d2023,57.8,e,depto,no posee,calefont 7 litros tiro forzado,1.7,1.7,0.38,0.38,54,1.0,False
c59be22024,49.0,f,casa_pareada,no posee,calefont,1.6,1.6,0.33,0.33,-1,0.0,True
2611f72021,60.0,f,casa_aislada,estufa a parafina marca toyotomi modelo ff-55 el que tiene,calefon marca mademsa modelo forzada tfm 10 eco gl/gn,1.6,1.6,0.33,0.33,-1,0.0,True
c95c862025,62.2,d,casa_pareada,no posee,calefont 7 litros tiro forzado,1.9,1.9,0.47,0.47,43,0.29629627934852476,False
51d15f2025,54.7,f,depto,no posee,calefont 10 litros tiro forzado,1.7,1.7,0.38,0.38,-1,0.0,True
a52e6d2023,57.2,f,casa_pareada,no posee,"calefon splendid tn 13 litros, gas licuado.",1.7,1.7,0.38,0.38,-1,0.0,True
e1d73c2021,44.3,e,casa_pareada,no posee,calefont glp,1.7,1.7,0.38,0.38,25,1.0,False
e8ff7a2019,42.7,g,casa_aislada,no posee,calefont 7 litros tiro forzado,1.1,1.1,0.28,0.28,-1,0.0,True
c197062024,52.4,e,depto,sin sistema,calefon,1.7,1.7,0.38,0.38,-1,0.0,True
d781f72024,50.3,g,casa_aislada,no posee,calefont glp,1.6,1.6,0.33,0.33,20,1.0,False
55497d2026,47.0,d,casa_pareada,"estufa keroseno, 3 kw",calefont 10litros tiro forzado,1.7,1.7,0.38,0.38,-1,0.0,True
d462f22024,56.3,d,depto,no posee,calefont 10 litros tiro forzado,3.0,3.0,0.6,0.6,11,0.009571054886205977,False
cad8f22024,50.6,d,depto,no posee,calefont glp,3.0,3.0,0.6,0.6,37,0.0,False
014e142025,30.8,d,depto,no posee sistema de calefacción.,central térmica con 3 calderas murales modulares y 2 estanques,1.9,1.9,0.47,0.47,-1,0.0,True
cf5d7b2026,58.6,i,casa_pareada,no posee,calefont 7 litros tiro forzado,0.6,0.6,0.25,0.25,-1,0.0,True
cfeef72024,59.1,d,depto,no posee,central térmica,1.9,1.9,0.47,0.47,38,0.004070556255695922,False
4f4a3f2024,32.9,d,depto,no considera,calefont,1.9,1.9,0.47,0.47,50,0.00881953798648314,False
72e2d52019,92.0,d,casa_aislada,estufa eskabe,calefont junkers 13l,1.9,1.9,0.47,0.47,-1,0.0,True
eea1ac2020,51.1,d,depto,no posee,calefont glp,1.9,1.9,0.47,0.47,49,1.0,False
2d87242021,46.6,f,depto,no posee,calefont 10 litros tiro forzado,1.7,1.7,0.38,0.38,-1,0.0,True
ed5bd02022,51.8,d,casa_pareada,no posee,calefont 10 litros tiro forzado,1.7,1.7,0.38,0.38,36,0.02654312861602531,False
ac1ff32018,52.3,i,depto,"calefactor a gas natural, marca orbis de 9100 kcal/hr.","calefón a gas natural, marca neckar de 13 litros.",0.6,0.6,0.25,0.25,-1,0.0,True
4dbe9a2023,50.6,d,depto,no aplica,calefont glp,1.9,1.9,0.47,0.47,-1,0.0,True
226f792025,48.7,g,casa_aislada,no posee,calefon,1.1,1.1,0.28,0.28,17,1.0,False
2938552025,48.9,d,depto,no posee,calefont 7 litros tiro forzado,1.7,1.7,0.38,0.38,56,0.46153849123780327,False
12feae2024,49.4,d,depto,no posee,calefont 7 litros tiro forzado,1.9,1.9,0.47,0.47,60,1.0,False
b32e162025,55.6,a,depto,no posee,calefont 7 litros tiro forzado,4.0,4.0,0.84,0.84,5,1.0,False
167ebb2022,51.3,d,depto,no posee,caldera con condensación,1.9,1.9,0.47,0.47,52,0.8333332618349243,False
a214b62023,62.5,d,casa_pareada,no posee,calefont tiro forzado,1.7,1.7,0.38,0.38,7,1.0,False
efc3f32025,76.3,e,casa_aislada,no posee,calefón rheem 14 lts,1.7,1.7,0.38,0.38,-1,0.0,True
8a2ce42024,47.4,d,casa_pareada,no posee,calefont 13 litros,1.9,1.9,0.47,0.47,-1,0.0,True
afe4572022,49.3,d,depto,no posee,calefont glp,1.9,1.9,0.47,0.47,44,0.0,False
2192f72023,78.7,d,casa_aislada,no posee,calefont,1.9,1.9,0.47,0.47,-1,0.0,True
6d5f162023,48.6,d,casa_pareada,no aplica,calefont glp,1.9,1.9,0.47,0.47,-1,0.0,True
b0a7642025,49.9,a,depto,no posee,"calefon splendid mvg tfi de 10 litros, de 17,6 kw potencia",4.0,4.0,0.84,0.84,4,1.0,False
d298062023,49.9,d,depto,no posee,calefont glp,3.0,3.0,0.6,0.6,37,1.0,False
b629852021,42.0,d,casa_pareada,no posee,calefont glp,1.9,1.9,0.47,0.47,40,1.0,False
a120522025,37.4,d,depto,split inverter,termo eléctrico,1.9,1.9,0.47,0.47,-1,0.0,True
6c603e2023,42.3,b,depto,no posee,calefont 10 litros tiro forzado,3.0,3.0,0.6,0.6,-1,0.0,True
9eeabc2020,42.4,d,casa_pareada,no posee,calefont glp,1.9,1.9,0.47,0.47,40,0.0,False
3b06792023,89.5,d,casa_aislada,no posee,calefont 7 litros tiro forzado,1.9,1.9,0.47,0.47,33,0.5692307794656191,False
8f42ee2025,27.6,c,depto,no posee,central termica calderas de gas natural,3.0,3.0,0.6,0.6,-1,0.0,True
ac0b1d2024,48.0,f,depto,no posee,calefont,1.6,1.6,0.33,0.33,-1,0.0,True
30bdb12022,50.0,f,casa_pareada,"no posee, segun eett",calefont 10 litros tiro forzado,1.6,1.6,0.33,0.33,-1,0.0,True
9d9f6a2025,51.2,d,depto,no posee,calefont,1.9,1.9,0.47,0.47,50,1.0,False
2e88a52026,42.1,d,depto,no posee,termo eléctrico splendid 80 lt,1.9,1.9,0.47,0.47,-1,0.0,True
7f1c002025,63.1,e,depto,no posee,calefont,1.7,1.7,0.38,0.38,-1,0.0,True
268fde2023,24.3,d,depto,no posee,central termica,1.9,1.9,0.47,0.47,38,0.7058823342377866,False
72ab5e2026,46.1,b,depto,0,"calefón junkers hidrowind wd10 km e31 s4300, 10 litros,",4.0,4.0,0.84,0.84,-1,0.0,True
ad02312025,66.8,d,casa_pareada,no posee,calefont 7 litros tiro forzado,1.9,1.9,0.47,0.47,-1,0.0,True
154a842020,52.3,f,depto,no posee,calefont glp,1.7,1.7,0.38,0.38,29,1.0,False
e2cf972025,42.3,b,depto,no posee,calefont glp,3.0,3.0,0.6,0.6,-1,0.0,True
f4a7f72026,28.1,d,depto,no posee,termo eléctrico,1.9,1.9,0.47,0.47,8,1.0,False
f914172024,51.0,b,depto,no posee,calefont 7 litros tiro forzado,4.0,4.0,0.84,0.84,3,0.00339213025673568,False
02844e2025,57.8,d,casa_pareada,no posee,calefont 7 litros tiro forzado,1.7,1.7,0.38,0.38,46,1.0,False
526a872024,56.3,e,casa_pareada,no posee,calefont glp,1.7,1.7,0.38,0.38,25,0.831168814498329,False
7ae3b72024,27.1,d,depto,no posee,central termica,1.9,1.9,0.47,0.47,38,1.0,False
da06b42025,42.6,g,casa_aislada,no posee,calefont 7 litros,1.1,1.1,0.28,0.28,17,1.0,False
5001742025,61.7,e,depto,no posee,calefont 7 litros tiro forzado,1.7,1.7,0.38,0.38,54,0.35897434475928997,False
e5a6852025,50.1,c,depto,calefactor electrico,calefont 12 litros gl,3.0,3.0,0.6,0.6,0,1.0,False
26b36f2024,36.9,d,depto,no posee,caldera,1.9,1.9,0.47,0.47,-1,0.0,True
1a49dd2020,51.0,d,depto,no posee,calefont glp,1.9,1.9,0.47,0.47,48,1.0,False
a543272023,57.2,f,casa_pareada,no posee,"calefon splendid tn 13 litros, gas licuado.",1.7,1.7,0.38,0.38,-1,0.0,True
90793d2024,62.3,f,depto,no posee,calderas de condensación navien npe 32 swe,1.6,1.6,0.33,0.33,-1,0.0,True
bd8b762026,43.3,e,depto,no posee,calefont 7 litros tiro forzado,1.7,1.7,0.38,0.38,54,1.0,False
9d92362022,46.1,e,casa_aislada,no posee,calefont glp,1.7,1.7,0.38,0.38,21,0.19999998455634352,False
24881f2024,63.9,f,depto,radiador eléctrico,termo eléctrico,1.6,1.6,0.33,0.33,-1,0.0,True
d9f9ed2019,70.0,d,casa_pareada,no posee,calefont 10 litros tiro forzado,1.0,1.0,0.0,0.0,2,0.9698261366644512,False
4db8d22025,48.7,g,casa_aislada,no posee,calefon,1.1,1.1,0.28,0.28,17,1.0,False
f025482024,28.6,d,depto,no posee,central termica,1.9,1.9,0.47,0.47,38,1.0,False
b5f1062026,48.5,d,depto,no posee,calefont glp,1.9,1.9,0.47,0.47,44,1.0,False
f4aea72025,52.2,d,depto,no posee,el edificio cuenta con 7 calderas condensación de gas natural,1.9,1.9,0.47,0.47,-1,0.0,True
14b40e2022,43.7,d,depto,no posee,caldera de condensación,1.9,1.9,0.47,0.47,28,1.0,False
cde46e2022,43.1,d,depto,no posee,el edificio cuenta con 2 calderas para el edificio sur y 3 calderas,1.9,1.9,0.47,0.47,8,0.07259158922291108,False
9a74722022,42.0,d,casa_pareada,no posee,calefont glp,1.9,1.9,0.47,0.47,40,1.0,False
559fb22025,59.3,d,depto,no posee,calefont 7 litros tiro forzado,1.9,1.9,0.47,0.47,-1,0.0,True
023a9a2023,54.4,d,casa_aislada,no posee,calefont 10 litros tiro forzado,3.0,3.0,0.6,0.6,-1,0.0,True
b1fd702022,43.1,f,casa_aislada,no posee,calefont 7 litros tiro forzado,1.6,1.6,0.33,0.33,14,0.22884858922265802,False
d68fd22024,44.9,d,depto,losa radiante,caldera de condensacion,1.9,1.9,0.47,0.47,-1,0.0,True
1d20422023,36.9,d,depto,no considera,central termica,1.9,1.9,0.47,0.47,-1,0.0,True
69ecdb2022,55.5,d,casa_pareada,no posee,calefont 7 litros tiro forzado,1.7,1.7,0.38,0.38,45,1.0,False
eb45602022,27.8,d,depto,no considera,central térmica,1.9,1.9,0.47,0.47,-1,0.0,True
3691062022,45.7,d,casa_pareada,no posee,calefont 10 litros tiro forzado,3.0,3.0,0.6,0.6,36,0.009206779975806793,False
af638c2025,55.6,d,depto,no posee,calefont 7 litros tiro forzado,1.9,1.9,0.47,0.47,-1,0.0,True
ed52112026,46.5,d,depto,no posee,calefont 7 litros tiro forzado,1.9,1.9,0.47,0.47,59,1.0,False
6882a92021,42.0,d,casa_pareada,no posee,calefont glp,1.9,1.9,0.47,0.47,40,1.0,False
1201a22023,58.6,d,depto,no posee,calefont 7 litros tiro forzado,1.9,1.9,0.47,0.47,-1,0.0,True
85b19a2025,57.0,e,depto,no posee sistema de calefacción,sistema de acs por defecto,1.7,1.7,0.38,0.38,-1,0.0,True
9486c72025,66.8,d,casa_pareada,no posee,calefont 7 litros tiro forzado,1.7,1.7,0.38,0.38,-1,0.0,True
1af02d2022,45.6,d,depto,no posee,termoeléctrico marca albin trotter – modelo atm,1.9,1.9,0.47,0.47,-1,0.0,True
e36d4d2025,56.4,e,casa_aislada,no posee,calefont,1.7,1.7,0.38,0.38,-1,0.0,True
1f09352023,52.2,g,depto,no posee,calefont 7 litros tiro forzado,1.6,1.6,0.33,0.33,22,1.0,False
c9809f2019,51.1,d,depto,no posee,calefont glp,1.9,1.9,0.47,0.47,49,1.0,False
fb3da52020,43.7,c,depto,no considera,calefon con condensación,3.0,3.0,0.6,0.6,-1,0.0,True
ad8b2a2020,63.6,d,casa_pareada,no posee,calefont 10 litros tiro natural,1.7,1.7,0.38,0.38,-1,0.0,True
01a6c42021,30.5,a,depto,no posee,sistema unitario,4.0,4.0,0.0,0.0,-1,0.0,True
07fc892023,44.4,c,casa_pareada,no posee,calefon tiro natural marca splendid modelo,4.0,4.0,0.0,0.0,-1,0.0,True
689d892022,48.3,c,casa_pareada,no posee,"calefon tiro natural, modelo master de 7 lts,",4.0,4.0,0.84,0.84,-1,0.0,True
7308ed2025,42.2,c,depto,no posee,calefont 7 litros tiro forzado,4.0,4.0,0.84,0.84,3,0.25641026605619605,False
067f4b2023,54.6,d,casa_pareada,no posee,calefont 7 litros tiro forzado,1.7,1.7,0.38,0.38,45,1.0,False
7e08632025,59.5,a,depto,no posee,calefont 7 litros tiro forzado,4.0,4.0,0.84,0.84,6,1.0,False
7e75d92025,48.6,d,casa_pareada,no posee,"calefont marca splendid, modelo tcsb7-3, 7 lts, potencia",1.9,1.9,0.47,0.47,-1,0.0,True
9448522024,52.3,d,depto,no posee,calefont 10 litros tiro forzado,1.9,1.9,0.47,0.47,11,1.0,False
6488a62025,56.9,g,casa_pareada,no posee,calefont glp,1.1,1.1,0.28,0.28,-1,0.0,True
bba2742022,51.9,d,casa_pareada,no posee,calefont 10 litros tiro forzado,1.9,1.9,0.47,0.47,36,1.0,False
3f935d2023,29.0,d,depto,no posee,central termica,1.9,1.9,0.47,0.47,38,1.0,False
f382d32019,87.4,d,casa_aislada,no posee,calefont 10 litros tiro forzado,1.0,1.0,0.0,0.0,2,1.0,False
7af99b2023,32.1,d,depto,no considera,central termica,1.9,1.9,0.47,0.47,-1,0.0,True
90a8de2021,48.1,d,depto,no posee,calefont glp,1.9,1.9,0.47,0.47,44,0.0,False
8607c12022,41.8,f,casa_aislada,no posee,calefont glp,1.6,1.6,0.33,0.33,19,1.0,False
fdec612025,57.8,d,casa_pareada,no posee,calefont 7 litros tiro forzado,1.9,1.9,0.47,0.47,43,0.6153846153846154,False
3cee862019,49.1,d,depto,no posee,calefont 7 litros tiro forzado,1.9,1.9,0.47,0.47,60,1.0,False
e5ccd22024,30.7,d,depto,no posee,central de calderas a condensación,1.9,1.9,0.47,0.47,-1,0.0,True
39aee42024,127.5,d,casa_aislada,estufa a gas,calefont,1.9,1.9,0.47,0.47,-1,0.0,True
76ca812025,49.3,d,depto,no posee,calefont 7 litros tiro forzado,1.7,1.7,0.38,0.38,56,0.37500002413071515,False
fd929d2024,40.2,d,depto,no posee,caldera con condensación,1.9,1.9,0.47,0.47,52,1.0,False
53e8f22025,62.6,d,depto,no posee,calefon,1.9,1.9,0.47,0.47,-1,0.0,True
d66a492023,49.3,c,depto,no aplica,calefont glp,4.0,4.0,0.84,0.84,-1,0.0,True
0454b12021,61.7,c,depto,no posee,"central térmica calefont condensación, gas licuado, bosch,",4.0,4.0,0.84,0.84,-1,0.0,True
d6fc272020,135.0,d,depto,piso radiante,"calefont, tiro forzado",1.9,1.9,0.47,0.47,-1,0.0,True
5c1d6b2021,66.5,c,depto,no posee,cuatro calderas de condensación y cuatro cilindros de inercia,3.0,3.0,0.6,0.6,-1,0.0,True
7139b12022,49.7,a,depto,no posee,"calefon splendid, master mvg tfi 10, 10 litros, gas licuado",4.0,4.0,0.84,0.84,-1,0.0,True
92a4de2020,58.3,f,casa_aislada,no posee,calefont 10 litros tiro forzado,1.7,1.7,0.38,0.38,15,1.0,False
36308c2021,93.4,d,casa_pareada,no posee,calefont,1.7,1.7,0.38,0.38,9,1.0,False
3fd4562022,47.1,c,depto,no posee,"calefont splendid 10 litros, gas licuado",3.0,3.0,0.6,0.6,51,0.012550881504633415,False
551ba42025,57.8,d,casa_pareada,no posee,calefont 7 litros tiro forzado,1.7,1.7,0.38,0.38,46,1.0,False
5437182025,57.2,f,casa_pareada,no posee,"calefon splendid beyond 11 litros 2ev, gas licuado de 19,3",1.7,1.7,0.38,0.38,-1,0.0,True
c486642021,53.3,f,casa_aislada,estufa a parafina marca toyotomi modelo ff-v30 el que tiene,calefon marca mademsa modelo forzada tfm 10 eco gl/gn,1.6,1.6,0.33,0.33,-1,0.0,True
0ee3512018,52.2,a,depto,no posee,calefont 7 litros tiro forzado apoyado sst,4.0,4.0,0.84,0.84,-1,0.0,True
f4b5082022,50.5,f,casa_aislada,no posee,calefont glp,1.6,1.6,0.33,0.33,19,0.4411764305095425,False
71e91e2020,53.6,d,depto,no posee,calentamiento de agua con caldera a condensación,1.9,1.9,0.47,0.47,50,0.00881953798648314,False
d32bc02026,48.7,e,casa_aislada,no posee,calefont glp,1.7,1.7,0.38,0.38,21,1.0,False
cae9a52021,42.0,d,casa_pareada,no posee,calefont glp,1.9,1.9,0.47,0.47,40,1.0,False
5db9972026,45.2,e,depto,no posee,calefont 7 litros tiro forzado,1.7,1.7,0.38,0.38,54,1.0,False
7179f22022,48.6,d,depto,no posee,calefont glp,1.9,1.9,0.47,0.47,44,0.0,False
56f8332023,74.3,d,casa_pareada,no posee,calefont 7 litros tiro forzado,1.7,1.7,0.38,0.38,-1,0.0,True
a0887d2024,31.9,d,depto,no posee,"el edificio cuenta con 5 calderas de gas natural, riello condexa",1.9,1.9,0.47,0.47,-1,0.0,True
0cd9f02022,26.2,d,depto,no posee,caldera a condensación,1.9,1.9,0.47,0.47,18,1.0,False
5525ae2019,51.1,d,depto,no posee,calefont 7 glp,1.9,1.9,0.47,0.47,-1,0.0,True
8af9732020,61.0,c,casa_pareada,no posee,calefont neckar ionizado 13 litros wn13 con potencia nominal,4.0,4.0,0.84,0.84,-1,0.0,True
6bab942025,28.1,d,depto,no posee,termo eléctrico,1.9,1.9,0.47,0.47,8,1.0,False
ea36722023,82.3,c,depto,no posee,calefont,3.0,3.0,0.6,0.6,-1,0.0,True
0a83312019,56.0,d,depto,,,1.9,1.9,0.47,0.47,-1,0.0,True
3d2e5d2022,47.0,d,casa_pareada,no posee,calefont 7 litros tiro forzado,1.7,1.7,0.38,0.38,41,1.0,False
4670442022,51.8,d,depto,no posee,calefont glp,1.9,1.9,0.47,0.47,47,0.19999998455634352,False
e0fc032026,57.4,d,depto,no posee,sala de calderas,1.9,1.9,0.47,0.47,12,0.3981481396742624,False
3b2ddd2024,36.8,d,depto,no considera,caldera con condensación,1.9,1.9,0.47,0.47,53,1.0,False
17a48a2025,44.5,f,casa_pareada,no posee,calefont 7 litros tiro forzado,1.7,1.7,0.38,0.38,16,1.0,False
a7e54f2022,52.3,d,depto,no posee,calefont glp,1.9,1.9,0.47,0.47,47,1.0,False
19d1b22025,49.2,a,casa_pareada,no posee,calefont glp,4.0,4.0,0.84,0.84,-1,0.0,True
1a48b92020,59.9,d,casa_aislada,no posee,calefont 10 litros tiro forzado,1.0,1.0,0.0,0.0,2,1.0,False
1cc87c2024,47.0,e,casa_aislada,no posee,calefont 7 litros tiro forzado,1.7,1.7,0.38,0.38,33,0.012550881504633415,False
ed24522025,47.0,d,casa_pareada,no posee,calefont 7 litros tiro forzado,1.7,1.7,0.38,0.38,41,1.0,False
4690392023,115.4,d,casa_aislada,no posee,calefont 7 litros tiro forzado,1.9,1.9,0.47,0.47,33,0.2761193954163412,False
39a3302025,37.6,d,depto,no posee,sala de calderas,1.9,1.9,0.47,0.47,12,1.0,False
d645cc2024,32.0,d,depto,no posee,"el edificio cuenta con 5 calderas de gas natural, riello condexa",1.9,1.9,0.47,0.47,-1,0.0,True
14228d2024,62.3,f,depto,no posee,calderas de condensación navien npe 32 swe,1.6,1.6,0.33,0.33,-1,0.0,True
b70de12023,48.0,d,depto,no posee,calefont 7 litros tiro forzado,1.9,1.9,0.47,0.47,60,1.0,False
d4d8202021,47.8,d,depto,no posee,calefont 7 litros tiro forzado,1.9,1.9,0.47,0.47,-1,0.0,True
1df7c22026,56.6,f,casa_pareada,no posee,calefont 7 litros tiro forzado,1.7,1.7,0.38,0.38,16,0.1551724188430507,False
f337d52026,46.7,d,depto,0,calefont 10 litros tiro forzado,1.7,1.7,0.38,0.38,-1,0.0,True
2dc8df2025,49.5,d,casa_pareada,no posee,calefont 11 litros tiro forzado,1.9,1.9,0.47,0.47,-1,0.0,True
88e1992025,51.8,c,depto,no posee,calefont 10 litros - splendid mvg tfi-10,4.0,4.0,0.0,0.0,-1,0.0,True
d8534f2023,60.4,c,depto,no posee,caldera con condensación,4.0,4.0,0.84,0.84,-1,0.0,True
ca22112026,30.5,d,depto,no posee,calefont 7 litros tiro forzado,1.9,1.9,0.47,0.47,57,1.0,False
47ecd52024,44.1,d,depto,no posee,central termica,1.9,1.9,0.47,0.47,38,0.17142857489551486,False
13de842025,42.3,b,depto,no posee,calefont glp,3.0,3.0,0.6,0.6,-1,0.0,True
36b3882025,28.1,d,depto,no posee,termo eléctrico,1.9,1.9,0.47,0.47,8,1.0,False
86f7412025,68.5,e,casa_aislada,no posee,calefont 7 litros tiro forzado,1.7,1.7,0.38,0.38,33,0.012550881504633415,False
26fb4c2025,49.8,g,depto,no posee,calefont 10 litros tiro forzado,1.6,1.6,0.33,0.33,23,1.0,False
0c6b5e2020,54.3,d,depto,no posee,calentamiento de agua con caldera a condensación,1.9,1.9,0.47,0.47,50,0.00881953798648314,False
8274732021,112.6,e,casa_aislada,no posee,calefont 13 litros tiro forzado gas licuado,1.7,1.7,0.38,0.38,-1,0.0,True
93ab3d2021,41.7,d,casa_pareada,no posee,calefont glp,1.9,1.9,0.47,0.47,40,0.0,False
88fbd32018,51.4,d,depto,no posee,calefont ionizado 10 litros tiro natural marca splendid modleo,1.7,1.7,0.38,0.38,-1,0.0,True
9147c92019,51.1,d,depto,no posee,calefont glp,1.9,1.9,0.47,0.47,49,1.0,False
ef659f2024,35.5,d,depto,no posee,caldera con condensación,1.9,1.9,0.47,0.47,52,1.0,False
2963342020,19.9,d,depto,no posee,caldera de condensación,1.9,1.9,0.47,0.47,28,0.5970149301896011,False
a727692020,60.3,a,depto,no posee,calefont 7 litros tiro forzado,4.0,4.0,0.84,0.84,6,1.0,False
5123ee2025,48.7,g,casa_aislada,no posee,calefon,1.1,1.1,0.28,0.28,17,1.0,False
54aa8a2020,60.3,a,depto,no posee,calefont 7 litros tiro forzado,4.0,4.0,0.84,0.84,6,1.0,False
5005122025,48.3,b,depto,no posee,calefont glp,4.0,4.0,0.84,0.84,-1,0.0,True
cebc6e2021,61.3,d,casa_pareada,no posee,calefont,1.7,1.7,0.38,0.38,9,1.0,False
c0713a2024,33.6,d,depto,no posee,bomba de calor,1.9,1.9,0.47,0.47,-1,0.0,True
aa5a0a2018,49.0,g,,radiador eléctrico,calefont 7 litros tiro forzado,1.1,1.1,0.28,0.28,-1,0.0,True
aed4a12024,40.2,d,depto,"central térmica, 3 calderas murales de condensación","central térmica, 3 calderas murales de condensación",1.9,1.9,0.47,0.47,-1,0.0,True
51a4692025,44.7,d,depto,no posee,calderas de condensación,1.9,1.9,0.47,0.47,-1,0.0,True
a5aaa72021,49.1,d,depto,no posee,calefont,1.7,1.7,0.38,0.38,50,0.02635479117282256,False
92f1222023,47.0,d,casa_pareada,no posee,calefont 7 litros tiro forzado,1.7,1.7,0.38,0.38,41,1.0,False
a6c40e2025,52.6,d,depto,no posee,calefont 7 litros tiro forzado,1.9,1.9,0.47,0.47,58,1.0,False
8eb4be2021,41.7,d,casa_pareada,no posee,calefont glp,1.9,1.9,0.47,0.47,40,0.0,False
619b2b2026,53.2,d,casa_pareada,no posee,calefont 7 litros tiro forzado,1.9,1.9,0.47,0.47,43,1.0,False
9530962025,50.1,c,depto,calefactor electrico,calefont 12 litros gl,3.0,3.0,0.6,0.6,0,1.0,False
b853a42025,47.0,d,casa_pareada,no posee,calefont 7 litros tiro forzado,1.7,1.7,0.38,0.38,41,1.0,False
5a10d62023,81.7,d,casa_pareada,0,calefont 10 litros tiro forzado,1.7,1.7,0.38,0.38,-1,0.0,True
6512b42024,40.5,d,depto,no posee,caldera central a gas,1.9,1.9,0.47,0.47,30,1.0,False
ed5c792025,47.0,d,casa_pareada,no posee,calefont 7 litros tiro forzado,1.7,1.7,0.38,0.38,41,1.0,False
6050922024,55.5,d,depto,no posee,calefont 7 litros tiro forzado,3.0,3.0,0.6,0.6,55,1.0,False
ebc35c2019,47.2,d,depto,no posee,calefont 7 litros tiro forzado,1.9,1.9,0.47,0.47,61,1.0,False
3232752026,111.2,d,casa_aislada,no posee,calefon tiro forzado,1.9,1.9,0.47,0.47,-1,0.0,True
d179812026,58.6,i,casa_pareada,no posee,calefont 7 litros tiro forzado,0.6,0.6,0.25,0.25,-1,0.0,True
1caf502023,54.0,f,casa_pareada,no aplica,calefont glp,1.6,1.6,0.33,0.33,26,1.0,False
0c89902025,73.7,d,depto,no posee,calefont 7 litros tiro forzado,1.9,1.9,0.47,0.47,-1,0.0,True
1cdd3d2025,49.4,d,depto,no posee,calefont glp,1.9,1.9,0.47,0.47,44,0.0,False
656c272026,29.1,e,depto,no posee,calefont 7 litros tiro forzado,1.7,1.7,0.38,0.38,54,0.3111111004340148,False
0fae3c2024,75.2,f,casa_aislada,no posee,calefont 10 litros tiro forzado,1.7,1.7,0.38,0.38,15,1.0,False
f98db82024,49.9,d,depto,no posee,calefont glp,1.9,1.9,0.47,0.47,-1,0.0,True
69b3152024,63.1,d,depto,sin sistema,calefont,1.9,1.9,0.47,0.47,50,0.00881953798648314,False
a76aac2024,40.8,d,depto,no posee,caldera de condensación,1.9,1.9,0.47,0.47,28,1.0,False
c6e9bd2025,69.8,f,casa_aislada,no posee,calefont 7 litros tiro forzado,1.7,1.7,0.38,0.38,14,1.0,False
a77b5c2021,93.4,d,casa_pareada,no posee,calefont,1.7,1.7,0.38,0.38,9,1.0,False
74ebb32021,52.1,d,depto,no posee,calefont 7 litros tiro forzado,1.9,1.9,0.47,0.47,58,1.0,False
6d06622020,51.0,d,depto,no posee,calefont glp,1.9,1.9,0.47,0.47,48,1.0,False
6980902025,50.1,a,depto,no posee,"calefon junkers wd10 km e31 s4300, de 10 l y 18,2 kw",4.0,4.0,0.84,0.84,-1,0.0,True
fa66642023,52.2,f,depto,no aplica,calefont glp,1.6,1.6,0.33,0.33,-1,0.0,True
3438392024,48.3,f,casa_pareada,no posee,calefont glp,1.7,1.7,0.38,0.38,27,0.0,False
dcc7c82021,52.4,d,depto,no posee,calefont glp,1.9,1.9,0.47,0.47,47,1.0,False
a0a7de2020,91.7,d,casa_aislada,estufa kerosene 3 kw,calefon tiro natural 10 lts +sst,1.7,1.7,0.38,0.38,1,1.0,False
a668b12025,53.1,c,casa_pareada,0,"calefón junkers smart wr13-2 km e31 s4305 13 litros, gas",4.0,4.0,0.84,0.84,-1,0.0,True
a1bcef2019,48.1,g,depto,no posee,calefont rheem 14lt,1.1,1.1,0.28,0.28,-1,0.0,True
4e16142025,48.5,d,depto,no posee,calefont glp,1.9,1.9,0.47,0.47,44,1.0,False
d3f1142019,43.0,d,depto,no posee,bombas de calor,1.9,1.9,0.47,0.47,-1,0.0,True
afdd832023,49.9,d,depto,no posee,calefont glp,3.0,3.0,0.6,0.6,37,1.0,False
ab7d3f2022,32.8,e,depto,no posee,calefont 7 litros tiro forzado,1.0,1.0,0.0,0.0,2,0.9704627507145664,False
fd1b5d2025,51.4,d,depto,no posee,calefont glp,1.9,1.9,0.47,0.47,49,0.0,False
e3f6d62025,55.0,b,casa_aislada,no posee,calefont glp,3.0,3.0,0.6,0.6,-1,0.0,True
a450c82026,53.6,f,casa_pareada,no posee,calefont 7 litros tiro forzado,1.7,1.7,0.38,0.38,16,0.2647058810169847,False
0e38a12022,42.3,b,depto,no posee,calefont 10 litros tiro forzado,3.0,3.0,0.6,0.6,-1,0.0,True
5dfdeb2023,49.3,c,depto,no aplica,calefont glp,4.0,4.0,0.84,0.84,-1,0.0,True
0879df2024,48.3,f,casa_pareada,no posee,calefont glp,1.7,1.7,0.38,0.38,27,0.0,False
699fe72026,48.1,e,casa_aislada,no posee,calefont glp,1.7,1.7,0.38,0.38,21,1.0,False
e628332025,81.7,d,casa_pareada,no posee,calefon gas natural 13 litros,1.9,1.9,0.47,0.47,-1,0.0,True
ec8c752024,50.3,d,depto,no posee,central térmica. caldera de condensación con acumuladores,1.9,1.9,0.47,0.47,-1,0.0,True
13a9be2025,66.5,d,depto,no posee,"sistema individual, calefón 10 litros.",1.9,1.9,0.47,0.47,-1,0.0,True
09577e2025,37.4,d,depto,split inverter,termo electrico,1.9,1.9,0.47,0.47,-1,0.0,True
d02fba2024,47.1,c,depto,no posee,calefont 7 litros tiro forzado,4.0,4.0,0.84,0.84,3,0.3448275944704466,False
41b6352022,48.1,d,casa_pareada,no posee,calefont 10 litros tiro forzado,1.9,1.9,0.47,0.47,36,1.0,False
5ea3d12019,30.3,d,depto,no considera sistema de calefacción.,sistema individual termo eléctrico con encendido automático.,1.9,1.9,0.47,0.47,-1,0.0,True
f78baf2025,65.8,d,depto,no posee,el proyecto cuenta con 5 calefón de gas natural bosch modelo,1.9,1.9,0.47,0.47,-1,0.0,True
dab5ac2025,50.8,g,depto,no posee,caldera eléctrica marca rinnai modelo eco 25/28,1.0,1.0,0.0,0.0,-1,0.0,True
b730572021,51.3,d,depto,no posee,calefont glp,1.9,1.9,0.47,0.47,49,0.0,False
dccc672026,86.3,d,casa_aislada,no posee,calefon tiro forzado,1.9,1.9,0.47,0.47,-1,0.0,True
6377192023,69.8,d,casa_pareada,no posee,"calefont 13 litros neckar marca junkers, gas licuado.",1.9,1.9,0.47,0.47,-1,0.0,True
6d74372025,56.5,d,casa_pareada,no posee,calefont 7 litros tiro forzado,1.9,1.9,0.47,0.47,43,0.6153846153846154,False
594c322019,51.8,f,depto,no posee,calefont 13 litros tiro forzado,1.7,1.7,0.38,0.38,-1,0.0,True
ecde5e2024,43.1,a,depto,no posee,calefon,4.0,4.0,0.84,0.84,-1,0.0,True
4de3192025,43.3,e,depto,no posee,calefont 7 litros tiro forzado,1.7,1.7,0.38,0.38,54,1.0,False
b8a5b72025,27.8,d,depto,no posee,calefont 7 litros tiro forzado,1.9,1.9,0.47,0.47,57,0.9500000038609141,False
0d17122021,70.8,d,casa_pareada,no posee,calefón,1.9,1.9,0.47,0.47,-1,0.0,True
22d3b72024,53.5,a,depto,no posee,termo electrico 120 litros,4.0,4.0,0.84,0.84,-1,0.0,True
7804362022,91.6,d,casa_pareada,no posee,calefont tiro forzado,1.7,1.7,0.38,0.38,7,1.0,False
33e4f42023,56.8,c,depto,no posee,calefon de condensación en cascada,3.0,3.0,0.6,0.6,-1,0.0,True
1ce7142021,41.5,d,depto,no posee,el edificio cuenta con 2 calderas para el edificio sur y 3 calderas,1.9,1.9,0.47,0.47,8,0.07259158922291108,False
d45ecd2024,58.7,d,casa_pareada,no posee,calefont 13 litros tiro forzado,1.9,1.9,0.47,0.47,-1,0.0,True
53f32b2020,61.6,f,depto,no posee,calefont 13 litros tiro forzado,1.6,1.6,0.33,0.33,-1,0.0,True
0d017b2024,62.2,d,depto,no posee,caldera mural de condensación,1.9,1.9,0.47,0.47,-1,0.0,True
bb01982025,57.8,d,depto,no posee,calefont,1.9,1.9,0.47,0.47,50,1.0,False
cc19762025,52.2,g,depto,no posee,calefont 10 litros tiro forzado,1.1,1.1,0.28,0.28,23,1.0,False
dc31e12019,41.9,g,casa_pareada,no posee,calefont 7 litros tiro natural,1.1,1.1,0.28,0.28,-1,0.0,True
6b8e0a2018,50.5,a,depto,no posee,calefont 7 litros tiro forzado,4.0,4.0,0.84,0.84,-1,0.0,True
4eba302025,47.0,d,casa_pareada,no posee,calefont 7 litros tiro forzado,1.7,1.7,0.38,0.38,41,1.0,False
32c7702022,29.9,d,depto,calefactor eléctrico,sistema de generación central por caldera de condensación,1.9,1.9,0.47,0.47,-1,0.0,True
01539c2024,63.1,d,depto,sin sistema,calefont,1.9,1.9,0.47,0.47,50,0.00881953798648314,False
31f01d2020,51.1,d,depto,no posee,calefont glp,1.9,1.9,0.47,0.47,49,1.0,False
bd84632026,57.6,d,depto,no posee,calefont 7 litros tiro forzado,3.0,3.0,0.6,0.6,55,0.8500000115827424,False
ca80c82021,47.2,f,casa_pareada,no posee,calefont glp,1.7,1.7,0.38,0.38,27,0.0,False
34b24a2022,43.7,f,casa_aislada,no posee,calefont glp,1.6,1.6,0.33,0.33,19,1.0,False
93865e2025,64.1,d,depto,no posee,calefont 7 litros tiro forzado,1.9,1.9,0.47,0.47,-1,0.0,True
cb9b072024,44.4,d,depto,no posee,central termica,1.9,1.9,0.47,0.47,38,0.17142857489551486,False
e8e6ad2023,48.6,g,depto,no posee,calefont 7 litros tiro forzado,1.1,1.1,0.28,0.28,22,0.045976585582855785,False
0424952018,39.5,g,,radiador eléctrico,calefont 7 litros tiro forzado,1.1,1.1,0.28,0.28,-1,0.0,True
5b8e712025,81.7,d,casa_pareada,0,calefont 10 litros tiro forzado,1.7,1.7,0.38,0.38,-1,0.0,True
f913232026,82.5,c,depto,no considera,caldera convencional,3.0,3.0,0.6,0.6,-1,0.0,True
ae9d382022,49.2,d,depto,no posee,calefont glp,3.0,3.0,0.6,0.6,37,0.0,False
6bd6062021,49.5,f,depto,no posee,calefont,1.7,1.7,0.38,0.38,-1,0.0,True
5c6c9a2023,43.3,a,depto,no posee,"calefont splendid master ion tiro forzado 10 litros, de 17,6",4.0,4.0,0.84,0.84,-1,0.0,True
9959b92025,69.6,c,depto,no posee,termo eléctrico rheem 120 litros,4.0,4.0,0.84,0.84,-1,0.0,True
28a9102019,51.0,d,depto,no posee,calefont glp,1.9,1.9,0.47,0.47,48,1.0,False
7a149c2025,63.1,d,casa_aislada,no posee,calefont 7 litros tiro forzado,1.9,1.9,0.47,0.47,33,1.0,False
ebd36b2021,49.5,f,casa_aislada,no posee,calefont 10 litros tiro forzado,1.7,1.7,0.38,0.38,15,1.0,False
cc50582020,54.3,d,depto,no posee,calentamiento de agua con caldera a condensación,1.9,1.9,0.47,0.47,50,0.00881953798648314,False
87ac872023,48.3,d,depto,no posee,"calefón splendid mvg tfi 13 litros, gas natural de 22,5 kw",1.9,1.9,0.47,0.47,-1,0.0,True
953e192022,28.4,d,depto,no considera,central térmica,1.9,1.9,0.47,0.47,-1,0.0,True
e766982021,51.6,d,casa_pareada,estufa kerosene 3 kw,calefon tiro natural 10 lts +sst,1.7,1.7,0.38,0.38,1,1.0,False
db2ec02026,47.0,d,casa_pareada,no posee,calefont 7 litros tiro forzado,1.7,1.7,0.38,0.38,41,1.0,False
f6b0322023,53.7,d,depto,no posee,calefont tiro forzado,1.7,1.7,0.38,0.38,24,1.0,False
18e7b32022,74.3,f,casa_aislada,no posee,calefont 7 litros tiro forzado,1.6,1.6,0.33,0.33,14,0.22884858922265802,False
dbd8e32021,55.3,d,depto,central térmica,central de agua caliente,1.9,1.9,0.47,0.47,-1,0.0,True
aa10682025,32.2,g,depto,calefactor eléctrico 1000 w,termo eléctrico,1.6,1.6,0.33,0.33,-1,0.0,True
d67cc22022,47.1,c,depto,no posee,"calefont splendid 10 litros, gas licuado",3.0,3.0,0.6,0.6,-1,0.0,True
961b922020,48.7,e,depto,no posee,termo eléctrico,1.7,1.7,0.38,0.38,-1,0.0,True
8ff42c2025,45.9,d,depto,no posee,calefont 7 litros tiro forzado,1.7,1.7,0.38,0.38,56,1.0,False
f353402024,39.9,d,depto,"central térmica, 3 calderas murales de condensación","central térmica, 3 calderas murales de condensación",1.9,1.9,0.47,0.47,-1,0.0,True
3edd122023,28.3,d,depto,no posee,central termica,1.9,1.9,0.47,0.47,38,1.0,False
b4f4442022,46.1,e,casa_aislada,no posee,calefont glp,1.7,1.7,0.38,0.38,21,0.19999998455634352,False
3ef9f52021,45.0,d,casa_pareada,no posee,calefont 7 litros tiro forzado,1.9,1.9,0.47,0.47,42,1.0,False
8f267f2020,46.2,f,casa_pareada,no posee,calefont glp,1.7,1.7,0.38,0.38,27,1.0,False
1cf7aa2025,51.5,d,depto,no posee,calefont 7 litros tiro forzado,1.9,1.9,0.47,0.47,58,1.0,False
374a112024,47.7,d,depto,no posee,caldera con condensación,1.9,1.9,0.47,0.47,52,0.8333332618349243,False
56db432020,58.7,d,casa_pareada,no posee,calefon 10 lts splendid modelo master 10,1.7,1.7,0.38,0.38,-1,0.0,True
10960e2021,51.3,d,depto,no posee,calefont glp,1.9,1.9,0.47,0.47,49,0.0,False
6a2e192018,49.1,d,depto,no posee,calefont 7 litros tiro forzado,1.7,1.7,0.38,0.38,56,0.4000000257394295,False
1c360f2024,50.2,d,depto,no considera,calefont,1.9,1.9,0.47,0.47,50,0.00881953798648314,False
7fc04f2025,49.5,e,depto,no posee,calefont 7 litros tiro forzado,1.7,1.7,0.38,0.38,54,0.9333333333333333,False
f9ae7d2023,57.4,d,depto,no posee,calefont tiro forzado,1.7,1.7,0.38,0.38,24,1.0,False
34035c2025,47.3,d,depto,no posee,calefont 7 litros tiro forzado,1.9,1.9,0.47,0.47,61,0.0,False
5e32b92023,69.2,f,casa_aislada,no posee,calefont 10 litros tiro forzado,1.6,1.6,0.33,0.33,15,0.33563144940949097,False
d9bbc62021,45.0,d,casa_pareada,no posee,calefont 7 litros tiro forzado,1.9,1.9,0.47,0.47,42,1.0,False
6eb6732025,62.2,d,casa_pareada,no posee,calefont 7 litros tiro forzado,1.7,1.7,0.38,0.38,-1,0.0,True
3546502025,53.0,f,casa_aislada,no posee,calefont glp,1.6,1.6,0.33,0.33,19,0.32258063980448926,False
ef77b22024,68.2,d,depto,losa radiante,caldera de condensacion,1.9,1.9,0.47,0.47,-1,0.0,True
9432242021,66.8,d,casa_aislada,estufa a gas,calefont,1.9,1.9,0.47,0.47,-1,0.0,True
077ff12019,42.7,g,casa_aislada,no posee,calefont 7 litros tiro forzado,1.1,1.1,0.28,0.28,-1,0.0,True
f32f832022,45.0,d,depto,calefactor eléctrico por convección,sistema de generación central por caldera de condensación,1.0,1.0,0.0,0.0,-1,0.0,True
8fb25b2020,52.3,f,depto,no posee,calefont glp,1.7,1.7,0.38,0.38,29,1.0,False
2871932023,55.6,d,depto,no posee,calefont 7 litros tiro forzado,3.0,3.0,0.6,0.6,55,1.0,False
726d162026,48.5,d,depto,no posee,calefont glp,1.9,1.9,0.47,0.47,44,1.0,False
8a58072025,33.0,d,depto,no posee,sistema centralizado a gas natural.,1.9,1.9,0.47,0.47,-1,0.0,True
e8794d2025,55.5,d,depto,no posee,calefon,1.9,1.9,0.47,0.47,-1,0.0,True
c91ce72019,31.5,g,depto,no posee,calefont 7 litros tiro forzado,1.1,1.1,0.28,0.28,22,0.045976585582855785,False
351fe92021,77.9,e,casa_pareada,no posee,calefon. tiro forzado.,1.7,1.7,0.38,0.38,-1,0.0,True
3c2ef32018,48.2,d,depto,no posee,calefont 7 litros tiro forzado,1.9,1.9,0.47,0.47,60,1.0,False
f8d1e62024,45.0,d,depto,no posee,"caldera de tipo condensación, 900kw marca inmergas modelo",1.9,1.9,0.47,0.47,-1,0.0,True
e6c0e42026,47.0,d,casa_pareada,no posee,calefont 7 litros tiro forzado,1.7,1.7,0.38,0.38,41,1.0,False
fba7692024,49.4,d,depto,no posee,calefont 7 litros tiro forzado,1.9,1.9,0.47,0.47,60,1.0,False
dd27662025,78.2,d,casa_aislada,no posee,calefont 7 litros tiro forzado,1.9,1.9,0.47,0.47,33,0.5692307794656191,False
dc226e2024,57.6,d,depto,no posee,calefont junkers hydrowind wtd15-kme,1.9,1.9,0.47,0.47,-1,0.0,True
b2695f2025,51.0,d,depto,no posee,calefont,1.9,1.9,0.47,0.47,50,1.0,False
55b9c22021,66.8,d,casa_aislada,estufa a gas,calefont,1.9,1.9,0.47,0.47,-1,0.0,True
4dce6a2023,50.8,d,depto,no aplica,calefont glp,1.9,1.9,0.47,0.47,-1,0.0,True
45fa9a2022,39.1,d,depto,no considera,central térmica,1.9,1.9,0.47,0.47,-1,0.0,True
a56b872025,49.8,f,depto,no posee,calefont glp,1.6,1.6,0.33,0.33,29,1.0,False
8dd09e2025,48.0,c,depto,no posee,termo electrico pie,4.0,4.0,0.84,0.84,-1,0.0,True
487c262020,106.6,e,casa_aislada,caldera a gas sin condensacion encendido electronico control,caldera a gas licuado,1.7,1.7,0.38,0.38,-1,0.0,True
24de522022,62.5,d,casa_pareada,no posee,calefont tiro forzado,1.7,1.7,0.38,0.38,7,1.0,False
7b56b92024,43.9,g,depto,no posee,calefont 7 litros tiro forzado,1.1,1.1,0.28,0.28,22,0.045976585582855785,False
e095bd2025,56.9,g,casa_pareada,no posee,calefont glp,1.1,1.1,0.28,0.28,-1,0.0,True
91e7c32024,56.0,d,depto,no considera,caldera con condensación,1.9,1.9,0.47,0.47,53,0.3975903578589271,False
c900df2019,43.3,e,casa_aislada,no posee,calefont glp,1.7,1.7,0.38,0.38,21,0.14285714285714285,False
0f05f22024,32.7,d,depto,"central térmica, 3 calderas murales de condensación","central térmica, 3 calderas murales de condensación",1.9,1.9,0.47,0.47,-1,0.0,True
37c4b12021,78.2,d,casa_pareada,no posee,calefont,1.7,1.7,0.38,0.38,9,1.0,False
6a9dc52024,23.5,d,depto,no posee,caldera modular de condensación,1.9,1.9,0.47,0.47,-1,0.0,True
4e02c62024,48.6,f,depto,no posee,calefont,1.6,1.6,0.33,0.33,-1,0.0,True
cc23542025,47.0,d,casa_pareada,no posee,calefont 7 litros tiro forzado,1.7,1.7,0.38,0.38,41,1.0,False
9bf70d2025,81.7,d,casa_pareada,no posee,calefont 7 litros tiro forzado,1.7,1.7,0.38,0.38,-1,0.0,True
dd3a9e2026,119.0,d,casa_aislada,no posee,calefon tiro forzado,1.9,1.9,0.47,0.47,-1,0.0,True
7b95892025,31.2,d,depto,no posee,"en definición, se utiliza por defecto en precalificación.",1.9,1.9,0.47,0.47,-1,0.0,True
efff292022,81.7,d,casa_pareada,la vivienda considera estufa de 6kw y combustible glp.,calefont 10 litros tiro forzado,1.7,1.7,0.38,0.38,-1,0.0,True
aed7492026,128.9,d,casa_aislada,no posee,calefon tiro forzado,1.9,1.9,0.47,0.47,-1,0.0,True
f42f192023,49.2,e,depto,no posee,calefont 13 litros tiro forzado,1.7,1.7,0.38,0.38,-1,0.0,True
0261ab2021,77.8,d,casa_aislada,estufa kerosene 3 kw,calefon tiro natural 10 lts +sst,1.7,1.7,0.38,0.38,1,1.0,False
4c66982021,66.8,d,casa_pareada,no posee,calefont,1.7,1.7,0.38,0.38,9,1.0,False
161baf2024,49.0,f,casa_pareada,no posee,calefont,1.6,1.6,0.33,0.33,-1,0.0,True
a461122024,63.1,d,casa_aislada,no posee,calefont 7 litros tiro forzado,1.9,1.9,0.47,0.47,33,1.0,False
d339b12025,39.6,g,depto,calefactor eléctrico wally one de kaltemp,termo eléctrico rheem,1.6,1.6,0.33,0.33,-1,0.0,True
79d5f72024,103.2,d,depto,losa radiante,caldera condensación,1.9,1.9,0.47,0.47,-1,0.0,True
0ed6632021,48.9,d,depto,no posee,calefont glp,1.9,1.9,0.47,0.47,44,0.0,False
aeed882023,43.1,c,depto,no posee,calefon de condensación en cascada,3.0,3.0,0.6,0.6,-1,0.0,True
23 56f9ff2023,55.7,f,casa_pareada,no aplica,calefont glp,1.6,1.6,0.33,0.33,26,1.0,False
123acc2026,47.0,d,casa_pareada,no posee,calefont 7 litros tiro forzado,1.7,1.7,0.38,0.38,41,1.0,False
b12c0a2026,31.2,d,depto,no posee,"por definir, por defecto.",1.9,1.9,0.47,0.47,-1,0.0,True
1eaec82026,48.1,e,casa_aislada,no posee,calefont glp,1.7,1.7,0.38,0.38,21,1.0,False
cea0602023,44.6,d,depto,no posee,calefon de condensación,1.9,1.9,0.47,0.47,50,0.00881953798648314,False
c202e42019,34.6,d,depto,no posee,calefont,1.9,1.9,0.47,0.47,50,0.2549019530654539,False
583ee82019,33.1,g,depto,no posee,calefont 7 litros tiro forzado,1.1,1.1,0.28,0.28,22,0.045976585582855785,False
32c2912025,20.6,d,depto,no posee,termo eléctrico splendid 80 lt,1.9,1.9,0.47,0.47,-1,0.0,True
6c921c2022,70.6,d,depto,"calefaciión mediante 4 calderas marca baxi, modelo luna","agua caliente mediante 4 calderas marca baxi, modelo luna",1.9,1.9,0.47,0.47,-1,0.0,True
a174d02020,61.0,c,casa_pareada,no posee,calefont neckar ionizado 13 litros wn13 con potencia nominal,4.0,4.0,0.84,0.84,-1,0.0,True
48b8302023,52.2,f,depto,no posee,calefont 7 litros tiro forzado,1.6,1.6,0.33,0.33,32,1.0,False
d4ee1e2024,54.8,d,depto,no posee,calefont tiro forzado,1.9,1.9,0.47,0.47,24,0.024526388758561498,False
165e592022,26.5,d,depto,no posee,calefon de condensación,1.9,1.9,0.47,0.47,50,0.00881953798648314,False
1afe852022,39.2,f,casa_aislada,no posee,calefont glp,1.6,1.6,0.33,0.33,19,1.0,False
19cc532024,49.5,f,depto,no posee,calefont 7 litros tiro forzado,1.7,1.7,0.38,0.38,31,1.0,False
99e0232022,26.9,d,depto,no posee,caldera a condensación,1.9,1.9,0.47,0.47,18,1.0,False
4c9f562025,61.1,c,depto,no posee,caldera de condensación,4.0,4.0,0.84,0.84,-1,0.0,True
6b69e12026,49.9,d,depto,no posee,calefont 7 litros tiro forzado,1.9,1.9,0.47,0.47,-1,0.0,True
3346132026,27.8,d,depto,no posee,caldera condensación,1.9,1.9,0.47,0.47,13,1.0,False
1621c62019,47.2,d,depto,no posee,calefont 7 litros tiro forzado,1.9,1.9,0.47,0.47,61,1.0,False
6511a82022,49.3,d,depto,no posee,calefont glp,1.9,1.9,0.47,0.47,44,0.0,False
9f01782020,52.3,f,depto,no posee,calefont glp,1.7,1.7,0.38,0.38,29,1.0,False
f4f1012021,46.2,f,casa_pareada,no posee,calefont glp,1.7,1.7,0.38,0.38,27,1.0,False
f6db4d2021,51.6,d,casa_pareada,no posee,calefont glp,1.9,1.9,0.47,0.47,39,1.0,False
0a4c432025,53.1,d,casa_pareada,no posee,calefont glp,1.9,1.9,0.47,0.47,39,1.0,False
83722c2022,47.4,d,casa_pareada,no posee,calefont 7 litros tiro forzado,1.0,1.0,0.0,0.0,2,1.0,False
c6a8d12022,42.0,d,casa_pareada,no posee,calefont glp,1.9,1.9,0.47,0.47,40,1.0,False
182ca42025,38.9,d,depto,no posee,calefont glp,1.9,1.9,0.47,0.47,-1,0.0,True
762f312025,29.0,g,depto,calefactor eléctrico wally one de kaltemp,termo eléctrico rheem,1.6,1.6,0.33,0.33,-1,0.0,True
9b88622021,57.8,d,casa_pareada,no posee,calefont 7 litros tiro forzado,1.9,1.9,0.47,0.47,43,0.6153846153846154,False
a426a32023,52.2,g,depto,no posee,calefont 7 litros tiro forzado,1.6,1.6,0.33,0.33,22,1.0,False
ea262b2025,60.5,a,depto,no posee,calefont 7 litros tiro forzado,4.0,4.0,0.84,0.84,6,1.0,False
97482a2022,48.3,c,casa_pareada,no posee,calefont 7 litros tiro forzado,4.0,4.0,0.84,0.84,3,0.00339213025673568,False
b90f222021,51.0,d,depto,no considera,calefont 11 litros,3.0,3.0,0.6,0.6,-1,0.0,True
9e920b2024,20.5,e,depto,no posee,calefont 7 litros tiro forzado,1.7,1.7,0.38,0.38,54,0.1842105113427154,False
65976b2023,35.5,d,depto,no posee,calefón con condensación,1.9,1.9,0.47,0.47,-1,0.0,True
b421092026,58.6,i,casa_pareada,no posee,calefont 7 litros tiro forzado,0.6,0.6,0.25,0.25,-1,0.0,True
7924af2026,51.3,e,depto,no posee,calefont glp,1.7,1.7,0.38,0.38,-1,0.0,True
3322da2024,52.5,d,depto,no posee,calefont glp,3.0,3.0,0.6,0.6,37,0.0,False
258e192025,55.4,a,depto,no posee,"termo eléctrico anwo van200l, potencia 3.0 kw",4.0,4.0,0.84,0.84,4,1.0,False
a88aea2026,55.3,d,casa_aislada,calefactor electrico,calefont 10 litros gl,1.9,1.9,0.47,0.47,0,0.7625006171926384,False
6064df2019,46.0,f,depto,no posee,calefont 13 litros tiro forzado,1.7,1.7,0.38,0.38,-1,0.0,True
107d732023,96.1,d,casa_aislada,no posee,calefont 7 litros tiro forzado,1.9,1.9,0.47,0.47,33,0.5692307794656191,False
0b61c22023,47.2,d,depto,0,calefont 10 litros tiro forzado,1.7,1.7,0.38,0.38,-1,0.0,True
fd0a642023,28.4,d,depto,no posee,central termica bomba calor aerotermica - electricidad,1.9,1.9,0.47,0.47,8,0.07259158922291108,False
9af8232019,60.0,f,casa_aislada,estufa a parafina marca toyotomi modelo ff-55 el que tiene,calefon marca mademsa modelo forzada tfm 10 eco gl/gn,1.6,1.6,0.33,0.33,-1,0.0,True
5ca8f32024,50.3,g,casa_aislada,no posee,calefont glp,1.6,1.6,0.33,0.33,20,1.0,False
4c1ff32022,55.3,c,depto,no posee,calefont 10 litros tiro forzado,3.0,3.0,0.6,0.6,-1,0.0,True
30748d2025,50.8,f,casa_pareada,no posee,calefont 7 litros tiro forzado,1.7,1.7,0.38,0.38,16,0.2647058810169847,False
6e60932022,55.4,a,depto,no posee,"calefon splendid, master mvg tfi 10, 10 litros, gas licuado",4.0,4.0,0.84,0.84,-1,0.0,True
31451c2024,54.5,c,depto,no posee,calefont 7 litros tiro forzado,4.0,4.0,0.84,0.84,3,0.8333333440580949,False
3745832019,51.1,d,depto,no posee,calefont glp,1.9,1.9,0.47,0.47,49,1.0,False
57191d2025,68.2,f,casa_pareada,no posee,calefont 7 litros tiro forzado,1.7,1.7,0.38,0.38,16,0.06666667009859048,False
bd99df2025,66.8,d,casa_pareada,no posee,calefont 7 litros tiro forzado,1.7,1.7,0.38,0.38,-1,0.0,True
259fe82023,49.9,d,depto,no posee,"calefont, tiro forzado",1.9,1.9,0.47,0.47,-1,0.0,True
b74f422022,37.5,d,depto,no posee,calefon de condensación,1.9,1.9,0.47,0.47,50,0.00881953798648314,False
37ec862019,49.7,d,casa_aislada,no posee,calefont 10 litros tiro forzado,1.0,1.0,0.0,0.0,2,1.0,False
92f2982022,77.7,d,casa_aislada,la vivienda considera estufa de 6kw y combustible glp.,calefont 13 litros tiro forzado,1.7,1.7,0.38,0.38,-1,0.0,True
c8c9d22021,55.5,d,casa_pareada,no posee,calefont 7 litros tiro forzado,1.7,1.7,0.38,0.38,45,1.0,False
50090c2025,49.8,g,depto,no posee,calefont 10 litros tiro forzado,1.6,1.6,0.33,0.33,23,1.0,False
acd1b72020,58.0,f,casa_pareada,no posee,calefont 7 litros tiro forzado,1.7,1.7,0.38,0.38,16,0.125,False
5d47f62025,48.6,d,casa_pareada,no posee,"calefont marca splendid, modelo tcsb7-3, 7 lts, potencia",1.9,1.9,0.47,0.47,-1,0.0,True
e84dc32025,42.4,f,depto,calefactor electrico,calefont 10 litros gl,1.6,1.6,0.33,0.33,-1,0.0,True
aa65e32025,37.6,d,depto,no posee,sala de calderas,1.9,1.9,0.47,0.47,12,1.0,False
e814bb2023,58.7,d,casa_pareada,no posee,calefont 7 litros tiro forzado,1.7,1.7,0.38,0.38,46,1.0,False
7f4fba2025,48.0,d,depto,no posee,calefont 10 litros tiro forzado,1.9,1.9,0.47,0.47,11,1.0,False
8978172026,58.6,i,casa_aislada,no posee,calefont 7 litros tiro forzado,0.6,0.6,0.25,0.25,-1,0.0,True
856b9b2026,57.4,d,depto,no posee,sala de calderas,1.9,1.9,0.47,0.47,12,0.3981481396742624,False
a648c62026,48.8,d,depto,no posee,calefont 13 litros tiro forzado,1.9,1.9,0.47,0.47,-1,0.0,True
ad11d32021,42.0,d,casa_pareada,no posee,calefont glp,1.9,1.9,0.47,0.47,40,1.0,False
9df17b2021,46.1,d,casa_pareada,no posee,calefont 10 litros tiro forzado,1.9,1.9,0.47,0.47,36,1.0,False
4ad7ae2018,67.5,e,casa_aislada,no posee,calefont tiro balanceado,1.0,1.0,0.0,0.0,-1,0.0,True
27dc722024,28.9,d,depto,no considera,caldera con condensación,1.9,1.9,0.47,0.47,53,1.0,False
abe7af2024,55.8,b,casa_pareada,no posee,"calefont ionizado splendid 13 litros potencia nominal 22,9 kw",4.0,4.0,0.84,0.84,-1,0.0,True
bce9822026,55.5,d,depto,no posee,calefont 7 litros tiro forzado,3.0,3.0,0.6,0.6,55,1.0,False
cf1d102022,46.1,e,casa_aislada,no posee,calefont glp,1.7,1.7,0.38,0.38,21,0.19999998455634352,False
4d40ef2022,48.6,d,depto,no posee,calefont glp,1.9,1.9,0.47,0.47,44,0.0,False
ce97562025,56.9,g,casa_pareada,no posee,calefont glp,1.1,1.1,0.28,0.28,-1,0.0,True
50f04e2025,76.3,e,casa_aislada,no posee,calefón rheem 14 lts,1.7,1.7,0.38,0.38,-1,0.0,True
eba5ce2025,55.5,d,casa_pareada,no posee,calefont 7 litros tiro forzado,1.7,1.7,0.38,0.38,45,1.0,False
4e796e2019,61.1,a,depto,no posee,calefont 7 litros tiro forzado,4.0,4.0,0.84,0.84,6,1.0,False
824fed2022,44.8,f,casa_aislada,no posee,calefont glp,1.6,1.6,0.33,0.33,19,1.0,False
254eee2023,85.2,d,casa_aislada,no posee,calefont 7 litros tiro forzado,1.9,1.9,0.47,0.47,33,0.5692307794656191,False
aadd892024,27.4,d,depto,no posee,caldera,1.9,1.9,0.47,0.47,-1,0.0,True
6ae5af2025,50.8,d,depto,no posee,calefont glp,1.9,1.9,0.47,0.47,48,1.0,False
877b722024,50.3,g,casa_aislada,no posee,calefont glp,1.6,1.6,0.33,0.33,20,1.0,False
cff6bd2024,47.0,a,depto,no posee,termo electrico 80 litros,4.0,4.0,0.84,0.84,-1,0.0,True
4f4e012019,70.2,d,casa_aislada,no posee,calefont 10 litros tiro forzado,1.9,1.9,0.47,0.47,-1,0.0,True
a949752026,60.8,i,casa_aislada,no posee,calefont 7 litros tiro forzado,0.6,0.6,0.25,0.25,-1,0.0,True
a1d5152020,53.0,d,casa_pareada,no posee,calefont,1.9,1.9,0.47,0.47,10,1.0,False
928e312020,51.1,d,depto,no posee,calefont glp,1.9,1.9,0.47,0.47,49,1.0,False
4e62c02025,49.2,c,depto,no posee,caldera de condensación ares tec 770,3.0,3.0,0.0,0.0,-1,0.0,True
dc31022020,42.4,d,casa_pareada,no posee,calefont glp,1.9,1.9,0.47,0.47,40,0.0,False
4f3a832020,57.4,d,depto,no posee,"calefon tiro forzado, modelo forza tfm 10 eco,",3.0,3.0,0.6,0.6,-1,0.0,True
a876c02026,59.5,d,casa_pareada,no posee,calefont 7 litros tiro forzado,1.7,1.7,0.38,0.38,46,1.0,False
ada9822025,51.9,e,depto,no posee,calefont 7 litros tiro forzado,1.7,1.7,0.38,0.38,54,1.0,False
52bf1a2021,46.5,d,depto,no posee,caldera con condensación,1.9,1.9,0.47,0.47,52,0.8333332618349243,False
68b9d12020,58.7,d,depto,estufa kerosene 3 kw,calefon tiro natural 10 lts +sst,1.7,1.7,0.38,0.38,1,0.9996608826569533,False
1d1d432019,47.2,d,depto,no posee,calefont 7 litros tiro forzado,1.9,1.9,0.47,0.47,61,1.0,False
37cf812024,50.9,c,depto,no posee,calefont 7 litros tiro forzado,4.0,4.0,0.84,0.84,3,1.0,False
b6e94f2026,47.0,d,casa_pareada,no posee,calefont 7 litros tiro forzado,1.7,1.7,0.38,0.38,41,1.0,False
e8d9a62025,49.2,a,casa_pareada,no posee,calefont glp,4.0,4.0,0.84,0.84,-1,0.0,True
b4f96b2025,49.4,d,casa_pareada,no posee,calefont glp,1.9,1.9,0.47,0.47,39,1.0,False
29cbd92021,54.5,a,depto,no posee,calefont 7 litros tiro forzado,4.0,4.0,0.84,0.84,5,1.0,False
1fb2352026,53.1,d,casa_pareada,no posee,calefont 14 litros,1.9,1.9,0.47,0.47,-1,0.0,True
d79c0d2023,60.2,d,depto,no posee,calefon,1.9,1.9,0.47,0.47,-1,0.0,True
0123772019,72.9,d,depto,,,1.9,1.9,0.47,0.47,-1,0.0,True
52d3112026,50.9,c,depto,no posee,calefont 7 litros tiro forzado,4.0,4.0,0.84,0.84,3,1.0,False
612c212024,29.4,d,depto,no posee,central termica,1.9,1.9,0.47,0.47,38,1.0,False
754eab2023,53.3,c,depto,no posee,calefont 7 litros tiro forzado,4.0,4.0,0.84,0.84,3,1.0,False
6e20c42024,53.7,d,depto,no posee,calefont tiro forzado,1.7,1.7,0.38,0.38,24,1.0,False
3c4e5a2024,52.2,g,depto,no posee,calefont 7 litros tiro forzado,1.6,1.6,0.33,0.33,22,1.0,False
e8d0d22026,43.0,d,depto,no posee,central térmica,1.9,1.9,0.47,0.47,38,0.004070556255695922,False
9223e02026,56.6,f,casa_aislada,no posee,calefont 7 litros tiro forzado,1.7,1.7,0.38,0.38,14,1.0,False
c7b9762025,53.3,d,depto,no posee,calefont 7 litros tiro forzado,3.0,3.0,0.6,0.6,55,1.0,False
23b6512023,81.7,d,casa_pareada,0,calefont 10 litros tiro forzado,1.7,1.7,0.38,0.38,-1,0.0,True
c453492019,60.0,a,depto,no posee,calefont 7 litros tiro forzado,4.0,4.0,0.84,0.84,6,1.0,False
92183a2021,43.7,f,depto,no posee,calefont 10 litros tiro forzado,1.7,1.7,0.38,0.38,-1,0.0,True
cd13982022,47.6,a,depto,no posee,"calefon splendid, master mvg tfi 10, 10 litros, gas licuado",4.0,4.0,0.84,0.84,-1,0.0,True
48594c2023,49.9,d,depto,no posee,calefont glp,3.0,3.0,0.6,0.6,37,1.0,False
9084412020,28.7,d,depto,no posee,calefont 13 litros tiro forzado,1.9,1.9,0.47,0.47,-1,0.0,True
2e80562019,41.2,f,depto,no posee,calefont 7 litros tiro forzado,1.6,1.6,0.33,0.33,32,0.974999963321316,False
c800772024,40.5,d,depto,no considera,caldera con condensación,1.9,1.9,0.47,0.47,53,1.0,False
1e09272024,48.0,d,depto,no posee,calefont 7 litros tiro forzado,1.9,1.9,0.47,0.47,60,1.0,False
d3f1be2022,48.0,d,depto,no posee,calefont 10 litros tiro forzado,1.9,1.9,0.47,0.47,11,1.0,False
2f74562025,48.0,c,depto,no posee,termo electrico pie,4.0,4.0,0.84,0.84,-1,0.0,True
5569482021,47.1,a,depto,no posee,calefont 7 litros tiro forzado,4.0,4.0,0.84,0.84,-1,0.0,True
221fd22020,46.2,f,casa_pareada,no posee,calefont glp,1.7,1.7,0.38,0.38,27,1.0,False
4003332023,46.1,e,casa_aislada,no posee,calefont glp,1.7,1.7,0.38,0.38,21,0.19999998455634352,False
2df9ef2022,48.9,d,depto,no posee,calefont 10 litros tiro forzado,3.0,3.0,0.6,0.6,11,0.009571054886205977,False
cf685e2022,49.9,d,depto,no posee,calefont glp,3.0,3.0,0.6,0.6,37,1.0,False
d3e33d2025,51.6,f,depto,no posee,calefont 7 litros tiro forzado,1.7,1.7,0.38,0.38,31,1.0,False
3c14f12024,42.8,b,depto,0,"calefon junkers wr13-2 km e31 s4305, 13 litros, gas licuado",4.0,4.0,0.84,0.84,-1,0.0,True
6fda9f2023,45.7,c,depto,no posee,"calefont splendid 10 litros, mvg tfi 10 gas licuado",3.0,3.0,0.6,0.6,-1,0.0,True
5cee062022,51.9,b,depto,no posee,calefont 7 litros tiro forzado,3.0,3.0,0.6,0.6,-1,0.0,True
141d052023,55.6,c,casa_pareada,no posee,calefon tiro natural marca splendid modelo,4.0,4.0,0.0,0.0,-1,0.0,True
77f7ad2021,33.9,d,depto,no posee,calefont a condensación,1.9,1.9,0.47,0.47,-1,0.0,True
565d422026,48.8,d,depto,no posee,calefont 13 litros tiro forzado,1.9,1.9,0.47,0.47,-1,0.0,True
daa0c52023,50.9,g,casa_aislada,no posee,calefont 12 litros tiro forzado,1.6,1.6,0.33,0.33,-1,0.0,True
628d1b2025,45.4,f,depto,no posee,calefont 7 litros tiro forzado,1.7,1.7,0.38,0.38,31,1.0,False
d06bdb2025,48.6,d,depto,calefactor electrico,calefont 10 litros gl,3.0,3.0,0.6,0.6,0,1.0,False
34acee2019,46.0,d,casa_pareada,no posee,calefont 10 litros tiro forzado,1.9,1.9,0.47,0.47,36,1.0,False
3d5ef82025,32.6,c,depto,no posee,termo eléctrico rheem 80 litros,4.0,4.0,0.0,0.0,-1,0.0,True
284c082025,51.2,d,depto,no posee,calefont,1.9,1.9,0.47,0.47,50,1.0,False
e1a5332024,57.3,d,depto,no posee,calefont 7 litros tiro forzado,3.0,3.0,0.6,0.6,55,1.0,False
e116972023,66.8,d,casa_pareada,no posee,calefont 7 litros tiro forzado,1.9,1.9,0.47,0.47,-1,0.0,True
a335ad2024,47.8,f,depto,no posee,calefont,1.6,1.6,0.33,0.33,-1,0.0,True
1a4c5b2022,47.3,d,depto,no posee,calefont 7 litros tiro forzado,3.0,3.0,0.6,0.6,55,0.8500000115827424,False
a21e802026,19.1,e,depto,no posee,calefont 7 litros tiro forzado,1.7,1.7,0.38,0.38,54,0.1842105113427154,False
c186222026,42.4,e,depto,no posee,calefont 7 litros tiro forzado,1.7,1.7,0.38,0.38,54,1.0,False
d7b1f42026,45.9,d,depto,no posee,calefont 7 litros tiro forzado,1.9,1.9,0.47,0.47,59,1.0,False
7f5bd42024,54.2,d,depto,no posee,calefont 10 litros tiro forzado,3.0,3.0,0.6,0.6,11,0.009571054886205977,False
0ef11e2023,129.6,d,casa_aislada,sin sistema instalado. se dejan instalaciones para caldera,dos calefon 15 litros marca junker modelo wtd15 km e23.,1.9,1.9,0.47,0.47,-1,0.0,True
f5b6662019,47.2,d,depto,no posee,calefont 7 litros tiro forzado,1.9,1.9,0.47,0.47,61,1.0,False
201ec62025,53.1,c,depto,no posee,calefont 7 litros tiro forzado,4.0,4.0,0.84,0.84,3,1.0,False
ba0b302023,51.6,f,casa_aislada,no posee,calefont 7 litros tiro forzado,1.7,1.7,0.38,0.38,14,1.0,False
27fe982023,49.9,d,depto,no posee,calefont glp,3.0,3.0,0.6,0.6,37,1.0,False
0af7b42025,46.6,d,depto,no posee,sala de calderas,1.9,1.9,0.47,0.47,12,0.7166666924060962,False
b0b2592024,47.0,d,casa_pareada,no posee,calefont 7 litros tiro forzado,1.7,1.7,0.38,0.38,41,1.0,False
ff9a1d2021,51.3,d,depto,no posee,calefont glp,1.9,1.9,0.47,0.47,49,0.0,False
8f72642026,53.7,d,depto,no posee,calefont tiro forzado,1.7,1.7,0.38,0.38,24,1.0,False
ad845f2025,47.0,e,casa_pareada,no posee,calefont 7 litros tiro forzado,1.7,1.7,0.38,0.38,34,1.0,False
a6103c2026,52.5,d,depto,calefactor electrico,calefont 10 litros gl,1.9,1.9,0.47,0.47,0,1.0,False
74c7812018,50.5,a,depto,no posee,calefont 10 litros tiro forzado,4.0,4.0,0.84,0.84,-1,0.0,True
e942d12026,28.4,d,depto,no posee,termo eléctrico marca winter 80 lt mural.,1.0,1.0,0.0,0.0,2,0.997974976519388,False
0fd1022025,46.4,a,depto,no posee,"calefon junkers wd10 km e31 s4300, de 10 l y 18,2 kw",4.0,4.0,0.84,0.84,-1,0.0,True
35b95d2022,52.3,d,depto,no posee,calefont glp,1.9,1.9,0.47,0.47,47,1.0,False
20fea72021,76.5,d,casa_aislada,no posee,calefont 13 litros tiro forzado,1.9,1.9,0.47,0.47,33,0.012550881504633415,False
d207352025,48.3,b,depto,no posee,calefont glp,4.0,4.0,0.84,0.84,-1,0.0,True
729c532023,53.0,f,depto,no posee,calefont 7 litros tiro forzado,1.6,1.6,0.33,0.33,32,1.0,False
00ffa02025,52.3,b,depto,0,"calefón junkers hidrowind wr13-2 km e31 s4305 13 litros,",4.0,4.0,0.84,0.84,-1,0.0,True
a6a13e2021,34.4,d,depto,radiador eléctrico,termo eléctrico,1.9,1.9,0.47,0.47,-1,0.0,True
e4aa342023,43.7,f,casa_aislada,estufa a parafina ff55-t,calefont 7 litros tiro forzado,1.6,1.6,0.33,0.33,-1,0.0,True
99d0782020,58.3,f,depto,calefactor eléctrico a convección,calefont 10 litros tiro forzado,1.6,1.6,0.33,0.33,-1,0.0,True
2ed5092019,47.5,d,depto,no posee,calefont 7 litros tiro forzado,1.9,1.9,0.47,0.47,61,0.0,False
034f552025,46.3,a,depto,calefactor electrico,calefont 12 litros gl,4.0,4.0,0.84,0.84,-1,0.0,True
58bbc22023,53.6,a,depto,no posee,"calefont splendid master ion tiro forzado 10 litros, de 17,6",4.0,4.0,0.84,0.84,-1,0.0,True
18bcac2018,55.0,d,casa_pareada,no posee,calefont 7 litros tiro forzado,1.9,1.9,0.47,0.47,43,1.0,False
daa6822019,53.0,d,casa_pareada,no posee,"calefont splendid, master 10",1.0,1.0,0.0,0.0,2,0.9771976252412191,False
f468f02026,39.6,d,depto,no posee,el edificio cuenta con 3 calderas de condensación aldens wm,1.9,1.9,0.47,0.47,-1,0.0,True
693efc2023,55.5,d,casa_aislada,no posee,calefont 7 litros tiro forzado,1.7,1.7,0.38,0.38,33,0.037811515147903374,False
868c582018,71.0,d,casa_aislada,no posee,calefont tiro forzado 10 l,1.0,1.0,0.0,0.0,2,0.9768747797174362,False
1ab1652023,26.0,d,depto,no posee,caldera central a gas,1.9,1.9,0.47,0.47,30,1.0,False
ccad9a2024,55.6,a,depto,no posee,calefont 7 litros tiro forzado,4.0,4.0,0.84,0.84,5,1.0,False
53bc1a2025,48.5,d,depto,no posee,calefont glp,1.9,1.9,0.47,0.47,44,1.0,False
c7b4652022,27.8,d,depto,no considera,central térmica,1.9,1.9,0.47,0.47,-1,0.0,True
77bc532025,55.6,a,depto,no posee,calefont 7 litros tiro forzado,4.0,4.0,0.84,0.84,5,1.0,False
3452fb2025,57.8,d,casa_pareada,no posee,calefont 7 litros tiro forzado,1.7,1.7,0.38,0.38,46,1.0,False
311e512022,42.0,d,casa_pareada,no posee,calefont glp,1.9,1.9,0.47,0.47,40,1.0,False
2b0cd62024,48.3,f,casa_pareada,no posee,calefont glp,1.7,1.7,0.38,0.38,27,0.0,False
7467d12025,27.6,d,depto,no posee,termo eléctrico splendid 80 lt,1.9,1.9,0.47,0.47,-1,0.0,True
561f462022,52.3,d,depto,no posee,calefont glp,1.9,1.9,0.47,0.47,47,1.0,False
e511d12021,48.7,g,depto,no posee,caldera rinnai eco 16/17 gn,1.1,1.1,0.28,0.28,-1,0.0,True
5d0dec2021,42.5,b,depto,no posee,calefont 10 litros tiro forzado,3.0,3.0,0.6,0.6,-1,0.0,True
bcc5d02022,45.7,c,depto,no posee,"calefont splendid 10 litros, gas licuado",3.0,3.0,0.6,0.6,-1,0.0,True
b9ada12021,87.2,f,casa_aislada,no posee,calefont 10 litros tiro forzado,1.7,1.7,0.38,0.38,15,1.0,False
873d072023,44.5,f,casa_pareada,no posee,calefont 7 litros tiro forzado,1.7,1.7,0.38,0.38,16,1.0,False
32c6ea2024,56.3,f,casa_aislada,"estufa a parafina tiro forzado marca toyotomi modelo ff-v30t,","calefont marca mademsa modelo. forced 10 eco gl, con una",1.6,1.6,0.33,0.33,-1,0.0,True
61b0b92024,52.5,d,depto,no posee,calefont 10 litros tiro forzado,1.9,1.9,0.47,0.47,11,1.0,False
6263602020,47.3,d,depto,no posee,caldera condensación,1.9,1.9,0.47,0.47,13,1.0,False
0eb01c2026,21.5,d,depto,no posee,termo eléctrico,1.9,1.9,0.47,0.47,8,1.0,False
c59a7f2025,46.7,e,depto,no aplica,termos eléctricos murales para cada departamento,1.7,1.7,0.38,0.38,-1,0.0,True
bf825d2026,22.1,d,depto,no posee,termo eléctrico,1.9,1.9,0.47,0.47,8,1.0,False
c36e9e2026,53.4,d,depto,no posee,calefont glp,1.9,1.9,0.47,0.47,-1,0.0,True
c17eb92024,67.8,e,depto,caldera de muro rinnai eco 16/17 con radiadores anwo,caldera de muro rinnai eco 16/17,1.7,1.7,0.38,0.38,-1,0.0,True
487bc42024,38.7,c,casa_aislada,no posee,calefont 7 litros tiro forzado,4.0,4.0,0.84,0.84,-1,0.0,True
9d13122024,63.0,d,depto,"central térmica, 3 calderas murales de condensación","central térmica, 3 calderas murales de condensación",1.9,1.9,0.47,0.47,-1,0.0,True
3f517c2023,52.2,g,depto,no posee,calefont 7 litros tiro forzado,1.6,1.6,0.33,0.33,22,1.0,False
e0fa8a2020,60.0,d,depto,no posee,caldera a condensación,1.9,1.9,0.47,0.47,18,0.37404578244825387,False
4d29902021,65.5,a,depto,no posee,sistema unitario,4.0,4.0,0.0,0.0,-1,0.0,True
483b7f2021,78.2,d,casa_pareada,no posee,calefont,1.7,1.7,0.38,0.38,9,1.0,False
b8d2fe2023,48.6,d,casa_pareada,no aplica,calefont glp,1.9,1.9,0.47,0.47,-1,0.0,True
4c9f782026,47.0,d,depto,no posee,calefont 7 litros tiro forzado,1.9,1.9,0.47,0.47,61,0.0,False
2613752019,43.3,e,casa_aislada,no posee,calefont glp,1.7,1.7,0.38,0.38,21,0.14285714285714285,False
7783e92019,49.7,d,casa_aislada,no posee,calefont 10 litros tiro forzado,1.0,1.0,0.0,0.0,2,1.0,False
6555f92026,54.7,d,depto,no posee,"calefón splendid de 13 litros, master mvg tfi 13, gas licuado",3.0,3.0,0.6,0.6,-1,0.0,True
ba54d52021,49.1,d,depto,no posee,caldera con condensación,1.9,1.9,0.47,0.47,52,0.8333332618349243,False
19541e2025,69.8,d,depto,central de agua caliente,central de agua caliente,1.9,1.9,0.47,0.47,-1,0.0,True
060fd22020,29.5,g,depto,no posee,calefont 7 litros tiro forzado,1.6,1.6,0.33,0.33,22,0.5333332941113484,False
90f6422023,79.7,d,casa_pareada,no posee,calefont,1.9,1.9,0.47,0.47,10,0.655367237948189,False
c94e0c2026,47.6,d,depto,no posee,calefont 7 litros tiro forzado,1.7,1.7,0.38,0.38,56,1.0,False
cfdfbf2025,66.8,d,casa_aislada,no posee,calefont 7 litros tiro forzado,1.9,1.9,0.47,0.47,33,1.0,False
fff8662026,48.2,e,casa_pareada,no posee,acs en base a gas licuado,1.7,1.7,0.38,0.38,-1,0.0,True
db82912020,56.9,d,casa_pareada,no posee,calefont,1.7,1.7,0.38,0.38,9,1.0,False
d380902024,53.4,f,casa_aislada,no posee,calefont 10 litros tiro forzado,1.7,1.7,0.38,0.38,15,1.0,False
b311a22023,28.7,d,depto,no posee,calofón de condensación,1.9,1.9,0.47,0.47,-1,0.0,True
a58c112025,84.5,e,depto,no posee,calefont 7 litros tiro forzado,1.7,1.7,0.38,0.38,54,0.05243445480582083,False
461dbb2024,45.6,d,depto,no posee,central térmica,1.9,1.9,0.47,0.47,38,0.004070556255695922,False
4a6fea2022,52.3,e,depto,calefacción mediante radiadores electricas,central termica a gas con calderas/calefon en cascada,1.7,1.7,0.38,0.38,-1,0.0,True
ab571d2024,31.4,d,depto,0,caldera de condensacion,1.9,1.9,0.47,0.47,-1,0.0,True
5df1342025,60.5,a,depto,no posee,calefont 7 litros tiro forzado,4.0,4.0,0.84,0.84,6,1.0,False
515baa2024,53.1,c,depto,no posee,calefont 7 litros tiro forzado,4.0,4.0,0.84,0.84,3,1.0,False
a5af5d2023,48.3,a,depto,no posee,"termo eléctrico marca junkers, modelo elacell excellence",4.0,4.0,0.84,0.84,-1,0.0,True
50fe9c2025,63.1,d,casa_aislada,no posee,calefont 7 litros tiro forzado,1.9,1.9,0.47,0.47,33,1.0,False
ac622c2024,42.7,d,depto,no posee,calefont junkers hydrowind wtd15-kme,1.9,1.9,0.47,0.47,-1,0.0,True
cd2b2f2025,41.7,c,depto,calefactor electrico,calefont 12 litros gl,3.0,3.0,0.6,0.6,0,1.0,False
ffbfb82025,38.8,d,depto,no posee,calefont 7 litros tiro forzado,1.9,1.9,0.47,0.47,-1,0.0,True
91ca312022,49.9,d,depto,no posee,calefont glp,3.0,3.0,0.6,0.6,37,1.0,False
e20dde2024,51.4,d,depto,no posee,calefont 10 litros tiro forzado,1.9,1.9,0.47,0.47,11,1.0,False
64a21c2023,94.7,d,casa_aislada,0,calefont 10 litros tiro forzado,1.9,1.9,0.47,0.47,-1,0.0,True
7367142022,43.1,d,depto,no posee,el edificio cuenta con 2 calderas para el edificio sur y 3 calderas,1.9,1.9,0.47,0.47,8,0.07259158922291108,False
56f4302022,75.7,f,casa_aislada,no posee,calefont 12 litros tiro forzado,1.6,1.6,0.33,0.33,-1,0.0,True
783b552022,47.4,a,depto,no posee,"calefon splendid sb tfi 10 2 ev de 10 litros, gas licuado",4.0,4.0,0.84,0.84,-1,0.0,True
c4234c2025,110.2,d,depto,no aplica,caldera de condensacion a gas,1.9,1.9,0.47,0.47,-1,0.0,True
d01f592025,28.6,d,depto,no posee sistema de calefacción.,central térmica con 3 calderas murales modulares y 2 estanques,1.9,1.9,0.47,0.47,-1,0.0,True
0402ce2024,56.2,d,depto,"central térmica, 3 calderas murales de condensación","central térmica, 3 calderas murales de condensación",1.9,1.9,0.47,0.47,-1,0.0,True
5653392021,27.7,d,depto,no posee,estanque eléctrico 189 l,1.9,1.9,0.47,0.47,-1,0.0,True
dd135d2024,29.0,d,depto,no posee,central termica,1.9,1.9,0.47,0.47,38,1.0,False
a8df352026,47.0,d,casa_pareada,no posee,calefont 7 litros tiro forzado,1.7,1.7,0.38,0.38,41,1.0,False
2316dc2023,71.7,d,depto,no posee,calefont,1.9,1.9,0.47,0.47,50,0.18705034516461114,False
bb35022020,58.7,d,casa_pareada,no posee,calefon 10 lts splendid modelo master 10,1.7,1.7,0.38,0.38,-1,0.0,True
6d751d2019,42.3,g,casa_aislada,no posee,calefont 7 litros tiro forzado,1.1,1.1,0.28,0.28,-1,0.0,True
bf54a92024,32.7,d,depto,"central térmica, 3 calderas murales de condensación","central térmica, 3 calderas murales de condensación",1.9,1.9,0.47,0.47,-1,0.0,True
78e5082024,58.7,d,casa_pareada,no posee,calefont 13 litros tiro forzado,1.9,1.9,0.47,0.47,-1,0.0,True
db0b842026,63.1,d,depto,sin sistema,calefont tiro forzado 13 lts splendid modelo mvg tfi 13,1.9,1.9,0.47,0.47,50,0.00881953798648314,False
66716b2025,50.8,d,depto,no posee,calefont glp,1.9,1.9,0.47,0.47,48,1.0,False
b8a9ba2025,66.8,d,casa_aislada,no posee,calefont 7 litros tiro forzado,1.9,1.9,0.47,0.47,33,1.0,False
168a752026,20.0,e,depto,no posee,calefont 7 litros tiro forzado,1.7,1.7,0.38,0.38,54,0.1842105113427154,False
3c9a1a2024,65.6,d,depto,no posee,el edificio cuenta con 5 calefont de condensación marca navien,1.9,1.9,0.47,0.47,-1,0.0,True
7d86902025,76.3,e,casa_aislada,no posee,calefón rheem 14 lts,1.7,1.7,0.38,0.38,-1,0.0,True
857da22019,48.5,d,depto,no posee,calefont 7 litros tiro forzado,1.9,1.9,0.47,0.47,60,1.0,False
6a12c82020,42.4,f,depto,no posee,calefont 10 litros tiro forzado,1.7,1.7,0.38,0.38,-1,0.0,True
faf69d2024,50.3,g,casa_aislada,no posee,calefont glp,1.6,1.6,0.33,0.33,20,1.0,False
ee2ec72022,39.3,d,depto,no posee,calefont 7 litros tiro forzado,1.9,1.9,0.47,0.47,-1,0.0,True
d5aa172023,65.5,d,depto,losa radiante,caldera con condensación,1.9,1.9,0.47,0.47,-1,0.0,True
b7e1a22022,55.5,d,casa_pareada,no posee,calefont 7 litros tiro forzado,1.7,1.7,0.38,0.38,45,1.0,False
80d6a72021,47.2,f,casa_pareada,no posee,calefont glp,1.7,1.7,0.38,0.38,27,0.0,False
d10e0f2022,87.2,f,casa_aislada,no posee,calefont 7 litros tiro forzado,1.6,1.6,0.33,0.33,14,0.22884858922265802,False
26b35f2021,48.1,d,depto,no posee,calefont glp,1.9,1.9,0.47,0.47,44,0.0,False
3825922024,63.6,d,casa_pareada,no posee,calefont glp,1.9,1.9,0.47,0.47,-1,0.0,True
7bc2f72021,78.2,d,casa_pareada,no posee,calefont,1.7,1.7,0.38,0.38,9,1.0,False
d85dc62019,30.9,d,depto,sistema unitario autocontenido,caldera de condensación anwo victrix pro120,1.0,1.0,0.0,0.0,-1,0.0,True
5655302023,57.8,e,depto,no posee,calefont 7 litros tiro forzado,1.7,1.7,0.38,0.38,54,1.0,False
3f449c2023,51.7,c,depto,no posee,calefont 7 litros tiro forzado,4.0,4.0,0.84,0.84,3,1.0,False
f7b9b22024,49.2,a,casa_pareada,no posee,calefont glp,4.0,4.0,0.84,0.84,-1,0.0,True
92d3312022,61.0,d,casa_pareada,no posee,calefont 10 litros tiro forzado,1.9,1.9,0.47,0.47,36,0.2857142711676701,False
f015882019,53.0,d,casa_pareada,no posee,"calefont splendid, master 10",1.9,1.9,0.47,0.47,-1,0.0,True
b580952022,52.3,d,depto,no posee,calefont glp,1.9,1.9,0.47,0.47,47,1.0,False
e7d1b52025,47.0,d,casa_pareada,no posee,calefont 7 litros tiro forzado,1.7,1.7,0.38,0.38,41,1.0,False
2cbe5e2025,29.3,d,depto,no posee,5 calderas de condensación ariston evo hp 150,1.9,1.9,0.47,0.47,-1,0.0,True
4d75bd2023,49.9,d,depto,no posee,"calefont, tiro forzado",1.9,1.9,0.47,0.47,-1,0.0,True
97d1712026,51.1,f,casa_pareada,no posee,calefont glp,1.6,1.6,0.33,0.33,27,0.0,False
5e88e32025,49.8,f,casa_aislada,no posee,calefont glp,1.7,1.7,0.38,0.38,19,0.056458454608419154,False
85c4402025,52.2,g,depto,no posee,calefont 10 litros tiro forzado,1.1,1.1,0.28,0.28,23,1.0,False
92d2302022,32.4,d,depto,no posee,calefont 10 litros tiro forzado,1.9,1.9,0.47,0.47,11,0.25961539946505546,False
48f1252019,47.2,d,depto,no posee,calefont 7 litros tiro forzado,1.9,1.9,0.47,0.47,61,1.0,False
f374252023,52.1,d,depto,no posee,calefont 7 litros tiro forzado,1.9,1.9,0.47,0.47,58,1.0,False
695d872025,49.2,b,casa_pareada,no posee,calefont glp,4.0,4.0,0.84,0.84,-1,0.0,True
130a922025,52.8,d,casa_pareada,no posee,calefont glp,1.9,1.9,0.47,0.47,39,1.0,False
e1f18c2023,57.8,a,depto,no posee,calefont 7 litros tiro forzado,4.0,4.0,0.84,0.84,5,0.3529411671188933,False
0867a52024,53.3,d,depto,no posee,calefont 7 litros tiro forzado,3.0,3.0,0.6,0.6,55,1.0,False
608ec22021,41.5,d,depto,no posee,el edificio cuenta con 2 calderas para el edificio sur y 3 calderas,1.9,1.9,0.47,0.47,8,0.07259158922291108,False
8b14f42022,26.9,d,depto,no posee,caldera con condensación,1.9,1.9,0.47,0.47,52,0.9375,False
c9807d2024,49.4,d,depto,no posee,calefont 7 litros tiro forzado,1.9,1.9,0.47,0.47,60,1.0,False
80b6d02024,47.4,d,depto,no posee,calefont glp,3.0,3.0,0.6,0.6,37,0.0,False
9216de2025,54.2,a,depto,no posee,calefont 7 litros tiro forzado,4.0,4.0,0.84,0.84,5,1.0,False
84cf012025,48.0,d,depto,no posee,calefont 10 litros tiro forzado,1.9,1.9,0.47,0.47,11,1.0,False
3429f32025,68.2,e,casa_pareada,no posee,calefont 7 litros tiro forzado,1.7,1.7,0.38,0.38,34,0.2688679239785099,False
5f2f0f2022,51.9,b,depto,no posee,calefont 7 litros tiro forzado,3.0,3.0,0.6,0.6,-1,0.0,True
94e96a2024,57.8,e,depto,sin sistema,calefont,1.7,1.7,0.38,0.38,35,1.0,False
0ce4292022,93.3,d,casa_aislada,no posee,calefont 10 litros tiro forzado,1.7,1.7,0.38,0.38,-1,0.0,True
79551f2024,46.7,d,depto,no posee,central térmica. caldera de condensación con acumuladores,1.9,1.9,0.47,0.47,-1,0.0,True
f7df932025,63.1,d,casa_aislada,no posee,calefont 7 litros tiro forzado,1.9,1.9,0.47,0.47,33,1.0,False
537f952021,53.3,d,depto,no posee,calefon,1.9,1.9,0.47,0.47,-1,0.0,True
09020c2023,49.4,d,depto,no posee,calefont 7 litros tiro forzado,1.9,1.9,0.47,0.47,60,1.0,False
2fa0192024,51.3,d,depto,no posee,caldera de condensación,1.9,1.9,0.47,0.47,28,1.0,False
b566dd2021,41.6,g,depto,no posee,"calefont, tiro forzado",1.6,1.6,0.33,0.33,-1,0.0,True
e9db342026,50.0,d,depto,no posee,"central térmica eficiente inverter marca ariston, modelo hp150.",1.9,1.9,0.47,0.47,-1,0.0,True
bb65482021,45.2,d,casa_pareada,no posee,calefont 7 litros tiro forzado,1.0,1.0,0.0,0.0,2,1.0,False
a036282024,40.3,d,depto,no posee,central térmica,1.9,1.9,0.47,0.47,38,0.004070556255695922,False
0345442022,52.3,d,depto,no posee,calefont glp,1.9,1.9,0.47,0.47,47,1.0,False
6ee08c2020,44.3,e,casa_pareada,no posee,calefont glp,1.7,1.7,0.38,0.38,25,1.0,False
197b272026,60.8,f,casa_pareada,no posee,calefont glp,1.7,1.7,0.38,0.38,27,0.0,False
6cf22d2025,69.6,c,depto,no posee,termo eléctrico rheem 120 litros,4.0,4.0,0.0,0.0,-1,0.0,True
2c60272019,123.9,e,casa_aislada,"caldera mural mixta gas natural, marca anwo, modelo aqua","caldera mural mixta gas natural, marca anwo, modelo aqua",1.7,1.7,0.38,0.38,-1,0.0,True
ace7082024,49.8,g,depto,no posee,calefont 10 litros tiro forzado,1.1,1.1,0.28,0.28,23,1.0,False
5bac4a2019,47.2,d,depto,no posee,calefont 7 litros tiro forzado,1.9,1.9,0.47,0.47,61,1.0,False
1acd412025,53.0,d,depto,no posee,calefont glp,1.9,1.9,0.47,0.47,-1,0.0,True
20aa202025,47.0,e,casa_pareada,no posee,calefont 7 litros tiro forzado,1.7,1.7,0.38,0.38,34,1.0,False
7ebbb02025,59.5,d,casa_aislada,0,"calefón junkers w13 kb31 13 litros, gas licuado con potencia",1.9,1.9,0.47,0.47,-1,0.0,True
5522452024,50.3,g,casa_aislada,no posee,calefont glp,1.6,1.6,0.33,0.33,20,1.0,False
ecbaaf2024,51.7,f,casa_aislada,"estufa a parafina tiro forzado marca toyotomi modelo ff-v30t,","calefont marca mademsa modelo. forced 10 eco gl, con una",1.6,1.6,0.33,0.33,-1,0.0,True
a730f02024,109.8,d,casa_aislada,no posee,2 calefonts de 13 lts ionizados con tiro forzado marca junkers,1.9,1.9,0.47,0.47,-1,0.0,True
d93d372022,45.2,f,depto,no posee,calefont 7 litros tiro forzado,1.6,1.6,0.33,0.33,32,0.974999963321316,False
5777962024,30.5,d,depto,no posee,caldera central a gas,1.9,1.9,0.47,0.47,30,1.0,False
670f882021,41.6,g,depto,no posee,"calefont, tiro forzado",1.6,1.6,0.33,0.33,-1,0.0,True
a138e52024,32.8,d,depto,3 calderas murales de condensación,3 calderas murales de condensación,1.9,1.9,0.47,0.47,-1,0.0,True
2dd2f32019,49.1,d,depto,no posee,calefont tiro forzado,1.7,1.7,0.38,0.38,24,0.5217391289750797,False
c2efd72022,50.0,f,casa_pareada,"no posee, segun eett",calefont 10 litros tiro forzado,1.6,1.6,0.33,0.33,-1,0.0,True
8e05e32026,57.8,e,depto,sin sistema,calefont tiro forzado 10 litros,1.7,1.7,0.38,0.38,35,1.0,False
e504d12022,46.0,d,depto,no posee,termoeléctrico marca albin trotter – modelo atm,1.9,1.9,0.47,0.47,-1,0.0,True
6e07762023,53.9,d,depto,no posee,calefont 7 litros tiro forzado,3.0,3.0,0.6,0.6,55,1.0,False
2319152021,41.7,d,casa_pareada,no posee,calefont glp,1.9,1.9,0.47,0.47,40,0.0,False
7ec65f2022,37.6,d,depto,no posee,central de calderas a condensación tipo mural,1.9,1.9,0.47,0.47,-1,0.0,True
e1ebca2020,91.7,d,casa_aislada,estufa kerosene 3 kw,calefon tiro natural 10 lts +sst,1.7,1.7,0.38,0.38,1,1.0,False
08c8e12021,42.3,d,depto,no posee,caldera con condensación,1.9,1.9,0.47,0.47,52,1.0,False
c5c31d2025,31.2,d,depto,no posee,calefont 7 litros tiro forzado,1.9,1.9,0.47,0.47,57,1.0,False
de46a12023,57.2,f,depto,radiador eléctrico,termo eléctrico,1.6,1.6,0.33,0.33,-1,0.0,True
3113752024,104.4,c,casa_aislada,no posee,calefont 18 litros,4.0,4.0,0.84,0.84,-1,0.0,True
105b212026,47.0,d,casa_pareada,no posee,calefont 7 litros tiro forzado,1.7,1.7,0.38,0.38,41,1.0,False
8c99192025,53.1,d,casa_pareada,no posee,calefont glp,1.9,1.9,0.47,0.47,39,1.0,False
147cc82025,44.8,g,casa_aislada,no posee,calefont 7 litros,1.1,1.1,0.28,0.28,17,1.0,False
1cbfd02026,67.6,e,depto,sin sistema,calefont tiro forzado 13 lts,1.7,1.7,0.38,0.38,35,1.0,False
5cb2942024,53.6,d,casa_pareada,no posee,calefont glp,1.9,1.9,0.47,0.47,39,1.0,False
1c0b602020,53.0,d,casa_pareada,no posee,calefont,1.9,1.9,0.47,0.47,10,1.0,False
926b2f2023,33.6,d,depto,no posee,caldera con condensación,1.9,1.9,0.47,0.47,52,0.9090908665463996,False
747f2e2026,43.0,d,depto,no posee,caldera condensación,1.9,1.9,0.47,0.47,13,1.0,False
6fb6612019,40.3,d,depto,no posee,calefont,1.9,1.9,0.47,0.47,50,0.45614033851846447,False
3c0c222026,27.3,d,depto,no posee,caldera condensación,1.9,1.9,0.47,0.47,13,1.0,False
453d7f2024,45.0,d,depto,no posee,caldera a gas centralizada,1.9,1.9,0.47,0.47,28,0.01356852102694272,False
e7b7fc2024,71.9,d,casa_pareada,no posee,calefont 10 lts,1.9,1.9,0.47,0.47,-1,0.0,True
34bfde2020,42.4,d,casa_pareada,no posee,calefont glp,1.9,1.9,0.47,0.47,40,0.0,False
f14daf2024,27.8,d,depto,no considera,central térmica,1.9,1.9,0.47,0.47,-1,0.0,True
024f3d2019,42.1,d,depto,no posee,caldera rinnai sm 175,1.9,1.9,0.47,0.47,-1,0.0,True
adbe1f2026,31.3,e,depto,no aplica,termos eléctricos murales para cada departamento,1.7,1.7,0.38,0.38,-1,0.0,True
8fad622026,48.1,e,casa_aislada,no posee,calefont glp,1.7,1.7,0.38,0.38,21,1.0,False
7773682024,38.9,e,depto,no posee,centralizado a gas natural,1.7,1.7,0.38,0.38,-1,0.0,True
f313d22026,49.5,d,casa_pareada,no posee,calefont 11 litros tiro forzado,1.9,1.9,0.47,0.47,-1,0.0,True
9ca9082025,37.6,d,depto,no posee,termo eléctrico splendid 80 lt,1.9,1.9,0.47,0.47,-1,0.0,True
aefc4b2026,62.5,d,casa_pareada,no posee,calefont 7 litros tiro forzado,1.7,1.7,0.38,0.38,-1,0.0,True
a8efbb2023,47.0,d,casa_pareada,no posee,calefont 7 litros tiro forzado,1.7,1.7,0.38,0.38,41,1.0,False
6ac2a72020,49.5,d,casa_pareada,no posee,calefont 7 litros tiro forzado,1.0,1.0,0.0,0.0,2,1.0,False
e1c2312020,46.0,g,casa_pareada,no posee,calefont 7 litros tiro forzado,1.6,1.6,0.33,0.33,-1,0.0,True
cd01072023,44.5,f,casa_aislada,no posee,calefont 7 litros tiro forzado,1.7,1.7,0.38,0.38,14,1.0,False
aa16bb2024,57.8,d,depto,no posee,calefont,1.9,1.9,0.47,0.47,50,1.0,False
8214452025,42.6,d,depto,sin sistema,caldera de condensación marca naview,1.9,1.9,0.47,0.47,-1,0.0,True
85f5bd2026,49.4,d,depto,no posee,"calefón splendid de 10 litros, master mvg tfi 10, gas licuado",3.0,3.0,0.6,0.6,-1,0.0,True
028ed32026,32.9,d,depto,no posee,caldera condensación,1.9,1.9,0.47,0.47,13,0.9230769824756065,False
0fbfe02025,32.6,e,depto,no posee,calefont 7 litros tiro forzado,1.7,1.7,0.38,0.38,54,0.3111111004340148,False
9302562025,43.7,d,depto,no posee,el proyecto cuenta con 5 calefón de gas natural bosch modelo,1.9,1.9,0.47,0.47,-1,0.0,True
037cea2019,48.1,g,depto,no posee,calefont rheem 14lt,1.1,1.1,0.28,0.28,-1,0.0,True
c23c742023,48.3,a,depto,no posee,"termo eléctrico marca junkers, modelo elacell excellence",4.0,4.0,0.84,0.84,-1,0.0,True
25192b2022,30.1,e,depto,no posee,calefont 7 litros tiro forzado,1.0,1.0,0.0,0.0,2,0.9619388548699274,False
0708912021,54.5,a,depto,no posee,calefont 7 litros tiro forzado,4.0,4.0,0.84,0.84,5,1.0,False
6d574a2024,20.5,e,depto,no posee,calefont 7 litros tiro forzado,1.7,1.7,0.38,0.38,54,0.1842105113427154,False
f385a32026,28.4,d,depto,no posee,central térmica,1.9,1.9,0.47,0.47,38,0.004070556255695922,False
160b922024,54.1,d,depto,no posee,el edificio cuenta con 5 calefont de condensación marca navien,1.9,1.9,0.47,0.47,-1,0.0,True
92b9e32022,39.2,f,casa_aislada,no posee,calefont glp,1.6,1.6,0.33,0.33,19,1.0,False
e3d60c2023,31.1,d,depto,no posee,caldera central a gas,1.9,1.9,0.47,0.47,30,1.0,False
2471f42024,26.3,d,depto,no posee,caldera de condensación,1.9,1.9,0.47,0.47,28,1.0,False
5f3cdf2020,58.7,d,casa_pareada,no posee,calefont 10 litros tiro natural,1.7,1.7,0.38,0.38,-1,0.0,True
28e2fa2021,60.3,d,casa_pareada,no posee,calefont,1.9,1.9,0.47,0.47,10,1.0,False
0913252026,53.7,d,depto,no posee,calefont tiro forzado,1.7,1.7,0.38,0.38,24,1.0,False
02caae2020,77.8,d,casa_aislada,estufa kerosene 3 kw,calefon tiro natural 10 lts +sst,1.7,1.7,0.38,0.38,1,1.0,False
8780222023,53.5,a,depto,no posee,sistema unitario,4.0,4.0,0.84,0.84,-1,0.0,True
7925eb2025,55.9,e,depto,no posee,calefont 7 litros tiro forzado,1.7,1.7,0.38,0.38,54,1.0,False
a0b8932021,72.6,d,casa_pareada,estufa kerosene 3 kw,calefon tiro natural 10 lts +sst,1.7,1.7,0.38,0.38,1,1.0,False
5c8e902025,46.7,d,casa_aislada,calefactor electrico,calefont 7 litros gl,1.9,1.9,0.47,0.47,-1,0.0,True
871ca12019,51.1,d,depto,no posee,calefont glp,1.9,1.9,0.47,0.47,49,1.0,False
fa66f22026,58.6,i,casa_pareada,no posee,calefont 7 litros tiro forzado,0.6,0.6,0.25,0.25,-1,0.0,True
8baa4d2021,50.0,g,depto,no posee,"calefont, tiro forzado",1.6,1.6,0.33,0.33,-1,0.0,True
9745da2020,42.4,d,casa_pareada,no posee,calefont glp,1.9,1.9,0.47,0.47,40,0.0,False
2c52802023,52.2,g,depto,no posee,calefont 7 litros tiro forzado,1.6,1.6,0.33,0.33,22,1.0,False
078d212018,73.7,d,casa_aislada,no posee,calefont 7 litros tiro forzado,1.0,1.0,0.0,0.0,2,1.0,False
a253b02026,54.4,i,casa_aislada,no posee,calefont 7 litros tiro forzado,0.6,0.6,0.25,0.25,-1,0.0,True
8d68b32024,48.3,d,depto,no posee,termo electrico,1.9,1.9,0.47,0.47,-1,0.0,True
09857d2023,49.3,c,depto,no aplica,calefont glp,4.0,4.0,0.84,0.84,-1,0.0,True
472ab02024,49.8,d,depto,no posee,caldera de condensación,1.9,1.9,0.47,0.47,28,1.0,False
0117442019,43.8,d,depto,no posee,calefont 7 litros tiro forzado,1.9,1.9,0.47,0.47,-1,0.0,True
d5448a2026,47.3,d,depto,no posee,calefont 7 litros tiro forzado,1.9,1.9,0.47,0.47,61,0.0,False
e56a892024,20.4,e,depto,no posee,calefont 7 litros tiro forzado,1.7,1.7,0.38,0.38,54,0.1842105113427154,False
Este 1d9f1a2018,54.1,d,casa_pareada,no posee,calefont 7 litros tiro forzado,1.7,1.7,0.38,0.38,45,0.6250000482614302,False
aa36b32024,56.5,i,depto,no posee,calefont 7 litros tiro forzado,0.6,0.6,0.25,0.25,-1,0.0,True
f3e4e82023,47.8,d,depto,no posee,calefont 11 litros tiro forzado,1.9,1.9,0.47,0.47,-1,0.0,True
82a3aa2019,40.0,d,depto,no posee,"5 calderas murales de condensación a gas natural, baxi luna",1.9,1.9,0.47,0.47,-1,0.0,True
83c9e92026,44.5,f,casa_pareada,no posee,calefont 7 litros tiro forzado,1.7,1.7,0.38,0.38,16,1.0,False
00cf822025,50.9,d,depto,no posee,calefont 7 litros tiro forzado,1.7,1.7,0.38,0.38,56,0.3529411671188933,False
4ce8d32021,74.1,d,casa_aislada,estufa a gas,calefont,1.9,1.9,0.47,0.47,-1,0.0,True
cbc2062021,82.2,d,casa_aislada,la calefaccion queda provista mediante convectores electricos,el agua caliente queda provista mediante calefon automatico,1.7,1.7,0.38,0.38,-1,0.0,True
4eb9fa2025,53.4,f,casa_aislada,bomba de calor,calefont 10 litros tiro forzado,1.7,1.7,0.38,0.38,-1,0.0,True
ce0bd82023,30.2,d,depto,no posee,5 calderas de gas natural genus premium evo hp 150 de 140,1.9,1.9,0.47,0.47,-1,0.0,True
a138ca2020,47.4,c,casa_pareada,no posee,calefont neckar ionizado 13 litros wn13 con potencia nominal,4.0,4.0,0.84,0.84,-1,0.0,True
16ed482026,29.1,e,depto,no posee,calefont 7 litros tiro forzado,1.7,1.7,0.38,0.38,54,0.3111111004340148,False
d3fe0f2025,51.0,a,depto,calefactor electrico,calefont 12 litros gl,4.0,4.0,0.84,0.84,-1,0.0,True
36de1e2023,77.1,d,depto,"caldera condensación, con losa radiante. gas natural",caldera condensación y acumulador. gas natural,1.9,1.9,0.47,0.47,-1,0.0,True
9685862024,56.5,i,depto,"caldera mural a gas marca nibir modelo ctfs (cu) 25,5 kw","caldera mural a gas marca nibir modelo ctfs (cu) 25,5 kw",0.6,0.6,0.25,0.25,-1,0.0,True
0bded32024,66.4,e,casa_aislada,no posee,calefont 7 litros tiro forzado,1.7,1.7,0.38,0.38,33,0.012550881504633415,False
1f0bf12026,68.6,d,depto,no posee,central de agua caliente para suministro de todos los departamentos,1.9,1.9,0.47,0.47,-1,0.0,True
4ce2a82025,46.5,d,casa_pareada,calefactor electrico,calefont 7 litros gl,1.9,1.9,0.47,0.47,-1,0.0,True
51a2b92024,45.7,f,depto,no posee,calefont 7 litros tiro forzado,1.7,1.7,0.38,0.38,31,1.0,False
f6dd4b2023,51.6,d,depto,no posee,calefont 7 litros tiro forzado,3.0,3.0,0.6,0.6,55,1.0,False
998d7b2021,41.4,d,casa_pareada,no posee,calefont glp,1.9,1.9,0.47,0.47,40,0.0,False
0164572022,43.5,f,casa_pareada,no posee,calefont 7 litros tiro forzado,1.7,1.7,0.38,0.38,16,1.0,False
eb5d6c2018,33.1,g,,radiador eléctrico,calefont 7 litros tiro forzado,1.1,1.1,0.28,0.28,-1,0.0,True
795e482025,57.8,d,depto,no posee,calefont 7 litros tiro forzado,1.9,1.9,0.47,0.47,-1,0.0,True
f316882022,54.7,d,depto,losa radiante mediante bomba de calor aerotérmica,bomba de calor aerotérmica,1.9,1.9,0.47,0.47,-1,0.0,True
271c672022,42.5,d,depto,no posee,el edificio cuenta con 4 calderas tipo mural de condensación,1.9,1.9,0.47,0.47,-1,0.0,True
bf0db62020,93.0,d,depto,si posee,estanque de acumulación sistema centralizado,1.9,1.9,0.47,0.47,-1,0.0,True
70f6582024,44.1,e,casa_pareada,no posee,calefont glp,1.7,1.7,0.38,0.38,25,1.0,False
111a7c2020,38.0,d,depto,no posee,calefont 7 litros tiro forzado,1.9,1.9,0.47,0.47,-1,0.0,True
56fb4c2024,47.0,e,casa_aislada,no posee,calefont 7 litros tiro forzado,1.7,1.7,0.38,0.38,33,0.012550881504633415,False
69cf7a2019,47.2,d,depto,no posee,calefont 7 litros tiro forzado,1.9,1.9,0.47,0.47,61,1.0,False
cb9d292019,51.1,d,depto,no posee,calefont glp,1.9,1.9,0.47,0.47,49,1.0,False
0935c12026,49.4,d,depto,no posee,calefont glp,1.9,1.9,0.47,0.47,44,0.0,False
691ff92020,52.3,f,depto,no posee,calefont glp,1.7,1.7,0.38,0.38,29,1.0,False
6a99c12023,63.1,d,depto,no posee,calefont 7 litros tiro forzado,1.9,1.9,0.47,0.47,-1,0.0,True
389e922024,37.9,d,depto,no posee,caldera con condensación,1.9,1.9,0.47,0.47,52,1.0,False
14738c2025,102.0,d,casa_aislada,no posee,calefont 7 litros tiro forzado,1.9,1.9,0.47,0.47,33,0.5,False
45b0a92025,63.1,d,casa_aislada,no posee,calefont 7 litros tiro forzado,1.9,1.9,0.47,0.47,33,1.0,False
948b672021,42.9,d,depto,no posee,central de calderas de condensación,1.9,1.9,0.47,0.47,-1,0.0,True
d794d02024,43.8,d,casa_pareada,no posee,calefont 10 litros tiro forzado,3.0,3.0,0.6,0.6,36,0.009145250765473708,False
58e2322025,44.5,d,casa_pareada,no posee,calefont glp,1.9,1.9,0.47,0.47,40,0.0,False
42a0372023,40.8,d,depto,no posee,caldera a condensación,1.9,1.9,0.47,0.47,18,1.0,False
c3d2702022,42.0,d,casa_pareada,no posee,calefont glp,1.9,1.9,0.47,0.47,40,1.0,False
1252692023,27.9,d,depto,no posee,"termo eléctrico mural marca winter 80 lt., potencia nominal 1,5",1.9,1.9,0.47,0.47,-1,0.0,True
d0833a2026,30.9,d,depto,no posee,termo eléctrico marca winter 80 litros.,1.9,1.9,0.47,0.47,18,0.016621437498394866,False
f7b7332022,28.7,d,depto,no posee,caldera con condensación,1.9,1.9,0.47,0.47,52,1.0,False
c4980b2024,57.8,e,depto,no posee,calefont 7 litros tiro forzado,1.7,1.7,0.38,0.38,54,1.0,False
958f432018,87.3,d,casa_aislada,no posee,calefont 7 litros tiro forzado,1.9,1.9,0.47,0.47,33,0.5692307794656191,False
c09c7b2023,57.6,d,depto,no posee,calefont 7 litros tiro forzado,3.0,3.0,0.6,0.6,55,0.8500000115827424,False
6f728a2022,37.8,d,depto,no posee,el edificio cuenta con 2 calderas de gas natural ivar super,1.9,1.9,0.47,0.47,-1,0.0,True
7cb64a2026,49.5,d,casa_pareada,no posee,calefont 11 litros tiro forzado,1.9,1.9,0.47,0.47,-1,0.0,True
a9639f2025,47.2,c,depto,calefactor electrico,calefont 12 litros gl,3.0,3.0,0.6,0.6,0,1.0,False
8c25ee2026,29.1,e,depto,no posee,calefont 7 litros tiro forzado,1.7,1.7,0.38,0.38,54,0.3111111004340148,False
c9a09b2024,30.9,d,depto,no aplica,3 calderas murales de condensación,1.9,1.9,0.47,0.47,-1,0.0,True
f05ea52023,55.5,d,casa_pareada,no posee,calefont 7 litros tiro forzado,1.7,1.7,0.38,0.38,45,1.0,False
0c6f9c2025,45.9,d,depto,no posee,calefont 7 litros tiro forzado,1.7,1.7,0.38,0.38,56,1.0,False
3ff2532021,51.3,f,casa_aislada,no posee,calefont 10 litros tiro forzado,1.7,1.7,0.38,0.38,15,1.0,False
3c38a52025,66.8,d,casa_aislada,no posee,calefont 7 litros tiro forzado,1.9,1.9,0.47,0.47,33,1.0,False
82ee2b2025,38.7,d,depto,no posee,calderas de condensación,1.9,1.9,0.47,0.47,13,0.01628222502278369,False
c7a9792021,50.3,g,depto,radiadores eléctricos,termo eléctrico 155lts,1.0,1.0,0.0,0.0,-1,0.0,True
ab4ea32024,51.1,f,depto,no posee,calefont glp,1.7,1.7,0.38,0.38,29,1.0,False
f51cfa2023,32.3,d,depto,no posee,calderas de condensación murales,1.9,1.9,0.47,0.47,-1,0.0,True
ee2b7d2023,58.6,d,casa_pareada,no posee,calefont,1.9,1.9,0.47,0.47,10,1.0,False
0fb8e12026,29.3,d,depto,no posee,caldera condensación,1.9,1.9,0.47,0.47,13,1.0,False
1b77c52021,52.3,d,depto,no posee,calefont glp,1.9,1.9,0.47,0.47,47,1.0,False
823c442023,47.4,a,depto,no posee,"calefont splendid master ion tiro forzado 10 litros, de 17,6",4.0,4.0,0.84,0.84,4,1.0,False
4348e62025,46.5,d,depto,no posee,calefont 7 litros tiro forzado,1.9,1.9,0.47,0.47,59,1.0,False
da26d62025,47.3,d,depto,no posee,calefont 7 litros tiro forzado,1.9,1.9,0.47,0.47,61,0.0,False
03d14e2026,27.3,e,depto,sin sistema,caldera a condensación,1.7,1.7,0.38,0.38,-1,0.0,True
37d5e62026,47.0,d,casa_pareada,no posee,calefont 7 litros tiro forzado,1.7,1.7,0.38,0.38,41,1.0,False
7994742026,59.9,f,depto,no posee,calefont 7 litros tiro forzado,1.6,1.6,0.33,0.33,32,0.5342465851958031,False
f4593f2025,56.9,g,casa_pareada,no posee,calefont glp,1.1,1.1,0.28,0.28,-1,0.0,True
88d6312026,35.8,d,depto,no aplica,1 calefón por cada departamento,1.9,1.9,0.47,0.47,-1,0.0,True
3480a62022,52.3,d,depto,no posee,calefont glp,1.9,1.9,0.47,0.47,47,1.0,False
e46ac62022,51.9,b,depto,no posee,calefont 7 litros tiro forzado,3.0,3.0,0.6,0.6,-1,0.0,True
03ecce2024,49.8,b,casa_aislada,no posee,calefont 7 litros tiro forzado,3.0,3.0,0.6,0.6,-1,0.0,True
c62f052024,48.5,d,depto,radiadores electricos,caldera de condensacion,1.9,1.9,0.47,0.47,-1,0.0,True
aa31e52025,49.2,b,casa_pareada,no posee,calefont glp,4.0,4.0,0.84,0.84,-1,0.0,True
6eefa32024,49.2,e,depto,no posee,calefont 13 litros tiro forzado,1.7,1.7,0.38,0.38,-1,0.0,True
f7f6502026,48.4,g,depto,sin sistema,calefont 12lt tiro forzado,1.1,1.1,0.28,0.28,-1,0.0,True
97a5a32024,32.0,d,depto,no posee,"caldera de tipo condensación, 900kw marca inmergas modelo",1.9,1.9,0.47,0.47,-1,0.0,True
02b6e92022,54.0,d,depto,0,calefont 10 litros tiro forzado,1.7,1.7,0.38,0.38,-1,0.0,True
dde74a2026,52.9,d,depto,no posee,sala de calderas,1.9,1.9,0.47,0.47,12,0.682539656858621,False
d8fb8f2022,51.3,d,depto,no posee,calefont glp,1.9,1.9,0.47,0.47,49,0.0,False
e9c73f2024,39.6,d,depto,no posee,"el edificio cuenta con 3 calderas baxi luna duo-tec mp 1.110,",1.9,1.9,0.47,0.47,-1,0.0,True
49543a2024,87.2,f,casa_aislada,no posee,calefont 7 litros tiro forzado,1.7,1.7,0.38,0.38,14,1.0,False
67c8d02019,31.0,d,depto,no posee,bombas de calor,1.9,1.9,0.47,0.47,-1,0.0,True
1289c62026,49.1,d,depto,no posee,calefont 7 litros tiro forzado,1.9,1.9,0.47,0.47,60,1.0,False
9fcd542026,44.8,f,casa_pareada,bomba de calor tipo aire acondicionado aire-aire,calefont 7l gl splendid master,1.7,1.7,0.38,0.38,-1,0.0,True
4956572022,48.6,d,depto,no posee,calefont glp,1.9,1.9,0.47,0.47,44,0.0,False
6be2c82024,63.1,e,depto,sin sistema,calefont,1.7,1.7,0.38,0.38,35,1.0,False
02a9242025,42.6,g,casa_aislada,no posee,calefont 7 litros,1.1,1.1,0.28,0.28,17,1.0,False
0835102025,48.6,d,depto,calefactor electrico,calefont 10 litros gl,3.0,3.0,0.6,0.6,0,1.0,False
71b1582022,47.0,d,depto,no posee,central térmica con bomba de calor,1.9,1.9,0.47,0.47,-1,0.0,True
60a0482024,26.2,d,depto,no posee,caldera con condensación,1.9,1.9,0.47,0.47,52,0.7692307387699071,False
e8f0922025,57.0,d,depto,no posee,calefont 7 litros tiro forzado,1.9,1.9,0.47,0.47,-1,0.0,True
89b8b32022,45.7,d,casa_pareada,no posee,calefont glp,1.9,1.9,0.47,0.47,40,0.0,False
ebe0792026,51.8,c,depto,no posee,calefont 10 litros tiro forzado marca splendid.,4.0,4.0,0.0,0.0,-1,0.0,True
81346d2023,52.2,g,depto,no posee,calefont 7 litros tiro forzado,1.6,1.6,0.33,0.33,22,1.0,False
7932ed2022,55.5,d,casa_pareada,no posee,calefont 7 litros tiro forzado,1.7,1.7,0.38,0.38,45,1.0,False
f009492024,38.1,d,depto,losa radiante,caldera con condensación,1.9,1.9,0.47,0.47,-1,0.0,True
9913fa2018,48.3,d,depto,no posee,calefont glp,1.9,1.9,0.47,0.47,44,0.0,False
dd962c2025,48.0,d,depto,no posee,termo eléctrico,1.9,1.9,0.47,0.47,8,1.0,False
d0048e2019,40.6,d,depto,no considera sistema de calefacción.,sistema individual termo eléctrico con encendido automático.,1.9,1.9,0.47,0.47,-1,0.0,True
5af83d2025,58.3,d,depto,no posee,calefont 7 litros tiro forzado,1.9,1.9,0.47,0.47,-1,0.0,True
2c6d6d2025,68.1,d,depto,no posee,5 calderas de condensación ariston evo hp 150,1.9,1.9,0.47,0.47,-1,0.0,True
bc75e22024,48.6,d,depto,no posee,calefont glp,1.9,1.9,0.47,0.47,44,0.0,False
8687772026,48.7,e,casa_aislada,no posee,calefont glp,1.7,1.7,0.38,0.38,21,1.0,False
a546f32024,26.0,d,depto,no posee,central termica,1.9,1.9,0.47,0.47,38,1.0,False
0a87d32019,48.4,d,depto,no posee,cuenta con un sistema de acs centralizado a partir de una,1.9,1.9,0.47,0.47,-1,0.0,True
c080a42024,66.4,e,casa_aislada,no posee,calefont 7 litros tiro forzado,1.7,1.7,0.38,0.38,33,0.012550881504633415,False
1ed5722023,43.9,f,casa_aislada,estufa a pellets bosca ecosmart,calefont 7 litros tiro forzado,1.6,1.6,0.33,0.33,-1,0.0,True
57dbb72020,38.0,g,depto,no posee,calefont 7 litros tiro forzado,1.6,1.6,0.33,0.33,22,0.7567567251700221,False
ab7f002023,54.0,c,depto,no posee,calefont,3.0,3.0,0.6,0.6,-1,0.0,True
7137a72023,48.2,d,casa_aislada,no posee,calefont 10 litros tiro forzado,3.0,3.0,0.6,0.6,-1,0.0,True
75e6572024,57.8,d,depto,sin sistema,calefont,1.9,1.9,0.47,0.47,50,0.00881953798648314,False
6455a42023,66.8,d,casa_pareada,no posee,calefont 7 litros tiro forzado,1.9,1.9,0.47,0.47,-1,0.0,True
9ed1592021,46.1,d,casa_pareada,no posee,calefont 10 litros tiro forzado,1.9,1.9,0.47,0.47,36,1.0,False
e865b42022,46.3,f,casa_pareada,no posee,calefont 10 litros tiro forzado,1.6,1.6,0.33,0.33,-1,0.0,True
75cc9a2026,31.9,d,depto,no aplica,4 calderas murales de condensación,1.9,1.9,0.47,0.47,-1,0.0,True
9b5b1e2025,48.7,g,casa_aislada,no posee,calefon,1.1,1.1,0.28,0.28,17,1.0,False
8b447d2025,47.0,d,casa_pareada,no posee,calefont 7 litros tiro forzado,1.7,1.7,0.38,0.38,41,1.0,False
69c7fd2025,48.6,d,casa_pareada,no posee,"calefont marca splendid, modelo tcsb7-3, 7 lts, potencia",1.9,1.9,0.47,0.47,-1,0.0,True
b1b25a2018,53.4,a,depto,no posee,calefont 7 litros tiro forzado,4.0,4.0,0.84,0.84,5,1.0,False
3307892020,58.4,f,casa_pareada,no posee,calefont glp,1.7,1.7,0.38,0.38,27,0.0,False
ca95202021,45.2,d,casa_pareada,no posee,calefont 7 litros tiro forzado,1.0,1.0,0.0,0.0,2,1.0,False
ed55932026,47.7,f,casa_aislada,no posee,calefont glp,1.7,1.7,0.38,0.38,19,0.056458454608419154,False
ce1aaf2026,48.1,e,casa_aislada,no posee,calefont glp,1.7,1.7,0.38,0.38,21,1.0,False
7a9f7b2025,92.3,d,depto,no aplica,caldera de condensacion a gas,1.9,1.9,0.47,0.47,-1,0.0,True
1e84322025,29.1,d,depto,no posee,el proyecto cuenta con 5 calefón de gas natural bosch modelo,1.9,1.9,0.47,0.47,-1,0.0,True
0828d82022,47.1,c,depto,no posee,calefont 7 litros tiro forzado,3.0,3.0,0.6,0.6,51,1.0,False
6bf3df2024,48.3,f,casa_pareada,no posee,calefont glp,1.7,1.7,0.38,0.38,27,0.0,False
0b9d762024,57.0,e,casa_pareada,no posee,calefont. gas licuado,1.7,1.7,0.38,0.38,-1,0.0,True
da6d812023,79.1,a,depto,no posee,"termo eléctrico marca junkers, modelo elacell excellence",4.0,4.0,0.84,0.84,-1,0.0,True
7dad932025,49.5,d,casa_pareada,no posee,calefont 11 litros tiro forzado,1.9,1.9,0.47,0.47,-1,0.0,True
e6e0872023,47.0,d,casa_pareada,no posee,calefont 7 litros tiro forzado,1.7,1.7,0.38,0.38,41,1.0,False
d1e02c2023,49.6,g,casa_aislada,no posee,calefont 12 litros tiro forzado,1.6,1.6,0.33,0.33,-1,0.0,True
f605752022,72.6,d,casa_pareada,no posee,calefont 7 litros tiro forzado,1.7,1.7,0.38,0.38,-1,0.0,True
2fba062026,49.5,f,depto,no posee,calefont 7 litros tiro forzado,1.7,1.7,0.38,0.38,31,1.0,False
ba3d152025,48.0,e,depto,no posee,calefont 7 litros tiro forzado,1.7,1.7,0.38,0.38,54,1.0,False
21bcd32023,29.5,d,depto,no posee,5 calderas de gas natural genus premium evo hp 150 de 140,1.9,1.9,0.47,0.47,38,0.004070556255695922,False
c1af602022,56.1,e,depto,calefacción mediante radiadores electricas,central termica a gas con calderas/calefon en cascada,1.7,1.7,0.38,0.38,-1,0.0,True
9450b42020,29.5,g,depto,no posee,calefont 7 litros tiro forzado,1.6,1.6,0.33,0.33,22,0.5333332941113484,False
c9e0052023,31.0,d,depto,no posee,la torre cuenta con 2 calderas de gas natural sime modelo,1.9,1.9,0.47,0.47,-1,0.0,True
d015c32022,43.5,f,casa_pareada,no posee,calefont 7 litros tiro forzado,1.7,1.7,0.38,0.38,16,1.0,False
006ac02026,47.0,d,casa_pareada,no posee,calefont 7 litros tiro forzado,1.9,1.9,0.47,0.47,42,1.0,False
aa106e2025,28.0,d,depto,no posee,sala de calderas,1.9,1.9,0.47,0.47,12,1.0,False
1bc3562019,48.8,f,casa_aislada,estufa a parafina marca toyotomi modelo ff-v30 el que tiene,calefon marca mademsa modelo forzada tfm 10 eco gl/gn,1.6,1.6,0.33,0.33,-1,0.0,True
3fd6092023,29.0,d,depto,no posee,central termica,1.9,1.9,0.47,0.47,38,1.0,False
182a482020,46.2,f,casa_pareada,no posee,calefont glp,1.7,1.7,0.38,0.38,27,1.0,False
9720fc2023,47.4,a,depto,no posee,"calefon splendid mvg tfi de 10 litros, de 17,6 kw potencia",4.0,4.0,0.84,0.84,4,1.0,False
ee8ae32025,56.9,g,casa_pareada,no posee,calefont glp,1.1,1.1,0.28,0.28,-1,0.0,True
98caf22022,62.5,d,casa_pareada,no posee,calefont tiro forzado,1.7,1.7,0.38,0.38,7,1.0,False
e431992025,53.2,d,casa_pareada,no posee,calefont 7 litros tiro forzado,1.9,1.9,0.47,0.47,43,1.0,False
711a862026,49.4,d,depto,no posee,calefont glp,1.9,1.9,0.47,0.47,44,0.0,False
312bbf2021,44.3,e,casa_pareada,no posee,calefont glp,1.7,1.7,0.38,0.38,25,1.0,False
0cc1bb2024,50.3,g,casa_aislada,no posee,calefont glp,1.6,1.6,0.33,0.33,20,1.0,False
5368b72024,51.6,c,depto,no posee,calefont 7 litros tiro forzado,4.0,4.0,0.84,0.84,3,1.0,False
3cb4052024,55.0,d,depto,no posee,calefont 7 litros tiro forzado,3.0,3.0,0.6,0.6,55,1.0,False
73c8732021,51.6,d,casa_pareada,estufa kerosene 3 kw,calefon tiro natural 10 lts +sst,1.7,1.7,0.38,0.38,1,1.0,False
6f1f262022,27.0,d,depto,no posee,caldera a condensación,1.9,1.9,0.47,0.47,18,1.0,False
df43932022,105.8,g,casa_aislada,estufa a pellet,calefón tiro forzado,1.1,1.1,0.28,0.28,-1,0.0,True
0367e32026,29.6,c,depto,no posee,caldera condensación,4.0,4.0,0.84,0.84,-1,0.0,True
3becbc2023,77.7,d,casa_aislada,0,calefont 10 litros tiro forzado,1.9,1.9,0.47,0.47,-1,0.0,True
dab1052019,52.3,i,depto,"calefactor a gas natural, 35.000 btu","calefont a gas natural, marca neckar de 13 litros",0.6,0.6,0.25,0.25,-1,0.0,True
892ea82019,132.6,d,depto,chiller bomba de calor,caldera de condensación en casacada,1.9,1.9,0.47,0.47,-1,0.0,True
e875102022,30.9,d,depto,no posee,central térmica. calefon con condensación,1.9,1.9,0.47,0.47,-1,0.0,True
3d90952021,48.3,e,casa_aislada,no posee,calefont glp,1.7,1.7,0.38,0.38,21,1.0,False
3a07e02019,72.9,d,depto,,,1.9,1.9,0.47,0.47,-1,0.0,True
98fac92025,44.3,c,depto,no posee,caldera mural a condensación,3.0,3.0,0.6,0.6,-1,0.0,True
eee3472026,43.5,d,depto,no posee,calefont 13 litros tiro forzado,1.9,1.9,0.47,0.47,-1,0.0,True
29ed3d2021,51.3,f,casa_aislada,no posee,calefont 10 litros tiro forzado,1.7,1.7,0.38,0.38,15,1.0,False
6dbb922026,55.3,d,casa_aislada,calefactor electrico,calefont 10 litros gl,1.9,1.9,0.47,0.47,0,0.7625006171926384,False
7a405a2024,48.3,d,depto,no posee,calefont glp,3.0,3.0,0.6,0.6,37,0.0,False
60a8a72022,27.0,d,depto,no posee,caldera a condensación,1.9,1.9,0.47,0.47,18,1.0,False
985b0e2022,46.1,e,casa_aislada,no posee,calefont glp,1.7,1.7,0.38,0.38,21,0.19999998455634352,False
9c46f72025,52.8,f,depto,no posee,calefont rheem tf 14 lt,1.7,1.7,0.38,0.38,-1,0.0,True
6240ec2025,53.3,c,depto,no posee,calefont 7 litros tiro forzado,4.0,4.0,0.84,0.84,3,1.0,False
1405b02025,47.0,d,casa_pareada,no posee,calefont 7 litros tiro forzado,1.7,1.7,0.38,0.38,41,1.0,False
4449722022,40.4,d,depto,no posee,caldera a condensación,1.9,1.9,0.47,0.47,18,1.0,False
5034b12019,50.5,d,depto,no posee,calefont glp,1.9,1.9,0.47,0.47,-1,0.0,True
51cf1e2023,49.3,c,depto,no posee,calefont 7 litros tiro forzado,3.0,3.0,0.6,0.6,51,1.0,False
48fb1b2024,66.7,d,casa_pareada,no posee,calefont 7 litros tiro forzado,1.9,1.9,0.47,0.47,-1,0.0,True
7787652023,29.6,d,depto,no posee,el edificio cuenta con 2 bombas de calor midea rsj800 y un,1.9,1.9,0.47,0.47,-1,0.0,True
02faff2025,48.3,e,casa_aislada,no posee,calefont glp,1.7,1.7,0.38,0.38,21,1.0,False
0fa6002024,46.9,d,depto,no considera,caldera con condensación,1.9,1.9,0.47,0.47,53,0.6226415204298023,False
1d289f2023,48.8,d,depto,no posee,calefont 7 litros tiro forzado,1.9,1.9,0.47,0.47,60,1.0,False
8b73b22020,79.6,d,casa_pareada,estufa kerosene 3 kw,calefon tiro natural 10 lts +sst,1.7,1.7,0.38,0.38,1,1.0,False
6cd30e2023,81.7,d,casa_pareada,0,calefont 10 litros tiro forzado,1.7,1.7,0.38,0.38,-1,0.0,True
2c3d152025,46.5,d,depto,no posee,calefont 7 litros tiro forzado,1.7,1.7,0.38,0.38,56,1.0,False
7e6be92020,50.0,d,depto,no posee,calefont 7 litros tiro forzado,1.9,1.9,0.47,0.47,60,0.6666666237676203,False
265d2a2019,49.1,d,depto,no posee,calefont tiro forzado,1.7,1.7,0.38,0.38,24,0.5217391289750797,False
0014032025,57.8,e,depto,no posee,calefont,1.7,1.7,0.38,0.38,-1,0.0,True
46103e2020,77.8,d,casa_aislada,estufa kerosene 3 kw,calefon tiro natural 10 lts +sst,1.7,1.7,0.38,0.38,1,1.0,False
ce64e72026,44.5,b,depto,no posee,calefont 7 litros tiro forzado,4.0,4.0,0.84,0.84,3,0.00339213025673568,False
2579132023,57.4,d,depto,no posee,calefont tiro forzado,1.7,1.7,0.38,0.38,24,1.0,False
ad06112025,57.5,e,depto,no posee,calefont 7 litros tiro forzado,1.7,1.7,0.38,0.38,54,1.0,False
0752522018,91.2,d,casa_aislada,no posee,calefont 10 litros tiro forzado,1.0,1.0,0.0,0.0,2,1.0,False
527d8e2021,30.1,d,depto,no posee,el edificio cuenta con 2 calderas para el edificio sur y 3 calderas,1.9,1.9,0.47,0.47,8,0.07259158922291108,False
03ba432026,53.0,d,depto,no posee,calefont glp,1.9,1.9,0.47,0.47,-1,0.0,True
904d182024,29.0,d,depto,no posee,central termica,1.9,1.9,0.47,0.47,38,1.0,False
1129322023,129.6,d,casa_aislada,sin sistema instalado. se dejan instalaciones para caldera,dos calefon 15 litros marca junker modelo wtd15 km e23.,1.9,1.9,0.47,0.47,-1,0.0,True
3d09c02019,50.5,d,depto,no posee,calefont 7 litros tiro forzado,1.9,1.9,0.47,0.47,-1,0.0,True
369dbc2023,52.2,g,depto,no posee,calefont 7 litros tiro forzado,1.6,1.6,0.33,0.33,22,1.0,False
2136472026,86.3,d,casa_aislada,no posee,calefon tiro forzado,1.9,1.9,0.47,0.47,-1,0.0,True
cd123e2024,31.0,d,depto,no posee,caldera de condensación,1.9,1.9,0.47,0.47,28,1.0,False
96b1912022,43.8,e,depto,no posee,calefont 7 litros tiro forzado,1.0,1.0,0.0,0.0,2,0.9926149481672109,False
aef7052025,44.4,a,depto,no posee,termo eléctrico,4.0,4.0,0.84,0.84,-1,0.0,True
a7f30b2026,48.1,e,casa_aislada,no posee,calefont glp,1.7,1.7,0.38,0.38,21,1.0,False
993db42023,66.8,d,depto,no posee,calefont 13 litros tiro forzado,1.9,1.9,0.47,0.47,-1,0.0,True
92a5752024,49.9,d,depto,no posee,calefont glp,1.9,1.9,0.47,0.47,-1,0.0,True
8563e32025,63.1,e,depto,no posee,calefont,1.7,1.7,0.38,0.38,-1,0.0,True
6706762021,48.0,d,depto,no posee,calefont glp,1.9,1.9,0.47,0.47,44,0.0,False
dc53342019,73.0,d,depto,,,1.9,1.9,0.47,0.47,-1,0.0,True
c4ce8b2021,47.9,d,depto,no posee,calefont glp,1.9,1.9,0.47,0.47,44,0.0,False
f3755a2023,46.8,g,depto,radiador eléctrico 1000w,termos eléctricos 150lts,1.6,1.6,0.33,0.33,-1,0.0,True
d06be02026,49.9,g,depto,no posee,calefont 7 litros tiro forzado,1.6,1.6,0.33,0.33,22,1.0,False
679e3b2022,29.5,e,depto,no posee,calefont 7 litros tiro forzado,1.0,1.0,0.0,0.0,2,0.9600649028283536,False
2ba3d02024,64.7,d,depto,no aplica,3 calderas murales de condensación,1.9,1.9,0.47,0.47,-1,0.0,True
23000b2024,39.2,d,depto,no considera,caldera con condensación,1.9,1.9,0.47,0.47,53,1.0,False
f7d3ce2019,47.2,d,depto,no posee,calefont 7 litros tiro forzado,1.9,1.9,0.47,0.47,61,1.0,False
df61692026,114.6,d,casa_aislada,no posee,calefont 7 litros tiro forzado,1.9,1.9,0.47,0.47,33,0.2681159472190405,False
7fe9122026,47.9,d,depto,no posee,sala de calderas,1.9,1.9,0.47,0.47,12,0.7166666924060962,False
422c1c2025,39.4,d,depto,no posee,"central térmica con 8 calentadores de agua, marca anwo,",1.0,1.0,0.0,0.0,2,0.9986490946831411,False
06b96a2018,45.2,d,casa_pareada,no posee,calefont 7 litros tiro forzado,1.9,1.9,0.47,0.47,42,1.0,False
8356a12023,73.7,d,casa_pareada,no posee,calefont tiro forzado,1.7,1.7,0.38,0.38,7,1.0,False
501fd72023,30.5,d,depto,no posee,caldera central a gas,1.9,1.9,0.47,0.47,30,1.0,False
c39fa32023,230.0,d,depto,caldera mural mixta de condensación rinnai,calefont de condensación navien,1.0,1.0,0.0,0.0,-1,0.0,True
3997842023,49.4,d,depto,no posee,calefont 7 litros tiro forzado,1.9,1.9,0.47,0.47,60,1.0,False
1d851a2023,91.7,f,casa_aislada,no posee,calefont 7 litros tiro forzado,1.7,1.7,0.38,0.38,14,0.8571428193216563,False
468f442018,42.7,g,casa_aislada,no posee,calefont 7 litros tiro forzado,1.1,1.1,0.28,0.28,-1,0.0,True
7a08372022,37.3,d,depto,no posee,caldera a condensación,1.9,1.9,0.47,0.47,18,1.0,False
ff03b22021,51.2,d,depto,no posee,calefont glp,1.9,1.9,0.47,0.47,49,0.0,False
0360062021,30.1,d,depto,no posee,el edificio cuenta con 2 calderas para el edificio sur y 3 calderas,1.9,1.9,0.47,0.47,8,0.07259158922291108,False
0375dc2021,66.8,d,casa_pareada,no posee,calefont,1.7,1.7,0.38,0.38,9,1.0,False
a6c1822021,49.5,f,casa_aislada,no posee,calefont 10 litros tiro forzado,1.7,1.7,0.38,0.38,15,1.0,False
c118862025,46.3,a,depto,calefactor electrico,calefont 12 litros gl,4.0,4.0,0.84,0.84,-1,0.0,True
9eda552023,66.0,d,depto,no posee,calefont,1.9,1.9,0.47,0.47,50,0.3170731587883675,False
5d12c32026,49.8,b,casa_aislada,calefactor electrico,calefont 8 litros gl,3.0,3.0,0.6,0.6,-1,0.0,True
16800e2022,57.0,e,depto,no posee,calefont 7 litros tiro forzado,1.7,1.7,0.38,0.38,54,1.0,False
553b672025,50.6,d,depto,no posee,caldera condensación,1.9,1.9,0.47,0.47,13,0.960000002470985,False
a0e0812024,49.3,d,depto,no posee,caldera de condensación,1.9,1.9,0.47,0.47,28,1.0,False
59a45e2026,52.4,d,depto,no posee,calefont 10 litros tiro forzado,1.9,1.9,0.47,0.47,11,1.0,False
1fc6bd2021,48.4,d,depto,no posee,calefont 7 litros tiro forzado,1.9,1.9,0.47,0.47,60,1.0,False
c215462023,47.4,d,depto,no posee,calefont 11 litros tiro forzado,1.9,1.9,0.47,0.47,-1,0.0,True
f860312022,55.3,d,depto,no posee,calefont glp,1.9,1.9,0.47,0.47,-1,0.0,True
01b5702019,48.6,d,depto,no posee,calefont 7 litros tiro forzado,3.0,3.0,0.6,0.6,55,0.8500000115827424,False
d8e87e2023,53.1,d,depto,no posee,calefont 7 litros tiro forzado,1.9,1.9,0.47,0.47,58,1.0,False
3e549d2023,54.0,c,depto,no posee,calefont,3.0,3.0,0.6,0.6,-1,0.0,True
f382962026,53.7,d,depto,no posee,calefont tiro forzado,1.7,1.7,0.38,0.38,24,1.0,False
dfa1062020,69.0,f,casa_aislada,electricidad,calefont 13 litros tiro forzado,1.7,1.7,0.38,0.38,-1,0.0,True
df52e32026,47.0,d,casa_pareada,"estufa keroseno, 3 kw",calefont 10litros tiro forzado,1.7,1.7,0.38,0.38,-1,0.0,True
1515872025,53.1,c,casa_pareada,0,"calefón junkers smart wr13-2 km e31 s4305 13 litros, gas",4.0,4.0,0.84,0.84,-1,0.0,True
595c512021,72.2,a,depto,no posee,sistema unitario,4.0,4.0,0.0,0.0,-1,0.0,True
cec2462021,70.8,d,casa_pareada,no posee,calefón,1.9,1.9,0.47,0.47,-1,0.0,True
4e5a912019,44.8,d,depto,no posee,caldera rinnai sm 175,1.9,1.9,0.47,0.47,-1,0.0,True
7602e32021,87.2,f,casa_aislada,no posee,calefont 10 litros tiro forzado,1.7,1.7,0.38,0.38,15,1.0,False
e4a81e2025,45.9,d,depto,no posee,calefont 7 litros tiro forzado,1.9,1.9,0.47,0.47,59,1.0,False
f455882018,41.3,e,casa_pareada,no posee,calefont 7 litros tiro forzado,1.7,1.7,0.38,0.38,34,1.0,False
c6df912022,52.7,d,depto,no posee,el edificio cuenta con 4 calderas tipo mural de condensación,1.9,1.9,0.47,0.47,-1,0.0,True
00a7b42023,37.1,d,depto,no posee,calofón de condensación,1.9,1.9,0.47,0.47,-1,0.0,True
d2b4302022,79.4,d,casa_pareada,no posee,calefont tiro forzado,1.7,1.7,0.38,0.38,7,1.0,False
624d332026,40.1,d,depto,no posee,central térmica,1.9,1.9,0.47,0.47,38,0.004070556255695922,False
9bdefa2021,46.1,d,casa_pareada,no posee,calefont 10 litros tiro forzado,1.9,1.9,0.47,0.47,36,1.0,False
434f372025,35.2,d,depto,no posee,calefont 11 litros,1.9,1.9,0.47,0.47,-1,0.0,True
f100372025,48.6,d,casa_pareada,no posee,"calefont marca splendid, modelo tcsb7-3, 7 lts, potencia",1.9,1.9,0.47,0.47,-1,0.0,True
98c6922020,48.8,g,depto,no posee,calefont 7 litros tiro forzado,1.6,1.6,0.33,0.33,22,1.0,False
277b7d2022,65.9,d,depto,no posee,caldera de condensación,1.9,1.9,0.47,0.47,28,0.2597402745874257,False
3ff6fd2024,63.1,d,casa_aislada,no posee,calefont 7 litros tiro forzado,1.0,1.0,0.0,0.0,2,0.9906197598146202,False
7531a62024,57.8,e,depto,sin sistema,calefont,1.7,1.7,0.38,0.38,35,1.0,False
9a755a2023,43.0,c,depto,no posee,calefon de condensación en cascada,3.0,3.0,0.6,0.6,-1,0.0,True
d238de2022,35.3,d,depto,losa radiante mediante bomba de calor aerotérmica,bomba de calor aerotérmica,1.9,1.9,0.47,0.47,-1,0.0,True
415aa12023,54.0,f,casa_pareada,no aplica,calefont glp,1.6,1.6,0.33,0.33,26,1.0,False
8576302025,88.4,c,depto,no posee,sala de calderas,3.0,3.0,0.6,0.6,-1,0.0,True
f3df522022,47.5,a,depto,no posee,"calefon splendid, master mvg tfi 10, 10 litros, gas licuado",4.0,4.0,0.84,0.84,-1,0.0,True
914b622025,42.3,b,depto,no posee,calefont glp,3.0,3.0,0.6,0.6,-1,0.0,True
e74ac92025,46.5,d,depto,no posee,caldera a condensación,1.9,1.9,0.47,0.47,18,1.0,False
5fd7572022,55.4,a,depto,no posee,"calefon splendid, master mvg tfi 10, 10 litros, gas licuado",4.0,4.0,0.84,0.84,-1,0.0,True
3f45ff2018,71.0,d,casa_aislada,no posee,calefont tiro forzado 10 l,1.0,1.0,0.0,0.0,2,0.9768747797174362,False
07d7c12021,46.1,d,casa_pareada,no posee,calefont 10 litros tiro forzado,1.9,1.9,0.47,0.47,36,1.0,False
6c79952023,114.0,d,depto,no posee,calefont 7 litros tiro forzado,1.9,1.9,0.47,0.47,-1,0.0,True
b42ee52020,38.7,b,casa_pareada,no posee,calefont 7 litros tiro forzado,3.0,3.0,0.6,0.6,-1,0.0,True
d0786a2021,42.0,d,casa_pareada,no posee,calefont glp,1.9,1.9,0.47,0.47,40,1.0,False
73f2532024,49.9,d,depto,no posee,calefont glp,1.9,1.9,0.47,0.47,-1,0.0,True
f482f72024,29.0,d,depto,no considera,caldera con condensación,1.9,1.9,0.47,0.47,53,1.0,False
07e5542021,45.2,d,casa_pareada,no posee,calefont 7 litros tiro forzado,1.9,1.9,0.47,0.47,42,1.0,False
8f44f02022,32.4,e,depto,no considera,bomba de calor,1.7,1.7,0.38,0.38,-1,0.0,True
37ad592025,58.6,g,casa_aislada,no posee,calefont glp,1.6,1.6,0.33,0.33,20,1.0,False
1d99cc2025,42.8,d,depto,no posee,calefont 10 litros tiro forzado,1.9,1.9,0.47,0.47,11,1.0,False
8e0d302020,44.7,g,casa_aislada,no posee,calefont 7 litros,1.1,1.1,0.28,0.28,17,1.0,False
8835a12024,40.5,d,depto,no considera,caldera con condensación,1.9,1.9,0.47,0.47,53,1.0,False
46dcc42021,45.1,d,casa_pareada,no posee,calefont 7 litros tiro forzado,1.0,1.0,0.0,0.0,2,1.0,False
286cbe2023,54.0,f,casa_pareada,no aplica,calefont glp,1.6,1.6,0.33,0.33,26,1.0,False
1efa752024,38.7,c,casa_aislada,no posee,calefont 7 litros tiro forzado,4.0,4.0,0.84,0.84,-1,0.0,True
984ba62024,29.5,d,depto,no considera,caldera con condensación,1.9,1.9,0.47,0.47,53,1.0,False
1fd8442022,128.6,d,casa_aislada,no posee,calefont 10 litros tiro forzado,1.9,1.9,0.47,0.47,-1,0.0,True
3c6b9b2024,57.8,e,depto,no posee,calefont 7 litros tiro forzado,1.7,1.7,0.38,0.38,54,1.0,False
bef95f2024,52.2,d,depto,no posee,calderas de condensación murales,1.9,1.9,0.47,0.47,-1,0.0,True
0d32772024,31.2,d,depto,no posee,caldera central a gas,1.9,1.9,0.47,0.47,30,1.0,False
e691ee2024,49.4,d,depto,no posee,calefont 7 litros tiro forzado,1.9,1.9,0.47,0.47,60,1.0,False
c3e4192022,50.1,d,depto,no posee,calefont 12 litros tiro forzado,3.0,3.0,0.6,0.6,-1,0.0,True
ba983a2026,47.2,f,depto,no posee,calefont 7 litros tiro forzado,1.7,1.7,0.38,0.38,31,1.0,False
e2f5232024,53.3,d,depto,no posee,calefont 7 litros tiro forzado,1.9,1.9,0.47,0.47,58,1.0,False
366c1a2026,52.7,d,casa_pareada,calefactor electrico,calefont 10 litros gl,1.9,1.9,0.47,0.47,0,1.0,False
73e4872024,30.3,d,depto,no posee,central de calderas a condensación,1.9,1.9,0.47,0.47,-1,0.0,True
518f352026,71.7,d,casa_pareada,sin sistema,calefont,1.9,1.9,0.47,0.47,-1,0.0,True
be6ac52022,29.1,d,depto,no posee,el edificio cuenta con 2 calderas de gas natural ivar super,1.9,1.9,0.47,0.47,-1,0.0,True
a79be92026,35.2,d,depto,no posee,central de agua caliente para suministro de todos los departamentos,1.9,1.9,0.47,0.47,-1,0.0,True
a0b8012024,49.6,d,depto,no posee,calefont 10 litros tiro forzado,1.7,1.7,0.38,0.38,11,0.027148289571850337,False
28299b2019,50.5,d,depto,no posee,calefont glp,1.9,1.9,0.47,0.47,-1,0.0,True
fccdcb2023,50.2,g,depto,no posee,calefont 10 litros tiro forzado,1.6,1.6,0.33,0.33,23,1.0,False
515ef12022,22.4,e,depto,no considera,bomba de calor,1.7,1.7,0.38,0.38,-1,0.0,True
89576d2021,51.3,d,depto,no posee,calefont glp,1.9,1.9,0.47,0.47,49,0.0,False
b078872021,72.2,a,depto,no posee,sistema unitario,4.0,4.0,0.0,0.0,-1,0.0,True
3574f92022,62.0,e,depto,calefacción mediante radiadores electricas,central termica a gas con calderas/calefon en cascada,1.7,1.7,0.38,0.38,-1,0.0,True
91718f2023,73.6,d,casa_pareada,no posee,calefont,1.9,1.9,0.47,0.47,10,1.0,False
2a25642022,55.4,a,depto,no posee,"calefon splendid, master mvg tfi 10, 10 litros, gas licuado",4.0,4.0,0.84,0.84,-1,0.0,True
5b322f2020,52.1,d,depto,no posee,calefont 7 litros tiro forzado,1.9,1.9,0.47,0.47,58,1.0,False
be3d6a2024,69.8,d,casa_pareada,no posee,calefont 13 litros,1.9,1.9,0.47,0.47,-1,0.0,True
0a83842022,65.2,d,depto,calefactores eléctricos,centralizado con caldera de condensación y estanques de,1.9,1.9,0.47,0.47,-1,0.0,True
20be482024,50.5,d,depto,no posee,calefont 11 litros tiro forzado,1.9,1.9,0.47,0.47,-1,0.0,True
788acc2023,51.8,d,casa_aislada,no posee,"calefón splendid de 10 litros, master 10l, gas licuado, potencia",3.0,3.0,0.6,0.6,-1,0.0,True
76ea522020,72.6,d,casa_pareada,estufa kerosene 3 kw,calefon tiro natural 10 lts +sst,1.7,1.7,0.38,0.38,1,1.0,False
240f582023,69.8,d,casa_pareada,no posee,"calefont 13 litros neckar marca junkers, gas licuado.",1.9,1.9,0.47,0.47,-1,0.0,True
0597802025,78.2,d,casa_aislada,no posee,calefont 7 litros tiro forzado,1.9,1.9,0.47,0.47,33,0.5692307794656191,False
219f902023,43.9,d,depto,no posee,central termica bomba calor aerotermica - electricidad,1.9,1.9,0.47,0.47,-1,0.0,True
2ebae92023,52.2,g,depto,no posee,calefont 7 litros tiro forzado,1.6,1.6,0.33,0.33,22,1.0,False
520b092024,57.8,d,depto,sin sistema,calefont,1.9,1.9,0.47,0.47,50,0.00881953798648314,False
2b1f7a2024,31.5,d,depto,no posee,bomba de calor,1.9,1.9,0.47,0.47,-1,0.0,True
8da43b2024,49.8,g,depto,no posee,calefont 10 litros tiro forzado,1.1,1.1,0.28,0.28,23,1.0,False
e923142024,47.7,d,depto,no considera,caldera con condensación,1.9,1.9,0.47,0.47,53,0.6470588342170638,False
d130442024,55.5,d,casa_pareada,no posee,calefont,1.9,1.9,0.47,0.47,10,1.0,False
3bb04c2022,44.4,d,depto,no posee,caldera de condensación,1.9,1.9,0.47,0.47,28,1.0,False
4537962024,98.4,d,casa_aislada,no posee,calefont,1.9,1.9,0.47,0.47,-1,0.0,True
1e07632018,40.5,b,casa_pareada,no posee,sistema con calefont ionizado de 7 litros.,3.0,3.0,0.6,0.6,-1,0.0,True
f5845d2023,52.2,g,depto,no posee,calefont 7 litros tiro forzado,1.6,1.6,0.33,0.33,22,1.0,False
ac6c762025,50.1,a,depto,no posee,"calefon junkers wd10 km e31 s4300, de 10 l y 18,2 kw",4.0,4.0,0.84,0.84,-1,0.0,True
7e25162024,65.8,d,depto,no posee,el edificio cuenta con 5 calefont de condensación marca navien,1.9,1.9,0.47,0.47,-1,0.0,True
e72d7e2021,49.3,d,depto,no posee,caldera con condensación,1.9,1.9,0.47,0.47,52,0.8333332618349243,False
d22cd12020,42.4,d,casa_pareada,no posee,calefont glp,1.9,1.9,0.47,0.47,40,0.0,False
40d5222023,25.7,d,depto,no posee,caldera de condensación,1.9,1.9,0.47,0.47,28,1.0,False
61fc5a2020,45.0,d,depto,no posee,caldera de condensación,1.9,1.9,0.47,0.47,28,1.0,False
06fd172025,66.2,c,casa_aislada,calefactor electrico,calefont 16 litros gl,4.0,4.0,0.84,0.84,-1,0.0,True
559a192025,48.6,d,depto,no posee,calefont 7 litros tiro forzado,1.9,1.9,0.47,0.47,60,1.0,False
e570892024,52.2,g,depto,no posee,calefont 10 litros tiro forzado,1.6,1.6,0.33,0.33,23,1.0,False
a744e12025,53.1,c,casa_pareada,0,"calefón junkers smart wr13-2 km e31 s4305 13 litros, gas",4.0,4.0,0.84,0.84,-1,0.0,True
2f02b32022,51.9,d,casa_pareada,no posee,calefont 10 litros tiro forzado,1.9,1.9,0.47,0.47,36,1.0,False
eaa0072019,30.9,d,depto,sistema unitario autocontenido,caldera de condensación anwo victrix pro120,1.9,1.9,0.47,0.47,-1,0.0,True
16d1442023,52.2,g,depto,no posee,calefont 7 litros tiro forzado,1.6,1.6,0.33,0.33,22,1.0,False
5d47cf2019,28.8,d,depto,no posee,calentamiento de agua con estanque electrico 80 lt,1.0,1.0,0.0,0.0,2,0.9986490946831411,False
c385832025,42.6,e,depto,no posee,calefont 7 litros tiro forzado,1.7,1.7,0.38,0.38,54,1.0,False
b528632023,41.8,f,casa_aislada,no aplica,calefont glp,1.6,1.6,0.33,0.33,-1,0.0,True
9acd432024,52.0,f,depto,no posee,calefont 7 litros tiro forzado,1.7,1.7,0.38,0.38,31,1.0,False
2504362025,53.6,d,casa_pareada,no posee,calefont glp,1.9,1.9,0.47,0.47,39,1.0,False
01a44a2025,53.4,f,depto,no posee,calefont 7 litros tiro forzado,1.6,1.6,0.33,0.33,32,1.0,False
0e7df72020,57.2,b,depto,no posee,calefont 7 litros tiro forzado,3.0,3.0,0.6,0.6,-1,0.0,True
4fbccf2022,41.4,f,casa_aislada,no posee,calefont glp,1.6,1.6,0.33,0.33,19,1.0,False
1f975f2026,47.0,d,casa_pareada,no posee,calefont 7 litros tiro forzado,1.9,1.9,0.47,0.47,42,1.0,False
5c60242024,93.8,d,casa_aislada,estufa a gas,calefont,1.9,1.9,0.47,0.47,-1,0.0,True
c71e912023,79.3,a,depto,no posee,"termo eléctrico marca junkers, modelo elacell excellence",4.0,4.0,0.84,0.84,-1,0.0,True
88d9972024,50.3,g,casa_aislada,no posee,calefont glp,1.6,1.6,0.33,0.33,20,1.0,False
b66d412025,53.4,f,depto,no posee,calefont 7 litros tiro forzado,1.6,1.6,0.33,0.33,32,1.0,False
4ac5e42020,46.2,f,casa_pareada,no posee,calefont glp,1.7,1.7,0.38,0.38,27,1.0,False
2c44ff2020,51.6,d,casa_pareada,estufa kerosene 3 kw,calefon tiro natural 10 lts +sst,1.7,1.7,0.38,0.38,1,1.0,False
308ce02025,53.0,d,depto,no posee,calefont glp,1.9,1.9,0.47,0.47,-1,0.0,True
83a3502025,63.1,d,casa_aislada,no posee,calefont 7 litros tiro forzado,1.9,1.9,0.47,0.47,33,1.0,False
1eaa922026,66.3,g,depto,sin sistema,calefont 7lt tiro forzado,1.1,1.1,0.28,0.28,-1,0.0,True
d161fb2025,51.0,e,depto,no posee,calefont 7 litros tiro forzado,1.7,1.7,0.38,0.38,54,1.0,False
b2c5ad2026,20.0,e,depto,no posee,calefont 7 litros tiro forzado,1.7,1.7,0.38,0.38,54,0.1842105113427154,False
adc5dd2025,50.8,a,depto,no posee,"termo eléctrico anwo van200l, potencia 3.0 kw",4.0,4.0,0.84,0.84,4,1.0,False
ff4d422019,50.5,d,depto,no posee,calefont glp,1.9,1.9,0.47,0.47,-1,0.0,True
810cc22018,45.2,d,casa_pareada,no posee,calefont 7 litros tiro forzado,1.9,1.9,0.47,0.47,42,1.0,False
506bdc2021,48.4,d,depto,no posee,calefont 7 litros tiro forzado,1.9,1.9,0.47,0.47,60,1.0,False
4fc7572026,19.9,d,depto,no posee,central termica,1.9,1.9,0.47,0.47,38,0.21052632363251292,False
ccc9d62021,53.3,d,depto,no posee,calefon de condensación,1.9,1.9,0.47,0.47,50,0.00881953798648314,False
2b4dd62023,63.9,d,casa_pareada,no posee,calefont 7 litros tiro forzado,1.7,1.7,0.38,0.38,-1,0.0,True
aed4422026,26.4,d,depto,no posee,caldera condensación,1.9,1.9,0.47,0.47,13,1.0,False
4e43252021,70.8,d,casa_pareada,no posee,calefón,1.9,1.9,0.47,0.47,-1,0.0,True
8567d42025,59.5,d,casa_aislada,0,"calefón junkers w13 kb31 13 litros, gas licuado con potencia",1.9,1.9,0.47,0.47,-1,0.0,True
1364e62026,64.8,d,casa_pareada,no posee,calefont 7 litros tiro forzado,1.7,1.7,0.38,0.38,-1,0.0,True
aea38c2021,48.1,d,depto,no posee,calefont glp,1.9,1.9,0.47,0.47,44,0.0,False
edf9a42026,44.5,f,casa_pareada,no posee,calefont 7 litros tiro forzado,1.7,1.7,0.38,0.38,16,1.0,False
de58592021,48.0,d,depto,no posee,calefont glp,1.9,1.9,0.47,0.47,44,0.0,False
0e51d22021,42.1,d,depto,no posee,caldera con condensación,1.9,1.9,0.47,0.47,52,1.0,False
068f552026,42.4,d,depto,no considera,caldera a condensación,1.9,1.9,0.47,0.47,-1,0.0,True
4a9d802026,54.4,c,depto,calefactor electrico,calefont 10 litros gl,3.0,3.0,0.6,0.6,0,1.0,False
0ddb742021,43.3,e,casa_aislada,no posee,calefont glp,1.7,1.7,0.38,0.38,21,0.14285714285714285,False
367d7f2024,53.7,d,depto,no posee,calefont tiro forzado,1.7,1.7,0.38,0.38,24,1.0,False
d6780e2025,51.6,d,depto,no posee,calefont 7 litros tiro forzado,1.9,1.9,0.47,0.47,58,1.0,False
e40f7d2022,60.3,d,casa_pareada,no posee,calefont,1.9,1.9,0.47,0.47,10,1.0,False
3d52df2026,34.4,f,depto,radiador eléctrico,termo,1.6,1.6,0.33,0.33,-1,0.0,True
bcf8b42024,33.8,d,depto,no posee,central térmica. caldera de condensación con acumuladores,1.9,1.9,0.47,0.47,-1,0.0,True
874e4e2022,54.7,d,depto,losa radiante mediante bomba de calor aerotérmica,bomba de calor aerotérmica,1.9,1.9,0.47,0.47,-1,0.0,True
d5c1002023,49.4,d,depto,no posee,calefont 7 litros tiro forzado,1.9,1.9,0.47,0.47,60,1.0,False
1b1bfe2021,41.5,d,depto,no posee,caldera con condensación,1.9,1.9,0.47,0.47,52,1.0,False
6941072022,48.3,d,depto,no posee,calefont,1.9,1.9,0.47,0.47,50,0.9629629078827056,False
b2912f2025,45.2,e,depto,no posee,calefont 7 litros tiro forzado,1.7,1.7,0.38,0.38,54,1.0,False
edb4cf2021,46.1,d,casa_pareada,no posee,calefont 10 litros tiro forzado,1.9,1.9,0.47,0.47,36,1.0,False
84019e2025,53.0,c,depto,no posee,calefont 7 litros tiro forzado,4.0,4.0,0.84,0.84,3,1.0,False
dfc96d2022,39.2,f,casa_aislada,no posee,calefont glp,1.6,1.6,0.33,0.33,19,1.0,False
5c93392020,51.2,f,casa_aislada,no posee,calefont 10 litros tiro forzado,1.7,1.7,0.38,0.38,15,1.0,False
a3f5252026,38.2,e,depto,no posee,calefont 7 litros tiro forzado,1.7,1.7,0.38,0.38,54,0.3333333088195928,False
b4985d2021,59.3,d,casa_pareada,no posee,calefón,1.9,1.9,0.47,0.47,-1,0.0,True
f3b1532024,49.3,d,depto,no posee,central térmica,1.9,1.9,0.47,0.47,38,0.004070556255695922,False
1d72cd2025,40.6,d,depto,no posee,calefont 7 litros tiro forzado,1.9,1.9,0.47,0.47,-1,0.0,True
ed279f2020,96.4,d,casa_aislada,no posee,calefont 7 litros tiro forzado,1.9,1.9,0.47,0.47,33,0.5692307794656191,False
78b4602020,52.3,f,depto,no posee,calefont glp,1.7,1.7,0.38,0.38,29,1.0,False
8ae1602026,63.1,d,casa_aislada,no posee,calefont 7 litros tiro forzado,1.9,1.9,0.47,0.47,33,1.0,False
879cd32018,47.2,d,depto,no posee,calefont 7 litros tiro forzado,1.9,1.9,0.47,0.47,61,1.0,False
474e902018,52.2,a,depto,no posee,calefont 7 litros tiro forzado apoyado sst,4.0,4.0,0.84,0.84,-1,0.0,True
fd0c152022,28.7,d,depto,no existe,sistema de calentamiento de agua con estanque eléctrico,1.9,1.9,0.47,0.47,-1,0.0,True
ba304f2024,48.0,d,depto,no considera,caldera con condensación,1.9,1.9,0.47,0.47,53,0.6874999879346432,False
cfd0ab2025,48.6,d,depto,calefactor electrico,calefont 10 litros gl,3.0,3.0,0.6,0.6,0,1.0,False
4602e02025,46.7,f,casa_pareada,no posee,calefont,1.7,1.7,0.38,0.38,-1,0.0,True
5da21a2026,46.8,c,depto,no posee,calefont 7 litros tiro forzado,4.0,4.0,0.84,0.84,3,0.3448275944704466,False
d7aa802022,43.1,d,depto,no considera,central térmica,1.9,1.9,0.47,0.47,-1,0.0,True
62966a2022,45.0,d,casa_pareada,no posee,calefont,1.9,1.9,0.47,0.47,10,1.0,False
f89a0d2019,63.7,d,depto,caldera de condensacion,caldera de condensacion,1.0,1.0,0.0,0.0,-1,0.0,True
d87df62022,48.1,d,casa_pareada,no posee,calefont 10 litros tiro forzado,1.9,1.9,0.47,0.47,36,1.0,False
d5cbfc2024,57.3,d,depto,no posee,calefont 7 litros tiro forzado,3.0,3.0,0.6,0.6,55,1.0,False
4b5dc52022,41.4,f,casa_aislada,no posee,calefont glp,1.6,1.6,0.33,0.33,19,1.0,False
559f9a2024,42.5,b,depto,no posee,calefont 10 litros tiro forzado,3.0,3.0,0.6,0.6,-1,0.0,True
69e6782024,52.6,d,depto,no posee,calefont 7 litros tiro forzado,1.9,1.9,0.47,0.47,58,1.0,False
8ba1262024,45.5,d,depto,no posee,caldera modular de condensación,1.9,1.9,0.47,0.47,-1,0.0,True
b918b42024,50.5,d,depto,no posee,calefont 11 litros tiro forzado,1.9,1.9,0.47,0.47,-1,0.0,True
f6e9412026,53.6,e,depto,no posee,calefont 7 litros tiro forzado,1.7,1.7,0.38,0.38,54,1.0,False
7ca1c32025,28.1,d,depto,por defecto,termo eléctrico pro eco evo primaterm 100lt,1.9,1.9,0.47,0.47,-1,0.0,True
82f79d2024,59.5,e,depto,no posee,calefont 7 litros tiro forzado,1.7,1.7,0.38,0.38,54,0.8235293369511462,False
c1bed52018,52.1,d,depto,no posee,calefont 10 litros tiro forzado,1.7,1.7,0.38,0.38,11,0.027507854358327408,False
d17ee12022,45.7,d,casa_pareada,no posee,calefont glp,1.9,1.9,0.47,0.47,40,0.0,False
f9699a2020,51.0,d,depto,no posee,calefont glp,1.9,1.9,0.47,0.47,48,1.0,False
4b723b2020,53.1,d,depto,no posee,calefont 7 litros tiro forzado,1.9,1.9,0.47,0.47,58,1.0,False
5b25a32024,41.4,e,depto,no posee,calefont 7 litros tiro forzado,1.7,1.7,0.38,0.38,54,0.7368420453708616,False
b47b9b2023,49.8,f,depto,no aplica,calefont glp,1.6,1.6,0.33,0.33,-1,0.0,True
e9b5e72024,41.4,e,depto,no posee,calefont 7 litros tiro forzado,1.7,1.7,0.38,0.38,54,0.7368420453708616,False
cc5f6c2026,81.7,d,casa_pareada,0,calefont 10 litros tiro forzado,1.7,1.7,0.38,0.38,-1,0.0,True
140f192022,61.3,d,casa_pareada,no posee,calefont tiro forzado,1.7,1.7,0.38,0.38,7,1.0,False
a0c7242022,45.3,d,depto,no posee,el edificio cuenta con 2 calderas de gas natural ivar super,1.9,1.9,0.47,0.47,-1,0.0,True
29a12f2024,25.3,d,depto,no posee,caldera de condensación,1.9,1.9,0.47,0.47,28,0.9523809558829153,False
439c632020,50.4,a,casa_pareada,no posee,calefont 7 litros tiro forzado,4.0,4.0,0.84,0.84,-1,0.0,True
57ef032021,93.4,d,casa_pareada,no posee,calefont,1.7,1.7,0.38,0.38,9,1.0,False
f7bca12022,49.2,d,depto,no posee,calefont glp,3.0,3.0,0.6,0.6,37,0.0,False
00467c2024,87.0,d,casa_aislada,no posee,calefon gas natural 13 litros,1.9,1.9,0.47,0.47,-1,0.0,True
adfbe52022,56.7,d,depto,no posee,calefont 7 litros,1.9,1.9,0.47,0.47,-1,0.0,True
57032f2022,52.6,d,casa_pareada,no posee,calefont 10 litros tiro forzado,1.9,1.9,0.47,0.47,36,1.0,False
2d26622025,44.2,d,depto,no posee,calefont 11 litros tiro forzado,1.9,1.9,0.47,0.47,-1,0.0,True
a014eb2020,115.1,d,depto,caldera,caldera,1.0,1.0,0.0,0.0,-1,0.0,True
7e30fa2024,42.4,d,depto,no posee,calefacción central mediante caldera de condensación,1.9,1.9,0.47,0.47,-1,0.0,True
8a0f2f2023,93.9,d,depto,no posee,caldera con condensación,1.9,1.9,0.47,0.47,52,0.06696428571428571,False
38d2ac2021,27.6,d,depto,no posee,central de calderas de condensación,1.9,1.9,0.47,0.47,-1,0.0,True
29d3692025,57.8,d,depto,no posee,calefont,1.9,1.9,0.47,0.47,50,1.0,False
44d11b2021,72.6,d,casa_pareada,estufa kerosene 3 kw,calefon tiro natural 10 lts +sst,1.7,1.7,0.38,0.38,1,1.0,False
3623ec2026,42.6,d,depto,no posee,caldera condensación,1.9,1.9,0.47,0.47,13,1.0,False
2aa9672023,79.7,d,casa_pareada,no posee,calefont,1.9,1.9,0.47,0.47,10,0.655367237948189,False
4298882024,30.0,d,depto,no posee,caldera de condensación,1.9,1.9,0.47,0.47,28,1.0,False
10f3412024,47.0,a,depto,no posee,termo electrico 80 litros,4.0,4.0,0.84,0.84,-1,0.0,True
b5b8472022,60.6,f,casa_aislada,estufa a parafina marca toyotomi modelo ff-55t el que tiene,calefon marca mademsa modelo. forzada tfm 10 eco gl el,1.6,1.6,0.33,0.33,-1,0.0,True
52d1762025,47.0,d,casa_pareada,no posee,calefont 7 litros tiro forzado,1.7,1.7,0.38,0.38,41,1.0,False
8de5fe2025,29.9,d,depto,no posee,el edificio cuenta con 7 calderas condensación de gas natural,1.9,1.9,0.47,0.47,-1,0.0,True
f6150b2024,41.6,d,depto,no considera,caldera con condensación,1.9,1.9,0.47,0.47,53,0.970588192543512,False
035bc12021,236.8,d,depto,caldera con condensación,"calefon, tiro forzado",1.9,1.9,0.47,0.47,-1,0.0,True
a73cd72026,44.8,f,casa_pareada,bomba de calor tipo aire acondicionado aire-aire,calefont 7l gl splendid master,1.7,1.7,0.38,0.38,-1,0.0,True
a8cfd62019,60.0,a,depto,no posee,calefont 7 litros tiro forzado,4.0,4.0,0.84,0.84,6,1.0,False
1c3f462025,47.4,d,depto,sin sistema,caldera de condensación marca naview,1.9,1.9,0.47,0.47,-1,0.0,True
a569162023,129.6,d,casa_aislada,sin sistema instalado. se dejan instalaciones para caldera,dos calefon 15 litros marca junker modelo wtd15 km e23.,1.9,1.9,0.47,0.47,-1,0.0,True
bff1bf2022,29.1,d,depto,no posee,el edificio cuenta con 2 calderas de gas natural ivar super,1.9,1.9,0.47,0.47,-1,0.0,True
eea1e62025,62.2,d,casa_pareada,no posee,calefont 7 litros tiro forzado,1.9,1.9,0.47,0.47,43,0.29629627934852476,False
c7ba032024,53.1,b,casa_pareada,0,"calefón junkers smart w13 kb 31 s4395 13 litros, gas licuado",4.0,4.0,0.84,0.84,-1,0.0,True
afb5322018,51.7,a,depto,no posee,calefont 7 litros tiro forzado,4.0,4.0,0.84,0.84,5,0.5454545422637074,False
226d392021,61.6,d,depto,no posee,calefont 7 litros tiro forzado,1.7,1.7,0.38,0.38,56,0.056074764298054365,False
05209f2023,55.0,d,casa_aislada,no posee,"calefón splendid de 13 litros, master 13l, gas licuado, potencia",3.0,3.0,0.6,0.6,-1,0.0,True
46306b2025,27.0,d,depto,sin sistema,caldera,1.9,1.9,0.47,0.47,-1,0.0,True
e953dd2025,44.5,f,casa_pareada,no posee,calefont 7 litros tiro forzado,1.7,1.7,0.38,0.38,16,1.0,False
0d71302024,74.9,d,casa_aislada,calefactores eléctricos,calefont 10 litros tiro forzado,1.7,1.7,0.38,0.38,-1,0.0,True
046dd62024,50.9,b,casa_pareada,no posee,calefont 7 litros tiro forzado,4.0,4.0,0.84,0.84,-1,0.0,True
60ad522023,48.4,d,depto,no posee,caldera a condensación,1.9,1.9,0.47,0.47,18,1.0,False
1aa3452025,49.2,a,casa_pareada,no posee,calefont glp,4.0,4.0,0.84,0.84,-1,0.0,True
8f5b722024,49.5,f,casa_aislada,no posee,calefont 7 litros tiro forzado,1.7,1.7,0.38,0.38,14,1.0,False
77887f2024,52.4,e,depto,sin sistema,calefont,1.7,1.7,0.38,0.38,35,1.0,False
c7bcbf2026,43.4,d,depto,no posee,calefont 10 litros tiro forzado,1.9,1.9,0.47,0.47,11,1.0,False
51a1852024,72.4,a,depto,no posee,termo eléctrico junkers/bosch,4.0,4.0,0.84,0.84,-1,0.0,True
f25def2025,39.9,d,depto,no posee,calefont 7 litros tiro forzado,1.9,1.9,0.47,0.47,-1,0.0,True
7d80482022,52.2,d,depto,estufa kerosene 3 kw,calefon tiro natural 10 lts +sst,1.7,1.7,0.38,0.38,1,0.9996608826569533,False
f8c8b22024,52.5,d,depto,no posee,calefont 10 litros tiro forzado,1.9,1.9,0.47,0.47,11,1.0,False
4914e62021,51.3,f,casa_aislada,no posee,calefont 10 litros tiro forzado,1.7,1.7,0.38,0.38,15,1.0,False
c7fa392024,43.0,d,depto,no posee,"caldera de tipo condensación, 900kw marca inmergas modelo",1.9,1.9,0.47,0.47,-1,0.0,True
865ab32021,66.8,d,casa_aislada,estufa a gas,calefont,1.9,1.9,0.47,0.47,-1,0.0,True
2ad3652023,29.1,d,depto,no posee,5 calderas de gas natural genus premium evo hp 150 de 140,1.9,1.9,0.47,0.47,-1,0.0,True
c924cd2023,84.2,d,depto,radiadores eléctricos,caldera,1.9,1.9,0.47,0.47,-1,0.0,True
8d61132024,48.0,d,depto,no posee,central termica,1.9,1.9,0.47,0.47,38,0.17142857489551486,False
4c401f2020,52.3,i,depto,"calefactor a gas natural, 35000 btu, marca orbis, modelo","calefont a gas natural, tiro forzado, marca mademsa, capacidad",0.6,0.6,0.25,0.25,-1,0.0,True
9ad0fb2019,52.6,f,casa_pareada,no posee,calefont 7 litros tiro forzado,1.7,1.7,0.38,0.38,16,0.2647058810169847,False
9b28142022,52.2,d,depto,estufa kerosene 3 kw,calefon tiro natural 10 lts +sst,1.7,1.7,0.38,0.38,1,0.9996608826569533,False
f508ae2023,52.2,f,depto,no aplica,calefont glp,1.6,1.6,0.33,0.33,-1,0.0,True
fb73712024,53.1,b,casa_pareada,0,"calefón junkers smart w13 kb 31 s4395 13 litros, gas licuado",4.0,4.0,0.84,0.84,-1,0.0,True
9533562023,49.3,c,depto,no aplica,calefont glp,4.0,4.0,0.84,0.84,-1,0.0,True
1984392024,81.4,f,casa_aislada,no posee,calefont 10 litros tiro natural,1.7,1.7,0.38,0.38,-1,0.0,True
6a687c2025,56.9,g,casa_pareada,no posee,calefont glp,1.1,1.1,0.28,0.28,-1,0.0,True
d605fe2023,48.6,d,depto,no posee,"calefón splendid mvg tfi 13 litros, gas natural de 22,5 kw",1.9,1.9,0.47,0.47,-1,0.0,True
408d312019,67.8,d,depto,no posee,calefont,1.0,1.0,0.0,0.0,2,0.9669718664531632,False
55329a2020,55.0,a,depto,no posee,calefont 10 litros tiro forzado,4.0,4.0,0.84,0.84,-1,0.0,True
a79b4a2023,50.6,d,depto,no posee,central termica,1.9,1.9,0.47,0.47,38,0.1481481548566413,False
b808592025,46.5,e,depto,no posee,calefont 12 litros tiro forzado,1.7,1.7,0.38,0.38,-1,0.0,True
8fa04b2023,52.2,g,depto,no posee,calefont 7 litros tiro forzado,1.6,1.6,0.33,0.33,22,1.0,False
5964242025,52.0,d,depto,no posee,calefont 7 litros tiro forzado,3.0,3.0,0.6,0.6,55,1.0,False
c908f92022,29.8,d,depto,no posee,termo eléctrico,1.9,1.9,0.47,0.47,8,1.0,False
a54abc2020,46.2,f,casa_pareada,no posee,calefont glp,1.7,1.7,0.38,0.38,27,1.0,False
749c8b2023,101.1,d,depto,no posee,caldera de condensación,1.9,1.9,0.47,0.47,28,0.08547009094175897,False
c0f0ef2023,52.2,f,depto,no aplica,calefont glp,1.6,1.6,0.33,0.33,-1,0.0,True
b089be2025,51.8,c,depto,no posee,calefont 7 litros tiro forzado,4.0,4.0,0.84,0.84,3,1.0,False
a5fdd02026,44.4,e,depto,no posee,calefont 7 litros tiro forzado,1.7,1.7,0.38,0.38,54,1.0,False
530c7a2022,29.3,d,depto,no posee,caldera con condensación,1.9,1.9,0.47,0.47,52,1.0,False
c34bd12025,49.8,b,casa_aislada,no posee,calefont 8 litros tiro forzado,3.0,3.0,0.6,0.6,-1,0.0,True
0bbdc32025,71.7,d,depto,no posee,calefon,1.9,1.9,0.47,0.47,-1,0.0,True
24941b2024,49.6,f,casa_pareada,no posee,calefont 10 litros tiro forzado,1.7,1.7,0.38,0.38,-1,0.0,True
501d442023,26.0,d,depto,no posee,caldera central a gas,1.9,1.9,0.47,0.47,30,1.0,False
e63fd92023,37.7,d,depto,no posee,central termica,1.9,1.9,0.47,0.47,38,0.17142857489551486,False
75231b2025,59.9,d,depto,no posee,calefont tiro forzado 12 litros,1.9,1.9,0.47,0.47,-1,0.0,True
3e55732022,61.0,d,casa_pareada,no posee,calefont 10 litros tiro forzado,1.9,1.9,0.47,0.47,36,0.2857142711676701,False
0299972023,53.0,c,depto,no posee,calefont 7 litros tiro forzado,4.0,4.0,0.84,0.84,3,1.0,False
53e0a62022,32.4,d,depto,no posee,calefont 10 litros tiro forzado,1.9,1.9,0.47,0.47,11,0.25961539946505546,False
cff3cc2024,46.0,d,depto,no posee,calefont 7 litros tiro forzado,1.9,1.9,0.47,0.47,59,1.0,False
ad99e12026,59.3,c,depto,sin sistema,calefont tiro forzado 13 lts,4.0,4.0,0.84,0.84,-1,0.0,True
f247162022,58.8,e,depto,calefacción mediante radiadores electricas,central termica a gas con calderas/calefon en cascada,1.7,1.7,0.38,0.38,-1,0.0,True
f84d982023,42.6,d,depto,caldera mural tiro forzado.,caldera mural tiro forzado.,1.9,1.9,0.47,0.47,-1,0.0,True
b5a7382022,45.2,f,depto,no posee,calefont 7 litros tiro forzado,1.6,1.6,0.33,0.33,32,0.974999963321316,False
2a8dc02025,51.0,a,depto,calefactor electrico,calefont 12 litros gl,4.0,4.0,0.84,0.84,-1,0.0,True
37b4792023,58.6,d,casa_pareada,no posee,calefont,1.9,1.9,0.47,0.47,10,1.0,False
92861b2022,49.4,f,casa_pareada,no posee,calefont 10 litros tiro forzado,1.6,1.6,0.33,0.33,-1,0.0,True
6f89862022,53.4,d,casa_pareada,no posee,calefont 7 litros tiro forzado,1.9,1.9,0.47,0.47,43,1.0,False
a669052023,48.8,c,depto,no posee,calefon de condensación en cascada,3.0,3.0,0.6,0.6,-1,0.0,True
dd318c2023,33.9,a,depto,no posee,"termo eléctrico marca junkers, modelo elacell excellence",4.0,4.0,0.84,0.84,-1,0.0,True
d502712022,48.3,c,casa_pareada,no posee,"calefon tiro natural, modelo master de 7 lts,",4.0,4.0,0.84,0.84,-1,0.0,True
2668562020,46.2,f,casa_pareada,no posee,calefont glp,1.7,1.7,0.38,0.38,27,1.0,False
37434f2020,39.2,b,casa_pareada,no posee,calefont 7 litros tiro forzado,3.0,3.0,0.6,0.6,-1,0.0,True
cfae892025,55.4,a,depto,no posee,"termo eléctrico anwo van200l, potencia 3.0 kw",4.0,4.0,0.84,0.84,4,1.0,False
4284272025,51.3,e,casa_pareada,no posee,calefont 7 litros tiro forzado,1.7,1.7,0.38,0.38,34,1.0,False
56875f2023,120.6,d,depto,losa radiante,caldera con condensación,1.9,1.9,0.47,0.47,-1,0.0,True
52ae672025,27.1,d,depto,sin sistema,caldera,1.9,1.9,0.47,0.47,-1,0.0,True
fcb3502023,55.5,d,casa_pareada,no posee,calefont 7 litros tiro forzado,1.7,1.7,0.38,0.38,45,1.0,False
3e61662021,53.2,d,casa_pareada,no posee,calefont 7 litros tiro forzado,1.9,1.9,0.47,0.47,43,1.0,False
9b624e2025,42.0,d,depto,no posee,caldera de condensación,1.9,1.9,0.47,0.47,28,1.0,False
2cb9bf2021,53.2,d,casa_pareada,no posee,calefont 7 litros tiro forzado,1.9,1.9,0.47,0.47,43,1.0,False
d2f76e2023,52.2,g,depto,no posee,calefont 7 litros tiro forzado,1.6,1.6,0.33,0.33,22,1.0,False
9024b32024,57.8,e,depto,sin sistema,calefont,1.7,1.7,0.38,0.38,35,1.0,False
8e9ea82023,63.1,d,casa_aislada,no posee,calefont 7 litros tiro forzado,1.9,1.9,0.47,0.47,33,1.0,False
b1a1872021,44.4,g,depto,no considera,calefon. tiro forzado.,1.6,1.6,0.33,0.33,-1,0.0,True
44974b2024,54.9,a,depto,no posee,calefont 7 litros tiro forzado,4.0,4.0,0.84,0.84,5,1.0,False
32e1c52024,26.4,d,depto,no considera,caldera con condensación,1.9,1.9,0.47,0.47,53,1.0,False
b2cad62018,67.3,d,casa_pareada,no posee,calefont 10 litros tiro forzado,1.0,1.0,0.0,0.0,2,0.9733376972761904,False
758c772024,22.1,d,depto,no posee,calefont 7 litros tiro forzado,1.9,1.9,0.47,0.47,-1,0.0,True
ca19692024,57.8,d,casa_pareada,no posee,calefont 7 litros tiro forzado,1.9,1.9,0.47,0.47,43,0.6153846153846154,False
eb230e2023,52.2,g,depto,no posee,calefont 7 litros tiro forzado,1.6,1.6,0.33,0.33,22,1.0,False
f3ae952024,19.1,d,depto,no posee,caldera central a gas,1.9,1.9,0.47,0.47,30,1.0,False
9bec562022,54.4,f,casa_aislada,estufa a parafina marca toyotomi modelo ff-v30t el que tiene,calefon marca mademsa modelo. forzada tfm 10 eco gl el,1.6,1.6,0.33,0.33,-1,0.0,True
0f3bc92021,48.4,d,depto,no posee,calefont 7 litros tiro forzado,1.9,1.9,0.47,0.47,60,1.0,False
2bd6ee2019,49.1,d,depto,no posee,calefont 7 litros tiro forzado,1.9,1.9,0.47,0.47,60,1.0,False
a764982023,52.2,f,depto,no posee,calefont 7 litros tiro forzado,1.6,1.6,0.33,0.33,32,1.0,False
4577ad2026,28.4,e,depto,no posee,calefont 7 litros tiro forzado,1.7,1.7,0.38,0.38,54,0.3111111004340148,False
ed82e62024,48.6,f,depto,no posee,calefont,1.6,1.6,0.33,0.33,-1,0.0,True
8e0f522024,32.9,d,depto,no considera,calefont,1.9,1.9,0.47,0.47,50,0.00881953798648314,False
97207d2021,48.3,e,casa_aislada,no posee,calefont glp,1.7,1.7,0.38,0.38,21,1.0,False
4e7e8d2019,47.2,d,depto,no posee,calefont 7 litros tiro forzado,1.9,1.9,0.47,0.47,61,1.0,False
4a05f22023,44.0,d,depto,no posee,calefont,1.9,1.9,0.47,0.47,50,0.7878787510068797,False
b5c9d92023,57.4,d,depto,no posee,calefont tiro forzado,1.7,1.7,0.38,0.38,24,1.0,False
25d5752024,42.6,d,depto,no considera,caldera con condensación,1.9,1.9,0.47,0.47,53,0.9428571453785562,False
48fedd2024,35.8,d,depto,no posee,caldera con condensación,1.9,1.9,0.47,0.47,52,1.0,False
45de4e2022,43.0,d,depto,no considera,central térmica,1.9,1.9,0.47,0.47,-1,0.0,True
18e9272024,31.2,d,depto,no considera,caldera con condensación,1.9,1.9,0.47,0.47,53,1.0,False
1d4b712024,42.5,f,depto,no posee,calefont master 10l splendid,1.7,1.7,0.38,0.38,-1,0.0,True
7f26bf2024,48.6,f,depto,no posee,calefont,1.6,1.6,0.33,0.33,-1,0.0,True
97aa172025,31.3,d,depto,no posee,calefont 7 litros tiro forzado,1.9,1.9,0.47,0.47,57,1.0,False
6f30a62023,29.0,d,depto,no posee,calefón con condensación,1.9,1.9,0.47,0.47,38,0.004070556255695922,False
50169b2023,56.5,c,depto,no posee,calefon de condensación en cascada,3.0,3.0,0.6,0.6,-1,0.0,True
5ae8332021,57.3,d,casa_pareada,no posee,calefont glp,1.9,1.9,0.47,0.47,-1,0.0,True
0f23572021,79.0,d,depto,central térmica,central de agua caliente,1.9,1.9,0.47,0.47,-1,0.0,True
81a46e2023,41.8,f,casa_aislada,no aplica,calefont glp,1.6,1.6,0.33,0.33,-1,0.0,True
21c7022025,30.0,c,depto,no posee,termo eléctrico rheem 80 litros,4.0,4.0,0.0,0.0,-1,0.0,True
b3962c2025,63.1,d,casa_aislada,no posee,calefont 7 litros tiro forzado,1.9,1.9,0.47,0.47,33,1.0,False
e9cc8c2026,28.9,d,depto,no posee,sala de calderas,1.9,1.9,0.47,0.47,12,1.0,False
97ccb82019,82.7,d,casa_aislada,no posee,calefont tiro forzado 10 lt,1.0,1.0,0.0,0.0,2,0.980762804127848,False
e35bf12022,49.9,d,depto,no posee,calefont glp,3.0,3.0,0.6,0.6,37,1.0,False
21a0602025,48.5,d,depto,no posee,calefont glp,1.9,1.9,0.47,0.47,44,1.0,False
74bb642021,72.6,d,casa_pareada,estufa kerosene 3 kw,calefon tiro natural 10 lts +sst,1.7,1.7,0.38,0.38,1,1.0,False
aca00d2024,53.6,a,depto,no posee,"calefon splendid mvg tfi de 10 litros, de 17,6 kw potencia",4.0,4.0,0.84,0.84,4,1.0,False
d78dfe2024,49.4,c,depto,no posee,"calefont ionizado splendid 13 litros potencia nominal 22,9 kw",4.0,4.0,0.84,0.84,-1,0.0,True
7af2592021,63.1,d,casa_aislada,no posee,calefont 7 litros tiro forzado,1.9,1.9,0.47,0.47,33,1.0,False
f36ab32020,57.1,f,casa_aislada,electricidad,calefont 13 litros tiro forzado,1.7,1.7,0.38,0.38,-1,0.0,True
5153ce2022,41.4,d,depto,no posee,caldera con condensación,1.9,1.9,0.47,0.47,52,1.0,False
dd6ca12023,56.9,d,casa_pareada,no posee,calefont,1.7,1.7,0.38,0.38,9,1.0,False
6f2fd72023,60.9,a,depto,no posee,calefont 7 litros tiro forzado,4.0,4.0,0.84,0.84,6,1.0,False
f2a56f2025,38.6,d,depto,split inverter,termo electrico,1.9,1.9,0.47,0.47,-1,0.0,True
f816712025,49.5,d,casa_pareada,no posee,calefont 11 litros tiro forzado,1.9,1.9,0.47,0.47,-1,0.0,True
e17fd72024,71.9,d,casa_pareada,no posee,calefont 10 lts,1.9,1.9,0.47,0.47,-1,0.0,True
7978152021,49.8,d,casa_pareada,no posee,calefont glp,1.9,1.9,0.47,0.47,39,1.0,False
0aa8272020,30.7,g,depto,no considera,"calefon, tiro forzado",1.6,1.6,0.33,0.33,-1,0.0,True
fd55d62024,63.6,d,casa_pareada,no posee,calefont glp,1.9,1.9,0.47,0.47,-1,0.0,True
156f332024,53.7,e,depto,no posee,calefont 7 litros tiro forzado,1.7,1.7,0.38,0.38,54,1.0,False
0ce3642022,44.4,d,depto,no posee,calefont,1.9,1.9,0.47,0.47,50,0.8965516763929752,False
b534f22025,37.4,d,depto,split inverter,termo electrico,1.9,1.9,0.47,0.47,-1,0.0,True
288fe32024,52.5,d,depto,no posee,calefont 10 litros tiro forzado,1.9,1.9,0.47,0.47,11,1.0,False
56af5b2023,52.4,e,depto,no posee,calefont 7 litros tiro forzado,1.7,1.7,0.38,0.38,54,1.0,False
709d0e2025,55.6,a,depto,no posee,calefont 7 litros tiro forzado,4.0,4.0,0.84,0.84,5,1.0,False
a10f042025,52.2,g,casa_aislada,no posee,calefon,1.1,1.1,0.28,0.28,17,1.0,False
d906c02025,62.0,e,depto,no posee,calefont 7 litros tiro forzado,1.7,1.7,0.38,0.38,54,0.3333333088195928,False
7161052022,49.9,a,depto,no posee,"calefon splendid sb tfi 10 2 ev de 10 litros, gas licuado",4.0,4.0,0.84,0.84,4,1.0,False
8a16772024,83.7,d,casa_aislada,panel eléctrico radiante.,calefon,1.9,1.9,0.47,0.47,-1,0.0,True
5254992019,91.2,d,depto,caldera de condensacion,caldera de condensacion,1.0,1.0,0.0,0.0,-1,0.0,True
88398e2024,87.1,e,casa_aislada,no posee,calefont 7 litros tiro forzado,1.7,1.7,0.38,0.38,33,0.012550881504633415,False
fe5b8a2024,57.8,e,depto,sin sistema,calefon,1.7,1.7,0.38,0.38,35,1.0,False
eb2b0c2022,81.7,d,casa_pareada,la vivienda considera estufa de 6kw y combustible glp.,calefont 10 litros tiro forzado,1.7,1.7,0.38,0.38,-1,0.0,True
2db4bc2024,40.9,d,depto,no posee,el edificio cuenta con 5 calefont de condensación marca navien,1.9,1.9,0.47,0.47,-1,0.0,True
637c762026,46.5,d,depto,no posee,calefont 7 litros tiro forzado,1.9,1.9,0.47,0.47,59,1.0,False
3432752018,55.0,d,casa_pareada,no posee,calefont 7 litros tiro forzado,1.9,1.9,0.47,0.47,43,1.0,False
dfb1d42021,48.0,d,depto,no posee,calefont glp,1.9,1.9,0.47,0.47,44,0.0,False
b8513f2021,72.6,e,casa_pareada,estufa kerosene 3 kw,calefon tiro natural 10 lts +sst,1.7,1.7,0.38,0.38,1,1.0,False
8388e62026,50.2,f,depto,no posee,calefont 7 litros tiro forzado,1.6,1.6,0.33,0.33,32,1.0,False
ef72f82023,39.0,d,depto,no posee,caldera a condensación,1.9,1.9,0.47,0.47,18,1.0,False
d3a80e2026,48.6,c,depto,calefactor electrico,calefont 10 litros gl,3.0,3.0,0.6,0.6,0,1.0,False
4563352025,57.8,d,casa_pareada,no posee,calefont 7 litros tiro forzado,1.9,1.9,0.47,0.47,43,0.6153846153846154,False
5f393c2024,48.6,f,depto,no posee,calefont,1.6,1.6,0.33,0.33,-1,0.0,True
c56e8d2024,49.4,d,casa_pareada,no posee,calefont glp,3.0,3.0,0.6,0.6,-1,0.0,True
2820432025,48.3,e,casa_aislada,no posee,calefont glp,1.7,1.7,0.38,0.38,21,1.0,False
4409e52026,48.6,d,depto,no posee,calefont 7 litros tiro forzado,1.9,1.9,0.47,0.47,60,1.0,False
812bff2023,47.0,d,casa_pareada,no posee,calefont 7 litros tiro forzado,1.7,1.7,0.38,0.38,41,1.0,False
ed21f52022,44.1,e,depto,no considera,bomba de calor,1.7,1.7,0.38,0.38,-1,0.0,True
0bd1122023,49.0,h,casa_pareada,no posee,calefont glp,1.6,1.6,0.33,0.33,-1,0.0,True
2a3c182026,37.0,c,depto,no posee,termo eléctrico 150 lts ursus troter,4.0,4.0,0.84,0.84,-1,0.0,True
528c222024,43.0,d,depto,no posee,"caldera de tipo condensación, 900kw marca inmergas modelo",1.9,1.9,0.47,0.47,-1,0.0,True
60f9fe2024,70.4,a,depto,no posee,calefont 7 litros tiro forzado,4.0,4.0,0.84,0.84,-1,0.0,True
ce94782026,58.6,i,casa_pareada,no posee,calefont 7 litros tiro forzado,0.6,0.6,0.25,0.25,-1,0.0,True
6461432023,52.4,e,depto,no posee,calefont 7 litros tiro forzado,1.7,1.7,0.38,0.38,54,1.0,False
af4d3d2023,49.0,h,casa_pareada,no posee,calefont glp,1.6,1.6,0.33,0.33,-1,0.0,True
efa1312020,61.0,c,casa_pareada,no posee,calefont neckar ionizado 13 litros wn13 con potencia nominal,4.0,4.0,0.84,0.84,-1,0.0,True
0511602022,54.0,d,depto,0,calefont 10 litros tiro forzado,1.7,1.7,0.38,0.38,-1,0.0,True
4953032025,48.7,g,casa_aislada,no posee,calefont 7 litros,1.1,1.1,0.28,0.28,17,1.0,False
f04ea22021,55.1,d,depto,no posee,calefont 7 litros tiro forzado,1.0,1.0,0.0,0.0,2,0.9932817761529646,False
5f9ca62026,36.3,d,depto,no posee,sala de calderas,1.9,1.9,0.47,0.47,12,1.0,False
eeb4632024,39.5,d,depto,no posee,caldera central a gas,1.9,1.9,0.47,0.47,30,1.0,False
36849b2020,89.2,f,casa_aislada,no posee,calefont 7 litros tiro forzado,1.7,1.7,0.38,0.38,14,1.0,False
8a868a2022,47.6,a,depto,no posee,"calefon splendid, master mvg tfi 10, 10 litros, gas licuado",4.0,4.0,0.84,0.84,-1,0.0,True
b139a12019,55.0,a,depto,no posee,calefon ionizado 10 litro tiro forzado,4.0,4.0,0.84,0.84,-1,0.0,True
ec0d6c2023,45.1,b,casa_pareada,no posee,calefont 7 litros tiro forzado,4.0,4.0,0.84,0.84,-1,0.0,True
e40c252021,51.3,e,casa_pareada,no posee,calefont 10 litros tiro forzado,1.7,1.7,0.38,0.38,-1,0.0,True
5e73d02022,47.0,d,casa_pareada,no posee,calefont 7 litros tiro forzado,1.7,1.7,0.38,0.38,41,1.0,False
7752cd2023,81.7,d,casa_pareada,0,calefont 10 litros tiro forzado,1.7,1.7,0.38,0.38,-1,0.0,True
43e9a62023,46.0,d,depto,no posee,caldera de condensación,1.9,1.9,0.47,0.47,28,1.0,False
a9e93b2021,28.7,d,depto,no considera,central termica,1.9,1.9,0.47,0.47,-1,0.0,True
46c4422023,55.0,d,casa_aislada,no posee,"calefón splendid de 13 litros, master 13l, gas licuado, potencia",3.0,3.0,0.6,0.6,-1,0.0,True
e132742019,30.3,d,depto,no posee,caldera rinnai sm 175,1.9,1.9,0.47,0.47,-1,0.0,True
ab4ac92024,30.5,d,depto,no posee,caldera centralizada,1.9,1.9,0.47,0.47,-1,0.0,True
b4a4f52024,54.6,d,casa_pareada,no posee,calefont glp,1.9,1.9,0.47,0.47,39,1.0,False
c2468c2024,25.2,d,depto,0,caldera de condensacion,1.9,1.9,0.47,0.47,-1,0.0,True
21bf552026,50.4,d,depto,no posee,el edificio cuenta con 4 calderas a gas natural de condensación,1.9,1.9,0.47,0.47,-1,0.0,True
a574322025,51.2,d,depto,"no posee. se proyectan placas eléctricas, sin embargo no es",se considera por defecto. agua caliente la proporcionada por,1.0,1.0,0.0,0.0,-1,0.0,True
9cf69f2023,41.7,d,depto,no posee,caldera a condensación,1.9,1.9,0.47,0.47,18,1.0,False
9aa2302025,71.9,d,depto,no posee,calefont 7 litros tiro forzado,1.9,1.9,0.47,0.47,-1,0.0,True
0364742026,26.8,d,depto,no posee,central térmica,1.9,1.9,0.47,0.47,38,0.004070556255695922,False
90179d2025,27.6,d,depto,no posee,termo eléctrico splendid 80 lt,1.9,1.9,0.47,0.47,-1,0.0,True
3106d02025,56.9,g,casa_pareada,no posee,calefont glp,1.1,1.1,0.28,0.28,-1,0.0,True
fc09a42024,63.1,e,depto,sin sistema,calefont,1.7,1.7,0.38,0.38,35,1.0,False
e495f52024,81.7,d,casa_pareada,no posee,calefont glp,1.9,1.9,0.47,0.47,-1,0.0,True
5f47652024,26.6,d,depto,no posee,central termica,1.9,1.9,0.47,0.47,38,0.800000051478859,False
46bca42025,50.4,d,casa_pareada,no posee,calefont glp,1.9,1.9,0.47,0.47,39,1.0,False
ab04b82022,54.0,d,depto,0,calefont 10 litros tiro forzado,1.7,1.7,0.38,0.38,-1,0.0,True
2956e02021,46.1,d,casa_pareada,no posee,calefont 10 litros tiro forzado,1.9,1.9,0.47,0.47,36,1.0,False
4e6e972023,69.8,d,casa_pareada,no posee,"calefont 13 litros neckar marca junkers, gas licuado.",1.9,1.9,0.47,0.47,-1,0.0,True
29b2052019,50.1,d,depto,no posee,calefont 7 litros tiro forzado,1.9,1.9,0.47,0.47,-1,0.0,True
aacb292023,49.9,a,depto,no posee,"calefon splendid mvg tfi de 10 litros, de 17,6 kw potencia",4.0,4.0,0.84,0.84,4,1.0,False
7c8b052020,51.1,d,depto,no posee,calefont glp,1.9,1.9,0.47,0.47,49,1.0,False
95dc952022,52.6,d,depto,no posee,calefont 10 litros tiro forzado,1.9,1.9,0.47,0.47,11,1.0,False
a30a832024,49.8,b,casa_aislada,no posee,calefont 7 litros tiro forzado,3.0,3.0,0.6,0.6,-1,0.0,True
cdc4382024,25.4,d,depto,radiadores electricos,caldera de condensacion,1.9,1.9,0.47,0.47,-1,0.0,True
bd0aab2025,40.2,c,depto,no posee,calefont 11 litros,3.0,3.0,0.6,0.6,-1,0.0,True
10c3722024,27.3,d,depto,no considera,caldera con condensación,1.9,1.9,0.47,0.47,53,1.0,False
5636e92024,52.6,d,depto,no posee,calefont 7 litros tiro forzado,1.9,1.9,0.47,0.47,58,1.0,False
ca7a912022,56.1,e,depto,calefacción mediante radiadores electricas,central termica a gas con calderas/calefon en cascada,1.7,1.7,0.38,0.38,-1,0.0,True
57853b2025,42.7,g,casa_aislada,sin sistema,calefont,1.1,1.1,0.28,0.28,-1,0.0,True
52c8c42023,60.2,d,depto,no posee,calefon,1.9,1.9,0.47,0.47,-1,0.0,True
c92af22025,52.6,d,depto,no posee,"calefont 10 litros tiro forzado, gas natural",1.9,1.9,0.47,0.47,-1,0.0,True
057eda2025,30.9,d,depto,no posee,caldera a condensación,1.9,1.9,0.47,0.47,18,1.0,False
4df15e2020,25.1,g,depto,no posee,"calefont, tiro forzado",1.6,1.6,0.33,0.33,-1,0.0,True
65eead2022,46.1,e,casa_aislada,no posee,calefont glp,1.7,1.7,0.38,0.38,21,0.19999998455634352,False
8f51c82025,41.3,c,depto,no posee,calefont 7 litros tiro forzado,3.0,3.0,0.6,0.6,51,1.0,False
f572302018,49.0,d,,no posee,calefon con tiro forzado de 10 lts. marca albin trotter,1.7,1.7,0.38,0.38,-1,0.0,True
4828db2025,60.1,d,depto,radiador anwo rd 500-900,"caldera condensación y bomba calor bosch condens 5000,",1.9,1.9,0.47,0.47,-1,0.0,True
d5af342024,112.9,f,depto,no posee,caldera mural mixta anwo navien nb-35/42,1.7,1.7,0.38,0.38,-1,0.0,True
ad9f282026,41.8,d,depto,no posee,"central térmica eficiente inverter marca ariston, modelo hp150.",1.9,1.9,0.47,0.47,-1,0.0,True
34104c2024,51.0,b,depto,no posee,calefont 7 litros tiro forzado,4.0,4.0,0.84,0.84,3,0.00339213025673568,False
d4df562021,49.9,e,depto,no posee,calefont 7 litros tiro forzado,1.7,1.7,0.38,0.38,54,1.0,False
8f5c732022,91.6,d,casa_pareada,no posee,calefont tiro forzado,1.7,1.7,0.38,0.38,7,1.0,False
08a46f2020,38.6,g,depto,no posee,calefont 7 litros tiro forzado,1.6,1.6,0.33,0.33,22,0.7887323428975537,False
467f812024,35.2,d,depto,no posee,calefont 7 litros tiro forzado,1.9,1.9,0.47,0.47,57,0.9500000038609141,False
90e9452019,53.3,f,casa_aislada,estufa a parafina marca toyotomi modelo ff-v30 el que tiene,calefon marca mademsa modelo forzada tfm 10 eco gl/gn,1.6,1.6,0.33,0.33,-1,0.0,True
8568e62026,46.5,d,depto,no posee,calefont 7 litros tiro forzado,1.9,1.9,0.47,0.47,59,1.0,False
78b79b2023,33.3,d,depto,no posee.,caldera a condensación,1.9,1.9,0.47,0.47,-1,0.0,True
11ccc52024,53.0,c,depto,no posee,calefont 7 litros tiro forzado,4.0,4.0,0.84,0.84,3,1.0,False
485d672022,54.1,c,depto,no posee,calefont 7 litros tiro forzado,3.0,3.0,0.6,0.6,51,1.0,False
19c3d92024,43.2,d,depto,no posee,"caldera de tipo condensación, 900kw marca inmergas modelo",1.9,1.9,0.47,0.47,-1,0.0,True
4206972024,78.6,d,casa_pareada,no posee,calefont 10 lts,1.9,1.9,0.47,0.47,-1,0.0,True
46fd202025,28.0,g,depto,calefactor eléctrico 1000 w,termo eléctrico,1.6,1.6,0.33,0.33,-1,0.0,True
28e6832026,52.4,d,depto,sin sistema,calefont tiro forzado 10 litros,1.9,1.9,0.47,0.47,-1,0.0,True
2ed7522025,63.1,d,casa_aislada,no posee,calefont 7 litros tiro forzado,1.9,1.9,0.47,0.47,33,1.0,False
fef5cb2024,64.0,d,depto,no posee,caldera mural de condensación,1.9,1.9,0.47,0.47,-1,0.0,True
d342102019,47.2,d,depto,no posee,calefont 7 litros tiro forzado,1.9,1.9,0.47,0.47,61,1.0,False
3a728d2026,35.2,d,depto,no considera,caldera a condensación,1.9,1.9,0.47,0.47,-1,0.0,True
a671cc2024,58.2,d,depto,no posee,calefont tiro forzado,1.7,1.7,0.38,0.38,24,1.0,False
a984c22026,53.5,a,depto,no posee,termo electrico 120 litros,4.0,4.0,0.0,0.0,-1,0.0,True
c3ff462026,41.0,d,depto,no posee,caldera condensación,1.9,1.9,0.47,0.47,13,1.0,False
6063382025,48.0,c,depto,no posee,termo electrico pie,4.0,4.0,0.84,0.84,-1,0.0,True
a692532023,51.2,e,depto,no aplica,calefont glp,1.7,1.7,0.38,0.38,-1,0.0,True
1d1b162025,33.1,d,depto,no posee,calefont 7 litros tiro forzado,1.9,1.9,0.47,0.47,57,1.0,False
a556002024,53.1,b,casa_pareada,0,"calefón junkers smart w13 kb 31 s4395 13 litros, gas licuado",4.0,4.0,0.84,0.84,-1,0.0,True
44a6ac2021,72.2,a,depto,no posee,sistema unitario,4.0,4.0,0.0,0.0,-1,0.0,True
da32772022,93.4,d,casa_pareada,no posee,calefont tiro forzado,1.7,1.7,0.38,0.38,7,1.0,False
e2878e2025,53.5,c,depto,calefactor electrico,calefont 12 litros gl,3.0,3.0,0.6,0.6,0,1.0,False
59679c2024,43.9,g,depto,no posee,calefont 7 litros tiro forzado,1.1,1.1,0.28,0.28,22,0.045976585582855785,False
5b7bf82024,55.7,a,depto,no posee,termo eléctrico junkers/bosch,4.0,4.0,0.84,0.84,-1,0.0,True
9564982025,47.0,d,casa_pareada,no posee,calefont 7 litros tiro forzado,1.7,1.7,0.38,0.38,41,1.0,False
adaf272023,19.9,d,depto,no posee,caldera a condensación,1.9,1.9,0.47,0.47,18,0.6901408217869885,False
2439ac2022,67.1,d,depto,no posee,caldera de condensación,1.9,1.9,0.47,0.47,28,0.2409638605777922,False
a7093a2026,59.5,d,casa_pareada,no posee,calefont 7 litros tiro forzado,1.7,1.7,0.38,0.38,46,1.0,False
6494df2023,45.1,f,depto,no posee,calefont 7 litros tiro forzado,1.6,1.6,0.33,0.33,32,1.0,False
bb863a2025,72.6,d,depto,no posee,calefon,1.9,1.9,0.47,0.47,-1,0.0,True
aa09262026,23.4,d,depto,no posee,termo eléctrico splendid 80 lt,1.9,1.9,0.47,0.47,-1,0.0,True
afa6902021,53.3,f,casa_aislada,estufa a parafina marca toyotomi modelo ff-v30 el que tiene,calefon marca mademsa modelo forzada tfm 10 eco gl/gn,1.6,1.6,0.33,0.33,-1,0.0,True
75750d2025,49.3,d,depto,no posee,calefont 7 litros tiro forzado,1.7,1.7,0.38,0.38,56,0.37500002413071515,False
0daa952022,34.9,d,depto,losa de cielo radiante mediante bomba de calor,bomba de calor para acs,1.9,1.9,0.47,0.47,-1,0.0,True
f6341e2022,48.0,d,depto,no posee,calefont 10 litros tiro forzado,1.9,1.9,0.47,0.47,11,1.0,False
d268402025,51.1,f,depto,no posee,calefont glp,1.7,1.7,0.38,0.38,29,1.0,False
aa55ae2023,50.8,d,depto,no aplica,calefont glp,1.9,1.9,0.47,0.47,-1,0.0,True
10825b2024,47.7,d,depto,no considera,caldera con condensación,1.9,1.9,0.47,0.47,53,0.6470588342170638,False
aa37cc2024,75.8,d,depto,radiadores electricos,caldera de condensacion,1.9,1.9,0.47,0.47,-1,0.0,True
fadea12024,26.2,d,depto,no considera,caldera con condensación,1.9,1.9,0.47,0.47,53,1.0,False
44d8772025,32.5,d,depto,no posee,caldera condensación,1.9,1.9,0.47,0.47,13,0.9795918688955794,False
4cdf2b2022,51.4,c,depto,no posee,"calefont splendid 10 litros, gas licuado",3.0,3.0,0.6,0.6,-1,0.0,True
61aa9b2024,32.0,d,depto,no posee,"el edificio cuenta con 5 calderas de gas natural, riello condexa",1.9,1.9,0.47,0.47,-1,0.0,True
b560502025,30.6,d,depto,no posee,termo eléctrico mural con mezclador marca winter de 80 l,1.0,1.0,0.0,0.0,2,1.0,False
2f6bc12025,49.8,g,depto,"no posee sistema de calefacción, si incluye equipo panel","termo eléctrico de 80 y 120 litros, para deptos. de 1 dormitorio",1.6,1.6,0.33,0.33,-1,0.0,True
00d01e2025,40.0,d,depto,no posee,calefont 7 litros tiro forzado,1.9,1.9,0.47,0.47,-1,0.0,True
a26b942018,45.2,d,casa_pareada,no posee,calefont 7 litros tiro forzado,1.9,1.9,0.47,0.47,42,1.0,False
e4080f2024,32.6,d,depto,no posee,el edificio cuenta con 5 calefont de condensación marca navien,1.9,1.9,0.47,0.47,-1,0.0,True
c210932024,51.4,d,depto,no posee,calefont,1.9,1.9,0.47,0.47,50,1.0,False
1c51072021,42.0,d,casa_pareada,no posee,calefont glp,1.9,1.9,0.47,0.47,40,1.0,False
7691f42024,224.5,d,casa_pareada,no posee,calefont 7 litros tiro forzado,1.9,1.9,0.47,0.47,-1,0.0,True
2e05a72022,46.1,e,casa_aislada,no posee,calefont glp,1.7,1.7,0.38,0.38,21,0.19999998455634352,False
6d31122024,49.9,d,depto,no posee,calefont glp,1.9,1.9,0.47,0.47,-1,0.0,True
f660752024,90.7,d,casa_aislada,no posee,calefont 10 litros tiro natural,1.9,1.9,0.47,0.47,-1,0.0,True
1906b72024,29.8,d,depto,no posee,calefont,1.9,1.9,0.47,0.47,50,0.17333332262573134,False
a5d2f92023,50.4,f,casa_aislada,estufa a parafina marca toyotomi modelo ff-v30t el que tiene,calefon marca mademsa modelo. forzada tfm 10 eco gl el,1.6,1.6,0.33,0.33,-1,0.0,True
dff8e22023,39.9,d,depto,no posee,calefont 7 litros tiro forzado,1.9,1.9,0.47,0.47,-1,0.0,True
c4dcca2021,29.5,g,depto,no considera,calefon. tiro forzado.,1.6,1.6,0.33,0.33,-1,0.0,True
144acf2019,62.0,d,casa_aislada,,"calefont 10 lts, tiro forzado, gas licuado",1.7,1.7,0.38,0.38,-1,0.0,True
04bb782024,50.3,g,casa_aislada,no posee,calefont glp,1.6,1.6,0.33,0.33,20,1.0,False
1908282024,57.8,e,depto,no posee,calefont 7 litros tiro forzado,1.7,1.7,0.38,0.38,54,1.0,False
040abe2026,52.3,e,casa_pareada,calefactor electrico,calefont 10 litros gl,1.7,1.7,0.38,0.38,-1,0.0,True
283e8d2023,39.3,d,depto,no posee,caldera central a gas,1.9,1.9,0.47,0.47,30,1.0,False
8b40ee2025,47.6,c,depto,no posee,caldera a condensación,4.0,4.0,0.84,0.84,-1,0.0,True
bb71582018,56.8,g,,no posee,calefont 7 litros tiro forzado,1.6,1.6,0.33,0.33,-1,0.0,True
f411d22020,44.7,g,casa_aislada,no posee,calefont 7 litros,1.1,1.1,0.28,0.28,17,1.0,False
c2dabd2021,55.1,d,depto,no posee,calefont 7 litros tiro forzado,1.9,1.9,0.47,0.47,-1,0.0,True
3856f72022,62.5,d,casa_pareada,no posee,calefont tiro forzado,1.7,1.7,0.38,0.38,7,1.0,False
23aa842026,54.4,a,depto,no posee,termo electrico 120 litros,4.0,4.0,0.84,0.84,-1,0.0,True
ef23f12026,58.2,d,depto,no posee,calefont tiro forzado,1.7,1.7,0.38,0.38,24,1.0,False
18fedd2023,61.7,c,depto,no posee,"central térmica calefont condensación, gas licuado, bosch,",4.0,4.0,0.84,0.84,-1,0.0,True
b88a782022,54.0,d,depto,0,calefont 10 litros tiro forzado,1.7,1.7,0.38,0.38,-1,0.0,True
0b1ba92025,44.5,f,casa_pareada,no posee,calefont 7 litros tiro forzado,1.7,1.7,0.38,0.38,16,1.0,False
642d7d2019,44.3,e,casa_pareada,no posee,calefont glp,1.7,1.7,0.38,0.38,25,1.0,False
d611d12025,47.0,d,casa_pareada,no posee,calefont 7 litros tiro forzado,1.7,1.7,0.38,0.38,41,1.0,False
70d7d42025,53.4,f,depto,no posee,calefont 7 litros tiro forzado,1.6,1.6,0.33,0.33,32,1.0,False
6147672025,45.0,d,depto,no posee,"en definición, se utiliza por defecto en precalificación.",1.9,1.9,0.47,0.47,28,0.01356852102694272,False
a7af482026,58.2,d,depto,no posee,calefont tiro forzado,1.7,1.7,0.38,0.38,24,1.0,False
5dfcd42026,62.2,d,casa_pareada,0,calefont 10 litros tiro forzado,1.7,1.7,0.38,0.38,-1,0.0,True
570de72019,47.2,d,depto,no posee,calefont 7 litros tiro forzado,1.9,1.9,0.47,0.47,61,1.0,False
7c892d2021,50.6,d,casa_pareada,no posee,calefont glp,1.9,1.9,0.47,0.47,39,1.0,False
7e68792025,62.2,d,casa_pareada,no posee,calefont 7 litros tiro forzado,1.7,1.7,0.38,0.38,-1,0.0,True
75d9bd2026,44.5,f,casa_pareada,no posee,calefont 7 litros tiro forzado,1.7,1.7,0.38,0.38,16,1.0,False
ddef112025,58.4,c,depto,no posee,calefont 11 litros tiro forzado,3.0,3.0,0.6,0.6,-1,0.0,True
e726b62023,47.3,d,depto,no posee,caldera a condensación,1.9,1.9,0.47,0.47,18,1.0,False
7184512022,41.2,f,depto,no posee,calefont 7 litros tiro forzado,1.6,1.6,0.33,0.33,32,0.974999963321316,False
81e03c2024,49.8,g,depto,no posee,calefont 10 litros tiro forzado,1.1,1.1,0.28,0.28,23,1.0,False
cd54c72022,60.3,d,casa_pareada,no posee,calefont,1.9,1.9,0.47,0.47,10,1.0,False
3c98b72023,37.2,a,depto,no posee,"termo eléctrico marca junkers, modelo elacell excellence",4.0,4.0,0.84,0.84,-1,0.0,True
d603f22024,55.8,b,casa_pareada,no posee,calefont 7 litros tiro forzado,4.0,4.0,0.84,0.84,-1,0.0,True
95b7792019,47.1,d,depto,no posee,calefont,1.0,1.0,0.0,0.0,2,0.994618189681087,False
928a8e2024,34.0,d,depto,no posee,central térmica. caldera de condensación con acumuladores,1.9,1.9,0.47,0.47,-1,0.0,True
faeae92024,44.1,e,casa_pareada,no posee,calefont glp,1.7,1.7,0.38,0.38,25,1.0,False
d4a8942021,55.0,d,depto,no posee,calefont gas licuado,1.9,1.9,0.47,0.47,-1,0.0,True
9799722023,115.4,d,casa_pareada,no posee,calefont 7 litros tiro forzado,1.9,1.9,0.47,0.47,-1,0.0,True
d5c32e2023,54.0,f,casa_pareada,no aplica,calefont glp,1.6,1.6,0.33,0.33,26,1.0,False
53211f2025,73.7,d,casa_pareada,no posee,calefont 10 litros tiro forzado,1.9,1.9,0.47,0.47,36,0.12322274971706633,False
0ec43c2026,47.0,d,casa_pareada,"estufa keroseno, 3 kw",calefont 10litros tiro forzado,1.7,1.7,0.38,0.38,-1,0.0,True
578b4d2024,46.0,b,depto,no posee,"termo eléctrico anwo van200l, potencia 3.0 kw",4.0,4.0,0.84,0.84,-1,0.0,True
21935d2026,46.5,d,depto,no posee,calefont 7 litros tiro forzado,1.9,1.9,0.47,0.47,59,1.0,False
c95fba2021,36.9,d,depto,no considera,central termica,1.9,1.9,0.47,0.47,-1,0.0,True
4885672026,47.6,d,depto,no posee,sala de calderas,1.9,1.9,0.47,0.47,12,0.7543859715669806,False
9cd8532022,44.8,f,casa_aislada,no posee,calefont glp,1.6,1.6,0.33,0.33,19,1.0,False
60e3502024,53.7,d,depto,no posee,calefont tiro forzado,1.7,1.7,0.38,0.38,24,1.0,False
3487822025,127.7,e,casa_aislada,sistema centralizado con caldera a gas con radiadores,caldera anwo aqua plus 30/32,1.7,1.7,0.38,0.38,-1,0.0,True
aee89f2020,56.5,c,depto,no considera,calefon con condensación,3.0,3.0,0.6,0.6,-1,0.0,True
f347b72026,48.5,d,depto,no posee,calefont glp,1.9,1.9,0.47,0.47,44,1.0,False
9fc8a82021,78.2,d,casa_pareada,no posee,calefont,1.7,1.7,0.38,0.38,9,1.0,False
78ed7f2023,38.4,d,depto,no posee,caldera de condensación,1.9,1.9,0.47,0.47,28,0.8510638675399496,False
7844072024,75.2,f,casa_aislada,no posee,calefont 10 litros tiro forzado,1.7,1.7,0.38,0.38,15,1.0,False
25f08e2023,46.1,e,casa_aislada,no posee,calefont glp,1.7,1.7,0.38,0.38,21,0.19999998455634352,False
3d9c9b2021,55.9,c,depto,no posee,cuatro calderas de condensación y cuatro cilindros de inercia,3.0,3.0,0.6,0.6,-1,0.0,True
28e67a2024,87.2,f,casa_aislada,no posee,calefont 7 litros tiro forzado,1.7,1.7,0.38,0.38,14,1.0,False
6be4c82018,47.2,d,depto,no posee,calefont 7 litros tiro forzado,1.9,1.9,0.47,0.47,61,1.0,False
8c90912026,49.4,f,depto,no posee,calefont 7 litros tiro forzado,1.6,1.6,0.33,0.33,32,1.0,False
0723d72026,38.2,e,depto,no posee,calefont 7 litros tiro forzado,1.7,1.7,0.38,0.38,54,0.3333333088195928,False
7834ce2018,48.3,d,depto,no posee,calefont glp,1.9,1.9,0.47,0.47,44,0.0,False
89be1c2024,30.7,d,depto,no posee,caldera condensacin,1.9,1.9,0.47,0.47,-1,0.0,True
f760c52019,30.9,d,depto,sistema unitario autocontenido,caldera de condensación anwo victrix pro120,1.0,1.0,0.0,0.0,-1,0.0,True
432db42022,41.8,f,casa_aislada,no posee,calefont glp,1.6,1.6,0.33,0.33,19,1.0,False
24a5cc2022,52.3,e,depto,calefacción mediante radiadores electricas,central termica a gas con calderas/calefon en cascada,1.7,1.7,0.38,0.38,-1,0.0,True
6d3c3b2024,53.8,c,depto,no posee,calefont 7 litros tiro forzado,4.0,4.0,0.84,0.84,3,1.0,False
8d8fbe2020,52.3,f,depto,no posee,calefont glp,1.7,1.7,0.38,0.38,29,1.0,False
b679d22025,52.2,g,depto,no posee,calefont 10 litros tiro forzado,1.1,1.1,0.28,0.28,23,1.0,False
4013b02023,47.0,d,casa_pareada,no posee,calefont 7 litros tiro forzado,1.7,1.7,0.38,0.38,41,1.0,False
d64b442024,40.6,d,depto,sin calefacción,central termica. caldera condensación. gas natural,1.9,1.9,0.47,0.47,-1,0.0,True
4687b52025,51.0,d,depto,no posee,calefont 7 litros tiro forzado,1.9,1.9,0.47,0.47,-1,0.0,True
c2ee852021,59.3,d,casa_pareada,no posee,calefón,1.9,1.9,0.47,0.47,-1,0.0,True
41cc422025,40.2,d,depto,no posee,caldera centralizada,1.7,1.7,0.38,0.38,-1,0.0,True
50137a2023,42.6,f,casa_pareada,no posee,calefont 7 litros tiro forzado,1.7,1.7,0.38,0.38,16,1.0,False
868eb22021,30.5,a,depto,no posee,sistema unitario,4.0,4.0,0.0,0.0,-1,0.0,True
7e599b2024,48.3,f,casa_pareada,no posee,calefont glp,1.7,1.7,0.38,0.38,27,0.0,False
0c5c352024,57.8,e,depto,sin sistema,calefont,1.7,1.7,0.38,0.38,35,1.0,False
d31b452022,91.6,d,casa_pareada,no posee,calefont tiro forzado,1.7,1.7,0.38,0.38,7,1.0,False
38ddf62026,49.1,d,depto,no posee,calefont 7 litros tiro forzado,1.9,1.9,0.47,0.47,60,1.0,False
5b81ce2026,34.4,f,depto,radiador eléctrico,termo,1.6,1.6,0.33,0.33,-1,0.0,True
22b3912024,47.0,e,casa_pareada,no posee,calefont 7 litros tiro forzado,1.7,1.7,0.38,0.38,34,1.0,False
90f60b2023,44.4,c,casa_pareada,no posee,calefon tiro natural marca splendid modelo,4.0,4.0,0.0,0.0,-1,0.0,True
2a17e72021,87.2,f,casa_aislada,no posee,calefont 10 litros tiro forzado,1.7,1.7,0.38,0.38,15,1.0,False
cfac932021,61.3,d,casa_pareada,no posee,calefont,1.7,1.7,0.38,0.38,9,1.0,False
7be6b42022,44.4,d,depto,no posee,calefont,1.9,1.9,0.47,0.47,50,0.8965516763929752,False
18601e2022,32.4,d,depto,no posee,calefont 10 litros tiro forzado,1.9,1.9,0.47,0.47,11,0.25961539946505546,False
6ba7c92024,46.9,d,depto,no considera,caldera con condensación,1.9,1.9,0.47,0.47,53,0.6226415204298023,False
04027b2024,37.0,c,depto,no posee,calefont 13 litros tiro forzado,3.0,3.0,0.6,0.6,-1,0.0,True
f16a1c2024,55.5,d,depto,no posee,calefont tiro forzado,1.9,1.9,0.47,0.47,24,0.024526388758561498,False
d3cc982024,49.5,d,depto,no posee,calefont 10 litros tiro forzado,3.0,3.0,0.6,0.6,11,0.009571054886205977,False
3673242026,111.8,d,casa_aislada,no posee,calefont,1.9,1.9,0.47,0.47,-1,0.0,True
03acbd2024,26.6,d,depto,no considera,caldera con condensación,1.9,1.9,0.47,0.47,53,1.0,False
361d3e2025,33.7,d,depto,no posee,sistema centralizado a gas natural.,1.9,1.9,0.47,0.47,-1,0.0,True
f1d4152024,41.4,d,depto,no posee,calefacción central mediante caldera de condensación,1.9,1.9,0.47,0.47,-1,0.0,True
f3a9962022,52.3,d,depto,no posee,calefont glp,1.9,1.9,0.47,0.47,47,1.0,False
1734c72022,67.6,d,casa_aislada,no posee,calefont 7 litros tiro forzado,1.7,1.7,0.38,0.38,33,0.037811515147903374,False
1eb00b2022,55.4,e,casa_aislada,no posee,calefont glp,1.7,1.7,0.38,0.38,21,0.05970148840891336,False
ab52f92025,53.4,d,depto,no posee,calefont 7 litros tiro forzado,1.9,1.9,0.47,0.47,58,1.0,False
Oeste 1b9b6e2018,54.1,d,casa_pareada,no posee,calefont 7 litros tiro forzado,1.7,1.7,0.38,0.38,45,0.6250000482614302,False
d496b82024,32.6,d,depto,no posee,el edificio cuenta con 5 calefont de condensación marca navien,1.9,1.9,0.47,0.47,-1,0.0,True
5d54362025,42.7,g,casa_aislada,sin sistema,calefont,1.1,1.1,0.28,0.28,-1,0.0,True
790f012025,75.8,d,casa_aislada,no posee,calefont,1.9,1.9,0.47,0.47,-1,0.0,True
1d1dc22024,33.5,d,depto,no posee,caldera condensacion con estanque interior,1.9,1.9,0.47,0.47,-1,0.0,True
ea33d82023,28.8,d,depto,no posee,central termica bomba calor aerotermica - electricidad,1.9,1.9,0.47,0.47,-1,0.0,True
6ec74b2018,41.2,f,,no posee,"modelo cfgn0022, tiro forzado 13 lt, ionizado, gas natural, de",1.7,1.7,0.38,0.38,-1,0.0,True
5962702026,42.8,e,depto,sin sistema,caldera a condensación,1.7,1.7,0.38,0.38,-1,0.0,True
cd628e2023,28.7,d,depto,no posee,central termica,1.9,1.9,0.47,0.47,38,1.0,False
4789562020,91.7,d,casa_aislada,estufa kerosene 3 kw,calefon tiro natural 10 lts +sst,1.7,1.7,0.38,0.38,1,1.0,False
035c842023,111.8,d,casa_aislada,no posee,"calefon tiro natural, 16 litros.",1.9,1.9,0.47,0.47,-1,0.0,True
b9795f2024,51.7,f,casa_aislada,"estufa a parafina tiro forzado marca toyotomi modelo ff-v30t,","calefont marca mademsa modelo. forced 10 eco gl, con una",1.6,1.6,0.33,0.33,-1,0.0,True
2e68ee2024,40.9,d,depto,no posee,calefont glp,3.0,3.0,0.6,0.6,37,0.0,False
757f922024,48.4,c,depto,no posee,termo eléctrico rheem 120 lt.,4.0,4.0,0.84,0.84,-1,0.0,True
9ea2d32025,49.8,g,depto,no posee,calefont 10 litros tiro forzado,1.6,1.6,0.33,0.33,23,1.0,False
7b2b5b2022,39.2,f,casa_aislada,no posee,calefont glp,1.6,1.6,0.33,0.33,19,1.0,False
b9f1172025,58.2,g,depto,no posee,calefont 7 litros tiro forzado,1.1,1.1,0.28,0.28,22,0.045976585582855785,False
975dfb2024,51.7,c,depto,no posee,calefont 7 litros tiro forzado,4.0,4.0,0.84,0.84,3,1.0,False
f001012023,57.7,d,depto,no posee,calefont tiro forzado,1.7,1.7,0.38,0.38,24,1.0,False
9f300b2025,66.8,d,casa_pareada,0,calefont 10 litros tiro forzado,1.9,1.9,0.47,0.47,-1,0.0,True
5f26e62026,53.0,d,depto,no posee,calefont glp,1.9,1.9,0.47,0.47,-1,0.0,True
ae80e12021,22.4,d,depto,no posee,el edificio cuenta con 2 calderas para el edificio sur y 3 calderas,1.9,1.9,0.47,0.47,8,0.07259158922291108,False
211af12024,50.5,e,depto,no posee,calefont glp,1.7,1.7,0.38,0.38,-1,0.0,True
19b7ea2024,49.6,d,depto,no posee,calefont 7 litros tiro forzado,1.9,1.9,0.47,0.47,60,1.0,False
e33d572025,50.9,d,depto,no posee,calefont 7 litros tiro forzado,1.7,1.7,0.38,0.38,56,0.3529411671188933,False
caf1412023,42.6,f,casa_pareada,no posee,calefont 7 litros tiro forzado,1.7,1.7,0.38,0.38,16,1.0,False
7fa2152025,53.4,f,casa_aislada,bomba de calor,calefont 10 litros tiro forzado,1.7,1.7,0.38,0.38,-1,0.0,True
04909e2025,53.1,d,casa_pareada,no posee,calefont glp,1.9,1.9,0.47,0.47,39,1.0,False
52a4562025,42.6,g,casa_aislada,no posee,calefont 7 litros,1.1,1.1,0.28,0.28,17,1.0,False
1ec94e2026,26.4,d,depto,no posee,caldera condensación,1.9,1.9,0.47,0.47,13,1.0,False
e20e012026,52.8,d,casa_pareada,no posee,calefont 13 lt,1.9,1.9,0.47,0.47,-1,0.0,True
0ee0bb2025,58.7,d,casa_pareada,no posee,calefont 7 litros tiro forzado,1.7,1.7,0.38,0.38,46,1.0,False
774c7b2025,56.9,g,casa_pareada,no posee,calefont glp,1.1,1.1,0.28,0.28,-1,0.0,True
5139152025,47.7,f,depto,no posee,calefont glp,1.6,1.6,0.33,0.33,29,1.0,False
eb3d4b2025,56.0,d,depto,no posee,calefont 7 litros tiro forzado,1.9,1.9,0.47,0.47,-1,0.0,True
174e9c2024,46.5,d,casa_aislada,no posee,calefont 7 litros tiro forzado,1.9,1.9,0.47,0.47,33,0.22289156312656122,False
f024a72024,31.8,d,depto,no posee,caldera de condensación,1.9,1.9,0.47,0.47,28,1.0,False
edf5cf2024,44.0,d,depto,no posee,calefacción central mediante caldera de condensación,1.9,1.9,0.47,0.47,50,0.00881953798648314,False
356a632025,50.8,f,casa_pareada,no posee,calefont 7 litros tiro forzado,1.7,1.7,0.38,0.38,16,0.2647058810169847,False
6e4be62022,55.4,a,depto,no posee,"calefon splendid, master mvg tfi 10, 10 litros, gas licuado",4.0,4.0,0.84,0.84,-1,0.0,True
f0e8f82025,52.3,f,casa_pareada,no posee,calefont 7 litros tiro forzado,1.7,1.7,0.38,0.38,16,0.2647058810169847,False
6d4e8b2025,48.7,g,casa_aislada,no posee,calefont 7 litros,1.1,1.1,0.28,0.28,17,1.0,False
e359102018,87.3,g,casa_aislada,no posee,calefont 7 litros tiro forzado,1.1,1.1,0.28,0.28,-1,0.0,True
"102, Block 3D 4808902023",55.6,i,depto,"calefactor de tiro natural modelo 4990tc, marca orbis, potencia","calefon de tiro forzado digital de 13 litros- marca spendid,",0.6,0.6,0.25,0.25,-1,0.0,True
7c5a5b2025,46.0,f,depto,no posee,calefont tiro forzado rheem 14 l,1.7,1.7,0.38,0.38,-1,0.0,True
1254d62024,50.0,d,depto,"central térmica, 3 calderas murales de condensación","central térmica, 3 calderas murales de condensación",1.9,1.9,0.47,0.47,-1,0.0,True
fce8242026,27.6,d,depto,no posee,caldera condensación,1.9,1.9,0.47,0.47,13,1.0,False
91f91a2026,67.6,e,depto,sin sistema,calefont tiro forzado 13 lts,1.7,1.7,0.38,0.38,35,1.0,False
1cead72022,51.3,d,depto,no posee,calefont glp,1.9,1.9,0.47,0.47,49,0.0,False
10477b2024,37.0,c,depto,no posee,calefont 13 litros tiro forzado,3.0,3.0,0.6,0.6,-1,0.0,True
18b20e2021,51.3,d,depto,no posee,calefont glp,1.9,1.9,0.47,0.47,49,0.0,False
Base Pareada 038c492018,58.7,d,casa_pareada,no posee,calefont 7 litros tiro forzado,1.7,1.7,0.38,0.38,46,1.0,False
a2afb52022,51.7,d,depto,no posee,calefont glp,1.9,1.9,0.47,0.47,-1,0.0,True
5b15212026,50.2,b,depto,no posee,calefont 10 litros tiro forzado cámada abierta,4.0,4.0,0.84,0.84,-1,0.0,True
16d9912023,44.5,f,casa_pareada,no posee,calefont 7 litros tiro forzado,1.7,1.7,0.38,0.38,16,1.0,False
9e13ef2019,46.0,d,casa_pareada,no posee,calefont 10 litros tiro forzado,1.9,1.9,0.47,0.47,36,1.0,False
92e7972019,43.7,d,depto,no posee,caldera de condensación,1.0,1.0,0.0,0.0,2,0.9976383251456247,False
e848de2023,46.1,f,casa_pareada,no aplica,calefont glp,1.7,1.7,0.38,0.38,26,1.0,False
c09cb92019,60.0,a,depto,no posee,calefont 7 litros tiro forzado,4.0,4.0,0.84,0.84,6,1.0,False
9e64d42022,112.9,d,casa_aislada,estufa a gas,calefont,1.9,1.9,0.47,0.47,-1,0.0,True
4b3a742022,52.3,d,depto,no posee,calefont glp,1.9,1.9,0.47,0.47,47,1.0,False
7450072020,91.7,d,casa_aislada,estufa kerosene 3 kw,calefon tiro natural 10 lts +sst,1.7,1.7,0.38,0.38,1,1.0,False
b1b6ed2025,36.0,d,depto,unidad interior split inverter de bajo consumo electrico.,"bomba de calor de bajo consumo eléctrico, sistema central del",1.9,1.9,0.47,0.47,-1,0.0,True
4583a12019,51.1,d,depto,no posee,calefont 7 glp,1.9,1.9,0.47,0.47,-1,0.0,True
ffb6c62024,56.0,i,depto,"calefactor ambiental a gas marca orbis modelo 4990tc 10,5","calefón 14 litros marca rheem modelo td tfi 14-1 24,5 kw",0.6,0.6,0.25,0.25,-1,0.0,True
7a79d22025,56.9,g,casa_pareada,no posee,calefont glp,1.1,1.1,0.28,0.28,-1,0.0,True
3a37b52024,47.0,e,casa_pareada,no posee,calefont 7 litros tiro forzado,1.7,1.7,0.38,0.38,34,1.0,False
5240352025,42.4,f,depto,calefactor electrico,calefont 10 litros gl,1.6,1.6,0.33,0.33,-1,0.0,True
89afb32024,32.0,d,depto,no posee,"el edificio cuenta con 5 calderas de gas natural, riello condexa",1.9,1.9,0.47,0.47,-1,0.0,True
7ac6392022,52.3,d,depto,no posee,calefont glp,1.9,1.9,0.47,0.47,47,1.0,False
d60e1c2021,80.0,d,casa_aislada,no posee,calefont 13 litros tiro forzado,1.9,1.9,0.47,0.47,33,0.012550881504633415,False
971f332021,66.8,d,casa_aislada,estufa a gas,calefont,1.9,1.9,0.47,0.47,-1,0.0,True
7c04172022,50.8,e,casa_aislada,no posee,calefont 7 litros tiro forzado,1.7,1.7,0.38,0.38,33,0.012550881504633415,False
b3b2dd2022,59.5,e,casa_pareada,estufa kerosene 3 kw,calefon tiro natural 10 lts +sst,1.7,1.7,0.38,0.38,1,0.973901565097616,False
c706b32024,39.4,d,depto,no posee,"caldera de tipo condensación, 900kw marca inmergas modelo",1.9,1.9,0.47,0.47,-1,0.0,True
6d8a152026,21.4,d,depto,no posee,termo eléctrico marca winter 80 litros.,1.9,1.9,0.47,0.47,-1,0.0,True
80d8612022,47.6,e,casa_pareada,no posee,calefont 7 litros tiro forzado,1.7,1.7,0.38,0.38,34,1.0,False
5918f82026,51.1,f,casa_pareada,no posee,calefont glp,1.6,1.6,0.33,0.33,27,0.0,False
8030382023,41.8,f,casa_aislada,no aplica,calefont glp,1.6,1.6,0.33,0.33,-1,0.0,True
4295982022,51.9,b,depto,no posee,calefont 7 litros tiro forzado,3.0,3.0,0.6,0.6,-1,0.0,True
d4d2c62021,36.9,d,depto,no considera,central termica,1.9,1.9,0.47,0.47,-1,0.0,True
a980592024,50.9,b,casa_pareada,no posee,calefont 7 litros tiro forzado,4.0,4.0,0.84,0.84,-1,0.0,True
3c6b492021,41.0,d,depto,no posee,calefon de condensación,1.9,1.9,0.47,0.47,50,0.00881953798648314,False
a26aab2026,47.6,d,depto,no posee,calefont 7 litros tiro forzado,1.7,1.7,0.38,0.38,56,1.0,False
0a862b2021,51.4,e,casa_pareada,no posee,calefont 10 litros tiro forzado,1.7,1.7,0.38,0.38,-1,0.0,True
f345512019,69.6,e,casa_aislada,no posee,calefont 7 litros tiro forzado,1.0,1.0,0.0,0.0,2,0.9814138620671692,False
6c90432024,40.1,g,depto,no posee,calefont individual. gas licuado,1.6,1.6,0.33,0.33,-1,0.0,True
3e7a072018,50.5,a,depto,no posee,calefont 10 litros tiro forzado,4.0,4.0,0.84,0.84,-1,0.0,True
2f21e52025,58.6,f,casa_aislada,no posee,calefont 7 litros tiro forzado,1.7,1.7,0.38,0.38,14,1.0,False
8afc4d2018,45.2,d,casa_pareada,no posee,calefont 7 litros tiro forzado,1.9,1.9,0.47,0.47,42,1.0,False
c05a172025,57.1,a,depto,no posee,"calefón mademsa forced 10 eco gl, 10 litros, gas licuado",4.0,4.0,0.84,0.84,-1,0.0,True
6fe0a52025,58.0,c,depto,no posee,sala de calderas,3.0,3.0,0.6,0.6,-1,0.0,True
bc71972024,50.8,c,depto,no posee,calefont 7 litros tiro forzado,4.0,4.0,0.84,0.84,3,1.0,False
6d82ff2025,30.8,d,depto,no posee,"central térmica con 10 calefones de condesación, marca anwo,",1.0,1.0,0.0,0.0,2,1.0,False
b835442023,57.7,d,depto,no posee,calefont tiro forzado,1.7,1.7,0.38,0.38,24,1.0,False
428f292023,52.0,f,casa_aislada,no aplica,calefont glp,1.7,1.7,0.38,0.38,-1,0.0,True
0e98bd2024,44.1,a,depto,no posee,termo electrico 80 litros,4.0,4.0,0.84,0.84,-1,0.0,True
f687842025,53.1,c,casa_pareada,0,"calefón junkers smart wr13-2 km e31 s4305 13 litros, gas",4.0,4.0,0.84,0.84,-1,0.0,True
5fc8e62021,43.0,d,depto,central térmica,central de agua caliente,1.9,1.9,0.47,0.47,-1,0.0,True
f96f8b2022,48.7,d,depto,no posee,calefont glp,1.9,1.9,0.47,0.47,44,0.0,False
7830aa2021,46.4,d,casa_pareada,no posee,calefont 10 litros,3.0,3.0,0.6,0.6,-1,0.0,True
367ac02025,27.2,d,depto,no posee,termo eléctrico,1.9,1.9,0.47,0.47,8,1.0,False
03c42f2024,52.5,d,depto,no posee,calefont 10 litros tiro forzado,1.9,1.9,0.47,0.47,11,1.0,False
b449222025,52.8,c,depto,no posee,calefont 7 litros tiro forzado,4.0,4.0,0.84,0.84,3,1.0,False
49ea662024,58.7,d,casa_pareada,no posee,calefont 13 litros tiro forzado,1.9,1.9,0.47,0.47,-1,0.0,True
d86c712024,50.8,c,depto,no posee,calefont 7 litros tiro forzado,4.0,4.0,0.84,0.84,3,1.0,False
fa64202023,52.2,f,depto,no posee,calefont 7 litros tiro forzado,1.6,1.6,0.33,0.33,32,1.0,False
d636722019,50.5,d,depto,no posee,calefont glp,1.9,1.9,0.47,0.47,-1,0.0,True
b1dec52024,52.2,g,depto,no posee,calefont 10 litros tiro forzado,1.6,1.6,0.33,0.33,23,1.0,False
48285a2026,63.1,d,depto,sin sistema,calefont tiro forzado 13 lts splendid modelo mvg tfi 13,1.9,1.9,0.47,0.47,50,0.00881953798648314,False
e7095a2024,40.4,f,depto,no posee.,caldera con condensación.,1.6,1.6,0.33,0.33,-1,0.0,True
c814792021,59.5,d,casa_pareada,estufa kerosene 3 kw,calefon tiro natural 10 lts +sst,1.7,1.7,0.38,0.38,1,1.0,False
5e60d82024,39.3,d,depto,no posee,caldera central a gas,1.9,1.9,0.47,0.47,30,1.0,False
b9518e2023,40.7,c,depto,no posee,calefont 7 litros tiro forzado,3.0,3.0,0.6,0.6,51,1.0,False
e826c62023,54.0,f,casa_pareada,no aplica,calefont glp,1.6,1.6,0.33,0.33,26,1.0,False
e454b52025,39.2,a,depto,no posee,"calefon junkers wd10 km e31 s4300, de 10 l y 18,2 kw",4.0,4.0,0.84,0.84,-1,0.0,True
c851732024,30.2,d,depto,no posee,caldera a condensaciòn,1.9,1.9,0.47,0.47,-1,0.0,True
68ed782025,57.2,f,casa_pareada,no posee,"calefon splendid beyond 11 litros 2ev, gas licuado de 19,3",1.7,1.7,0.38,0.38,-1,0.0,True
bcb2ec2022,52.2,d,depto,estufa kerosene 3 kw,calefon tiro natural 10 lts +sst,1.7,1.7,0.38,0.38,1,0.9996608826569533,False
58fe802025,44.8,g,casa_aislada,no posee,calefont 7 litros,1.1,1.1,0.28,0.28,17,1.0,False
e72d102025,46.8,f,casa_aislada,no posee,calefont glp,1.7,1.7,0.38,0.38,19,0.056458454608419154,False
cd83fe2025,46.7,f,casa_pareada,no posee,calefón,1.7,1.7,0.38,0.38,-1,0.0,True
31bdc42023,102.9,d,casa_aislada,la vivienda considera 1 unidad/planta de bomba de calor,calefont 16 litros tiro forzado,1.7,1.7,0.38,0.38,-1,0.0,True
f1145e2026,42.7,g,casa_aislada,no posee,calefont glp,1.1,1.1,0.28,0.28,20,1.0,False
7bfbd52024,50.4,e,depto,no posee,calefont 11 litros tiro forzado,1.7,1.7,0.38,0.38,-1,0.0,True
06ef942025,28.0,g,depto,calefactor eléctrico 1000 w,termo eléctrico,1.6,1.6,0.33,0.33,-1,0.0,True
fde7d92022,42.8,d,depto,no posee,calefont 10 litros tiro forzado,1.9,1.9,0.47,0.47,11,1.0,False
a9b06f2019,56.9,a,depto,no posee,calefont 7 litros tiro forzado,4.0,4.0,0.84,0.84,5,0.46153849123780327,False
387f042020,48.6,d,depto,no posee,calefont 7 litros tiro forzado,1.9,1.9,0.47,0.47,60,1.0,False
0d18cf2023,29.1,d,depto,no posee,el edificio cuenta con 2 calderas de gas natural ivar super,1.9,1.9,0.47,0.47,-1,0.0,True
0fb5bc2024,47.0,d,casa_pareada,no posee,calefont 7 litros tiro forzado,1.7,1.7,0.38,0.38,41,1.0,False
4553162022,54.1,c,depto,no posee,calefont 7 litros tiro forzado,3.0,3.0,0.6,0.6,51,1.0,False
00b6632022,59.1,d,depto,piso radiante eléctrico,central térmica. calefont con condensación.,1.9,1.9,0.47,0.47,-1,0.0,True
7366dc2020,42.4,d,casa_pareada,no posee,calefont glp,1.9,1.9,0.47,0.47,40,0.0,False
be98a72019,43.8,d,depto,no posee,calefont 7 litros tiro forzado,1.9,1.9,0.47,0.47,-1,0.0,True
1d052d2024,60.9,d,depto,no posee,caldera modular de condensación,1.9,1.9,0.47,0.47,-1,0.0,True
fa08d82022,53.5,d,depto,no posee,calefont glp,1.9,1.9,0.47,0.47,-1,0.0,True
211e5e2022,84.4,d,depto,sistema centralizado con losa radiante y caldera de condensación,centralizado con caldera de condensación y estanques de,1.9,1.9,0.47,0.47,-1,0.0,True
bbbb0b2025,48.3,e,casa_pareada,no posee,calefont glp,1.7,1.7,0.38,0.38,25,1.0,False
ddeef52019,34.6,d,depto,no posee,calefont,1.9,1.9,0.47,0.47,50,0.2549019530654539,False
e390682024,48.3,f,casa_pareada,no posee,calefont glp,1.7,1.7,0.38,0.38,27,0.0,False
cfc9c42024,52.6,g,casa_aislada,no posee,calefont glp,1.6,1.6,0.33,0.33,20,1.0,False
b8b6dd2023,53.9,f,depto,no posee,calefont 12 litros tiro forzado,1.6,1.6,0.33,0.33,-1,0.0,True
5d024d2025,42.3,b,depto,no posee,calefont glp,3.0,3.0,0.6,0.6,-1,0.0,True
4b0c2d2025,46.4,d,depto,no posee,calefont glp,1.9,1.9,0.47,0.47,-1,0.0,True
44a6c92024,45.7,f,depto,no posee,calefont 7 litros tiro forzado,1.7,1.7,0.38,0.38,31,1.0,False
645c072024,56.0,i,depto,"calefactor ambiental a gas marca orbis modelo 4990tc 10,5","calefón 14 litros marca rheem modelo td tfi 14-1 24,5 kw",0.6,0.6,0.25,0.25,-1,0.0,True
5cdee72024,49.5,f,casa_aislada,no posee,calefont 7 litros tiro forzado,1.7,1.7,0.38,0.38,14,1.0,False
36d1822024,55.0,d,depto,no posee,calefont 7 litros tiro forzado,3.0,3.0,0.6,0.6,55,1.0,False
3b20d62025,55.6,a,depto,no posee,calefont 7 litros tiro forzado,4.0,4.0,0.84,0.84,5,1.0,False
4138952021,55.7,d,depto,estufa kerosene 3 kw,calefon tiro natural 10 lts +sst,1.7,1.7,0.38,0.38,1,0.9996608826569533,False
cadc002022,55.5,d,casa_pareada,no posee,calefont 7 litros tiro forzado,1.7,1.7,0.38,0.38,45,1.0,False
0f7c682021,46.1,g,depto,no posee,calefont. tiro forzado,1.6,1.6,0.33,0.33,-1,0.0,True
b20cf32024,30.5,d,depto,no posee,el edificio cuenta con 3 calderas de gas natural condexa,1.9,1.9,0.47,0.47,-1,0.0,True
a23d222026,45.9,d,depto,no posee,calefont 7 litros tiro forzado,1.9,1.9,0.47,0.47,59,1.0,False
3e6c472026,29.3,e,depto,no posee,calefont 7 litros tiro forzado,1.7,1.7,0.38,0.38,54,0.3111111004340148,False
80180d2023,68.1,d,depto,no posee,calefont 7 litros tiro forzado,1.9,1.9,0.47,0.47,-1,0.0,True
db2a032026,23.4,d,depto,no posee,termo eléctrico splendid 80 lt,1.9,1.9,0.47,0.47,-1,0.0,True
63c72b2020,48.7,e,depto,no posee,termo eléctrico,1.7,1.7,0.38,0.38,-1,0.0,True
9d07c12022,42.0,f,depto,no posee,calefont 7 litros tiro forzado,1.7,1.7,0.38,0.38,31,1.0,False
6370582018,100.3,d,casa_aislada,no posee,calefont 7 litros tiro forzado,1.0,1.0,0.0,0.0,2,0.9730173967751101,False
eaece82025,48.7,g,casa_aislada,no posee,calefon,1.1,1.1,0.28,0.28,17,1.0,False
7b89bf2021,27.6,d,depto,no posee,central de calderas de condensación,1.9,1.9,0.47,0.47,-1,0.0,True
9f90c02021,57.8,d,casa_pareada,no posee,calefont 7 litros tiro forzado,1.9,1.9,0.47,0.47,43,0.6153846153846154,False
4205202025,22.6,d,depto,no posee,caldera a condensación,1.9,1.9,0.47,0.47,18,1.0,False
9e910f2021,52.3,f,depto,no posee,calefont glp,1.7,1.7,0.38,0.38,29,1.0,False
41acc52025,74.9,d,casa_aislada,calefactor electrico,calefont 10 litros gl,1.7,1.7,0.38,0.38,0,0.7252072405651796,False
a66d012024,31.8,d,depto,no posee,caldera de condensación,1.9,1.9,0.47,0.47,28,1.0,False
2c862f2025,57.8,d,depto,no posee,calefont 7 litros tiro forzado,1.9,1.9,0.47,0.47,-1,0.0,True
6715b72023,31.0,d,depto,no posee,caldera con condensación,1.9,1.9,0.47,0.47,52,1.0,False
f717432023,40.3,d,depto,no considera,calefon con condensación,1.9,1.9,0.47,0.47,-1,0.0,True
d56fac2023,52.6,f,depto,no posee,calefont 7 litros tiro forzado,1.6,1.6,0.33,0.33,32,1.0,False
967b282022,41.8,f,casa_aislada,no posee,calefont glp,1.6,1.6,0.33,0.33,19,1.0,False
001a202025,22.8,d,depto,no posee,calefont 7 litros tiro forzado,1.9,1.9,0.47,0.47,-1,0.0,True
43c7412023,54.0,f,casa_pareada,no aplica,calefont glp,1.6,1.6,0.33,0.33,26,1.0,False
032ad62025,33.7,d,depto,no posee,sistema centralizado a gas natural.,1.9,1.9,0.47,0.47,-1,0.0,True
16a3722018,56.8,e,depto,no posee,calefont 7 litros tiro forzado,1.7,1.7,0.38,0.38,54,1.0,False
5916b82024,50.3,d,depto,no posee,caldera de condensación,1.9,1.9,0.47,0.47,28,1.0,False
50f8462023,31.2,d,depto,no considera,caldera con condensación,1.9,1.9,0.47,0.47,53,1.0,False
14d83c2026,57.8,e,depto,sin sistema,calefont tiro forzado 10 litros,1.7,1.7,0.38,0.38,35,1.0,False
1d83c52025,21.8,d,depto,no posee,termo eléctrico,1.9,1.9,0.47,0.47,8,1.0,False
f0fbcb2022,49.3,d,depto,no posee,calefont glp,1.9,1.9,0.47,0.47,44,0.0,False
12b4552022,44.8,f,casa_aislada,no posee,calefont glp,1.6,1.6,0.33,0.33,19,1.0,False
202e182020,51.1,f,casa_aislada,no posee,calefont 10 litros tiro forzado,1.7,1.7,0.38,0.38,15,1.0,False
ec90d72023,58.9,f,depto,no aplica,calefont glp,1.6,1.6,0.33,0.33,-1,0.0,True
1e3fda2026,57.8,e,depto,sin sistema,calefont tiro forzado 10 litros,1.7,1.7,0.38,0.38,35,1.0,False
47558a2021,42.7,f,depto,no posee,calefont,1.7,1.7,0.38,0.38,-1,0.0,True
5d3b512022,68.0,d,casa_pareada,no posee,calefont tiro forzado,1.7,1.7,0.38,0.38,7,1.0,False
6511442026,44.5,f,casa_pareada,no posee,calefont 7 litros tiro forzado,1.7,1.7,0.38,0.38,16,1.0,False
cb8c382022,40.6,c,depto,no posee,"calefont splendid 10 litros, gas licuado",3.0,3.0,0.6,0.6,-1,0.0,True
dce3192022,44.1,e,depto,no considera,bomba de calor,1.7,1.7,0.38,0.38,-1,0.0,True
87bd1c2022,30.6,d,depto,no posee,termoeléctrico marca albin trotter – modelo atm,1.9,1.9,0.47,0.47,-1,0.0,True
7cfb532019,92.0,d,casa_aislada,estufa eskabe,calefont junkers 13l,1.0,1.0,0.0,0.0,-1,0.0,True
84d7472026,35.5,e,depto,no aplica,termos eléctricos murales para cada departamento,1.7,1.7,0.38,0.38,-1,0.0,True
6bef9b2024,50.9,d,depto,no posee,calefont 7 litros tiro forzado,1.9,1.9,0.47,0.47,-1,0.0,True
5fdc882026,96.1,d,casa_aislada,no posee,calefont 7 litros tiro forzado,1.9,1.9,0.47,0.47,33,0.5692307794656191,False
e3eaa52025,58.8,d,depto,no posee,"calefón mural de condensación, instalado en batería (conexión",1.9,1.9,0.47,0.47,-1,0.0,True
664d1f2023,43.9,f,casa_aislada,estufa a pellets bosca ecosmart,calefont 7 litros tiro forzado,1.6,1.6,0.33,0.33,-1,0.0,True
0acf592023,49.9,d,depto,no posee,calefont glp,3.0,3.0,0.6,0.6,37,1.0,False
c23fd32020,30.7,g,depto,no posee,"calefont, tiro forzado",1.6,1.6,0.33,0.33,-1,0.0,True
11e5e32024,47.2,d,depto,0,calefont 10 litros tiro forzado,1.7,1.7,0.38,0.38,-1,0.0,True
aa8d402026,81.5,d,depto,radiadores copa innova modelos dk,caldera rinnai modelo rb 30/36,1.9,1.9,0.47,0.47,-1,0.0,True
4c7df22025,51.9,b,depto,no posee,calefont 10 litros tiro forzado,4.0,4.0,0.84,0.84,-1,0.0,True
f58d562025,48.5,d,depto,no posee,calefont glp,1.9,1.9,0.47,0.47,44,1.0,False
4c25cf2023,75.2,f,casa_aislada,no posee,calefont 7 litros tiro forzado,1.7,1.7,0.38,0.38,14,1.0,False
1859032025,46.5,d,depto,no posee,calefont 7 litros tiro forzado,1.9,1.9,0.47,0.47,59,1.0,False
e468c12024,63.1,d,depto,no posee,calefont 7 litros tiro forzado,1.9,1.9,0.47,0.47,-1,0.0,True
31446d2025,50.8,f,depto,no posee,termo eléctrico 100lt. potencia nominal 1500w,1.7,1.7,0.38,0.38,-1,0.0,True
7e87cb2022,35.9,d,depto,no posee,calefon de condensación,1.9,1.9,0.47,0.47,50,0.00881953798648314,False
80912a2024,60.7,d,depto,no posee,calefont 7 litros tiro forzado,1.9,1.9,0.47,0.47,-1,0.0,True
6e00ad2025,37.6,d,depto,no posee,sala de calderas,1.9,1.9,0.47,0.47,12,1.0,False
7858472025,47.9,d,depto,no posee,sala de calderas,1.9,1.9,0.47,0.47,12,0.7166666924060962,False
f1dda42023,52.5,e,casa_pareada,no posee,sistema aquatank 270 con bomba de calor para acs y,1.7,1.7,0.38,0.38,-1,0.0,True
0d18472025,49.3,c,depto,calefactor electrico,calefont 12 litros gl,3.0,3.0,0.6,0.6,0,1.0,False
3134122019,51.1,d,depto,no posee,calefont glp,1.9,1.9,0.47,0.47,49,1.0,False
3a84cb2024,60.3,d,casa_pareada,no posee,calefont 10 lts,1.9,1.9,0.47,0.47,-1,0.0,True
186a932021,48.1,d,depto,no posee,calefont glp,1.9,1.9,0.47,0.47,44,0.0,False
47703e2024,28.3,d,depto,no considera,caldera con condensación,1.9,1.9,0.47,0.47,53,1.0,False
427a722019,50.5,d,depto,no posee,calefont 7 glp,1.9,1.9,0.47,0.47,-1,0.0,True
f81b662024,66.7,d,casa_aislada,no posee,calefont 7 litros tiro forzado,1.9,1.9,0.47,0.47,33,1.0,False
ea4f372022,50.8,a,depto,no posee,"calefon splendid, master mvg tfi 10, 10 litros, gas licuado",4.0,4.0,0.84,0.84,-1,0.0,True
0d12592019,30.9,d,depto,sistema unitario autocontenido,caldera de condensación anwo victrix pro120,1.0,1.0,0.0,0.0,-1,0.0,True
3f27672023,54.2,d,casa_aislada,no posee,calefont 7 litros tiro forzado,1.7,1.7,0.38,0.38,33,0.037811515147903374,False
beddf22026,49.8,f,casa_aislada,no posee,calefont glp,1.7,1.7,0.38,0.38,19,0.056458454608419154,False
8358202024,43.9,d,depto,no posee,calefacción central mediante caldera de condensación,1.9,1.9,0.47,0.47,-1,0.0,True
29f11c2024,63.1,d,depto,sin sistema,calefont,1.9,1.9,0.47,0.47,50,0.00881953798648314,False
d10ef92024,46.6,d,depto,no posee,caldera condensacion con estanque interior,1.9,1.9,0.47,0.47,-1,0.0,True
2eaccc2023,51.2,e,depto,no aplica,calefont glp,1.7,1.7,0.38,0.38,-1,0.0,True
dddfd42019,46.0,f,depto,no posee,calefont 13 litros tiro forzado,1.7,1.7,0.38,0.38,-1,0.0,True
9a471b2023,29.9,d,depto,no posee.,caldera a condensación,1.9,1.9,0.47,0.47,-1,0.0,True
1b3fe02024,50.9,d,depto,no posee,calefont 7 litros tiro forzado,1.9,1.9,0.47,0.47,-1,0.0,True
bbc0662025,63.7,d,depto,no posee,calefont 7 litros tiro forzado,1.9,1.9,0.47,0.47,-1,0.0,True
f5bf7c2018,96.4,d,casa_aislada,"calefactor italkero stratos 5.0, tiro balanceado","rheem 16 litros, tiro forzado",1.0,1.0,0.0,0.0,-1,0.0,True
b076182025,28.9,d,depto,no posee sistema de calefacción.,central térmica con 3 calderas murales modulares y 2 estanques,1.9,1.9,0.47,0.47,-1,0.0,True
fb93162025,52.4,d,depto,no posee,calefont 7 litros tiro forzado,1.9,1.9,0.47,0.47,58,1.0,False
04a9842024,45.7,d,depto,no posee,caldera a gas centralizada,1.9,1.9,0.47,0.47,-1,0.0,True
3468572024,55.2,c,depto,no posee,calefont 7 litros tiro forzado,4.0,4.0,0.84,0.84,3,0.5263157873346737,False
6d2c7f2021,78.2,d,casa_pareada,no posee,calefont,1.7,1.7,0.38,0.38,9,1.0,False
4b167c2023,57.3,c,depto,no posee,calefon de condensación en cascada,3.0,3.0,0.6,0.6,-1,0.0,True
8b59152026,57.8,e,depto,sin sistema,calefont tiro forzado 13 lts,1.7,1.7,0.38,0.38,35,1.0,False
e6299c2025,48.5,d,depto,no posee,calefont glp,1.9,1.9,0.47,0.47,44,1.0,False
7916c92026,47.6,d,depto,no posee,calefont 7 litros tiro forzado,1.7,1.7,0.38,0.38,56,1.0,False
ea69252024,35.9,d,depto,no posee,caldera de condensación,1.9,1.9,0.47,0.47,28,1.0,False
7100f12023,53.9,d,depto,no posee,calefont 7 litros tiro forzado,3.0,3.0,0.6,0.6,55,1.0,False
1786032019,60.0,a,depto,no posee,calefont 7 litros tiro forzado,4.0,4.0,0.84,0.84,6,1.0,False
8817092025,51.7,d,depto,no posee,calefont 11 litros,1.9,1.9,0.47,0.47,-1,0.0,True
239b722019,168.1,d,depto,calefacción central-piso radiante,caldera de condensación,1.0,1.0,0.0,0.0,-1,0.0,True
b048042022,46.7,d,depto,no posee,central térmica con bomba de calor,1.9,1.9,0.47,0.47,-1,0.0,True
fa64182025,57.8,d,depto,no posee,calefont 7 litros tiro forzado,1.9,1.9,0.47,0.47,-1,0.0,True
cfea002023,47.3,d,depto,no posee,caldera a condensación,1.9,1.9,0.47,0.47,18,1.0,False
afc29a2023,40.8,c,depto,no posee,calefont 7 litros tiro forzado,3.0,3.0,0.6,0.6,51,1.0,False
e6a9002024,49.4,d,depto,no posee,calefont glp,1.9,1.9,0.47,0.47,44,0.0,False
4697632023,55.5,d,casa_pareada,no posee,calefont 7 litros tiro forzado,1.7,1.7,0.38,0.38,45,1.0,False
11d7912022,35.5,d,depto,no posee,caldera con condensación,1.9,1.9,0.47,0.47,52,1.0,False
a627df2022,55.4,a,depto,no posee,"calefon splendid, master mvg tfi 10, 10 litros, gas licuado",4.0,4.0,0.84,0.84,-1,0.0,True
0eb0152020,56.5,c,depto,no considera,calefon con condensación,3.0,3.0,0.6,0.6,-1,0.0,True
4f4a362026,45.4,d,depto,no posee,el edificio cuenta con 3 calderas de condensación aldens wm,1.9,1.9,0.47,0.47,-1,0.0,True
d85b6d2023,49.9,d,depto,no posee,calefont glp,3.0,3.0,0.6,0.6,37,1.0,False
2529db2026,66.8,d,depto,no posee,calefont 7 litros tiro forzado,1.9,1.9,0.47,0.47,-1,0.0,True
4b8aa92025,32.8,d,depto,no posee,sistema centralizado a gas natural.,1.9,1.9,0.47,0.47,-1,0.0,True
dfdda22019,52.3,i,depto,"calefactor a gas natural, 35.000 btu","calefont a gas natural, marca neckar de 13 litros",0.6,0.6,0.25,0.25,-1,0.0,True
29445a2022,42.0,d,casa_pareada,no posee,calefont glp,1.9,1.9,0.47,0.47,40,1.0,False
f4ac7f2023,44.6,d,depto,no posee,calderas de condensación murales,1.9,1.9,0.47,0.47,-1,0.0,True
d71cea2022,47.4,a,depto,no posee,"calefon splendid sb tfi 10 2 ev de 10 litros, gas licuado",4.0,4.0,0.84,0.84,-1,0.0,True
041e772025,46.5,d,depto,no posee,calefont 7 litros tiro forzado,1.7,1.7,0.38,0.38,56,1.0,False
acefe62023,48.6,d,casa_pareada,no aplica,calefont glp,1.9,1.9,0.47,0.47,-1,0.0,True
934e2f2023,114.6,d,casa_aislada,no posee,calefont 7 litros tiro forzado,1.9,1.9,0.47,0.47,33,0.2681159472190405,False
b7781b2023,81.7,d,casa_pareada,0,calefont 10 litros tiro forzado,1.7,1.7,0.38,0.38,-1,0.0,True
8886022024,52.0,e,depto,no posee,calefont 11 litros tiro forzado,1.7,1.7,0.38,0.38,-1,0.0,True
23de982023,52.2,g,depto,no posee,calefont 7 litros tiro forzado,1.6,1.6,0.33,0.33,22,1.0,False
2a3e8c2025,57.0,a,depto,no posee,"calefón mademsa forced 10 eco gl, 10 litros, gas licuado",4.0,4.0,0.84,0.84,-1,0.0,True
914cd32024,54.3,c,depto,no posee,calefont 7 litros tiro forzado,4.0,4.0,0.84,0.84,3,1.0,False
e543372024,45.7,b,depto,0,"calefon junkers wtd10 km e31, 10 litros, gas licuado de 17,8",4.0,4.0,0.84,0.84,-1,0.0,True
90cf312022,105.2,d,casa_aislada,panel eléctrico radiante.,calefon 13 litros.,1.9,1.9,0.47,0.47,-1,0.0,True
fd55db2025,37.0,c,depto,no posee,central termica calderas de gas natural,3.0,3.0,0.6,0.6,-1,0.0,True
8912c82021,53.2,d,casa_pareada,no posee,calefont 7 litros tiro forzado,1.9,1.9,0.47,0.47,43,1.0,False
622e922018,81.2,d,casa_aislada,no posee,calefont 7 litros tiro forzado,1.9,1.9,0.47,0.47,33,0.5692307794656191,False
37eb922025,46.5,d,depto,no posee,calefont 7 litros tiro forzado,1.9,1.9,0.47,0.47,59,1.0,False
008f122023,53.4,d,depto,no posee,calefont tiro forzado,1.7,1.7,0.38,0.38,24,1.0,False
23e2112018,50.5,a,depto,no posee,calefont 10 litros tiro forzado,4.0,4.0,0.84,0.84,-1,0.0,True
cb5cce2022,49.3,d,depto,no posee,calefont glp,1.9,1.9,0.47,0.47,44,0.0,False
79f8332023,26.0,d,depto,no posee,caldera central a gas,1.9,1.9,0.47,0.47,30,1.0,False
3d14cd2024,45.4,d,depto,no posee,calefont,1.9,1.9,0.47,0.47,50,1.0,False
b23bc42021,52.3,d,depto,no posee,calefont glp,1.9,1.9,0.47,0.47,47,1.0,False
b5590d2025,39.6,g,depto,calefactor eléctrico wally one de kaltemp,termo eléctrico rheem,1.6,1.6,0.33,0.33,-1,0.0,True
4feb532018,42.3,f,casa_aislada,no posee,calefont 7 litros tiro forzado,1.6,1.6,0.33,0.33,14,0.22884858922265802,False
830efd2022,43.1,d,depto,no posee,el edificio cuenta con 2 calderas para el edificio sur y 3 calderas,1.9,1.9,0.47,0.47,8,0.07259158922291108,False
b802e42019,46.6,d,depto,no posee,calefont,1.0,1.0,0.0,0.0,2,0.9962937888027079,False
637cc22021,32.9,d,depto,no posee,calefon de condensación,1.9,1.9,0.47,0.47,50,0.00881953798648314,False
55712e2024,58.9,a,depto,no posee,termo eléctrico junkers/bosch,4.0,4.0,0.84,0.84,-1,0.0,True
2a16182024,26.7,d,depto,no posee,caldera de condensación,1.9,1.9,0.47,0.47,28,1.0,False
5c83a72020,91.2,f,casa_aislada,electricidad,calefont 13 litros tiro forzado,1.7,1.7,0.38,0.38,-1,0.0,True
3cd7d82026,44.8,f,casa_pareada,bomba de calor tipo aire acondicionado aire-aire,calefont 7l gl splendid master,1.7,1.7,0.38,0.38,-1,0.0,True
a0fa912026,58.6,i,casa_aislada,no posee,calefont 7 litros tiro forzado,0.6,0.6,0.25,0.25,-1,0.0,True
2ba2f12024,78.5,d,casa_aislada,no posee,calefont 7 litros tiro forzado,1.9,1.9,0.47,0.47,33,0.5692307794656191,False
af3e992023,47.5,a,depto,no posee,"calefont splendid master ion tiro forzado 10 litros, de 17,6",4.0,4.0,0.84,0.84,4,1.0,False
dedee52025,53.1,c,casa_pareada,0,"calefón junkers smart wr13-2 km e31 s4305 13 litros, gas",4.0,4.0,0.84,0.84,-1,0.0,True
aace752024,49.0,d,depto,no posee,el edificio cuenta con 5 calefont de condensación marca navien,1.9,1.9,0.47,0.47,-1,0.0,True
5a49962025,34.6,d,depto,central termica calderas de gas natural,central termica calderas de gas natural,1.9,1.9,0.47,0.47,-1,0.0,True
0877592025,47.7,f,casa_aislada,no posee,calefont glp,1.7,1.7,0.38,0.38,19,0.056458454608419154,False
a8d8882024,55.6,a,depto,no posee,calefont 7 litros tiro forzado,4.0,4.0,0.84,0.84,5,1.0,False
7d9aad2019,56.9,a,depto,no posee,calefont 7 litros tiro forzado,4.0,4.0,0.84,0.84,5,0.46153849123780327,False
732e042019,50.4,f,casa_aislada,no posee,calefont 7 litros tiro forzado,1.7,1.7,0.38,0.38,14,1.0,False
0db12d2023,35.7,d,depto,no posee,calefont 7 litros tiro forzado,1.9,1.9,0.47,0.47,-1,0.0,True
1ea53c2024,33.8,d,depto,no posee,central térmica. caldera de condensación con acumuladores,1.9,1.9,0.47,0.47,-1,0.0,True
176e812019,47.2,d,depto,no posee,calefont 7 litros tiro forzado,1.9,1.9,0.47,0.47,61,1.0,False
fbe7a62025,44.4,a,depto,no posee,termo eléctrico,4.0,4.0,0.84,0.84,-1,0.0,True
856a502022,55.4,a,depto,no posee,"calefon splendid, master mvg tfi 10, 10 litros, gas licuado",4.0,4.0,0.84,0.84,-1,0.0,True
75bb592021,48.1,d,depto,no posee,calefont glp,1.9,1.9,0.47,0.47,44,0.0,False
75b9df2024,53.2,d,casa_pareada,no posee,calefont 7 litros tiro forzado,1.9,1.9,0.47,0.47,43,1.0,False
31610f2018,45.2,d,casa_pareada,no posee,calefont 7 litros tiro forzado,1.9,1.9,0.47,0.47,42,1.0,False
342d622019,44.3,e,casa_pareada,no posee,calefont glp,1.7,1.7,0.38,0.38,25,1.0,False
fd37d62025,47.0,e,casa_pareada,no posee,calefont 7 litros tiro forzado,1.7,1.7,0.38,0.38,34,1.0,False
881a1f2021,53.2,d,casa_pareada,no posee,calefont 7 litros tiro forzado,1.9,1.9,0.47,0.47,43,1.0,False
b479512025,53.3,d,depto,no posee,calefont 7 litros tiro forzado,3.0,3.0,0.6,0.6,55,1.0,False
911ca72025,29.9,d,depto,no posee,termo eléctrico mural con mezclador marca winter de 80 l,1.0,1.0,0.0,0.0,2,1.0,False
cfdce42019,43.8,d,depto,no posee,calefont 7 litros tiro forzado,1.9,1.9,0.47,0.47,-1,0.0,True
7a03652023,68.6,e,casa_pareada,no aplica,calefont glp,1.7,1.7,0.38,0.38,-1,0.0,True
1c537d2024,89.8,d,casa_aislada,no posee,calefont 13 litros tiro forzado,1.7,1.7,0.38,0.38,-1,0.0,True
263f752025,48.0,b,depto,no posee,calefont glp,4.0,4.0,0.84,0.84,-1,0.0,True
9305902021,30.1,c,depto,no posee,calderas murales de condensación,3.0,3.0,0.6,0.6,-1,0.0,True
c1835e2025,57.3,e,depto,no posee,calefont 7 litros tiro forzado,1.7,1.7,0.38,0.38,54,1.0,False
4b7e142023,54.0,f,casa_pareada,no aplica,calefont glp,1.6,1.6,0.33,0.33,26,1.0,False
1e77b32023,61.8,a,depto,no posee,"termo eléctrico marca junkers, modelo elacell excellence",4.0,4.0,0.84,0.84,-1,0.0,True
4cd21d2025,27.7,e,depto,no posee,termo eléctrico tm-100s splendid,1.7,1.7,0.38,0.38,-1,0.0,True
2a01dd2026,28.4,d,depto,no posee,termo eléctrico,1.9,1.9,0.47,0.47,8,1.0,False
97e4122022,48.0,d,depto,no posee,calefont 10 litros tiro forzado,1.9,1.9,0.47,0.47,11,1.0,False
df90ff2024,30.1,d,depto,no posee,caldera a gas centralizada,1.9,1.9,0.47,0.47,-1,0.0,True
a679172025,27.8,d,depto,no posee,termo eléctrico splendid 80 lt,1.9,1.9,0.47,0.47,-1,0.0,True
0c29762024,20.3,d,depto,no posee,calefont 7 litros tiro forzado,1.9,1.9,0.47,0.47,-1,0.0,True
875f712023,47.0,d,casa_pareada,no posee,calefont 7 litros tiro forzado,1.7,1.7,0.38,0.38,41,1.0,False
176fc52022,47.4,d,depto,calefactor eléctrico por convección,sistema de generación central por caldera de condensación,1.9,1.9,0.47,0.47,-1,0.0,True
874e6b2022,128.6,d,casa_aislada,no posee,calefont 10 litros tiro forzado,1.9,1.9,0.47,0.47,-1,0.0,True
0798022026,40.6,d,depto,no posee,sala de calderas,1.9,1.9,0.47,0.47,12,1.0,False
e4ca942026,48.1,e,casa_aislada,no posee,calefont glp,1.7,1.7,0.38,0.38,21,1.0,False
4e6df52022,30.4,d,depto,no posee,caldera de condensación,1.9,1.9,0.47,0.47,28,1.0,False
da68272024,66.7,d,casa_aislada,0,calefont 10 litros tiro forzado,1.7,1.7,0.38,0.38,-1,0.0,True
7a33692021,42.0,d,casa_pareada,no posee,calefont glp,1.9,1.9,0.47,0.47,40,1.0,False
beec5d2024,55.5,c,depto,no posee,calefont 7 litros tiro forzado,4.0,4.0,0.84,0.84,3,0.4545454577362927,False
306a112026,47.0,d,casa_pareada,"estufa keroseno, 3 kw",calefont 10litros tiro forzado,1.7,1.7,0.38,0.38,-1,0.0,True
a6bcad2021,36.9,d,depto,no considera,central termica,1.9,1.9,0.47,0.47,-1,0.0,True
9216142025,22.8,d,depto,no posee,calefont 7 litros tiro forzado,1.9,1.9,0.47,0.47,-1,0.0,True
66071f2022,48.3,e,depto,no posee,calefont 10 litros tiro forzado,1.7,1.7,0.38,0.38,-1,0.0,True
835fb12025,57.8,c,depto,no posee,calefont 7 litros tiro forzado,3.0,3.0,0.6,0.6,51,0.6727272441373634,False
8712cf2023,28.7,d,depto,no considera,calefón de condensación,1.9,1.9,0.47,0.47,-1,0.0,True
7e70452021,66.8,d,casa_pareada,no posee,calefont,1.7,1.7,0.38,0.38,9,1.0,False
521dde2021,42.0,d,depto,no posee,estanque eléctrico 189 l,1.9,1.9,0.47,0.47,-1,0.0,True
9aecba2025,32.3,i,casa_pareada,"caldera mural minorca-fondital, gn, cfts 24 cu 23,3","caldera mural minorca-fondital, gn, cfts 24 cu 23,3",0.6,0.6,0.25,0.25,-1,0.0,True
4e88252025,63.1,d,depto,no posee,calefont,1.9,1.9,0.47,0.47,50,0.4905660234412571,False
1376392023,30.1,d,depto,no posee,5 calderas de gas natural genus premium evo hp 150 de 140,1.9,1.9,0.47,0.47,-1,0.0,True
02ea432023,60.1,e,depto,no posee,calefont 13 litros tiro forzado,1.7,1.7,0.38,0.38,-1,0.0,True
6203bc2020,46.2,f,casa_pareada,no posee,calefont glp,1.7,1.7,0.38,0.38,27,1.0,False
5ead682022,49.3,d,depto,no posee,calefont glp,1.9,1.9,0.47,0.47,44,0.0,False
a220a12024,71.3,d,depto,caldera mural,caldera mural,1.7,1.7,0.38,0.38,-1,0.0,True
47806a2024,57.8,d,depto,sin sistema,calefont,1.9,1.9,0.47,0.47,50,0.00881953798648314,False
be22422023,49.0,h,casa_pareada,no posee,calefont glp,1.6,1.6,0.33,0.33,-1,0.0,True
594ff42024,63.1,d,depto,no posee,calefont 7 litros tiro forzado,1.9,1.9,0.47,0.47,-1,0.0,True
513e5a2021,51.5,d,depto,no posee,calefont 7 litros tiro forzado,1.0,1.0,0.0,0.0,2,0.9969655704313037,False
d14c252025,63.7,d,depto,central termica calderas de gas natural,central termica calderas de gas natural,1.9,1.9,0.47,0.47,-1,0.0,True
a13b3c2021,44.3,e,casa_pareada,no posee,calefont glp,1.7,1.7,0.38,0.38,25,1.0,False
ae71e72024,55.8,i,depto,"calefactor ambiental a gas marca orbis modelo 4990tc 10,5","calefón 14 litros marca rheem modelo td tfi 14-1 24,5 kw",0.6,0.6,0.25,0.25,-1,0.0,True
4403132025,51.0,c,depto,no posee,calefont 7 litros tiro forzado,4.0,4.0,0.84,0.84,3,1.0,False
ec5a382025,39.4,d,depto,no posee,"central térmica con 8 calentadores de agua, marca anwo,",1.0,1.0,0.0,0.0,2,0.9986490946831411,False
c791802023,49.9,d,depto,no posee,calefont glp,3.0,3.0,0.6,0.6,37,1.0,False
6dde6f2025,47.7,f,depto,no posee,calefont glp,1.6,1.6,0.33,0.33,29,1.0,False
dbafa92025,51.9,e,depto,no posee,calefont 7 litros tiro forzado,1.7,1.7,0.38,0.38,54,1.0,False
f1c5a32026,134.1,d,casa_aislada,"caldera de condensación, gas licuado","caldera de condensación, gas licuado",1.9,1.9,0.47,0.47,-1,0.0,True
344e7d2021,42.0,d,casa_pareada,no posee,calefont glp,1.9,1.9,0.47,0.47,40,1.0,False
38e6dc2022,46.1,e,casa_aislada,no posee,calefont glp,1.7,1.7,0.38,0.38,21,0.19999998455634352,False
f3ebb62020,44.0,f,casa_pareada,no posee,calefont 7 litros tiro forzado,1.7,1.7,0.38,0.38,16,1.0,False
0d12e62023,57.7,d,casa_pareada,no aplica,calefont glp,1.9,1.9,0.47,0.47,-1,0.0,True
59f7bb2023,39.0,d,depto,no posee,caldera a condensación,1.9,1.9,0.47,0.47,18,1.0,False
62eed92024,55.6,a,depto,no posee,calefont 7 litros tiro forzado,4.0,4.0,0.84,0.84,5,1.0,False
1088fb2022,41.4,f,casa_aislada,no posee,calefont glp,1.6,1.6,0.33,0.33,19,1.0,False
91274d2024,49.5,d,depto,no posee,calefont 10 litros tiro forzado,3.0,3.0,0.6,0.6,11,0.009571054886205977,False
7dc0352022,95.0,d,depto,caldera central con radiadores,caldera central,1.9,1.9,0.47,0.47,-1,0.0,True
1ee17c2023,33.5,f,depto,no posee,calefont 7 litros tiro forzado,1.6,1.6,0.33,0.33,32,0.5064935163916172,False
6a249b2022,48.3,c,casa_pareada,no posee,"calefon tiro natural, modelo master de 7 lts,",4.0,4.0,0.84,0.84,-1,0.0,True
1412982024,49.0,c,depto,no posee,calefont 13 litros tiro forzado,3.0,3.0,0.6,0.6,-1,0.0,True
f0b6db2025,38.2,e,depto,no posee,calefont 7 litros tiro forzado,1.7,1.7,0.38,0.38,54,0.3333333088195928,False
08b8bc2024,99.1,d,casa_aislada,no posee,2 calefonts de 13 lts ionizados con tiro forzado marca junkers,1.9,1.9,0.47,0.47,-1,0.0,True
a5e9092024,48.6,g,depto,no posee,calefont 7 litros tiro forzado,1.1,1.1,0.28,0.28,22,0.045976585582855785,False
755cf32026,47.0,d,casa_pareada,no posee,calefont 7 litros tiro forzado,1.7,1.7,0.38,0.38,41,1.0,False
b790ba2026,43.7,d,depto,no considera,caldera a condensación,1.9,1.9,0.47,0.47,-1,0.0,True
4572e22024,64.0,e,casa_pareada,no posee,calefont glp,1.7,1.7,0.38,0.38,25,0.5039369894898496,False
6758852023,53.1,d,depto,no posee,calefont 7 litros tiro forzado,1.9,1.9,0.47,0.47,58,1.0,False
24cdf62025,27.6,d,depto,no posee,termo eléctrico splendid 80 lt,1.9,1.9,0.47,0.47,-1,0.0,True
0ba0cd2026,31.7,b,depto,0,"calefón junkers hidrowind wd10 km e31 s4300, 10 litros,",4.0,4.0,0.84,0.84,-1,0.0,True
c1931c2024,27.3,c,depto,no posee,bomba de calor 80kw carrier,3.0,3.0,0.6,0.6,-1,0.0,True
4ffd822024,57.8,d,depto,sin sistema,calefont,1.9,1.9,0.47,0.47,50,0.00881953798648314,False
d9a8fc2024,48.4,d,depto,no posee,calefont 7 litros tiro forzado,1.9,1.9,0.47,0.47,60,1.0,False
70315b2026,30.3,g,depto,no posee,caldera condensación,1.6,1.6,0.33,0.33,-1,0.0,True
fcba0f2021,49.5,f,depto,no posee,calefont,1.7,1.7,0.38,0.38,-1,0.0,True
02ca322022,38.8,d,depto,no posee,el edificio cuenta con 2 calderas de gas natural ivar super,1.9,1.9,0.47,0.47,-1,0.0,True
7d6e212025,40.8,d,depto,no posee,el edificio cuenta con 3 calderas de condensación aldens wm,1.9,1.9,0.47,0.47,-1,0.0,True
ee37d62022,55.5,d,casa_pareada,no posee,calefont 7 litros tiro forzado,1.7,1.7,0.38,0.38,45,1.0,False
52349c2025,95.7,c,casa_aislada,no posee,calefón 15 lts gas natural tiro forzado,4.0,4.0,0.84,0.84,-1,0.0,True
a06dad2025,47.0,d,casa_pareada,no posee,calefont 7 litros tiro forzado,1.7,1.7,0.38,0.38,41,1.0,False
79c12b2023,24.4,d,depto,no posee,caldera de condensación,1.9,1.9,0.47,0.47,28,0.8888889270213756,False
72b4fa2023,52.7,f,casa_pareada,no posee,"calefon splendid tn 10 litros, gas licuado.",1.7,1.7,0.38,0.38,-1,0.0,True
a11bc12026,47.9,d,depto,sin sistema,calefont gas natural 7 litros tiro forzado,1.9,1.9,0.47,0.47,-1,0.0,True
4368442024,20.4,e,depto,no posee,calefont 7 litros tiro forzado,1.7,1.7,0.38,0.38,54,0.1842105113427154,False
a4da4d2024,27.8,d,depto,no considera,central térmica,1.9,1.9,0.47,0.47,-1,0.0,True
1948f02024,63.1,d,depto,sin sistema,calefont,1.9,1.9,0.47,0.47,50,0.00881953798648314,False
17e8932024,49.2,e,depto,no posee,calefont 13 litros tiro forzado,1.7,1.7,0.38,0.38,-1,0.0,True
ca46ca2022,42.0,d,casa_pareada,no posee,calefont glp,1.9,1.9,0.47,0.47,40,1.0,False
041d5b2026,42.7,g,casa_aislada,no posee,calefont glp,1.1,1.1,0.28,0.28,20,1.0,False
536c3b2024,95.8,d,casa_pareada,estufa a gas,calefont,1.9,1.9,0.47,0.47,-1,0.0,True
ecb8c12019,50.8,d,depto,no posee,bomba de calor,1.9,1.9,0.47,0.47,-1,0.0,True
4860612025,56.0,f,depto,no posee,calefont glp,1.7,1.7,0.38,0.38,29,1.0,False
f9c2d12020,46.2,f,casa_pareada,no posee,calefont glp,1.7,1.7,0.38,0.38,27,1.0,False
7046f22025,49.6,d,casa_pareada,no posee,calefont glp,1.9,1.9,0.47,0.47,39,1.0,False
cf47572021,54.3,a,depto,no posee,sistema unitario,4.0,4.0,0.0,0.0,-1,0.0,True
aa3f382026,47.8,d,casa_pareada,no posee,calefont glp,1.9,1.9,0.47,0.47,39,0.666666652366985,False
7707e42021,127.7,e,casa_aislada,caldera a gas sin condensacion encendido electronico control,caldera a gas licuado,1.7,1.7,0.38,0.38,-1,0.0,True
e935922025,44.8,g,casa_aislada,no posee,calefont 7 litros,1.1,1.1,0.28,0.28,17,1.0,False
2428f92019,49.7,d,depto,radiador eléctrico,termo eléctrico,1.0,1.0,0.0,0.0,-1,0.0,True
e8f9e82023,51.7,c,depto,no posee,calefont 7 litros tiro forzado,4.0,4.0,0.84,0.84,3,1.0,False
d6455b2020,55.0,a,depto,no posee,calefont 10 litros tiro forzado,4.0,4.0,0.84,0.84,-1,0.0,True
4e7c4a2023,43.1,c,depto,no posee,calefon de condensación en cascada,3.0,3.0,0.6,0.6,-1,0.0,True
6b2e442022,29.8,d,depto,no posee,central de calderas a condensación tipo mural,1.9,1.9,0.47,0.47,-1,0.0,True
e838012022,46.1,f,casa_pareada,no posee,calefont glp,1.7,1.7,0.38,0.38,27,0.0,False
c65d582025,49.8,g,depto,no posee,calefont 10 litros tiro forzado,1.6,1.6,0.33,0.33,23,1.0,False
e91c5b2024,45.7,f,depto,no posee,calefont 7 litros tiro forzado,1.7,1.7,0.38,0.38,31,1.0,False
a1cb3d2025,56.0,d,depto,no posee,caldera centralizada,1.7,1.7,0.38,0.38,-1,0.0,True
6ffd032021,57.2,d,depto,no posee,calefont gas licuado,1.9,1.9,0.47,0.47,-1,0.0,True
1f2fac2023,58.9,a,depto,no posee,"termo eléctrico marca junkers, modelo elacell excellence",4.0,4.0,0.84,0.84,-1,0.0,True
d79dd82026,45.8,b,depto,0,"calefón junkers hidrowind wd10 km e31 s4300, 10 litros,",4.0,4.0,0.84,0.84,-1,0.0,True
3e04df2024,43.9,d,depto,no posee,calefacción central mediante caldera de condensación,1.9,1.9,0.47,0.47,-1,0.0,True
3cbc3e2024,52.3,d,depto,no posee,caldera modular de condensación,1.9,1.9,0.47,0.47,-1,0.0,True
f380442023,47.3,d,depto,no posee,calefont,1.9,1.9,0.47,0.47,50,1.0,False
6e94df2020,58.7,d,casa_pareada,no posee,calefon 10 lts splendid modelo master 10,1.7,1.7,0.38,0.38,-1,0.0,True
59352e2026,58.6,i,casa_pareada,no posee,calefont 7 litros tiro forzado,0.6,0.6,0.25,0.25,-1,0.0,True
58aa992025,60.4,e,depto,no posee,calefont 7 litros tiro forzado,1.7,1.7,0.38,0.38,54,0.5384615384615384,False
9ccf912021,45.0,d,casa_pareada,no posee,calefont 7 litros tiro forzado,1.0,1.0,0.0,0.0,2,1.0,False
3e35872020,44.0,g,depto,no considera,"calefon, tiro forzado",1.6,1.6,0.33,0.33,-1,0.0,True
e6a1ee2024,27.9,d,depto,sin calefacción,central termica. caldera condensación. gas natural,1.9,1.9,0.47,0.47,-1,0.0,True
156f592023,60.6,f,casa_aislada,estufa a parafina marca toyotomi modelo ff-55t el que tiene,calefon marca mademsa modelo. forzada tfm 10 eco gl el,1.6,1.6,0.33,0.33,-1,0.0,True
207e482025,66.5,d,depto,no posee,calefont glp,1.9,1.9,0.47,0.47,-1,0.0,True
9dbee62022,52.3,d,depto,no posee,calefont glp,1.9,1.9,0.47,0.47,47,1.0,False
50f1522018,89.4,d,casa_aislada,no posee,calefont 7 litros tiro forzado,1.0,1.0,0.0,0.0,2,1.0,False
83bb222023,60.6,f,casa_aislada,estufa a parafina marca toyotomi modelo ff-55t el que tiene,calefon marca mademsa modelo. forzada tfm 10 eco gl el,1.6,1.6,0.33,0.33,-1,0.0,True
edd7e62025,49.2,b,casa_pareada,no posee,calefont glp,4.0,4.0,0.84,0.84,-1,0.0,True
7731042021,55.0,d,depto,no posee,calefont,1.7,1.7,0.38,0.38,50,0.025831117631745802,False
7155542024,114.5,d,depto,no posee,calefont 7 litros tiro forzado,1.9,1.9,0.47,0.47,-1,0.0,True
ac974a2023,55.9,e,depto,no posee,calefont 7 litros tiro forzado,1.7,1.7,0.38,0.38,54,1.0,False
ce95bc2026,54.8,d,depto,calefactor electrico,calefont 10 litros gl,1.9,1.9,0.47,0.47,0,1.0,False
9c2ac22025,59.5,d,casa_aislada,0,"calefón junkers w13 kb31 13 litros, gas licuado con potencia",1.9,1.9,0.47,0.47,-1,0.0,True
8441862025,93.4,d,depto,no aplica,caldera de condensacion a gas,1.9,1.9,0.47,0.47,-1,0.0,True
d169eb2024,47.8,d,depto,no posee,termo electrico,1.9,1.9,0.47,0.47,-1,0.0,True
bda0ed2019,54.0,a,depto,no posee,calefont 7 litros tiro forzado,4.0,4.0,0.84,0.84,5,1.0,False
c987702024,36.9,d,depto,no posee,caldera,1.9,1.9,0.47,0.47,-1,0.0,True
2ec4b92024,93.1,d,casa_aislada,no posee,calefon gas natural 13 litros,1.9,1.9,0.47,0.47,-1,0.0,True
9048b82021,87.2,f,casa_aislada,no posee,calefont 10 litros tiro forzado,1.7,1.7,0.38,0.38,15,1.0,False
b6adca2022,51.3,d,depto,no posee,calefont glp,1.9,1.9,0.47,0.47,49,0.0,False
8c36f62025,48.5,d,depto,no posee,calefont glp,1.9,1.9,0.47,0.47,44,1.0,False
7582a02019,51.1,d,depto,no posee,calefont glp,1.9,1.9,0.47,0.47,49,1.0,False
4a51822025,81.7,d,casa_pareada,0,calefont 10 litros tiro forzado,1.7,1.7,0.38,0.38,-1,0.0,True
6ba2a22022,93.4,d,casa_pareada,no posee,calefont tiro forzado,1.7,1.7,0.38,0.38,7,1.0,False
aec5162025,42.8,d,depto,no posee,"calefont 10 litros tiro forzado, gas natural",1.9,1.9,0.47,0.47,11,0.009158751509832206,False
97e0282025,58.3,d,depto,no posee,calefont 7 litros tiro forzado,1.9,1.9,0.47,0.47,-1,0.0,True
6fa4ee2023,48.0,e,depto,no posee,calefont 7 litros tiro forzado,1.7,1.7,0.38,0.38,54,1.0,False
7e2b3e2026,37.6,d,depto,no posee,caldera condensación,1.9,1.9,0.47,0.47,13,1.0,False
2b8eb92025,47.2,d,depto,no posee,"en definición, se utiliza por defecto en precalificación.",1.9,1.9,0.47,0.47,-1,0.0,True
a06fdf2018,78.2,d,casa_pareada,no posee,calefont 10 litros tiro forzado,1.0,1.0,0.0,0.0,2,0.9726973702606018,False
23f6fc2025,49.2,a,casa_pareada,no posee,calefont glp,4.0,4.0,0.84,0.84,-1,0.0,True
e0ad332021,50.7,d,depto,no posee,calefont glp,1.9,1.9,0.47,0.47,48,1.0,False
91a51c2019,51.1,d,depto,no posee,calefont glp,1.9,1.9,0.47,0.47,49,1.0,False
63ed3b2025,28.9,d,depto,sin sistema,caldera de condensación marca naview,1.9,1.9,0.47,0.47,-1,0.0,True
a1b5e42020,58.7,d,casa_pareada,no posee,calefon 10 lts splendid modelo master 10,1.7,1.7,0.38,0.38,-1,0.0,True
28bda02022,30.6,d,depto,no posee,el edificio cuenta con 2 calderas de gas natural ivar super,1.9,1.9,0.47,0.47,-1,0.0,True
35251a2023,57.8,d,depto,no posee,calefont 7 litros tiro forzado,1.9,1.9,0.47,0.47,-1,0.0,True
2c56fb2019,89.4,d,casa_aislada,no posee,calefont 10 litros tiro forzado,1.0,1.0,0.0,0.0,2,1.0,False
02e1622023,30.1,d,depto,no posee,5 calderas de gas natural genus premium evo hp 150 de 140,1.9,1.9,0.47,0.47,-1,0.0,True
d23fc82019,50.5,d,depto,no posee,calefont 7 litros tiro forzado,1.9,1.9,0.47,0.47,-1,0.0,True
22c7822024,48.5,d,depto,no posee,calefont 7 litros tiro forzado,1.9,1.9,0.47,0.47,60,1.0,False
0a81fe2022,44.8,f,casa_aislada,no posee,calefont glp,1.6,1.6,0.33,0.33,19,1.0,False
9430ff2023,42.6,f,casa_pareada,no posee,calefont 7 litros tiro forzado,1.7,1.7,0.38,0.38,16,1.0,False
87b64d2020,53.0,d,casa_pareada,no posee,calefont,1.9,1.9,0.47,0.47,10,1.0,False
e634c52022,52.3,d,depto,no posee,calefont glp,1.9,1.9,0.47,0.47,47,1.0,False
e3390d2026,28.0,d,depto,no posee,caldera condensación,1.9,1.9,0.47,0.47,13,1.0,False
cf96ee2024,53.3,b,casa_pareada,0,"calefón junkers smart 13litros, gas licuado con potencia",4.0,4.0,0.84,0.84,-1,0.0,True
e10f062024,53.8,e,depto,no posee,calefont 7 litros tiro forzado,1.7,1.7,0.38,0.38,54,1.0,False
b67b852025,49.4,d,depto,no posee,calefont glp,1.9,1.9,0.47,0.47,44,0.0,False
bbe2392026,47.0,d,casa_pareada,no posee,calefont 7 litros tiro forzado,1.7,1.7,0.38,0.38,41,1.0,False
f89c992022,93.4,d,casa_pareada,no posee,calefont tiro forzado,1.7,1.7,0.38,0.38,7,1.0,False
eb2be02026,58.2,d,depto,no posee,calefont tiro forzado,1.7,1.7,0.38,0.38,24,1.0,False
e4e1a32025,50.1,c,depto,calefactor electrico,calefont 12 litros gl,3.0,3.0,0.6,0.6,0,1.0,False
648cad2025,66.8,d,casa_aislada,calefactor electrico,calefont 16 litros gl,3.0,3.0,0.6,0.6,-1,0.0,True
121de72025,47.6,c,depto,no posee,caldera de condensación,4.0,4.0,0.84,0.84,-1,0.0,True
23906c2024,49.9,d,depto,no posee,calefont glp,1.9,1.9,0.47,0.47,-1,0.0,True
2557f92018,49.8,g,casa_aislada,no posee,calefont 7 litros tiro forzado,1.6,1.6,0.33,0.33,-1,0.0,True
5c2cff2022,74.9,d,casa_aislada,no posee,calefont 10 litros tiro forzado,1.7,1.7,0.38,0.38,-1,0.0,True
71e2072026,49.1,d,depto,no posee,calefont 7 litros tiro forzado,1.9,1.9,0.47,0.47,60,1.0,False
ce0d2d2021,53.2,d,casa_pareada,no posee,calefont 7 litros tiro forzado,1.9,1.9,0.47,0.47,43,1.0,False
4321df2025,48.4,d,depto,no posee,calefont,1.9,1.9,0.47,0.47,50,1.0,False
9fd4522021,51.7,d,depto,no posee,calefont glp,1.9,1.9,0.47,0.47,-1,0.0,True
793df42022,42.4,f,depto,no posee,calefont 7 litros tiro forzado,1.7,1.7,0.38,0.38,31,1.0,False
d394972026,49.4,f,depto,no posee,calefont 7 litros tiro forzado,1.6,1.6,0.33,0.33,32,1.0,False
2a33c12024,57.8,d,depto,no posee,calefont,1.9,1.9,0.47,0.47,50,1.0,False
6fc8972024,50.9,b,depto,no posee,"termo eléctrico anwo van200l, potencia 3.0 kw",4.0,4.0,0.84,0.84,-1,0.0,True
e9b18c2020,124.0,e,casa_aislada,caldera a gas sin condensacion encendido electronico control,caldera a gas licuado,1.7,1.7,0.38,0.38,-1,0.0,True
bb8d5f2026,46.6,e,depto,no posee,calefont 7 litros tiro forzado,1.7,1.7,0.38,0.38,54,1.0,False
921d3d2025,50.4,d,casa_pareada,no posee,calefont glp,1.9,1.9,0.47,0.47,39,1.0,False
ea4bb72026,53.4,d,depto,no posee,calefont 7 litros tiro forzado,1.9,1.9,0.47,0.47,58,1.0,False
8e18502025,37.6,d,depto,sin sistema,caldera de condensación marca naview,1.9,1.9,0.47,0.47,-1,0.0,True
7112cc2022,49.3,c,depto,no posee,calefont 7 litros tiro forzado,3.0,3.0,0.6,0.6,51,1.0,False
c2b3222024,32.7,d,depto,"central térmica, 3 calderas murales de condensación","central térmica, 3 calderas murales de condensación",1.9,1.9,0.47,0.47,-1,0.0,True
b23a522019,60.0,a,depto,no posee,calefont 7 litros tiro forzado,4.0,4.0,0.84,0.84,6,1.0,False
e64a5b2025,66.8,d,casa_pareada,0,calefont 10 litros tiro forzado,1.9,1.9,0.47,0.47,-1,0.0,True
d8bf942026,47.0,d,casa_pareada,no posee,calefont 7 litros tiro forzado,1.7,1.7,0.38,0.38,41,1.0,False
fa04ba2024,40.9,d,depto,no posee,calefont glp,3.0,3.0,0.6,0.6,37,0.0,False
67c3dd2022,28.6,d,depto,no posee,el edificio cuenta con 2 calderas de gas natural ivar super,1.9,1.9,0.47,0.47,-1,0.0,True
be431a2025,44.1,e,depto,no posee,calefont 7 litros tiro forzado,1.7,1.7,0.38,0.38,54,1.0,False
1e56d32021,74.1,d,casa_aislada,estufa a gas,calefont,1.9,1.9,0.47,0.47,-1,0.0,True
a54c892025,46.5,d,depto,no posee,calefont 7 litros tiro forzado,1.9,1.9,0.47,0.47,59,1.0,False
9c41a22025,45.2,e,depto,no posee,calefont 7 litros tiro forzado,1.7,1.7,0.38,0.38,54,1.0,False
5effdf2026,47.0,d,casa_pareada,"estufa keroseno, 3 kw",calefont 10litros tiro forzado,1.7,1.7,0.38,0.38,-1,0.0,True
7ce5cb2023,50.8,d,depto,no aplica,calefont glp,1.9,1.9,0.47,0.47,-1,0.0,True
e6d2f32024,33.7,d,depto,no posee,caldera de condensación,1.9,1.9,0.47,0.47,28,1.0,False
a7d07b2023,55.4,f,depto,no posee,calefont 7 litros tiro forzado,1.6,1.6,0.33,0.33,32,1.0,False
ded0572025,51.1,f,casa_pareada,no posee,calefont glp,1.6,1.6,0.33,0.33,27,0.0,False
fb96e52019,51.1,d,depto,no posee,calefont glp,1.9,1.9,0.47,0.47,49,1.0,False
2a6dc52026,50.1,c,depto,no posee,calefont 7 litros tiro forzado,3.0,3.0,0.6,0.6,51,1.0,False
b5af3d2025,46.5,d,depto,no posee,calefont 7 litros tiro forzado,1.7,1.7,0.38,0.38,56,1.0,False
6690042025,50.8,d,depto,no posee,calefont glp,1.9,1.9,0.47,0.47,48,1.0,False
7d44a22026,47.0,d,casa_pareada,no posee,calefont 7 litros tiro forzado,1.7,1.7,0.38,0.38,41,1.0,False
be11f72025,43.8,e,depto,no posee,termo eléctrico tm-120s splendid,1.7,1.7,0.38,0.38,-1,0.0,True
7508472019,66.8,d,casa_aislada,no posee,calefont 10 litros tiro forzado,1.0,1.0,0.0,0.0,2,1.0,False
4053492021,72.6,d,casa_pareada,estufa kerosene 3 kw,calefon tiro natural 10 lts +sst,1.7,1.7,0.38,0.38,1,1.0,False
57865c2024,53.0,d,depto,no posee,central térmica. caldera de condensación con acumuladores,1.9,1.9,0.47,0.47,-1,0.0,True
61cb3f2025,50.9,d,depto,no posee,calefont 7 litros tiro forzado,1.7,1.7,0.38,0.38,56,0.3529411671188933,False
d559362023,63.1,d,casa_aislada,no posee,calefont 7 litros tiro forzado,1.9,1.9,0.47,0.47,33,1.0,False
25e7cb2025,43.3,e,depto,no posee,calefont 7 litros tiro forzado,1.7,1.7,0.38,0.38,54,1.0,False
18ccba2025,77.7,d,casa_aislada,0,calefont 10 litros tiro forzado,1.9,1.9,0.47,0.47,-1,0.0,True
e19b272026,48.1,e,casa_aislada,no posee,calefont glp,1.7,1.7,0.38,0.38,21,1.0,False
74987c2024,49.0,f,casa_pareada,no posee,calefont,1.6,1.6,0.33,0.33,-1,0.0,True
ed00be2025,52.3,g,depto,no posee,calefont 10 litros tiro forzado,1.6,1.6,0.33,0.33,23,1.0,False
694cbb2020,42.7,d,depto,no posee,calefont 7 litros tiro forzado,1.9,1.9,0.47,0.47,-1,0.0,True
e6d5f72026,57.8,e,depto,sin sistema,calefont tiro forzado 10 litros,1.7,1.7,0.38,0.38,35,1.0,False
4fb3282022,34.6,a,depto,no posee,sistema unitario,4.0,4.0,0.84,0.84,-1,0.0,True
302ba62019,49.6,f,casa_pareada,no posee,calefont 7 litros tiro forzado,1.7,1.7,0.38,0.38,16,0.2647058810169847,False
678b5d2018,51.4,d,depto,no posee,calefont ionizado 10 litros tiro natural marca splendid modleo,1.7,1.7,0.38,0.38,-1,0.0,True
44bfdb2025,57.5,e,depto,no posee,calefont 7 litros tiro forzado,1.7,1.7,0.38,0.38,54,1.0,False
8e8eab2023,79.7,d,casa_pareada,no posee,calefont,1.9,1.9,0.47,0.47,10,0.655367237948189,False
64d7d82020,43.0,c,depto,no posee,calefont 7 litros tiro forzado,3.0,3.0,0.6,0.6,51,1.0,False
7dca882021,55.5,d,casa_pareada,no posee,calefont 7 litros tiro forzado,1.7,1.7,0.38,0.38,45,1.0,False
24ff692019,51.9,d,depto,no posee,sistema de calentamiento de agua directo a gas 13 lt,1.9,1.9,0.47,0.47,-1,0.0,True
2da0602022,49.3,d,depto,no posee,calefont glp,1.9,1.9,0.47,0.47,44,0.0,False
4c71f02022,45.4,d,depto,calefactor eléctrico,sistema de generación central por caldera de condensación,1.9,1.9,0.47,0.47,-1,0.0,True
5a0caa2023,59.6,a,depto,no posee,calefont 7 litros tiro forzado,4.0,4.0,0.84,0.84,6,1.0,False
17c92b2021,93.4,d,casa_aislada,no posee,calefont,1.7,1.7,0.38,0.38,-1,0.0,True
96a0202023,23.9,d,depto,no posee,central termica,1.9,1.9,0.47,0.47,38,0.571428566175627,False
6f70752024,35.5,d,depto,no posee,calefacción central mediante caldera de condensación,1.9,1.9,0.47,0.47,-1,0.0,True
47dc552025,49.5,d,casa_pareada,no posee,calefont 11 litros tiro forzado,1.9,1.9,0.47,0.47,-1,0.0,True
4271672025,53.0,d,depto,no posee,calefont glp,1.9,1.9,0.47,0.47,-1,0.0,True
2b83742019,29.3,d,depto,no posee,cuenta con un sistema de acs centralizado a partir de una,1.9,1.9,0.47,0.47,-1,0.0,True
e735c02019,41.2,f,depto,no posee,calefont 7 litros tiro forzado,1.6,1.6,0.33,0.33,32,0.974999963321316,False
e6059d2024,53.1,d,casa_pareada,calefactores eléctricos,calefont 10 litros tiro forzado,1.7,1.7,0.38,0.38,-1,0.0,True
adadaf2025,43.1,g,depto,calefactor eléctrico 1000 w,termo eléctrico,1.6,1.6,0.33,0.33,-1,0.0,True
10ac8d2024,49.6,f,casa_pareada,no posee,calefont 10 litros tiro forzado,1.7,1.7,0.38,0.38,-1,0.0,True
8f62d02023,29.6,c,depto,no posee,caldera con condensación,4.0,4.0,0.84,0.84,-1,0.0,True
0380172023,31.3,d,depto,no posee,la torre cuenta con 2 calderas de gas natural sime modelo,1.9,1.9,0.47,0.47,-1,0.0,True
07b8182025,65.3,f,depto,no posee,calefont 7 litros tiro forzado,1.7,1.7,0.38,0.38,31,0.734177211230596,False
255f582026,48.4,g,depto,sin sistema,calefont 12lt tiro forzado,1.1,1.1,0.28,0.28,-1,0.0,True
b3042b2026,47.0,d,casa_pareada,"estufa keroseno, 3 kw",calefont 10litros tiro forzado,1.7,1.7,0.38,0.38,-1,0.0,True
5ff7642025,48.6,d,depto,no posee,calefont glp,1.9,1.9,0.47,0.47,44,0.0,False
064c472021,42.0,d,depto,no considera,central termica,1.9,1.9,0.47,0.47,-1,0.0,True
f390fe2023,41.2,f,casa_aislada,no posee,calefont glp,1.6,1.6,0.33,0.33,19,1.0,False
8335102022,45.6,d,depto,no posee,calefon de condensación,1.9,1.9,0.47,0.47,50,0.00881953798648314,False
5120912024,49.6,d,depto,no posee,caldera condensación,1.9,1.9,0.47,0.47,13,1.0,False
19f1642022,29.7,f,depto,no posee,calefont 7 litros tiro forzado,1.6,1.6,0.33,0.33,32,0.3391304163319646,False
4017822025,45.9,d,depto,no posee,calefont 7 litros tiro forzado,1.7,1.7,0.38,0.38,56,1.0,False
eeb44c2024,46.0,c,depto,no posee,calefont 13 litros tiro forzado,3.0,3.0,0.6,0.6,-1,0.0,True
183e162019,43.8,c,depto,no posee,calefont 12 litros,3.0,3.0,0.6,0.6,-1,0.0,True
aba8712024,42.3,b,depto,no posee,calefont 10 litros tiro forzado,3.0,3.0,0.6,0.6,-1,0.0,True
0ef1392026,52.1,f,casa_pareada,no posee,calefont glp,1.7,1.7,0.38,0.38,27,0.0,False
84b5762024,49.5,f,casa_aislada,no posee,calefont 7 litros tiro forzado,1.7,1.7,0.38,0.38,14,1.0,False
202fb92025,49.5,d,depto,no posee,sala de calderas,1.9,1.9,0.47,0.47,12,0.5657894480160836,False
e3f7142024,48.3,f,casa_pareada,no posee,calefont glp,1.7,1.7,0.38,0.38,27,0.0,False
7c14482022,46.0,d,depto,no considera,central térmica,1.9,1.9,0.47,0.47,-1,0.0,True
b387cc2021,54.5,a,depto,no posee,calefont 7 litros tiro forzado,4.0,4.0,0.84,0.84,5,1.0,False
84389c2019,47.2,d,depto,no posee,calefont 7 litros tiro forzado,1.9,1.9,0.47,0.47,61,1.0,False
358d092024,51.0,d,depto,no posee,calefont,1.9,1.9,0.47,0.47,50,1.0,False
4c0e852021,48.3,e,casa_aislada,no posee,calefont glp,1.7,1.7,0.38,0.38,21,1.0,False
a387502021,41.4,d,casa_pareada,no posee,calefont glp,1.9,1.9,0.47,0.47,40,0.0,False
9edd8b2025,59.9,d,depto,no posee,calefont tiro forzado 12 litros,1.9,1.9,0.47,0.47,-1,0.0,True
a5f7782025,48.0,c,depto,no posee,termo electrico pie,4.0,4.0,0.84,0.84,-1,0.0,True
ff86042026,43.3,b,depto,0,"calefon junkers hidrowind wr13-2 km e31 s4305, 13 litros,",4.0,4.0,0.84,0.84,-1,0.0,True
11e0e92023,44.6,d,depto,no posee,calderas de condensación murales,1.9,1.9,0.47,0.47,-1,0.0,True
eee5962019,50.4,d,depto,no posee,caldera de condensación,1.9,1.9,0.47,0.47,28,1.0,False
ec269e2025,46.3,d,depto,no aplica,caldera de condensacion a gas,1.9,1.9,0.47,0.47,-1,0.0,True
2527432019,40.6,d,depto,no posee,"5 calderas murales de condensación a gas natural, baxi luna",1.9,1.9,0.47,0.47,-1,0.0,True
6e49422020,51.0,d,depto,no posee,calefont glp,1.9,1.9,0.47,0.47,48,1.0,False
a96fbd2024,46.0,b,depto,no posee,"termo eléctrico anwo van200l, potencia 3.0 kw",4.0,4.0,0.84,0.84,-1,0.0,True
cb46102026,68.9,d,depto,no posee,calefont 7 litros tiro forzado,1.9,1.9,0.47,0.47,-1,0.0,True
3e042a2023,75.2,f,casa_aislada,no posee,calefont 7 litros tiro forzado,1.7,1.7,0.38,0.38,14,1.0,False
c002372024,26.0,d,depto,no posee,central termica,1.9,1.9,0.47,0.47,38,1.0,False
e2e9aa2022,44.5,d,depto,no posee,el edificio cuenta con 2 calderas de gas natural ivar super,1.9,1.9,0.47,0.47,-1,0.0,True
c18a882018,50.4,e,casa_aislada,no posee,calefont tiro balanceado,1.0,1.0,0.0,0.0,-1,0.0,True
e0da502024,94.7,h,casa_aislada,no posee,"calefon tiro forzado 13 litros marca: splendid, modelo: mvg",1.6,1.6,0.33,0.33,-1,0.0,True
b820152025,57.0,a,depto,no posee,"calefón mademsa forced 10 eco gl, 10 litros, gas licuado",4.0,4.0,0.84,0.84,-1,0.0,True
049ee62024,31.9,d,depto,no posee,"el edificio cuenta con 5 calderas de gas natural, riello condexa",1.0,1.0,0.0,0.0,2,0.9962937888027079,False
7708452026,46.6,d,depto,no posee,sala de calderas,1.9,1.9,0.47,0.47,12,0.7166666924060962,False
cf9a5e2024,52.9,d,depto,no posee,bomba de calor,1.9,1.9,0.47,0.47,-1,0.0,True
9357812021,36.2,d,depto,no posee,calefon de condensación,1.9,1.9,0.47,0.47,50,0.00881953798648314,False
f47e632023,57.7,d,depto,no posee,calefont tiro forzado,1.7,1.7,0.38,0.38,24,1.0,False
9941952024,64.8,d,casa_pareada,no posee,calefont 7 litros tiro forzado,1.7,1.7,0.38,0.38,-1,0.0,True
d936862025,65.3,f,depto,no posee,calefont tiro forzado rheem 14 l,1.7,1.7,0.38,0.38,-1,0.0,True
24cd972020,29.5,g,depto,no posee,calefont 7 litros tiro forzado,1.6,1.6,0.33,0.33,22,0.5333332941113484,False
4123c92021,51.3,e,casa_pareada,no posee,calefont 10 litros tiro forzado,1.7,1.7,0.38,0.38,-1,0.0,True
38622f2025,53.6,d,casa_pareada,no posee,calefont glp,1.9,1.9,0.47,0.47,39,1.0,False
a11f192019,60.0,a,depto,no posee,calefont 7 litros tiro forzado,4.0,4.0,0.84,0.84,6,1.0,False
5f28862025,56.9,g,casa_pareada,no posee,calefont glp,1.1,1.1,0.28,0.28,-1,0.0,True
5412952023,42.6,f,casa_pareada,no posee,calefont 7 litros tiro forzado,1.7,1.7,0.38,0.38,16,1.0,False
36831a2024,49.8,b,casa_aislada,no posee,calefont 7 litros tiro forzado,3.0,3.0,0.6,0.6,-1,0.0,True
5e12372022,93.4,d,casa_pareada,no posee,calefont tiro forzado,1.7,1.7,0.38,0.38,7,1.0,False
c6d35c2023,49.4,d,depto,no posee,calefont 7 litros tiro forzado,3.0,3.0,0.6,0.6,55,0.8500000115827424,False
7e58852024,35.5,d,depto,no posee,bomba de calor,1.9,1.9,0.47,0.47,-1,0.0,True
832da02025,55.5,d,casa_pareada,no posee,calefont 7 litros tiro forzado,1.7,1.7,0.38,0.38,45,1.0,False
32f8b92024,47.8,f,depto,no posee,calefont,1.6,1.6,0.33,0.33,-1,0.0,True
25153c2020,55.1,d,depto,no posee,"calefon tiro forzado, modelo forza tfm 10 eco,",3.0,3.0,0.6,0.6,-1,0.0,True
56eda92025,70.7,d,depto,radiadores electricos,caldera centralizada,1.9,1.9,0.47,0.47,-1,0.0,True
90cb042024,56.8,d,depto,no posee,calefont 11 litros tiro forzado,1.9,1.9,0.47,0.47,-1,0.0,True
507b4b2023,53.0,c,depto,no posee,calefont 7 litros tiro forzado,4.0,4.0,0.84,0.84,3,1.0,False
a509702018,55.0,d,casa_pareada,no posee,calefont 7 litros tiro forzado,1.9,1.9,0.47,0.47,43,1.0,False
ef528f2018,52.3,i,depto,"calefactor a gas natural, marca orbis de 9100 kcal/hr.","calefón a gas natural, marca neckar de 13 litros.",0.6,0.6,0.25,0.25,-1,0.0,True
101b792026,27.7,d,depto,no posee,caldera condensación,1.9,1.9,0.47,0.47,13,1.0,False
8cac0c2025,63.1,d,casa_aislada,no posee,calefont 7 litros tiro forzado,1.9,1.9,0.47,0.47,33,1.0,False
671adf2025,49.5,d,casa_pareada,no posee,calefont 11 litros tiro forzado,1.9,1.9,0.47,0.47,-1,0.0,True
ef9e902022,69.0,f,casa_aislada,electricidad,calefont 13 litros tiro forzado,1.7,1.7,0.38,0.38,-1,0.0,True
059c562024,47.0,e,casa_pareada,no posee,calefont 7 litros tiro forzado,1.7,1.7,0.38,0.38,34,1.0,False
0b32192024,50.5,d,depto,no posee,calefont 11 litros tiro forzado,1.9,1.9,0.47,0.47,-1,0.0,True
531e142026,58.2,d,depto,no posee,calefont tiro forzado,1.7,1.7,0.38,0.38,24,1.0,False
dbbdf22023,30.8,d,depto,no posee,caldera de condensación,1.9,1.9,0.47,0.47,28,1.0,False
2350002026,48.5,d,depto,no posee,calefont glp,1.9,1.9,0.47,0.47,44,1.0,False
d832602024,29.4,d,depto,no considera,caldera con condensación,1.9,1.9,0.47,0.47,53,1.0,False
4e8b482021,60.0,f,casa_aislada,estufa a parafina marca toyotomi modelo ff-55 el que tiene,calefon marca mademsa modelo forzada tfm 10 eco gl/gn,1.6,1.6,0.33,0.33,-1,0.0,True
b4cb892026,59.9,a,depto,no posee,termo eléctrico,4.0,4.0,0.84,0.84,-1,0.0,True
e3cdbc2021,55.8,g,depto,no posee,calefont 7 litros tiro forzado,1.1,1.1,0.28,0.28,22,0.045976585582855785,False
54800a2023,56.6,c,casa_pareada,no posee,calefont 7 litros tiro forzado,4.0,4.0,0.84,0.84,3,0.00339213025673568,False
286a632023,59.9,d,depto,no posee,calefont tiro forzado 13 litros,1.9,1.9,0.47,0.47,-1,0.0,True
9eb7232025,48.7,g,casa_aislada,no posee,calefon,1.1,1.1,0.28,0.28,17,1.0,False
3f56302025,53.1,d,casa_pareada,no posee,calefont glp,1.9,1.9,0.47,0.47,39,1.0,False
10ff972024,43.7,d,depto,no posee,calefacción central mediante caldera de condensación,1.9,1.9,0.47,0.47,-1,0.0,True
5ade802025,51.8,c,depto,no posee,calefont 10 litros - splendid mvg tfi-10,4.0,4.0,0.0,0.0,-1,0.0,True
41b1502026,71.7,d,casa_pareada,sin sistema,calefont,1.9,1.9,0.47,0.47,-1,0.0,True
6211532020,43.7,d,casa_pareada,no posee,calefont 7 litros tiro forzado,1.9,1.9,0.47,0.47,42,1.0,False
44e8ee2025,48.6,d,casa_pareada,no posee,"calefont marca splendid, modelo tcsb7-3, 7 lts, potencia",1.9,1.9,0.47,0.47,-1,0.0,True
7056902023,55.5,a,depto,no posee,"termo eléctrico marca junkers, modelo elacell excellence",4.0,4.0,0.84,0.84,-1,0.0,True
7b9eff2023,46.0,d,depto,no posee,caldera de condensación,1.9,1.9,0.47,0.47,28,1.0,False
2907dd2024,49.8,g,depto,no posee,calefont 10 litros tiro forzado,1.1,1.1,0.28,0.28,23,1.0,False
789c4f2023,52.2,g,depto,no posee,calefont 7 litros tiro forzado,1.6,1.6,0.33,0.33,22,1.0,False
cfe4012024,40.4,d,depto,"central térmica, 2 calderas tipo tank in tank heat master. uso","central térmica, 2 calderas tipo tank in tank heat master.",1.9,1.9,0.47,0.47,-1,0.0,True
080bd72025,47.0,e,casa_aislada,no posee,calefont 7 litros tiro forzado,1.7,1.7,0.38,0.38,33,0.012550881504633415,False
3b41892025,25.8,d,depto,no posee,calefont 7 litros tiro forzado,1.9,1.9,0.47,0.47,-1,0.0,True
01bd752021,41.7,d,casa_pareada,no posee,calefont glp,1.9,1.9,0.47,0.47,40,0.0,False
d72e9d2019,51.1,d,depto,no posee,calefont glp,1.9,1.9,0.47,0.47,49,1.0,False
b0a26f2025,28.9,d,depto,no posee,sala de calderas,1.9,1.9,0.47,0.47,12,1.0,False
4ae25f2025,27.8,d,depto,no posee,calefont 7 litros tiro forzado,1.9,1.9,0.47,0.47,57,0.9500000038609141,False
84d0c12023,30.2,d,depto,no posee,5 calderas de gas natural genus premium evo hp 150 de 140,1.9,1.9,0.47,0.47,-1,0.0,True
356a432025,63.7,d,depto,central termica calderas de gas natural,central termica calderas de gas natural,1.9,1.9,0.47,0.47,-1,0.0,True
084b872024,50.9,d,depto,no posee,calefont tiro forzado,1.9,1.9,0.47,0.47,24,0.024526388758561498,False
63c6eb2024,49.6,d,casa_pareada,no posee,calefont glp,3.0,3.0,0.6,0.6,-1,0.0,True
b1563d2026,47.0,d,casa_pareada,no posee,calefont 7 litros tiro forzado,1.7,1.7,0.38,0.38,41,1.0,False
10d0e72023,50.0,i,casa_aislada,no posee,calefont 7 litros tiro forzado,,,,,-1,0.0,True
2fde7f2026,43.3,e,depto,no posee,calefont 7 litros tiro forzado,1.7,1.7,0.38,0.38,54,1.0,False
e79ac42020,57.2,b,depto,no posee,calefont 7 litros tiro forzado,3.0,3.0,0.6,0.6,-1,0.0,True
4341bf2025,94.7,d,casa_aislada,0,calefont 10 litros tiro forzado,1.9,1.9,0.47,0.47,-1,0.0,True
4bae7f2021,51.0,d,casa_pareada,no posee,calefont glp,1.9,1.9,0.47,0.47,39,1.0,False
fa08342026,62.5,d,casa_pareada,no posee,calefont 7 litros tiro forzado,1.7,1.7,0.38,0.38,-1,0.0,True
b4412f2026,53.0,d,depto,no posee,calefont glp,1.9,1.9,0.47,0.47,-1,0.0,True
ed28cc2025,49.2,a,casa_pareada,no posee,calefont glp,4.0,4.0,0.84,0.84,-1,0.0,True
5786e42025,54.8,d,depto,calefactor electrico,calefont 12 litros gl,1.9,1.9,0.47,0.47,0,0.5214825142445386,False
3f8c322025,46.7,a,depto,no posee,"calefon junkers wd10 km e31 s4300, de 10 l y 18,2 kw",4.0,4.0,0.84,0.84,-1,0.0,True
4030242025,50.8,d,depto,no posee,calefont glp,1.9,1.9,0.47,0.47,48,1.0,False
5426a42022,51.3,d,depto,no posee,calefont glp,1.9,1.9,0.47,0.47,49,0.0,False
9210d22026,44.5,f,casa_pareada,no posee,calefont 7 litros tiro forzado,1.7,1.7,0.38,0.38,16,1.0,False
8759872025,66.8,d,casa_aislada,no posee,calefont 7 litros tiro forzado,1.9,1.9,0.47,0.47,33,1.0,False
589fc82019,29.7,f,depto,no posee,calefont 7 litros tiro forzado,1.6,1.6,0.33,0.33,32,0.3391304163319646,False
8859982025,58.6,i,casa_pareada,no posee,calefont 7 litros tiro forzado,0.6,0.6,0.25,0.25,-1,0.0,True
080def2026,31.8,f,depto,radiador eléctrico,termo,1.6,1.6,0.33,0.33,-1,0.0,True
6a2dae2022,87.9,d,casa_aislada,radiador eléctrico,calefont tiro forzado,1.9,1.9,0.47,0.47,-1,0.0,True
14ff142025,57.8,d,casa_pareada,no posee,calefont 7 litros tiro forzado,1.9,1.9,0.47,0.47,43,0.6153846153846154,False
f3a29c2021,53.3,d,depto,no posee,calefon,1.9,1.9,0.47,0.47,-1,0.0,True
384a462024,49.3,e,depto,no posee,calefont 13 litros tiro forzado,1.7,1.7,0.38,0.38,-1,0.0,True
b951052022,39.2,f,casa_aislada,no posee,calefont glp,1.6,1.6,0.33,0.33,19,1.0,False
fd3f392025,51.5,d,depto,no posee,calefont 7 litros tiro forzado,1.9,1.9,0.47,0.47,58,1.0,False
cf25062024,31.1,d,depto,no posee,caldera central a gas,1.9,1.9,0.47,0.47,30,1.0,False
6ab1652020,60.3,a,depto,no posee,calefont 7 litros tiro forzado,4.0,4.0,0.84,0.84,6,1.0,False
8809c62022,91.6,d,casa_pareada,no posee,calefont tiro forzado,1.7,1.7,0.38,0.38,7,1.0,False
9328472021,49.0,c,depto,no posee,cuatro calderas de condensación y cuatro cilindros de inercia,3.0,3.0,0.6,0.6,-1,0.0,True
9642182022,50.7,d,depto,no posee,calefont glp,1.9,1.9,0.47,0.47,48,1.0,False
a677c92023,28.7,d,depto,no posee,central termica,1.9,1.9,0.47,0.47,38,1.0,False
a3a8702022,44.4,d,depto,no posee,caldera de condensación,1.9,1.9,0.47,0.47,28,1.0,False
e6759d2022,31.2,d,depto,no considera,caldera con condensación,1.9,1.9,0.47,0.47,53,1.0,False
6e4a612021,42.0,d,casa_pareada,no posee,calefont glp,1.9,1.9,0.47,0.47,40,1.0,False
79442a2020,58.7,d,casa_pareada,no posee,calefont 10 litros tiro natural,1.7,1.7,0.38,0.38,-1,0.0,True
3e8ce92023,54.0,f,casa_pareada,no aplica,calefont glp,1.6,1.6,0.33,0.33,26,1.0,False
e973c12024,63.1,e,depto,sin sistema,calefont,1.7,1.7,0.38,0.38,35,1.0,False
31ac552024,53.6,a,depto,no posee,"calefon splendid mvg tfi de 10 litros, de 17,6 kw potencia",4.0,4.0,0.84,0.84,4,1.0,False
40c3bc2022,52.7,d,depto,no posee,el edificio cuenta con 4 calderas tipo mural de condensación,1.9,1.9,0.47,0.47,-1,0.0,True
fa3c7f2020,51.6,d,casa_pareada,estufa kerosene 3 kw,calefon tiro natural 10 lts +sst,1.7,1.7,0.38,0.38,1,1.0,False
a217702024,42.4,f,depto,no posee,calefont 7 litros tiro forzado,1.7,1.7,0.38,0.38,31,1.0,False
e28db32024,93.8,d,casa_aislada,estufa a gas,calefont,1.9,1.9,0.47,0.47,-1,0.0,True
6e89682025,48.5,d,depto,no posee,"en definición, se utiliza por defecto en precalificación.",1.9,1.9,0.47,0.47,-1,0.0,True
cca86c2020,42.4,d,casa_pareada,no posee,calefont glp,1.9,1.9,0.47,0.47,40,0.0,False
90349e2023,58.7,d,casa_aislada,no posee,calefont 7 litros tiro forzado,1.7,1.7,0.38,0.38,33,0.037811515147903374,False
f5e76d2024,49.4,d,depto,no posee,calefont tiro forzado,1.9,1.9,0.47,0.47,24,0.024526388758561498,False
6761122022,55.4,a,depto,no posee,"calefon splendid, master mvg tfi 10, 10 litros, gas licuado",4.0,4.0,0.84,0.84,-1,0.0,True
8885932019,41.2,f,depto,no posee,calefont 7 litros tiro forzado,1.6,1.6,0.33,0.33,32,0.974999963321316,False
a0b3762023,44.4,c,casa_pareada,no posee,calefon tiro natural marca splendid modelo,4.0,4.0,0.0,0.0,-1,0.0,True
753d8d2023,30.5,d,depto,no posee,caldera central a gas,1.9,1.9,0.47,0.47,30,1.0,False
42170e2024,34.3,d,depto,"central térmica, 2 calderas tipo tank in tank heat master. uso","central térmica, 2 calderas tipo tank in tank heat master.",1.9,1.9,0.47,0.47,-1,0.0,True
a747be2021,59.3,d,casa_pareada,no posee,calefón,1.9,1.9,0.47,0.47,-1,0.0,True
2009512021,92.0,d,casa_aislada,no posee,calefont,1.9,1.9,0.47,0.47,-1,0.0,True
67394a2021,48.4,d,depto,no posee,calefont 7 litros tiro forzado,1.9,1.9,0.47,0.47,60,1.0,False
7d428e2021,57.3,d,casa_pareada,no posee,calefont glp,1.9,1.9,0.47,0.47,-1,0.0,True
dda0db2025,49.8,g,depto,no posee,calefont 10 litros tiro forzado,1.6,1.6,0.33,0.33,23,1.0,False
bbb0d32021,70.8,d,casa_pareada,no posee,calefón,1.9,1.9,0.47,0.47,-1,0.0,True
4134bf2023,57.7,d,depto,no posee,calefont tiro forzado,1.7,1.7,0.38,0.38,24,1.0,False
0c4f092026,47.6,c,depto,no posee,caldera a condensación,4.0,4.0,0.84,0.84,-1,0.0,True
3630792021,59.3,d,casa_pareada,no posee,calefón,1.9,1.9,0.47,0.47,-1,0.0,True
51bdcc2022,65.2,d,depto,calefactores eléctricos,centralizado con caldera de condensación y estanques de,1.9,1.9,0.47,0.47,-1,0.0,True
5db6b62022,35.3,d,depto,losa radiante mediante bomba de calor aerotérmica,bomba de calor aerotérmica,1.9,1.9,0.47,0.47,-1,0.0,True
bff2b12025,48.3,e,casa_aislada,no posee,calefont glp,1.7,1.7,0.38,0.38,21,1.0,False
8bc8b12023,53.5,d,casa_aislada,no posee,calefont 13 litros tiro forzado,1.9,1.9,0.47,0.47,-1,0.0,True
d952dc2025,48.5,d,depto,no posee,calefont glp,1.9,1.9,0.47,0.47,44,1.0,False
5d2b6b2024,31.0,d,depto,no posee,el edificio cuenta con 3 calderas de gas natural sime modelo,1.9,1.9,0.47,0.47,-1,0.0,True
a3ebb02025,57.8,f,depto,no posee,calefont 7 litros tiro forzado,1.7,1.7,0.38,0.38,31,1.0,False
f669442023,31.2,d,depto,no considera,caldera con condensación,1.9,1.9,0.47,0.47,53,1.0,False
0fd0372021,47.4,d,depto,no posee,calefont glp,1.9,1.9,0.47,0.47,-1,0.0,True
d903d82025,23.9,d,depto,no posee,calderas de condensación,1.9,1.9,0.47,0.47,-1,0.0,True
15401a2019,41.2,f,depto,no posee,calefont 7 litros tiro forzado,1.6,1.6,0.33,0.33,32,0.974999963321316,False
7e18522026,47.0,d,casa_pareada,no posee,calefont 7 litros tiro forzado,1.7,1.7,0.38,0.38,41,1.0,False
87dac82021,51.9,f,depto,no posee,calefont 10 litros tiro forzado,1.7,1.7,0.38,0.38,-1,0.0,True
3c0cdd2024,29.0,d,depto,no posee,central termica,1.9,1.9,0.47,0.47,38,1.0,False
060a992025,57.8,e,depto,no posee,calefont,1.7,1.7,0.38,0.38,-1,0.0,True
37533a2025,48.6,d,casa_pareada,no posee,"calefont marca splendid, modelo tcsb7-3, 7 lts, potencia",1.9,1.9,0.47,0.47,-1,0.0,True
07987b2024,55.3,d,casa_aislada,no posee,calefont 7 litros tiro forzado,1.9,1.9,0.47,0.47,33,0.4743589753743364,False
d460ab2023,118.9,d,casa_aislada,sin sistema instalado. se dejan instalaciones para caldera,dos calefon 15 litros marca junker modelo wtd15 km e23.,1.9,1.9,0.47,0.47,-1,0.0,True
d5731e2025,51.0,a,depto,calefactor electrico,calefont 12 litros gl,4.0,4.0,0.84,0.84,-1,0.0,True
f13ad42026,46.6,e,depto,no posee,calefont 7 litros tiro forzado,1.7,1.7,0.38,0.38,54,1.0,False
6082ec2023,79.7,d,casa_pareada,no posee,calefont,1.9,1.9,0.47,0.47,10,0.655367237948189,False
05015c2021,55.5,d,casa_pareada,no posee,calefont 7 litros tiro forzado,1.7,1.7,0.38,0.38,45,1.0,False
aed34d2021,51.0,d,depto,no considera,calefont 11 litros,3.0,3.0,0.6,0.6,-1,0.0,True
c5e64a2025,57.8,d,casa_pareada,no posee,calefont 7 litros tiro forzado,1.9,1.9,0.47,0.47,43,0.6153846153846154,False
3c18e12023,57.8,c,depto,no posee,calefont 7 litros tiro forzado,3.0,3.0,0.6,0.6,51,0.6727272441373634,False
c890132021,39.7,d,depto,no posee,calefon de condensación,1.9,1.9,0.47,0.47,50,0.00881953798648314,False
b1af3f2026,47.6,d,depto,no posee,calefont 7 litros tiro forzado,1.7,1.7,0.38,0.38,56,1.0,False
8a6aa42022,28.7,d,depto,no existe,sistema de calentamiento de agua con estanque eléctrico,1.9,1.9,0.47,0.47,-1,0.0,True
d540b62019,50.6,f,depto,no posee,calefont 7 litros tiro forzado,1.6,1.6,0.33,0.33,32,1.0,False
b676922024,29.3,g,depto,no posee,calefont individual. gas licuado,1.6,1.6,0.33,0.33,-1,0.0,True
5722f02022,35.3,d,depto,losa radiante mediante bomba de calor aerotérmica,bomba de calor aerotérmica,1.9,1.9,0.47,0.47,-1,0.0,True
bc1b362022,48.0,d,depto,no posee,calefont 10 litros tiro forzado,1.9,1.9,0.47,0.47,11,1.0,False
e9d1ab2020,41.2,i,casa_aislada,split inverter marca fujitsu modelo acy50 uia-ll.,"calefont ionizado- gas licuado, marca splendid, modelo beyond",,,,,-1,0.0,True
54f5782026,48.6,d,depto,no posee,calefont 7 litros tiro forzado,1.9,1.9,0.47,0.47,60,1.0,False
7df02a2025,37.4,d,depto,split inverter,termo eléctrico,1.9,1.9,0.47,0.47,-1,0.0,True
9728092020,70.2,d,casa_aislada,no posee,calefont 13 litros tiro forzado,3.0,3.0,0.6,0.6,-1,0.0,True
08ddc42026,42.8,e,depto,sin sistema,caldera a condensación,1.7,1.7,0.38,0.38,-1,0.0,True
fcb7052026,47.0,d,casa_pareada,no posee,calefont 7 litros tiro forzado,1.7,1.7,0.38,0.38,41,1.0,False
ba722d2019,55.5,e,casa_aislada,no posee,calefont glp,1.7,1.7,0.38,0.38,21,0.058823524067939004,False
4692a52023,52.7,a,depto,no posee,"calefon splendid mvg tfi de 10 litros, de 17,6 kw potencia",4.0,4.0,0.84,0.84,4,1.0,False
f725732022,47.2,f,casa_pareada,no posee,calefont glp,1.7,1.7,0.38,0.38,27,0.0,False
be072f2025,42.8,d,depto,no posee,calefont 10 litros tiro forzado,1.9,1.9,0.47,0.47,11,1.0,False
fbe2f52026,26.7,d,depto,no posee,sala de calderas,1.9,1.9,0.47,0.47,12,1.0,False
a54dbe2025,36.0,d,depto,no posee,"calefón mural de condensación, instalado en batería (conexión",1.9,1.9,0.47,0.47,-1,0.0,True
0ecf2a2022,48.0,d,depto,no posee,calefont 10 litros tiro forzado,1.9,1.9,0.47,0.47,11,1.0,False
827d752019,47.2,d,depto,no posee,calefont 7 litros tiro forzado,1.9,1.9,0.47,0.47,61,1.0,False
b8869d2019,60.0,a,depto,no posee,calefont 7 litros tiro forzado,4.0,4.0,0.84,0.84,6,1.0,False
d919a02023,82.4,d,depto,radiador eléctrico,temo eléctrico,1.9,1.9,0.47,0.47,-1,0.0,True
1d5a152023,55.8,i,depto,"calefactor de tiro natural modelo 4990tc, marca orbis, potencia","calefon de tiro forzado digital de 13 litros- marca spendid,",0.6,0.6,0.25,0.25,-1,0.0,True
9bd00b2024,52.8,d,casa_pareada,no posee,calefont glp,1.9,1.9,0.47,0.47,39,1.0,False
faf5f12023,55.7,e,casa_pareada,no posee,sistema aquatank 270 con bomba de calor para acs y,1.7,1.7,0.38,0.38,-1,0.0,True
e677902022,29.8,d,depto,no posee,termo eléctrico,1.9,1.9,0.47,0.47,8,1.0,False
596a322019,51.1,d,depto,no posee,calefont glp,1.9,1.9,0.47,0.47,49,1.0,False
3e142d2021,52.1,d,casa_pareada,no posee,calefont 10 litros tiro forzado,1.7,1.7,0.38,0.38,36,0.02654312861602531,False
93c1cb2024,40.9,d,depto,no posee,calefont glp,3.0,3.0,0.6,0.6,37,0.0,False
c5e8842023,46.0,d,depto,no posee,caldera de condensación,1.9,1.9,0.47,0.47,28,1.0,False
7b71d32021,49.8,d,casa_pareada,no posee,calefont glp,1.9,1.9,0.47,0.47,39,1.0,False
04957e2022,41.4,d,depto,no posee,caldera con condensación,1.9,1.9,0.47,0.47,52,1.0,False
5488e02023,60.0,g,depto,no posee,calefont 7 litros tiro forzado,1.1,1.1,0.28,0.28,22,0.045976585582855785,False
abfdb52022,45.7,d,casa_pareada,no posee,calefont glp,1.9,1.9,0.47,0.47,40,0.0,False
4ee97f2023,52.4,c,depto,no posee,calefont,3.0,3.0,0.6,0.6,-1,0.0,True
ed26212022,30.8,d,depto,no posee,el edificio cuenta con 2 calderas sime 2r10 de 154.500 kcal/h,1.9,1.9,0.47,0.47,28,0.01356852102694272,False
881f472019,47.2,d,depto,no posee,calefont 7 litros tiro forzado,1.9,1.9,0.47,0.47,61,1.0,False
43c07d2024,57.0,e,casa_pareada,no posee,calefont. gas licuado,1.7,1.7,0.38,0.38,-1,0.0,True
fd1ad42019,29.1,d,depto,no considera sistema de calefacción.,sistema individual termo eléctrico con encendido automático.,1.9,1.9,0.47,0.47,-1,0.0,True
adddb02026,21.4,d,depto,no posee,termo eléctrico marca winter 80 litros.,1.9,1.9,0.47,0.47,-1,0.0,True
9ab3732022,27.2,d,depto,no posee,caldera con condensación,1.9,1.9,0.47,0.47,52,1.0,False
2ebe522023,50.4,d,depto,no posee,calefont 7 litros tiro forzado,1.9,1.9,0.47,0.47,-1,0.0,True
1cb68b2025,49.8,b,depto,no posee,"calefont 10 litros tiro forzado, cámara abierta",4.0,4.0,0.84,0.84,-1,0.0,True
bb33752021,46.1,d,casa_pareada,no posee,calefont 10 litros tiro forzado,1.9,1.9,0.47,0.47,36,1.0,False
cd3a0e2025,48.7,g,casa_aislada,no posee,calefont 10 litros tiro forzado,1.1,1.1,0.28,0.28,17,1.0,False
c42b3c2025,53.1,c,casa_pareada,0,"calefón junkers smart wr13-2 km e31 s4305 13 litros, gas",4.0,4.0,0.84,0.84,-1,0.0,True
09f0ea2025,58.7,d,casa_pareada,no posee,calefont 7 litros tiro forzado,1.9,1.9,0.47,0.47,43,0.6153846153846154,False
d2718a2025,45.9,d,depto,no posee,calefont 7 litros tiro forzado,1.9,1.9,0.47,0.47,59,1.0,False
f26da02025,43.3,e,depto,no posee,calefont 7 litros tiro forzado,1.7,1.7,0.38,0.38,54,1.0,False
e307cd2025,44.1,d,depto,no posee,calefont 11 litros tiro forzado,1.9,1.9,0.47,0.47,-1,0.0,True
b238ae2022,42.8,d,depto,no posee,calefont 10 litros tiro forzado,1.9,1.9,0.47,0.47,11,1.0,False
a039912024,63.1,d,depto,sin sistema,calefont,1.9,1.9,0.47,0.47,50,0.00881953798648314,False
b010382024,33.8,d,depto,no posee,central térmica. caldera de condensación con acumuladores,1.9,1.9,0.47,0.47,-1,0.0,True
e472dd2026,57.8,e,depto,sin sistema,calefont tiro forzado 13 lts,1.7,1.7,0.38,0.38,35,1.0,False
f321a62021,48.0,d,depto,no posee,calefont glp,1.9,1.9,0.47,0.47,44,0.0,False
7af9d92026,58.6,i,casa_pareada,no posee,calefont 7 litros tiro forzado,0.6,0.6,0.25,0.25,-1,0.0,True
bd62992019,47.2,d,depto,no posee,calefont 7 litros tiro forzado,1.9,1.9,0.47,0.47,61,1.0,False
8126d42026,67.6,e,depto,sin sistema,calefont tiro forzado 13 lts,1.7,1.7,0.38,0.38,35,1.0,False
78edde2022,67.6,d,casa_aislada,no posee,calefont 7 litros tiro forzado,1.7,1.7,0.38,0.38,33,0.037811515147903374,False
e9b3d42021,43.3,e,casa_aislada,no posee,calefont glp,1.7,1.7,0.38,0.38,21,0.14285714285714285,False
f5b19c2024,33.8,d,depto,no posee,central térmica. caldera de condensación con acumuladores,1.9,1.9,0.47,0.47,-1,0.0,True
09952c2023,29.0,d,depto,no considera,calefon con condensación,1.9,1.9,0.47,0.47,-1,0.0,True
6bf5a42021,43.5,g,depto,no posee,calefont 7 litros tiro forzado,1.6,1.6,0.33,0.33,22,1.0,False
2c52712025,30.7,d,depto,no posee,calefont 7 litros tiro forzado,1.9,1.9,0.47,0.47,57,1.0,False
91d79a2021,75.3,c,depto,no posee,cuatro calderas de condensación y cuatro cilindros de inercia,3.0,3.0,0.6,0.6,-1,0.0,True
f850112021,57.9,d,casa_pareada,no posee,calefont 10 litros,3.0,3.0,0.6,0.6,-1,0.0,True
bf47d52023,49.2,d,depto,no posee,calefon,1.9,1.9,0.47,0.47,-1,0.0,True
a78f412019,87.4,d,casa_aislada,no posee,calefont 10 litros tiro forzado,1.0,1.0,0.0,0.0,2,1.0,False
308f9b2024,45.9,d,depto,no posee,el edificio cuenta con 3 calderas de gas natural condexa,1.9,1.9,0.47,0.47,-1,0.0,True
2f34612026,28.0,d,depto,no posee,caldera condensación,1.9,1.9,0.47,0.47,13,1.0,False
62b9392025,49.3,d,depto,no posee,calefont 7 litros tiro forzado,1.7,1.7,0.38,0.38,56,0.37500002413071515,False
2d24ae2023,79.0,d,depto,radiador eléctrico,temo eléctrico,1.9,1.9,0.47,0.47,-1,0.0,True
bedafc2022,116.1,c,casa_aislada,no posee,calefont junkers 16 litros w16-kme con potencia nominal de,4.0,4.0,0.84,0.84,-1,0.0,True
655f8b2025,50.1,a,depto,no posee,"calefon junkers wd10 km e31 s4300, de 10 l y 18,2 kw",4.0,4.0,0.84,0.84,-1,0.0,True
6379b12025,31.8,e,depto,no aplica,termos eléctricos murales para cada departamento,1.7,1.7,0.38,0.38,-1,0.0,True
b06df52024,44.1,e,casa_pareada,no posee,calefont glp,1.7,1.7,0.38,0.38,25,1.0,False
af9f8d2024,54.7,e,casa_pareada,no posee,calefont glp,1.7,1.7,0.38,0.38,25,1.0,False
199a902021,47.9,d,depto,no posee,calefont glp,1.9,1.9,0.47,0.47,44,0.0,False
cf905c2021,27.9,d,depto,no posee,estanque eléctrico 189 l,1.9,1.9,0.47,0.47,-1,0.0,True
9603982025,46.3,d,depto,no posee,sistema centralizado a gas natural.,1.9,1.9,0.47,0.47,-1,0.0,True
8f5c052021,78.2,d,casa_pareada,no posee,calefont,1.7,1.7,0.38,0.38,9,1.0,False
20970c2020,51.1,d,depto,no posee,calefont glp,1.9,1.9,0.47,0.47,49,1.0,False
7850642025,60.7,c,casa_aislada,no posee,calefón tiro forzado marca splendid modelo master 10 y 13,4.0,4.0,0.84,0.84,-1,0.0,True
abbeb82020,30.4,g,depto,no considera,"calefon, tiro forzado",1.6,1.6,0.33,0.33,-1,0.0,True
feabfe2020,60.0,d,depto,no posee,caldera de condensación,1.9,1.9,0.47,0.47,28,0.41666667202904745,False
ebc54a2022,30.1,e,depto,no posee,calefont 7 litros tiro forzado,1.0,1.0,0.0,0.0,2,0.9619388548699274,False
b0da7d2025,28.6,d,depto,no posee,calderas de condensación,1.9,1.9,0.47,0.47,38,0.004070556255695922,False
06b23c2025,57.0,a,depto,no posee,"calefón mademsa forced 10 eco gl, 10 litros, gas licuado",4.0,4.0,0.84,0.84,-1,0.0,True
6c877b2022,52.3,d,depto,no posee,calefont glp,1.9,1.9,0.47,0.47,47,1.0,False
3c0b912020,57.2,b,depto,no posee,calefont 7 litros tiro forzado,3.0,3.0,0.6,0.6,-1,0.0,True
ab5c432023,69.8,d,casa_pareada,no posee,"calefont 13 litros neckar marca junkers, gas licuado.",1.9,1.9,0.47,0.47,-1,0.0,True
c4a4072024,41.9,d,depto,no posee,termo eléctrico 150 l,1.9,1.9,0.47,0.47,-1,0.0,True
8c857b2025,102.0,d,casa_aislada,no posee,calefon gas natural 13 litros,1.9,1.9,0.47,0.47,-1,0.0,True
5411c62025,56.9,g,casa_pareada,no posee,calefont glp,1.1,1.1,0.28,0.28,-1,0.0,True
e316ea2024,44.9,d,depto,losa radiante,caldera de condensacion,1.9,1.9,0.47,0.47,-1,0.0,True
84ec162026,51.2,e,casa_aislada,no posee,calefont glp,1.7,1.7,0.38,0.38,21,0.1599999901160597,False
6b35622023,89.5,d,casa_aislada,no posee,calefont 7 litros tiro forzado,1.9,1.9,0.47,0.47,33,0.5692307794656191,False
e77cef2026,44.8,f,casa_pareada,bomba de calor tipo aire acondicionado aire-aire,calefont 7l gl splendid master,1.7,1.7,0.38,0.38,-1,0.0,True
26734a2025,51.3,i,casa_aislada,caldera a gas - gaz 6000 w- marca bosch,caldera a gas - gaz 6000 w- marca bosch,0.6,0.6,0.25,0.25,-1,0.0,True
f6567d2026,44.9,f,depto,no posee,calefont 7 litros tiro forzado,1.7,1.7,0.38,0.38,31,1.0,False
9c86bf2021,46.2,f,casa_pareada,no posee,calefont glp,1.7,1.7,0.38,0.38,27,1.0,False
2507a82026,43.8,d,depto,no posee,calefont 13 litros tiro forzado,1.9,1.9,0.47,0.47,-1,0.0,True
523a362020,44.3,e,casa_pareada,no posee,calefont glp,1.7,1.7,0.38,0.38,25,1.0,False
3aff392025,46.6,f,depto,no posee,calefont 7 litros tiro forzado,1.7,1.7,0.38,0.38,31,1.0,False
9855e52023,46.9,d,depto,no posee,caldera a condensación,1.9,1.9,0.47,0.47,18,1.0,False
e66f862026,42.7,g,casa_aislada,no posee,calefont glp,1.1,1.1,0.28,0.28,20,1.0,False
fbcd752023,47.1,c,depto,no posee,calefont 7 litros tiro forzado,3.0,3.0,0.6,0.6,51,1.0,False
7bd9392022,77.8,d,casa_aislada,no posee,calefont 7 litros tiro forzado,1.7,1.7,0.38,0.38,33,0.037811515147903374,False
25ebfa2024,53.1,b,casa_pareada,0,"calefón junkers smart w13 kb 31 s4395 13 litros, gas licuado",4.0,4.0,0.84,0.84,-1,0.0,True
28abd72023,22.2,d,depto,no posee,5 calderas de gas natural genus premium evo hp 150 de 140,1.0,1.0,0.0,0.0,2,0.9810882250857154,False
dbad2f2020,112.0,d,depto,radiadores,caldera con condensación,1.0,1.0,0.0,0.0,-1,0.0,True
f41d3c2023,91.6,d,casa_pareada,no posee,calefont tiro forzado,1.7,1.7,0.38,0.38,7,1.0,False
5744fb2025,62.2,d,casa_pareada,no posee,calefont 7 litros tiro forzado,1.7,1.7,0.38,0.38,-1,0.0,True
ad1c2b2024,50.3,g,casa_aislada,no posee,calefont glp,1.6,1.6,0.33,0.33,20,1.0,False
e401622024,57.8,e,depto,no posee,calefont 7 litros tiro forzado,1.7,1.7,0.38,0.38,54,1.0,False
dbf4232021,57.8,d,casa_pareada,no posee,calefont 7 litros tiro forzado,1.9,1.9,0.47,0.47,43,0.6153846153846154,False
52041b2021,49.0,h,casa_pareada,no posee,calefont glp,1.6,1.6,0.33,0.33,-1,0.0,True
bef82f2019,60.0,a,depto,no posee,calefont 7 litros tiro forzado,4.0,4.0,0.84,0.84,6,1.0,False
3faac62023,52.1,d,depto,no posee,calefont 7 litros tiro forzado,1.9,1.9,0.47,0.47,58,1.0,False
d39d0c2025,53.1,e,depto,no posee,calefont 7 litros tiro forzado,1.7,1.7,0.38,0.38,54,1.0,False
8b5a6e2019,53.8,d,depto,no posee,calefont 7 litros tiro forzado,1.9,1.9,0.47,0.47,-1,0.0,True
2719462025,70.4,d,depto,no posee,central de agua caliente para suministro de todos los departamentos,1.9,1.9,0.47,0.47,-1,0.0,True
f1ca242022,47.4,a,depto,no posee,"calefon splendid sb tfi 10 2 ev de 10 litros, gas licuado",4.0,4.0,0.84,0.84,-1,0.0,True
0d9f1d2019,50.1,d,depto,no posee,calefont 7 litros tiro forzado,1.9,1.9,0.47,0.47,-1,0.0,True
c224d22019,63.6,d,depto,no posee,bomba de calor,1.9,1.9,0.47,0.47,-1,0.0,True
f6c6e92025,52.2,g,casa_aislada,no posee,calefont 7 litros,1.1,1.1,0.28,0.28,17,1.0,False
c0e2d32021,55.9,d,depto,estufa kerosene 3 kw,calefon tiro natural 10 lts +sst,1.7,1.7,0.38,0.38,1,0.9996608826569533,False
2d33682024,54.4,d,depto,no posee,el edificio cuenta con 5 calefont de condensación marca navien,1.9,1.9,0.47,0.47,-1,0.0,True
4f59c62021,93.8,d,casa_aislada,calefactor eléctrico,calefont 10 litros tiro forzado.,1.7,1.7,0.38,0.38,-1,0.0,True
e75c482020,52.8,a,casa_aislada,no posee,calefont 7 litros tiro forzado,4.0,4.0,0.84,0.84,-1,0.0,True
5778c02024,47.4,d,depto,no posee,calefacción central mediante caldera de condensación,1.9,1.9,0.47,0.47,-1,0.0,True
7952622026,57.8,d,depto,sin sistema,calefont tiro forzado 13 lts splendid modelo mvg tfi 13,1.9,1.9,0.47,0.47,50,0.00881953798648314,False
0ee66e2025,54.7,c,depto,no posee,caldera mural a condensación,3.0,3.0,0.6,0.6,-1,0.0,True
d566f22022,50.7,d,depto,no posee,"calefont 13 litros, splendid",3.0,3.0,0.6,0.6,-1,0.0,True
abba802026,46.5,d,depto,no posee,calefont 7 litros tiro forzado,1.9,1.9,0.47,0.47,59,1.0,False
51cac72022,50.0,f,casa_pareada,"no posee, segun eett",calefont 10 litros tiro forzado,1.6,1.6,0.33,0.33,-1,0.0,True
0ab0e42021,105.8,g,casa_aislada,calefactor a pellet,calefont,1.1,1.1,0.28,0.28,-1,0.0,True
9c441f2023,49.9,d,depto,no posee,"calefont, tiro forzado",1.9,1.9,0.47,0.47,-1,0.0,True
d759e42026,65.4,a,depto,central termica calderas de gas natural,central termica calderas de gas natural,4.0,4.0,0.84,0.84,-1,0.0,True
0f19e82024,44.4,d,depto,no posee,bomba de calor,1.9,1.9,0.47,0.47,-1,0.0,True
6cc5be2018,45.2,d,casa_pareada,no posee,calefont 7 litros tiro forzado,1.9,1.9,0.47,0.47,42,1.0,False
f7e2632024,59.1,d,depto,"central térmica, 3 calderas murales de condensación","central térmica, 3 calderas murales de condensación",1.9,1.9,0.47,0.47,-1,0.0,True
87069b2022,49.9,d,depto,no posee,calefont glp,3.0,3.0,0.6,0.6,37,1.0,False
223cef2025,46.5,d,depto,no posee,caldera centralizada,1.7,1.7,0.38,0.38,-1,0.0,True
27f6e72024,31.0,d,depto,no posee,caldera de condensación,1.9,1.9,0.47,0.47,28,1.0,False
39ba302020,70.8,f,depto,sistema por defecto,sistema por defecto,1.6,1.6,0.33,0.33,-1,0.0,True
644d3b2026,51.3,e,depto,no posee,calefont glp,1.7,1.7,0.38,0.38,-1,0.0,True
a81ad22021,45.2,d,casa_pareada,no posee,calefont 7 litros tiro forzado,1.9,1.9,0.47,0.47,42,1.0,False
f805972024,37.2,a,depto,no posee,termo eléctrico junkers/bosch,4.0,4.0,0.84,0.84,-1,0.0,True
c264c22026,51.5,b,depto,no posee,calefont 7 litros tiro forzado,4.0,4.0,0.84,0.84,3,0.00339213025673568,False
6380b82022,40.0,c,depto,no posee,calefont 7 litros tiro forzado,3.0,3.0,0.6,0.6,51,1.0,False
9fabdd2021,32.1,a,depto,no posee,sistema unitario,4.0,4.0,0.0,0.0,-1,0.0,True
3e310d2024,52.5,d,depto,no posee,calefont 10 litros tiro forzado,1.9,1.9,0.47,0.47,11,1.0,False
f94b312023,50.2,g,depto,no posee,calefont 10 litros tiro forzado,1.6,1.6,0.33,0.33,23,1.0,False
819d8d2025,62.2,d,casa_pareada,no posee,calefont 7 litros tiro forzado,1.7,1.7,0.38,0.38,-1,0.0,True
9bcda62025,48.0,d,depto,no posee,"calefont 10 litros tiro forzado, gas natural",1.9,1.9,0.47,0.47,-1,0.0,True
1045382024,42.0,d,depto,no posee,central termica,1.9,1.9,0.47,0.47,38,0.17142857489551486,False
d40eca2025,48.5,d,depto,no posee,calefont glp,1.9,1.9,0.47,0.47,44,1.0,False
98d9162022,28.1,d,depto,no existe,sistema de calentamiento de agua con estanque eléctrico,1.9,1.9,0.47,0.47,-1,0.0,True
40cea92024,63.1,d,casa_aislada,no posee,calefont 7 litros tiro forzado,1.0,1.0,0.0,0.0,2,0.9906197598146202,False
cd6e812025,52.3,g,casa_aislada,no posee,calefon,1.6,1.6,0.33,0.33,17,1.0,False
cda0592021,44.3,e,casa_pareada,no posee,calefont glp,1.7,1.7,0.38,0.38,25,1.0,False
4e2bbf2019,33.9,d,depto,no posee,caldera rinnai sm 175,1.9,1.9,0.47,0.47,-1,0.0,True
fe658c2025,50.9,c,depto,no posee,calefont 7 litros tiro forzado,4.0,4.0,0.84,0.84,3,1.0,False
c27e7e2022,50.6,f,depto,no posee,calefont 7 litros tiro forzado,1.6,1.6,0.33,0.33,32,1.0,False
546d882026,42.7,g,casa_aislada,no posee,calefont glp,1.1,1.1,0.28,0.28,20,1.0,False
53c09e2024,49.8,g,depto,no posee,calefont 10 litros tiro forzado,1.1,1.1,0.28,0.28,23,1.0,False
06553e2026,58.2,d,depto,no posee,calefont tiro forzado,1.7,1.7,0.38,0.38,24,1.0,False
5546942019,44.3,e,casa_pareada,no posee,calefont glp,1.7,1.7,0.38,0.38,25,1.0,False
31dc502024,32.4,d,depto,no posee,caldera de condensación,1.9,1.9,0.47,0.47,28,1.0,False
151f912025,47.7,f,casa_aislada,no posee,calefont glp,1.7,1.7,0.38,0.38,19,0.056458454608419154,False
867ae42023,30.5,d,depto,no posee,caldera central a gas,1.9,1.9,0.47,0.47,30,1.0,False
dc8a162025,46.5,d,depto,no posee,calefont 7 litros tiro forzado,1.9,1.9,0.47,0.47,59,1.0,False
a2d7892023,81.7,d,casa_pareada,0,calefont 10 litros tiro forzado,1.7,1.7,0.38,0.38,-1,0.0,True
2cee4a2021,30.3,d,depto,no posee,el edificio cuenta con 2 calderas para el edificio sur y 3 calderas,1.9,1.9,0.47,0.47,8,0.07259158922291108,False
3d6bee2023,40.8,c,depto,no posee,calefont 7 litros tiro forzado,3.0,3.0,0.6,0.6,51,1.0,False
e309802026,45.9,d,depto,no posee,calefont 7 litros tiro forzado,1.9,1.9,0.47,0.47,59,1.0,False
02853c2026,51.3,b,depto,0,"calefón junkers hidrowind wr13-2 km e31 s4305 13 litros,",4.0,4.0,0.84,0.84,-1,0.0,True
3fcf552023,58.0,d,depto,radiadores eléctricos,termos eléctricos 152lts,1.9,1.9,0.47,0.47,-1,0.0,True
e4ff202023,54.3,e,casa_pareada,no posee,calefont 10 litros tiro forzado,1.7,1.7,0.38,0.38,-1,0.0,True
593a7d2023,39.6,d,depto,no posee,caldera a condensación,1.9,1.9,0.47,0.47,18,1.0,False
01dd562024,70.2,d,depto,no posee,caldera centralizada,1.9,1.9,0.47,0.47,-1,0.0,True
572b3b2025,52.3,b,depto,0,"calefón junkers hidrowind wr13-2 km e31 s4305 13 litros,",4.0,4.0,0.84,0.84,-1,0.0,True
d56b2e2020,38.2,g,depto,no posee,"calefont, tiro forzado",1.6,1.6,0.33,0.33,-1,0.0,True
824b5c2021,44.4,c,casa_pareada,no posee,calefont 7 litros tiro forzado,4.0,4.0,0.84,0.84,3,0.00339213025673568,False
5472d12025,68.0,c,depto,no posee,termo eléctrico rheem 246 litros,4.0,4.0,0.0,0.0,-1,0.0,True
a439462025,57.2,e,casa_pareada,no posee,calefont 10 litros tiro forzado,1.7,1.7,0.38,0.38,-1,0.0,True
Base Pareada c3426a2018,58.7,d,casa_pareada,no posee,calefont 7 litros tiro forzado,1.7,1.7,0.38,0.38,46,1.0,False
ff7c502023,49.3,c,depto,no aplica,calefont glp,4.0,4.0,0.84,0.84,-1,0.0,True
0be9772024,87.1,e,casa_aislada,no posee,calefont 7 litros tiro forzado,1.7,1.7,0.38,0.38,33,0.012550881504633415,False
9737c22022,56.0,d,depto,no posee,"calefont 10 litros, splendid",3.0,3.0,0.6,0.6,-1,0.0,True
f30a132025,39.2,a,depto,no posee,"calefon junkers wd10 km e31 s4300, de 10 l y 18,2 kw",4.0,4.0,0.84,0.84,-1,0.0,True
3ba16e2023,52.2,d,casa_pareada,no posee,calefont,1.7,1.7,0.38,0.38,9,1.0,False
c7ad6b2023,49.9,d,depto,no posee,calefont glp,3.0,3.0,0.6,0.6,37,1.0,False
3af10f2019,51.1,d,depto,no posee,calefont 7 glp,1.9,1.9,0.47,0.47,-1,0.0,True
f988ee2020,46.2,f,casa_pareada,no posee,calefont glp,1.7,1.7,0.38,0.38,27,1.0,False
e1ae392025,62.2,d,casa_pareada,no posee,calefont 7 litros tiro forzado,1.9,1.9,0.47,0.47,43,0.29629627934852476,False
b0ff8a2019,51.0,d,depto,no posee,calefont glp,1.9,1.9,0.47,0.47,48,1.0,False
6bd4502022,51.9,d,casa_pareada,no posee,calefont 10 litros tiro forzado,1.9,1.9,0.47,0.47,36,1.0,False
7e0a682021,95.3,d,depto,radiadores,caldera de condensacíon,1.9,1.9,0.47,0.47,-1,0.0,True
6cc93f2026,102.1,d,casa_aislada,no posee,calefont,1.9,1.9,0.47,0.47,-1,0.0,True
a45f772026,53.1,c,depto,no posee,calefont 7 litros tiro forzado,4.0,4.0,0.84,0.84,3,1.0,False
d424342024,61.5,c,depto,no posee,calefont 7 litros tiro forzado,4.0,4.0,0.84,0.84,3,0.13888888769724875,False
f444622023,59.2,c,depto,no posee,calefon de condensación en cascada,3.0,3.0,0.6,0.6,-1,0.0,True
80277f2022,61.0,d,casa_pareada,no posee,calefont 10 litros tiro forzado,1.9,1.9,0.47,0.47,36,0.2857142711676701,False
e27f5b2025,68.2,e,casa_pareada,no posee,calefont 7 litros tiro forzado,1.7,1.7,0.38,0.38,34,0.2688679239785099,False
ae3f622026,44.6,c,depto,no posee,calefont 7 litros tiro forzado,4.0,4.0,0.84,0.84,3,0.3448275944704466,False
50a3cb2021,51.5,d,depto,no posee,calefont 7 litros tiro forzado,1.9,1.9,0.47,0.47,58,1.0,False
24fabb2024,45.1,f,depto,no posee,calderas de condensación navien npe 32 swe,1.6,1.6,0.33,0.33,-1,0.0,True
71e2202023,72.0,a,depto,no posee,"termo eléctrico marca junkers, modelo elacell excellence",4.0,4.0,0.84,0.84,-1,0.0,True
4c053e2021,53.1,d,depto,radiadores,calefon con condensación,1.9,1.9,0.47,0.47,-1,0.0,True
5b56592022,44.9,d,depto,no considera,calefont,1.9,1.9,0.47,0.47,50,0.00881953798648314,False
3fc8fe2025,55.4,a,depto,no posee,"termo eléctrico anwo van200l, potencia 3.0 kw",4.0,4.0,0.84,0.84,4,1.0,False
b36f1f2025,57.6,f,depto,no posee,calefont glp,1.7,1.7,0.38,0.38,29,1.0,False
a54f132025,47.1,d,depto,no posee,caldera a condensación,1.9,1.9,0.47,0.47,18,1.0,False
db8aaa2024,56.8,d,depto,no posee,calefont 11 litros tiro forzado,1.9,1.9,0.47,0.47,-1,0.0,True
6103ef2024,27.3,d,depto,no posee,central termica,1.9,1.9,0.47,0.47,38,1.0,False
23aa502022,50.4,f,casa_aislada,estufa a parafina marca toyotomi modelo ff-v30t el que tiene,calefon marca mademsa modelo. forzada tfm 10 eco gl el,1.6,1.6,0.33,0.33,-1,0.0,True
a64b652024,37.2,a,depto,no posee,termo eléctrico junkers/bosch,4.0,4.0,0.84,0.84,-1,0.0,True
1e337b2025,51.6,d,depto,no posee,calefont 7 litros tiro forzado,1.9,1.9,0.47,0.47,58,1.0,False
4be4f22023,42.6,d,depto,no posee,calefon de condensación,1.9,1.9,0.47,0.47,50,0.00881953798648314,False
d3a8032020,48.7,e,depto,no posee,termo eléctrico,1.7,1.7,0.38,0.38,-1,0.0,True
326a6c2022,49.6,d,casa_pareada,no posee,calefont 10 litros tiro forzado,3.0,3.0,0.6,0.6,36,0.00917105697810023,False
6bfc532020,69.5,f,casa_aislada,no posee,calefont 10 litros tiro forzado,1.7,1.7,0.38,0.38,15,1.0,False
ac02bb2024,25.6,d,depto,no posee,central termica,1.9,1.9,0.47,0.47,38,0.9230769824756065,False
24620c2024,48.5,d,depto,no posee,caldera de condensación,1.9,1.9,0.47,0.47,28,1.0,False
60b9862025,48.7,g,casa_aislada,no posee,calefon,1.1,1.1,0.28,0.28,17,1.0,False
f0b0662025,27.8,d,depto,no posee,calefont 7 litros tiro forzado,1.9,1.9,0.47,0.47,57,0.9500000038609141,False
67b2cf2025,48.7,g,casa_aislada,no posee,calefon,1.1,1.1,0.28,0.28,17,1.0,False
e6fa932023,29.0,d,depto,no posee,central termica,1.9,1.9,0.47,0.47,38,1.0,False
4ce6712026,26.2,d,depto,no posee,caldera condensación,1.9,1.9,0.47,0.47,13,1.0,False
3598b02023,28.2,d,depto,sistema por defecto.,bomba de calor + calderas,1.9,1.9,0.47,0.47,-1,0.0,True
ee7c582023,53.0,f,depto,no posee,calefont 7 litros tiro forzado,1.6,1.6,0.33,0.33,32,1.0,False
6333502026,48.7,e,casa_aislada,no posee,calefont glp,1.7,1.7,0.38,0.38,21,1.0,False
e989082021,48.8,f,casa_aislada,estufa a parafina marca toyotomi modelo ff-v30 el que tiene,calefon marca mademsa modelo forzada tfm 10 eco gl/gn,1.6,1.6,0.33,0.33,-1,0.0,True
e417db2025,49.3,d,depto,no posee,calefont 7 litros tiro forzado,1.7,1.7,0.38,0.38,56,0.37500002413071515,False
2799112025,40.1,d,depto,sin sistema,caldera,1.9,1.9,0.47,0.47,-1,0.0,True
ee349e2026,36.8,d,depto,no posee,caldera condensación,1.9,1.9,0.47,0.47,13,1.0,False
d438262021,41.1,g,depto,no posee,"calefont, tiro forzado",1.6,1.6,0.33,0.33,-1,0.0,True
8a17232019,48.8,f,casa_aislada,estufa a parafina marca toyotomi modelo ff-v30 el que tiene,calefon marca mademsa modelo forzada tfm 10 eco gl/gn,1.6,1.6,0.33,0.33,-1,0.0,True
24ee202025,49.1,d,depto,no posee,calefont 7 litros tiro forzado,3.0,3.0,0.6,0.6,55,0.8500000115827424,False
df09392024,47.0,e,casa_pareada,no posee,calefont 7 litros tiro forzado,1.7,1.7,0.38,0.38,34,1.0,False
7eeaf12019,66.8,d,casa_aislada,no posee,calefont 10 litros tiro forzado,1.0,1.0,0.0,0.0,2,1.0,False
7fa83a2026,48.5,d,depto,no posee,calefont glp,1.9,1.9,0.47,0.47,44,1.0,False
f4141b2018,55.0,d,casa_pareada,no posee,calefont 7 litros tiro forzado,1.9,1.9,0.47,0.47,43,1.0,False
368bb82021,54.9,c,depto,no posee,cuatro calderas de condensación y cuatro cilindros de inercia,3.0,3.0,0.6,0.6,-1,0.0,True
5393c72023,58.6,d,casa_pareada,no posee,calefont,1.9,1.9,0.47,0.47,10,1.0,False
9f6d3e2026,28.1,d,depto,no posee,termo eléctrico,1.9,1.9,0.47,0.47,8,1.0,False
76afd72022,54.3,d,casa_pareada,no posee,calefont,1.9,1.9,0.47,0.47,10,1.0,False
3916632025,52.4,d,depto,no posee,calefont,1.9,1.9,0.47,0.47,50,1.0,False
9489c02018,53.6,f,casa_aislada,no posee,calefont - sst,1.7,1.7,0.38,0.38,-1,0.0,True
15166c2026,28.1,d,depto,no posee,termo eléctrico,1.9,1.9,0.47,0.47,8,1.0,False
4fc4af2022,49.3,d,depto,no posee,calefont glp,1.9,1.9,0.47,0.47,44,0.0,False
dd1e912022,57.9,g,depto,no posee,caldera mural rinnai eco 16/17 gn,1.1,1.1,0.28,0.28,-1,0.0,True
49a8c22023,24.9,d,depto,no posee,central termica,1.9,1.9,0.47,0.47,38,1.0,False
03072f2024,40.8,b,depto,0,"calefon junkers wtd10 km e31, 10 litros, gas licuado de 17,8",4.0,4.0,0.84,0.84,-1,0.0,True
f940862019,49.1,d,depto,no posee,calefont 7 litros tiro forzado,1.9,1.9,0.47,0.47,60,1.0,False
1517812024,49.8,g,depto,no posee,calefont 10 litros tiro forzado,1.1,1.1,0.28,0.28,23,1.0,False
5665cc2021,74.0,d,casa_pareada,opcional,mediante colector solar térmico por termosifón,1.9,1.9,0.47,0.47,-1,0.0,True
84b6122018,42.7,d,casa_pareada,no posee,calefont 7 litros tiro forzado,1.9,1.9,0.47,0.47,42,0.7826087102492029,False
f69b7b2025,62.0,d,casa_pareada,no posee,calefont 10 litros tiro forzado,1.9,1.9,0.47,0.47,36,0.25742572289309534,False
c163752021,61.7,c,depto,no posee,"central térmica calefont condensación, gas licuado, bosch,",4.0,4.0,0.84,0.84,-1,0.0,True
b99a742025,53.1,c,casa_pareada,0,"calefón junkers smart wr13-2 km e31 s4305 13 litros, gas",4.0,4.0,0.84,0.84,-1,0.0,True
9872512024,29.7,d,depto,radiadores electricos,caldera de condensacion,1.9,1.9,0.47,0.47,-1,0.0,True
688a3a2023,54.6,d,casa_pareada,no posee,calefont 7 litros tiro forzado,1.7,1.7,0.38,0.38,45,1.0,False
9965352025,44.8,g,casa_aislada,no posee,calefont 7 litros,1.1,1.1,0.28,0.28,17,1.0,False
0d94512026,31.2,d,depto,no posee,"central térmica eficiente inverter marca ariston, modelo hp150.",1.9,1.9,0.47,0.47,-1,0.0,True
9754e32019,106.6,e,casa_aislada,caldera a gas sin condensacion encendido electronico control,caldera a gas licuado,1.7,1.7,0.38,0.38,-1,0.0,True
012fe22024,48.8,a,depto,no posee,"calefon splendid mvg tfi de 10 litros, de 17,6 kw potencia",4.0,4.0,0.84,0.84,4,1.0,False
477dcc2025,53.6,d,casa_pareada,no posee,calefont glp,1.9,1.9,0.47,0.47,39,1.0,False
f8eda12022,90.9,d,casa_pareada,estufa a gas,calefont,1.9,1.9,0.47,0.47,-1,0.0,True
2293232019,51.1,d,depto,no posee,calefont glp,1.9,1.9,0.47,0.47,49,1.0,False
832cf62024,58.2,d,depto,no posee,calefont tiro forzado,1.7,1.7,0.38,0.38,24,1.0,False
ac94ca2019,55.0,d,depto,no posee,calefont tiro forzado,1.7,1.7,0.38,0.38,24,1.0,False
af566c2021,49.0,h,casa_pareada,no posee,calefont glp,1.6,1.6,0.33,0.33,-1,0.0,True
95d98c2025,34.6,d,depto,no posee,termo eléctrico,1.9,1.9,0.47,0.47,8,1.0,False
51338d2020,46.2,f,casa_pareada,no posee,calefont glp,1.7,1.7,0.38,0.38,27,1.0,False
d31d582023,50.9,g,casa_aislada,no posee,calefont 12 litros tiro forzado,1.6,1.6,0.33,0.33,-1,0.0,True
065aae2025,40.0,d,depto,no posee,caldera a condensación,1.9,1.9,0.47,0.47,18,1.0,False
80b0d42024,50.0,f,casa_pareada,no posee,calefont glp,1.6,1.6,0.33,0.33,27,0.0,False
bdcb182024,50.3,g,casa_aislada,no posee,calefont glp,1.6,1.6,0.33,0.33,20,1.0,False
74d6ef2021,74.1,d,casa_aislada,estufa a gas,calefont,1.9,1.9,0.47,0.47,-1,0.0,True
cb007f2026,79.4,a,depto,no posee,termo eléctrico,4.0,4.0,0.0,0.0,-1,0.0,True
1b2e632024,26.1,d,depto,no considera,caldera con condensación,1.9,1.9,0.47,0.47,53,1.0,False
8f7db22023,49.8,f,casa_aislada,no posee,calefont 7 litros tiro forzado,1.6,1.6,0.33,0.33,14,0.22884858922265802,False
aac28d2026,49.4,f,depto,no posee,calefont 7 litros tiro forzado,1.6,1.6,0.33,0.33,32,1.0,False
0825642021,50.7,d,depto,no considera,calefont 11 litros,3.0,3.0,0.6,0.6,-1,0.0,True
44be6e2024,58.2,d,depto,no posee,calefont tiro forzado,1.7,1.7,0.38,0.38,24,1.0,False
000a332024,125.0,c,casa_pareada,panel eléctrico de vidrio marca anwo modelo ndfl,calefont marco anwo,3.0,3.0,0.6,0.6,-1,0.0,True
18b0022024,50.0,f,casa_pareada,no posee,calefont glp,1.6,1.6,0.33,0.33,27,0.0,False
cb7d622024,65.8,d,depto,no posee,el edificio cuenta con 5 calefont de condensación marca navien,1.9,1.9,0.47,0.47,-1,0.0,True
a2a7832023,39.0,d,depto,no posee,caldera a condensación,1.9,1.9,0.47,0.47,18,1.0,False
7672ac2024,69.8,f,casa_aislada,no posee,calefont 10 litros tiro forzado,1.6,1.6,0.33,0.33,15,0.33563144940949097,False
b203252023,51.8,c,depto,no posee,calefont 7 litros tiro forzado,3.0,3.0,0.6,0.6,51,1.0,False
73ba852022,55.4,a,depto,no posee,"calefon splendid, master mvg tfi 10, 10 litros, gas licuado",4.0,4.0,0.84,0.84,-1,0.0,True
13a5052025,68.1,d,depto,no posee,5 calderas de condensación ariston evo hp 150,1.9,1.9,0.47,0.47,-1,0.0,True
3268b82024,46.8,d,depto,no considera,caldera con condensación,1.9,1.9,0.47,0.47,53,0.6346154143147263,False
269b802026,47.6,d,depto,no posee,"central térmica eficiente inverter marca ariston, modelo hp150.",1.9,1.9,0.47,0.47,-1,0.0,True
5242132021,70.0,d,depto,radiadores,caldera de condensacíon,1.9,1.9,0.47,0.47,-1,0.0,True
63b2632021,46.1,d,casa_pareada,no posee,calefont 10 litros tiro forzado,1.9,1.9,0.47,0.47,36,1.0,False
e273902025,48.5,d,depto,no posee,"en definición, se utiliza por defecto en precalificación.",1.9,1.9,0.47,0.47,-1,0.0,True
98943c2021,64.0,c,depto,no posee,cuatro calderas de condensación y cuatro cilindros de inercia,3.0,3.0,0.6,0.6,-1,0.0,True
3c70022022,29.0,d,depto,no posee,el edificio cuenta con 4 calderas tipo mural de condensación,1.9,1.9,0.47,0.47,38,0.004070556255695922,False
2623c32020,127.3,d,depto,radiadores,caldera con condensación,1.0,1.0,0.0,0.0,-1,0.0,True
28c0842021,51.1,f,depto,no posee,calefont tiro forzado,1.7,1.7,0.38,0.38,-1,0.0,True
a0171f2024,54.1,a,depto,no posee,"calefon splendid mvg tfi de 10 litros, de 17,6 kw potencia",4.0,4.0,0.84,0.84,4,1.0,False
b644992022,109.3,d,depto,piso radiante,caldera con condensación,1.9,1.9,0.47,0.47,-1,0.0,True
1dab8f2022,39.2,f,casa_aislada,no posee,calefont glp,1.6,1.6,0.33,0.33,19,1.0,False
2688d92023,52.0,f,casa_pareada,no aplica,calefont glp,1.7,1.7,0.38,0.38,26,1.0,False
d918572025,47.3,d,depto,no posee,calefont 7 litros tiro forzado,3.0,3.0,0.6,0.6,55,0.8500000115827424,False
b8b8322023,59.9,d,depto,no posee,calefont tiro forzado 13 litros,1.9,1.9,0.47,0.47,-1,0.0,True
da7c222020,53.4,d,casa_pareada,no posee,calefont 7 litros tiro forzado,1.9,1.9,0.47,0.47,43,1.0,False
92be192021,59.3,d,casa_pareada,no posee,calefón,1.9,1.9,0.47,0.47,-1,0.0,True
5ebfb92024,68.6,d,depto,no posee,calefont,1.9,1.9,0.47,0.47,50,0.2407407269706764,False
af28a52024,95.8,d,casa_pareada,estufa a gas,calefont,1.9,1.9,0.47,0.47,-1,0.0,True
2a0f252023,46.1,f,casa_pareada,no aplica,calefont glp,1.7,1.7,0.38,0.38,26,1.0,False
51afb32025,57.0,e,depto,no posee,calefont 7 litros tiro forzado,1.7,1.7,0.38,0.38,54,1.0,False
a16c832021,50.5,d,depto,no posee,calefont gas licuado,1.9,1.9,0.47,0.47,-1,0.0,True
fbea1f2023,54.1,c,depto,no posee,calefont 7 litros tiro forzado,3.0,3.0,0.6,0.6,51,1.0,False
1801432022,84.5,e,depto,calefacción mediante radiadores electricas,central termica a gas con calderas/calefon en cascada,1.7,1.7,0.38,0.38,-1,0.0,True
3096fa2025,42.6,g,casa_aislada,no posee,calefont 7 litros,1.1,1.1,0.28,0.28,17,1.0,False
7e3ec42021,51.0,d,depto,no posee,calefont glp,1.9,1.9,0.47,0.47,48,1.0,False
75a4fc2024,48.6,d,depto,no posee,calefont glp,1.9,1.9,0.47,0.47,44,0.0,False
885c9d2025,47.0,e,casa_pareada,no posee,calefont 7 litros tiro forzado,1.7,1.7,0.38,0.38,34,1.0,False
eda0fc2018,124.3,g,casa_aislada,no posee,calefont 7 litros tiro forzado,1.6,1.6,0.33,0.33,-1,0.0,True
247f5d2023,49.3,c,depto,no aplica,calefont glp,4.0,4.0,0.84,0.84,-1,0.0,True
8183822023,62.0,c,casa_aislada,no posee,calefont 7 litros tiro forzado,3.0,3.0,0.6,0.6,-1,0.0,True
f95b792025,95.7,c,casa_aislada,no posee,calefón 15 lts gas natural tiro forzado,4.0,4.0,0.84,0.84,-1,0.0,True
30c7ff2026,33.6,d,depto,no posee,calefont 7 litros tiro forzado,1.9,1.9,0.47,0.47,57,1.0,False
ed6c272021,41.5,d,depto,no posee,el edificio cuenta con 2 calderas para el edificio sur y 3 calderas,1.9,1.9,0.47,0.47,8,0.07259158922291108,False
dd23542022,109.3,d,depto,piso radiante,caldera con condensación,1.9,1.9,0.47,0.47,-1,0.0,True
3538892026,46.5,f,casa_pareada,no posee,calefont 7 litros tiro forzado,1.6,1.6,0.33,0.33,16,0.016533051228020672,False
0c208f2024,29.0,d,depto,no posee,central térmica,1.9,1.9,0.47,0.47,38,0.004070556255695922,False
a695ce2024,47.4,d,casa_pareada,no posee,calefont 13 litros,1.9,1.9,0.47,0.47,-1,0.0,True
24a9cb2025,39.6,d,depto,no posee,el edificio cuenta con 3 calderas de condensación aldens wm,1.9,1.9,0.47,0.47,-1,0.0,True
013a712025,29.8,d,depto,no aplica,caldera de condensacion a gas,1.9,1.9,0.47,0.47,-1,0.0,True
5e3a7f2024,31.8,d,depto,"no posee. se proyectan placas eléctricas, sin embargo no es",se considera por defecto. agua caliente la proporcionada por,1.9,1.9,0.47,0.47,-1,0.0,True
0033362025,97.0,d,casa_aislada,estufa a gas,calefont glp,1.9,1.9,0.47,0.47,-1,0.0,True
0c127a2025,57.8,e,depto,no posee,calefont,1.7,1.7,0.38,0.38,-1,0.0,True
c76f122019,89.4,d,casa_aislada,no posee,calefont 10 litros tiro forzado,1.0,1.0,0.0,0.0,2,1.0,False
595fee2023,28.3,d,depto,no posee,"termo eléctrico mural marca winter 80 lt., potencia nominal 1,5",1.9,1.9,0.47,0.47,-1,0.0,True
32c0252020,70.2,d,casa_aislada,no posee,calefont 13 litros tiro forzado,3.0,3.0,0.6,0.6,-1,0.0,True
6e4f872025,55.5,d,depto,no posee,calefon,1.9,1.9,0.47,0.47,-1,0.0,True
6896a92022,48.4,c,casa_pareada,no posee,calefont 7 litros tiro forzado,4.0,4.0,0.84,0.84,3,0.00339213025673568,False
73c1462018,48.2,d,depto,no posee,calefont 7 litros tiro forzado,1.9,1.9,0.47,0.47,60,1.0,False
3643802024,48.8,a,depto,no posee,"calefon splendid mvg tfi de 10 litros, de 17,6 kw potencia",4.0,4.0,0.84,0.84,4,1.0,False
e3b6ac2024,53.6,d,depto,"central térmica, 3 calderas murales de condensación","central térmica, 3 calderas murales de condensación",1.9,1.9,0.47,0.47,-1,0.0,True
968f9e2026,60.8,f,casa_pareada,no posee,calefont glp,1.7,1.7,0.38,0.38,27,0.0,False
9175d52025,59.5,a,depto,no posee,calefont 7 litros tiro forzado,4.0,4.0,0.84,0.84,6,1.0,False
56fa8d2023,54.0,f,casa_pareada,no aplica,calefont glp,1.6,1.6,0.33,0.33,26,1.0,False
3ddc1f2025,57.0,a,depto,no posee,"calefón mademsa forced 10 eco gl, 10 litros, gas licuado",4.0,4.0,0.84,0.84,-1,0.0,True
f6d0282024,27.8,a,depto,no posee,calefon,4.0,4.0,0.84,0.84,-1,0.0,True
9ab06d2023,37.7,d,depto,no posee,calefon de condensación,1.9,1.9,0.47,0.47,50,0.00881953798648314,False
60bdd92020,50.1,f,depto,no posee,calefont 13 litros tiro forzado,1.6,1.6,0.33,0.33,-1,0.0,True
a163082024,50.1,d,casa_pareada,no posee,calefont glp,1.9,1.9,0.47,0.47,39,1.0,False
800b5d2025,51.6,d,depto,unidad interior split inverter de bajo consumo electrico.,"bomba de calor de bajo consumo eléctrico, sistema central del",1.9,1.9,0.47,0.47,-1,0.0,True
af092c2024,35.5,d,depto,no posee,central térmica,1.9,1.9,0.47,0.47,38,0.004070556255695922,False
5a9dd62025,55.1,c,depto,calefactor electrico,calefont 12 litros gl,3.0,3.0,0.6,0.6,0,1.0,False
84a3ed2025,23.2,d,depto,no posee,sistema centralizado. calderas de condensación. gas licuado,1.9,1.9,0.47,0.47,-1,0.0,True
8037f72022,47.2,f,casa_pareada,no posee,calefont glp,1.7,1.7,0.38,0.38,27,0.0,False
b6e4d42024,52.5,d,depto,no posee,calefont 10 litros tiro forzado,1.9,1.9,0.47,0.47,11,1.0,False
6260362025,50.8,d,depto,no posee,calefont glp,1.9,1.9,0.47,0.47,48,1.0,False
d3f96d2026,58.6,i,casa_aislada,no posee,calefont 7 litros tiro forzado,0.6,0.6,0.25,0.25,-1,0.0,True
ecd52f2026,46.5,d,depto,no posee,calefont 7 litros tiro forzado,1.9,1.9,0.47,0.47,59,1.0,False
f94ef72025,48.7,g,casa_aislada,no posee,calefont 7 litros,1.1,1.1,0.28,0.28,17,1.0,False
4b641a2023,62.5,d,casa_pareada,no posee,calefont tiro forzado,1.7,1.7,0.38,0.38,7,1.0,False
40f24b2025,51.9,c,depto,calefactor electrico,calefont 12 litros gl,3.0,3.0,0.6,0.6,0,1.0,False
49e86b2024,49.0,f,casa_pareada,no posee,calefont,1.6,1.6,0.33,0.33,-1,0.0,True
1c37af2024,58.2,d,depto,no posee,calefont tiro forzado,1.7,1.7,0.38,0.38,24,1.0,False
fcd2ef2018,55.0,d,casa_pareada,no posee,calefont 7 litros tiro forzado,1.9,1.9,0.47,0.47,43,1.0,False
18c9842023,33.2,d,depto,no posee,caldera con condensación,1.9,1.9,0.47,0.47,52,1.0,False
8437372025,73.7,d,casa_pareada,no posee,calefont 10 litros tiro forzado,1.9,1.9,0.47,0.47,36,0.12322274971706633,False
f969212022,27.8,d,depto,no considera,central térmica,1.9,1.9,0.47,0.47,-1,0.0,True
8ea33d2026,47.6,d,depto,no posee,calefont 7 litros tiro forzado,1.7,1.7,0.38,0.38,56,1.0,False
fea9dd2020,29.5,g,depto,no posee,calefont 7 litros tiro forzado,1.6,1.6,0.33,0.33,22,0.5333332941113484,False
9871c32026,28.6,d,depto,no posee,sala de calderas,1.9,1.9,0.47,0.47,12,1.0,False
bb9e742024,33.6,d,depto,"central térmica, 3 calderas tipo tank in tank heat master, 150","central térmica, 3 calderas tipo tank in tank heat master, 150",1.9,1.9,0.47,0.47,-1,0.0,True
8540e72025,58.0,d,depto,no posee,el edificio cuenta con 3 calderas de condensación aldens wm,1.9,1.9,0.47,0.47,-1,0.0,True
8c22b12023,56.6,g,depto,no posee,calefont 7 litros tiro forzado,1.1,1.1,0.28,0.28,22,0.045976585582855785,False
e3fc2a2026,80.7,a,depto,central termica calderas de gas natural,central termica calderas de gas natural,4.0,4.0,0.84,0.84,-1,0.0,True
d276ce2026,44.3,d,depto,no posee,calefont 13 litros tiro forzado,1.9,1.9,0.47,0.47,-1,0.0,True
abb3902020,60.3,a,depto,no posee,calefont 7 litros tiro forzado,4.0,4.0,0.84,0.84,6,1.0,False
2cdb0f2025,40.3,d,depto,no posee,sala de calderas,1.9,1.9,0.47,0.47,12,1.0,False
7b80da2022,42.0,d,casa_pareada,no posee,calefont glp,1.9,1.9,0.47,0.47,40,1.0,False
094ac82023,45.3,d,casa_pareada,no posee,calefont 10 litros tiro forzado,3.0,3.0,0.6,0.6,36,0.009193757582448952,False
b422d72021,51.2,d,depto,no posee,calefont gas licuado,1.9,1.9,0.47,0.47,-1,0.0,True
81eb102018,47.2,d,depto,no posee,calefont 7 litros tiro forzado,1.9,1.9,0.47,0.47,61,1.0,False
a58fe62020,58.7,d,casa_pareada,no posee,calefont 10 litros tiro natural,1.7,1.7,0.38,0.38,-1,0.0,True
10a8b52024,52.8,d,depto,no posee,calefont 7 litros tiro forzado,3.0,3.0,0.6,0.6,55,1.0,False
247a072019,52.4,d,depto,no posee,calefont con gas licuado 7 lt,3.0,3.0,0.0,0.0,-1,0.0,True
88f7d12020,46.2,f,casa_pareada,no posee,calefont glp,1.7,1.7,0.38,0.38,27,1.0,False
4764e42021,46.2,f,casa_pareada,no posee,calefont glp,1.7,1.7,0.38,0.38,27,1.0,False
89ab6e2025,44.5,f,casa_pareada,no posee,calefont 7 litros tiro forzado,1.7,1.7,0.38,0.38,16,1.0,False
6757472026,37.9,d,depto,no posee,central térmica,1.9,1.9,0.47,0.47,38,0.004070556255695922,False
80d0ab2022,29.7,f,depto,no posee,calefont 7 litros tiro forzado,1.6,1.6,0.33,0.33,32,0.3391304163319646,False
f3741b2026,57.8,d,depto,sin sistema,calefont tiro forzado 13 lts splendid modelo mvg tfi 13,1.9,1.9,0.47,0.47,50,0.00881953798648314,False
e5fde42022,42.0,d,casa_pareada,no posee,calefont glp,1.9,1.9,0.47,0.47,40,1.0,False
948e122019,43.3,e,casa_aislada,no posee,calefont glp,1.7,1.7,0.38,0.38,21,0.14285714285714285,False
aee1f22021,51.1,d,depto,no posee,calefont glp,1.9,1.9,0.47,0.47,49,1.0,False
7184cc2025,50.8,d,depto,no posee,calefont glp,1.9,1.9,0.47,0.47,48,1.0,False
6ec96e2025,51.0,d,depto,no posee,calefont 7 litros tiro forzado,1.9,1.9,0.47,0.47,-1,0.0,True
e3dd582019,71.7,c,casa_aislada,no posee,calefont 14 litros tiro forzado,4.0,4.0,0.84,0.84,-1,0.0,True
6d5a3b2023,82.3,c,depto,no posee,calefont,3.0,3.0,0.6,0.6,-1,0.0,True
496c292025,54.2,d,casa_aislada,no posee,calefont 7 litros tiro forzado,1.7,1.7,0.38,0.38,33,0.037811515147903374,False
dcb3412022,39.2,f,casa_aislada,no posee,calefont glp,1.6,1.6,0.33,0.33,19,1.0,False
5aaa572026,47.6,d,depto,no posee,calefont 7 litros tiro forzado,1.7,1.7,0.38,0.38,56,1.0,False
c908cc2024,45.1,d,depto,no posee,calefont 10 litros tiro forzado,3.0,3.0,0.6,0.6,11,0.009571054886205977,False
52627d2023,52.4,d,depto,no posee,calefont 7 litros tiro forzado,1.9,1.9,0.47,0.47,58,1.0,False
1eb11f2019,51.7,d,depto,no posee,calefont 7 litros tiro forzado,1.9,1.9,0.47,0.47,58,1.0,False
d1316d2026,63.1,d,depto,sin sistema,calefont tiro forzado 13 lts splendid modelo mvg tfi 13,1.9,1.9,0.47,0.47,50,0.00881953798648314,False
ed9d282022,54.1,d,depto,estufa kerosene 3 kw,calefon tiro natural 10 lts +sst,1.7,1.7,0.38,0.38,1,0.9996608826569533,False
b651782020,46.2,f,casa_pareada,no posee,calefont glp,1.7,1.7,0.38,0.38,27,1.0,False
854c8a2022,42.8,d,depto,no posee,calefont 10 litros tiro forzado,1.9,1.9,0.47,0.47,11,1.0,False
1680132024,43.7,d,depto,no posee,caldera de condensación,1.9,1.9,0.47,0.47,28,1.0,False
f76b1e2025,53.1,c,casa_pareada,0,"calefón junkers smart wr13-2 km e31 s4305 13 litros, gas",4.0,4.0,0.84,0.84,-1,0.0,True
827b3a2022,59.8,d,depto,no posee,caldera con condensación,1.9,1.9,0.47,0.47,52,0.2702702589892936,False
6eb2232022,84.5,e,depto,calefacción mediante radiadores electricas,central termica a gas con calderas/calefon en cascada,1.7,1.7,0.38,0.38,-1,0.0,True
3dcf8b2026,48.8,d,depto,no posee,calefont 13 litros tiro forzado,1.9,1.9,0.47,0.47,-1,0.0,True
1fad332023,48.0,f,depto,no posee,calefon,1.7,1.7,0.38,0.38,-1,0.0,True
d61ae82020,55.0,a,depto,no posee,calefont 10 litros tiro forzado,4.0,4.0,0.84,0.84,-1,0.0,True
6adb0c2022,54.3,d,casa_pareada,no posee,calefont,1.9,1.9,0.47,0.47,10,1.0,False
0566182023,57.8,e,depto,no posee,calefont 7 litros tiro forzado,1.7,1.7,0.38,0.38,54,1.0,False
6ed7d92021,44.1,d,depto,no aplica,termoeléctrico,1.9,1.9,0.47,0.47,-1,0.0,True
967af52025,66.8,d,casa_aislada,0,calefont 10 litros tiro forzado,1.9,1.9,0.47,0.47,-1,0.0,True
1b17912025,57.8,d,depto,no posee,calefont 7 litros tiro forzado,1.9,1.9,0.47,0.47,-1,0.0,True
e258592021,56.3,d,depto,no posee,calefont 7 litros tiro forzado,1.7,1.7,0.38,0.38,56,0.11111111190553791,False
0cad252020,42.4,d,casa_pareada,no posee,calefont glp,1.9,1.9,0.47,0.47,40,0.0,False
8ca9d32023,42.6,f,casa_pareada,no posee,calefont 7 litros tiro forzado,1.7,1.7,0.38,0.38,16,1.0,False
e258792020,52.3,f,depto,no posee,calefont glp,1.7,1.7,0.38,0.38,29,1.0,False
e306332023,60.2,d,depto,no posee,calefon,1.9,1.9,0.47,0.47,-1,0.0,True
cf465c2024,39.4,d,depto,no posee,"el edificio cuenta con 4 calderas baxi luna duo-tec mp 1.110,",1.9,1.9,0.47,0.47,-1,0.0,True
c3a1692025,22.6,d,depto,no posee,sala de calderas,1.9,1.9,0.47,0.47,12,0.682539656858621,False
2175732023,50.4,f,casa_aislada,estufa a parafina marca toyotomi modelo ff-v30t el que tiene,calefon marca mademsa modelo. forzada tfm 10 eco gl el,1.6,1.6,0.33,0.33,-1,0.0,True
95c62d2026,58.2,d,depto,no posee,calefont tiro forzado,1.7,1.7,0.38,0.38,24,1.0,False
Bahía Wulaia N°141 1aaaa72023,55.8,i,depto,"calefactor de tiro natural modelo 4990tc, marca orbis, potencia","calefon de tiro forzado digital de 13 litros- marca spendid,",0.6,0.6,0.25,0.25,-1,0.0,True
aa4c6f2023,57.8,d,depto,no posee,calefont 7 litros tiro forzado,1.9,1.9,0.47,0.47,-1,0.0,True
0158a62024,48.0,f,depto,no posee,calefont glp,1.6,1.6,0.33,0.33,29,1.0,False
c1033b2025,58.7,f,depto,no posee,calefont 10 litros tiro forzado,1.7,1.7,0.38,0.38,-1,0.0,True
46d73a2022,54.0,d,depto,estufa de gas licuado.,calefont 13 litros tiro forzado,1.7,1.7,0.38,0.38,-1,0.0,True
ab81d12024,40.9,d,depto,no posee,calefont glp,3.0,3.0,0.6,0.6,37,0.0,False
5fc12a2025,59.5,a,depto,no posee,calefont 7 litros tiro forzado,4.0,4.0,0.84,0.84,6,1.0,False
7496cd2026,41.8,d,depto,no posee,"central térmica eficiente inverter marca ariston, modelo hp150.",1.9,1.9,0.47,0.47,-1,0.0,True
5201742021,87.2,f,casa_aislada,no posee,calefont 10 litros tiro forzado,1.7,1.7,0.38,0.38,15,1.0,False
76a75e2022,49.6,d,depto,no posee,caldera de condensación,1.9,1.9,0.47,0.47,28,1.0,False
038fc72021,51.0,d,casa_pareada,no posee,calefont glp,1.9,1.9,0.47,0.47,39,1.0,False
6187722024,52.4,e,depto,sin sistema,calefont,1.7,1.7,0.38,0.38,35,1.0,False
061be22020,38.0,g,depto,no posee,"calefont, tiro forzado",1.6,1.6,0.33,0.33,-1,0.0,True
e403a52026,50.5,c,depto,calefactor electrico,calefont 10 litros gl,3.0,3.0,0.6,0.6,0,1.0,False
31db592025,48.7,g,casa_aislada,no posee,calefont 10 litros tiro forzado,1.1,1.1,0.28,0.28,17,1.0,False
Base Pareada ac01812018,58.7,d,casa_pareada,no posee,calefont 7 litros tiro forzado,1.7,1.7,0.38,0.38,46,1.0,False
b476d32025,49.9,a,depto,no posee,"calefon splendid mvg tfi de 10 litros, de 17,6 kw potencia",4.0,4.0,0.84,0.84,4,1.0,False
929ad62024,53.3,d,depto,no posee,calefont 7 litros tiro forzado,1.9,1.9,0.47,0.47,58,1.0,False
42a43c2025,48.0,d,depto,no posee,calefont 7 litros tiro forzado,1.9,1.9,0.47,0.47,60,1.0,False
f434b22020,48.4,e,depto,calefactor electrico convector modelo canelo iib marca pabst,"calefon tiro forzado marca rheem, linea prestige, de 14 litros",1.7,1.7,0.38,0.38,-1,0.0,True
cfa5ed2021,41.4,d,casa_pareada,no posee,calefont glp,1.9,1.9,0.47,0.47,40,0.0,False
9b9ea02024,29.7,d,depto,no posee,caldera centralizada,1.9,1.9,0.47,0.47,-1,0.0,True
781c9f2025,47.4,a,depto,no posee,"calefon splendid mvg tfi de 10 litros, de 17,6 kw potencia",4.0,4.0,0.84,0.84,4,1.0,False
44dd522024,63.1,d,depto,no posee,calefont 7 litros tiro forzado,1.9,1.9,0.47,0.47,-1,0.0,True
3746302023,49.9,d,depto,no posee,calefont glp,3.0,3.0,0.6,0.6,37,1.0,False
b422dd2023,49.3,d,depto,no posee,caldera de condensación,1.9,1.9,0.47,0.47,28,1.0,False
c96aa62020,80.0,f,casa_aislada,electricidad,calefont 13 litros tiro forzado,1.7,1.7,0.38,0.38,-1,0.0,True
4528522019,131.8,d,depto,si posee,estanque de acumulación sistema centralizado,1.9,1.9,0.47,0.47,-1,0.0,True
e29fcb2023,78.9,d,depto,radiadores eléctricos,termos eléctricos 189lts,1.9,1.9,0.47,0.47,-1,0.0,True
c2e3a32019,50.1,d,depto,no posee,calefont 7 litros tiro forzado,1.9,1.9,0.47,0.47,-1,0.0,True
2736fc2020,46.2,f,casa_pareada,no posee,calefont glp,1.7,1.7,0.38,0.38,27,1.0,False
fb9edd2023,51.6,d,depto,no posee,calefont 7 litros tiro forzado,3.0,3.0,0.6,0.6,55,1.0,False
0a6c8c2025,39.5,g,depto,calefactor eléctrico 1000 w,termo eléctrico,1.6,1.6,0.33,0.33,-1,0.0,True
5cec0b2026,37.8,d,depto,no aplica,termo eléctrico,1.9,1.9,0.47,0.47,-1,0.0,True
5c544a2023,54.0,c,depto,no posee,calefont,3.0,3.0,0.6,0.6,-1,0.0,True
c2d1882025,53.5,a,depto,no posee,"calefon junkers wd10 km e31 s4300, de 10 l y 18,2 kw",4.0,4.0,0.84,0.84,-1,0.0,True
70befe2025,72.4,c,casa_aislada,no posee,"calefont a gas licuado 13 litros con potencia nominal de 22,9",4.0,4.0,0.84,0.84,-1,0.0,True
f34cfb2024,56.3,e,casa_pareada,no posee,calefont glp,1.7,1.7,0.38,0.38,25,0.831168814498329,False
36633d2025,30.1,d,depto,no posee,el edificio cuenta con 3 calderas de condensación aldens wm,1.9,1.9,0.47,0.47,-1,0.0,True
cda91c2024,50.4,d,depto,no posee,central térmica,1.9,1.9,0.47,0.47,38,0.004070556255695922,False
6769b02022,32.9,d,depto,no considera,calefont,1.9,1.9,0.47,0.47,50,0.00881953798648314,False
f445792023,42.6,d,depto,caldera mural tiro forzado.,caldera mural tiro forzado.,1.9,1.9,0.47,0.47,-1,0.0,True
7d0b4f2024,55.8,c,depto,no posee,calefont 7 litros tiro forzado,4.0,4.0,0.84,0.84,3,0.4000000061774627,False
e931612024,51.6,d,depto,no considera,"calefont 13 litros, tiro forzado.",1.9,1.9,0.47,0.47,-1,0.0,True
c7f9b02024,54.1,d,depto,no posee,el edificio cuenta con 5 calefont de condensación marca navien,1.9,1.9,0.47,0.47,-1,0.0,True
1511c72024,55.6,a,depto,no posee,calefont 7 litros tiro forzado,4.0,4.0,0.84,0.84,5,1.0,False
c87aae2024,56.0,d,depto,no considera,caldera con condensación,1.9,1.9,0.47,0.47,53,0.3975903578589271,False
1d46372025,27.8,d,depto,sin sistema,caldera de condensación marca naview,1.9,1.9,0.47,0.47,-1,0.0,True
2f7bc92024,31.2,d,depto,no posee,"caldera de tipo condensación, 900kw marca inmergas modelo",1.9,1.9,0.47,0.47,-1,0.0,True
2683ca2021,54.5,a,depto,no posee,calefont 7 litros tiro forzado,4.0,4.0,0.84,0.84,5,1.0,False
1967202023,57.8,e,depto,no posee,calefont 7 litros tiro forzado,1.7,1.7,0.38,0.38,54,1.0,False
b678362025,82.8,d,depto,radiador anwo rd 500-1300,"caldera condensación y bomba calor bosch condens 5000,",1.9,1.9,0.47,0.47,-1,0.0,True
bfd29c2020,51.6,d,casa_pareada,estufa kerosene 3 kw,calefon tiro natural 10 lts +sst,1.7,1.7,0.38,0.38,1,1.0,False
Bahía Wulaia N°141 27060e2023,55.8,i,depto,"calefactor de tiro natural modelo 4990tc, marca orbis, potencia","calefon de tiro forzado digital de 13 litros- marca spendid,",0.6,0.6,0.25,0.25,-1,0.0,True
29de212020,44.6,g,casa_aislada,no posee,calefont 7 litros tiro forzado,1.1,1.1,0.28,0.28,-1,0.0,True
Calle Punta Arból N°50 59fe272023,55.6,i,depto,"calefactor de tiro natural modelo 4990tc, marca orbis, potencia","calefon de tiro forzado digital de 13 litros- marca spendid,",0.6,0.6,0.25,0.25,-1,0.0,True
011e992026,58.2,d,depto,no posee,calefont tiro forzado,1.7,1.7,0.38,0.38,24,1.0,False
fe902c2023,49.9,d,depto,no posee,calefont glp,3.0,3.0,0.6,0.6,37,1.0,False
15cb8e2025,62.2,d,casa_pareada,no posee,calefont 7 litros tiro forzado,1.9,1.9,0.47,0.47,43,0.29629627934852476,False
47db8f2019,51.1,d,depto,no posee,calefont glp,1.9,1.9,0.47,0.47,49,1.0,False
1e24252025,42.0,d,depto,no posee,caldera de condensación,1.9,1.9,0.47,0.47,28,1.0,False
1970a02022,65.9,d,depto,calefactores eléctricos,centralizado con caldera de condensación y estanques de,1.9,1.9,0.47,0.47,-1,0.0,True
9b440b2023,46.1,e,casa_aislada,no posee,calefont glp,1.7,1.7,0.38,0.38,21,0.19999998455634352,False
bf32512025,42.8,d,depto,no posee,"calefont 10 litros tiro forzado, gas natural",1.9,1.9,0.47,0.47,11,0.009158751509832206,False
df75762021,36.6,d,depto,no posee,caldera con condensación,1.9,1.9,0.47,0.47,52,1.0,False
da9b752023,42.6,d,depto,no posee,calefont tiro forzado 13 litros,1.9,1.9,0.47,0.47,-1,0.0,True
c419be2021,36.0,f,depto,no posee,calefont 13 litros tiro forzado,1.7,1.7,0.38,0.38,-1,0.0,True
61a9b52022,51.6,d,depto,no posee,calefont 7 litros,1.9,1.9,0.47,0.47,-1,0.0,True
c6dc8b2025,32.0,d,depto,"no posee. se proyectan placas eléctricas, sin embargo no es",se considera por defecto. agua caliente la proporcionada por,1.0,1.0,0.0,0.0,-1,0.0,True
052e6c2025,57.1,d,depto,no posee,central térmica,1.9,1.9,0.47,0.47,38,0.004070556255695922,False
662f482025,48.3,e,casa_pareada,no posee,calefont glp,1.7,1.7,0.38,0.38,25,1.0,False
c0ff4f2021,40.6,g,depto,no posee,calefont. tiro forzado,1.6,1.6,0.33,0.33,-1,0.0,True
f206e42021,29.8,d,depto,no posee,calefont 7 litros tiro forzado,1.9,1.9,0.47,0.47,57,1.0,False
6d2a9c2025,58.7,f,depto,no posee,calefont 10 litros tiro forzado,1.7,1.7,0.38,0.38,-1,0.0,True
ddfe2f2022,57.9,g,depto,no posee,caldera mural rinnai eco 16/17 gn,1.1,1.1,0.28,0.28,-1,0.0,True
21af562023,49.8,d,casa_pareada,no posee,calefont,1.7,1.7,0.38,0.38,9,1.0,False
1f73e92022,44.8,d,depto,no posee,el edificio cuenta con 2 calderas de gas natural ivar super,1.9,1.9,0.47,0.47,-1,0.0,True
7d0bfb2025,56.8,a,depto,no posee,calefont 7 litros tiro forzado,4.0,4.0,0.0,0.0,-1,0.0,True
6e0e2c2025,52.3,b,depto,0,"calefón junkers hidrowind wr13-2 km e31 s4305 13 litros,",4.0,4.0,0.84,0.84,-1,0.0,True
c597892025,42.8,d,depto,no posee,"calefont 10 litros tiro forzado, gas natural",1.9,1.9,0.47,0.47,11,0.009158751509832206,False
45c4bb2025,47.0,d,casa_pareada,no posee,calefont 7 litros tiro forzado,1.7,1.7,0.38,0.38,41,1.0,False
9f086c2018,94.1,e,,no posee,calefont 7 litros tiro forzado,1.0,1.0,0.0,0.0,-1,0.0,True
d08dff2021,42.0,d,casa_pareada,no posee,calefont glp,1.9,1.9,0.47,0.47,40,1.0,False
33fcf52024,47.0,d,depto,no posee,caldera condensacin,1.9,1.9,0.47,0.47,-1,0.0,True
b4a86a2023,57.4,d,depto,no posee,calefont tiro forzado,1.7,1.7,0.38,0.38,24,1.0,False
9ea8592023,24.9,d,depto,no posee,central termica,1.9,1.9,0.47,0.47,38,1.0,False
224f2b2026,67.0,c,depto,no posee,caldera de condensación,4.0,4.0,0.84,0.84,-1,0.0,True
c8a7842022,33.2,d,depto,no considera,caldera con condensación,1.9,1.9,0.47,0.47,53,1.0,False
1224a72019,40.2,d,casa_pareada,no posee,calefont glp,1.7,1.7,0.38,0.38,-1,0.0,True
eae6bd2026,62.5,d,casa_pareada,"estufa keroseno, 3 kw",calefont 10litros tiro forzado,1.7,1.7,0.38,0.38,-1,0.0,True
e382be2025,42.8,d,depto,no posee,calefont 10 litros tiro forzado,1.9,1.9,0.47,0.47,11,1.0,False
76936f2024,50.3,g,casa_aislada,no posee,calefont glp,1.6,1.6,0.33,0.33,20,1.0,False
32cae52026,48.0,d,depto,no posee,caldera condensación,1.9,1.9,0.47,0.47,13,0.9795918688955794,False
79def72026,42.2,e,depto,no posee,calefont 7 litros tiro forzado,1.7,1.7,0.38,0.38,54,1.0,False
601f9f2025,67.6,d,depto,sin sistema,calefont,1.9,1.9,0.47,0.47,50,0.00881953798648314,False
3cfd792020,58.4,f,casa_pareada,no posee,calefont glp,1.7,1.7,0.38,0.38,27,0.0,False
fdcfc62024,47.0,d,casa_pareada,no posee,calefont 7 litros tiro forzado,1.7,1.7,0.38,0.38,41,1.0,False
ed5d5e2023,29.1,d,depto,no posee,calefont 7 litros tiro forzado,1.9,1.9,0.47,0.47,57,1.0,False
b5a2e62025,59.5,a,depto,no posee,calefont 7 litros tiro forzado,4.0,4.0,0.84,0.84,6,1.0,False
b2a5952024,38.7,c,casa_pareada,no posee,calefont 7 litros tiro forzado,4.0,4.0,0.84,0.84,3,0.00339213025673568,False
9ca93a2023,38.8,d,depto,no posee,el edificio cuenta con 2 calderas de gas natural ivar super,1.9,1.9,0.47,0.47,-1,0.0,True
1c35422023,32.8,d,depto,no posee.,caldera a condensación,1.9,1.9,0.47,0.47,-1,0.0,True
20e4552022,32.9,d,depto,no posee,caldera de condensación,1.9,1.9,0.47,0.47,28,1.0,False
38de142023,50.6,d,depto,no aplica,calefont glp,1.9,1.9,0.47,0.47,-1,0.0,True
1fb8022023,47.2,d,depto,0,calefont 10 litros tiro forzado,1.7,1.7,0.38,0.38,-1,0.0,True
c8d5a62023,47.9,f,depto,no aplica,calefont glp,1.6,1.6,0.33,0.33,-1,0.0,True
e65e9f2026,54.6,b,casa_aislada,calefactor electrico,calefont 8 litros gl,3.0,3.0,0.6,0.6,-1,0.0,True
2a71622026,51.2,d,depto,"no posee, departamentos consideran enchufe de fuerza para",termo eléctrico,1.9,1.9,0.47,0.47,-1,0.0,True
384d9d2018,55.0,d,casa_pareada,no posee,calefont 7 litros tiro forzado,1.9,1.9,0.47,0.47,43,1.0,False
1f93b82024,58.7,d,casa_pareada,no posee,calefont 13 litros tiro forzado,1.9,1.9,0.47,0.47,-1,0.0,True
fbf1fb2026,58.6,i,casa_pareada,no posee,calefont 7 litros tiro forzado,0.6,0.6,0.25,0.25,-1,0.0,True
208cb32026,38.8,d,depto,no posee,sala de calderas,1.9,1.9,0.47,0.47,12,1.0,False
8908042022,53.5,d,depto,no posee,calefont glp,1.9,1.9,0.47,0.47,-1,0.0,True
73c6522025,53.0,c,depto,no posee,calefont 7 litros tiro forzado,4.0,4.0,0.84,0.84,3,1.0,False
9624332025,56.9,g,casa_pareada,no posee,calefont glp,1.1,1.1,0.28,0.28,-1,0.0,True
6b146a2023,54.0,f,casa_pareada,no aplica,calefont glp,1.6,1.6,0.33,0.33,26,1.0,False
a40c4e2023,54.0,f,casa_pareada,no aplica,calefont glp,1.6,1.6,0.33,0.33,26,1.0,False
4090cf2024,50.9,b,casa_pareada,no posee,calefont 7 litros tiro forzado,4.0,4.0,0.84,0.84,-1,0.0,True
016c572025,50.2,d,depto,no posee,calefont glp,1.9,1.9,0.47,0.47,-1,0.0,True
64f77e2022,47.0,d,casa_pareada,no posee,calefont 7 litros tiro forzado,1.7,1.7,0.38,0.38,41,1.0,False
3281302021,43.3,e,casa_aislada,no posee,calefont glp,1.7,1.7,0.38,0.38,21,0.14285714285714285,False
0d347a2023,63.1,d,depto,no posee,calefont 7 litros tiro forzado,1.9,1.9,0.47,0.47,-1,0.0,True
bdf5ca2025,50.8,f,casa_pareada,no posee,calefont 7 litros tiro forzado,1.7,1.7,0.38,0.38,16,0.2647058810169847,False
4c431a2026,53.0,d,depto,no posee,calefont glp,1.9,1.9,0.47,0.47,-1,0.0,True
36a13a2022,51.6,d,depto,no posee,calefont,1.9,1.9,0.47,0.47,50,1.0,False
2483752020,46.2,f,casa_pareada,no posee,calefont glp,1.7,1.7,0.38,0.38,27,1.0,False
b9af742024,53.3,d,depto,no posee,calefont 7 litros tiro forzado,3.0,3.0,0.6,0.6,55,1.0,False
1036942023,70.3,d,depto,no posee,calefon,1.9,1.9,0.47,0.47,-1,0.0,True
a97e5d2023,41.2,f,depto,no posee,calefon,1.7,1.7,0.38,0.38,-1,0.0,True
1b87b82025,46.6,f,depto,no posee,calefont 7 litros tiro forzado,1.7,1.7,0.38,0.38,31,1.0,False
a1e30e2026,58.6,i,casa_pareada,no posee,calefont 7 litros tiro forzado,0.6,0.6,0.25,0.25,-1,0.0,True
daefec2023,51.0,c,depto,no posee,calefont 7 litros tiro forzado,4.0,4.0,0.84,0.84,3,1.0,False
0fafac2022,55.3,d,depto,no posee,calefont glp,1.9,1.9,0.47,0.47,-1,0.0,True
785c872024,28.4,d,depto,no posee,caldera,1.9,1.9,0.47,0.47,8,0.07259158922291108,False
e10c672026,46.5,d,depto,no posee,calefont 7 litros tiro forzado,1.9,1.9,0.47,0.47,59,1.0,False
b928412023,49.3,c,depto,no posee,calefont 7 litros tiro forzado,3.0,3.0,0.6,0.6,51,1.0,False
aedfa52020,72.6,d,casa_pareada,estufa kerosene 3 kw,calefon tiro natural 10 lts +sst,1.7,1.7,0.38,0.38,1,1.0,False
96fb522025,53.6,d,casa_pareada,no posee,calefont glp,1.9,1.9,0.47,0.47,39,1.0,False
3e8e2f2022,32.1,d,depto,calefactor eléctrico,sistema de generación central por caldera de condensación,1.9,1.9,0.47,0.47,-1,0.0,True
ea96112026,47.0,d,casa_pareada,no posee,calefont 7 litros tiro forzado,1.9,1.9,0.47,0.47,42,1.0,False
b6fae62022,41.8,f,casa_aislada,no posee,calefont glp,1.6,1.6,0.33,0.33,19,1.0,False
c250fc2021,87.9,d,casa_aislada,radiador eléctrico,calefont 13 litros tiro forzado,1.9,1.9,0.47,0.47,-1,0.0,True
3bbd4a2022,77.7,d,casa_aislada,la vivienda considera estufa de 6kw y combustible glp.,calefont 13 litros tiro forzado,1.7,1.7,0.38,0.38,-1,0.0,True
eb594a2021,46.2,f,casa_pareada,no posee,calefont glp,1.7,1.7,0.38,0.38,27,1.0,False
0c3a002022,41.4,f,casa_aislada,no posee,calefont glp,1.6,1.6,0.33,0.33,19,1.0,False
b99d7b2022,41.8,f,casa_aislada,no posee,calefont glp,1.6,1.6,0.33,0.33,19,1.0,False
c65a462020,48.4,e,depto,calefactor electrico convector modelo canelo iib marca pabst,"calefon tiro forzado marca rheem, linea prestige, de 14 litros",1.7,1.7,0.38,0.38,-1,0.0,True
ef22882025,32.6,e,depto,no posee,calefont 7 litros tiro forzado,1.7,1.7,0.38,0.38,54,0.3111111004340148,False
caebaa2023,41.8,f,casa_aislada,no aplica,calefont glp,1.6,1.6,0.33,0.33,-1,0.0,True
e94d472023,64.8,d,casa_pareada,no posee,calefont 7 litros tiro forzado,1.7,1.7,0.38,0.38,-1,0.0,True
9aba982019,48.1,g,depto,no posee,calefont rheem 14lt,1.1,1.1,0.28,0.28,-1,0.0,True
00a43b2023,54.0,f,casa_pareada,no aplica,calefont glp,1.6,1.6,0.33,0.33,26,1.0,False
86095e2020,42.4,d,casa_pareada,no posee,calefont glp,1.9,1.9,0.47,0.47,40,0.0,False
cd56972022,52.3,d,depto,no posee,calefont glp,1.9,1.9,0.47,0.47,47,1.0,False
09a3202023,50.2,d,depto,no posee,calefont 7 litros tiro forzado,1.9,1.9,0.47,0.47,60,0.6666666237676203,False
6880f62024,41.6,d,depto,no posee,caldera centralizada,1.9,1.9,0.47,0.47,-1,0.0,True
292f152024,43.8,d,casa_pareada,no posee,calefont 10 litros tiro forzado,3.0,3.0,0.6,0.6,36,0.009145250765473708,False
876ade2026,47.0,d,casa_pareada,"estufa keroseno, 3 kw",calefont 10litros tiro forzado,1.7,1.7,0.38,0.38,-1,0.0,True
7ca47d2025,29.0,d,depto,no posee,central térmica,1.9,1.9,0.47,0.47,38,0.004070556255695922,False
87cb3a2023,53.2,d,casa_pareada,no aplica,calefont glp,1.9,1.9,0.47,0.47,-1,0.0,True
26fe142025,47.0,d,casa_aislada,no posee,calefont 7 litros tiro forzado,1.7,1.7,0.38,0.38,33,0.037811515147903374,False
ed270f2024,28.4,d,depto,no posee,caldera,1.9,1.9,0.47,0.47,8,0.07259158922291108,False
d432ae2021,43.3,e,casa_aislada,no posee,calefont glp,1.7,1.7,0.38,0.38,21,0.14285714285714285,False
45c5002021,31.2,d,depto,no posee,calefon,1.9,1.9,0.47,0.47,-1,0.0,True
7661d42024,50.9,b,casa_pareada,no posee,calefont 7 litros tiro forzado,4.0,4.0,0.84,0.84,-1,0.0,True
1e52802023,55.1,d,depto,no posee,calefon,1.9,1.9,0.47,0.47,-1,0.0,True
0e0c8e2022,29.3,d,depto,no posee,caldera con condensación,1.9,1.9,0.47,0.47,52,1.0,False
a2e8942020,47.3,d,depto,no posee,caldera condensación,1.9,1.9,0.47,0.47,13,1.0,False
d205542023,54.0,f,casa_pareada,no aplica,calefont glp,1.6,1.6,0.33,0.33,26,1.0,False
3770ec2019,87.4,d,casa_aislada,no posee,calefont 10 litros tiro forzado,1.0,1.0,0.0,0.0,2,1.0,False
fcbda92025,50.4,d,depto,no posee,5 calderas de condensación ariston evo hp 150,1.9,1.9,0.47,0.47,-1,0.0,True
34ce062025,49.1,d,depto,no posee,central de agua caliente para suministro de todos los departamentos,1.9,1.9,0.47,0.47,-1,0.0,True
b17ded2025,61.0,d,depto,no posee,caldera centralizada,1.7,1.7,0.38,0.38,-1,0.0,True
f83c392026,50.2,d,depto,no posee,calefont 7 litros tiro forzado,1.9,1.9,0.47,0.47,60,0.6666666237676203,False
94d3482025,27.6,d,depto,no posee,termo eléctrico splendid 80 lt,1.9,1.9,0.47,0.47,-1,0.0,True
e7afb42026,63.1,d,casa_aislada,no posee,calefont 7 litros tiro forzado,1.9,1.9,0.47,0.47,33,1.0,False
66a2572019,45.2,f,depto,no posee,calefont 7 litros tiro forzado,1.6,1.6,0.33,0.33,32,0.974999963321316,False
1949ed2022,49.9,a,depto,no posee,"calefon splendid sb tfi 10 2 ev de 10 litros, gas licuado",4.0,4.0,0.84,0.84,-1,0.0,True
0bc8c62024,26.6,d,depto,no considera,caldera con condensación,1.9,1.9,0.47,0.47,53,1.0,False
c99f2c2025,51.0,e,depto,no posee,calefont 7 litros tiro forzado,1.7,1.7,0.38,0.38,54,1.0,False
24799a2020,38.4,d,depto,no posee,caldera de condesanción,1.9,1.9,0.47,0.47,-1,0.0,True
0f5dfb2021,42.0,d,casa_pareada,no posee,calefont glp,1.9,1.9,0.47,0.47,40,1.0,False
161e552024,33.8,d,depto,no posee,central térmica. caldera de condensación con acumuladores,1.9,1.9,0.47,0.47,-1,0.0,True
af36232022,52.6,d,casa_pareada,no posee,calefont 10 litros tiro forzado,1.9,1.9,0.47,0.47,36,1.0,False
5a0dcc2023,33.6,d,depto,no posee,caldera a condensación,1.9,1.9,0.47,0.47,18,0.9074073841042216,False
745d1e2022,49.2,d,depto,no posee,calefont glp,3.0,3.0,0.6,0.6,37,0.0,False
aa4c422021,61.3,d,casa_pareada,no posee,calefont,1.7,1.7,0.38,0.38,9,1.0,False
130b5c2019,29.3,d,depto,no posee,cuenta con un sistema de acs centralizado a partir de una,1.9,1.9,0.47,0.47,-1,0.0,True
c9d0602025,52.8,a,depto,no posee,calefont 7 litros tiro forzado,4.0,4.0,0.84,0.84,5,1.0,False
905ac42025,52.8,d,casa_pareada,no posee,calefont glp,1.9,1.9,0.47,0.47,39,1.0,False
13f8592019,50.1,d,depto,no posee,calefont 7 litros tiro forzado,1.9,1.9,0.47,0.47,-1,0.0,True
90f1da2024,56.0,b,depto,no posee,calefont 7 litros tiro forzado,4.0,4.0,0.84,0.84,3,0.00339213025673568,False
4ed1032019,60.1,f,depto,no posee,calefont 13 litros tiro forzado,1.7,1.7,0.38,0.38,-1,0.0,True
c7cd8c2018,49.1,d,depto,no posee,calefont 10 litros tiro forzado,1.7,1.7,0.38,0.38,11,0.027285465883879177,False
b41a7e2025,50.5,d,depto,calefactor electrico,calefont 10 litros gl,3.0,3.0,0.6,0.6,0,1.0,False
2f96a12020,46.2,f,casa_pareada,no posee,calefont glp,1.7,1.7,0.38,0.38,27,1.0,False
6d77412022,48.9,d,depto,no posee,calefont 10 litros tiro forzado,3.0,3.0,0.6,0.6,11,0.009571054886205977,False
3554872023,59.2,d,depto,no posee,calefont 7 litros tiro forzado,3.0,3.0,0.6,0.6,55,0.47222222460550256,False
44f6e52020,72.6,d,casa_pareada,estufa kerosene 3 kw,calefon tiro natural 10 lts +sst,1.7,1.7,0.38,0.38,1,1.0,False
a6b1e52025,47.0,d,casa_pareada,no posee,calefont 7 litros tiro forzado,1.7,1.7,0.38,0.38,41,1.0,False
a93f422026,45.0,d,depto,no posee,calefont 10 litros tiro forzado,1.9,1.9,0.47,0.47,11,1.0,False
a82ee62026,31.6,e,depto,no aplica,termos eléctricos murales para cada departamento,1.7,1.7,0.38,0.38,-1,0.0,True
1de0632024,35.2,a,depto,no posee,termo eléctrico junkers/bosch,4.0,4.0,0.84,0.84,-1,0.0,True
7f25602026,47.0,d,casa_pareada,no posee,calefont 7 litros tiro forzado,1.9,1.9,0.47,0.47,42,1.0,False
2d28382025,27.8,d,depto,no posee,calefont 7 litros tiro forzado,1.9,1.9,0.47,0.47,57,0.9500000038609141,False
2d6fba2024,52.5,d,depto,no posee,calefont 10 litros tiro forzado,1.9,1.9,0.47,0.47,11,1.0,False
2cdc7d2025,58.6,f,casa_aislada,no posee,calefont 7 litros tiro forzado,1.7,1.7,0.38,0.38,14,1.0,False
e106422021,55.1,d,depto,no posee,calefont 7 litros tiro forzado,1.9,1.9,0.47,0.47,-1,0.0,True
e9177d2023,33.5,d,depto,no posee,la torre cuenta con 2 calderas de gas natural sime modelo,1.9,1.9,0.47,0.47,-1,0.0,True
5299de2023,45.3,d,depto,no posee,el edificio cuenta con 2 calderas de gas natural ivar super,1.9,1.9,0.47,0.47,-1,0.0,True
97a0592021,54.1,d,depto,estufa kerosene 3 kw,calefon tiro natural 10 lts +sst,1.7,1.7,0.38,0.38,1,0.9996608826569533,False
9eba462020,46.2,f,casa_pareada,no posee,calefont glp,1.7,1.7,0.38,0.38,27,1.0,False
21df9e2025,57.8,d,depto,no posee,calefont 7 litros tiro forzado,1.9,1.9,0.47,0.47,-1,0.0,True
4f97f92024,48.3,f,casa_pareada,no posee,calefont glp,1.7,1.7,0.38,0.38,27,0.0,False
2a35ce2025,48.3,b,depto,no posee,calefont glp,4.0,4.0,0.84,0.84,-1,0.0,True
65c9d62026,42.7,g,casa_aislada,no posee,calefont glp,1.1,1.1,0.28,0.28,20,1.0,False
ebcd862025,57.5,f,casa_aislada,no posee,calefont glp,1.7,1.7,0.38,0.38,19,0.056458454608419154,False
76a2a82018,41.3,e,casa_pareada,no posee,calefont 7 litros tiro forzado,1.7,1.7,0.38,0.38,34,1.0,False
ce335d2025,28.6,d,depto,no posee,sala de calderas,1.9,1.9,0.47,0.47,12,1.0,False
4d720b2021,41.7,d,casa_pareada,no posee,calefont glp,1.9,1.9,0.47,0.47,40,0.0,False
95f75b2023,47.2,d,depto,no posee,"calefón splendid mvg tfi 13 litros, gas natural de 22,5 kw",1.9,1.9,0.47,0.47,-1,0.0,True
365c062026,54.3,e,casa_pareada,calefactor electrico,calefont 10 litros gl,1.7,1.7,0.38,0.38,-1,0.0,True
ff221a2025,50.8,f,casa_pareada,no posee,calefont 7 litros tiro forzado,1.7,1.7,0.38,0.38,16,0.2647058810169847,False
5daefb2022,41.8,f,casa_aislada,no posee,calefont glp,1.6,1.6,0.33,0.33,19,1.0,False
3611f52021,42.0,d,casa_pareada,no posee,calefont glp,1.9,1.9,0.47,0.47,40,1.0,False
59d7d92022,46.0,d,depto,no posee,central de calderas a condensación tipo mural,1.9,1.9,0.47,0.47,-1,0.0,True
38f11b2024,67.3,d,depto,no posee,"el edificio cuenta con 4 calderas de condensación, marca acv,",1.9,1.9,0.47,0.47,-1,0.0,True
edbbb32022,130.0,d,depto,sistema centralizado con losa radiante y caldera de condensación,centralizado con caldera de condensación y estanques de,1.9,1.9,0.47,0.47,-1,0.0,True
c4ae4b2025,48.5,d,depto,no posee,calefont glp,1.9,1.9,0.47,0.47,44,1.0,False
9c82eb2026,41.4,c,depto,sin sistema,calefont tiro forzado 13 lts,4.0,4.0,0.84,0.84,-1,0.0,True
b36aa72023,47.0,d,casa_pareada,no posee,calefont 7 litros tiro forzado,1.7,1.7,0.38,0.38,41,1.0,False
4f7cfc2020,243.4,d,depto,no posee,calefont 7 litros tiro forzado,1.9,1.9,0.47,0.47,-1,0.0,True
115c592026,29.6,d,depto,no posee,el edificio cuenta con 4 calderas a gas natural de condensación,1.9,1.9,0.47,0.47,-1,0.0,True
f888742023,49.6,d,depto,no posee,calderas de condensación murales,1.9,1.9,0.47,0.47,-1,0.0,True
1a9ada2020,46.7,d,depto,no posee,caldera condensación,1.9,1.9,0.47,0.47,13,1.0,False
1d75112019,68.9,d,depto,radiadores,caldera de condensación en cascada,1.0,1.0,0.0,0.0,-1,0.0,True
d0c98b2024,40.9,d,depto,no posee,calefont glp,3.0,3.0,0.6,0.6,37,0.0,False
f41b5b2020,49.8,g,casa_aislada,no posee,calefont 7 litros tiro forzado,1.6,1.6,0.33,0.33,-1,0.0,True
d073882024,45.6,d,depto,no posee,caldera de condensación,1.9,1.9,0.47,0.47,28,1.0,False
e3197b2025,30.8,d,depto,no posee,"central térmica con 10 calefones de condesación, marca anwo,",1.0,1.0,0.0,0.0,2,1.0,False
69d6282023,81.7,d,casa_pareada,0,calefont 10 litros tiro forzado,1.7,1.7,0.38,0.38,-1,0.0,True
0e9f982026,48.7,e,casa_aislada,no posee,calefont glp,1.7,1.7,0.38,0.38,21,1.0,False
f29eb22020,58.3,f,casa_aislada,no posee,calefont 10 litros tiro forzado,1.7,1.7,0.38,0.38,15,1.0,False
ae15522024,49.4,d,depto,no posee,calefont 7 litros tiro forzado,1.9,1.9,0.47,0.47,60,1.0,False
b99f0f2022,52.3,d,depto,no posee,calefont glp,1.9,1.9,0.47,0.47,47,1.0,False
0147b82023,42.6,f,casa_aislada,no posee,calefont 7 litros tiro forzado,1.7,1.7,0.38,0.38,14,1.0,False
b1c1a72026,46.2,d,depto,no posee,"calefont 10 litros tiro forzado, gas natural",1.9,1.9,0.47,0.47,-1,0.0,True
68de622024,55.6,a,depto,no posee,calefont 7 litros tiro forzado,4.0,4.0,0.84,0.84,5,1.0,False
8d9be72025,37.2,d,depto,sin sistema,caldera,1.9,1.9,0.47,0.47,-1,0.0,True
1e7f952024,47.9,d,depto,no posee,calefont tiro forzado,1.9,1.9,0.47,0.47,24,0.024526388758561498,False
3978192025,59.5,d,casa_aislada,0,"calefón junkers w13 kb31 13 litros, gas licuado con potencia",1.9,1.9,0.47,0.47,-1,0.0,True
7def002024,48.6,f,depto,no posee,calefont,1.6,1.6,0.33,0.33,-1,0.0,True
368d142025,30.5,d,depto,no posee,calefont 7 litros tiro forzado,1.9,1.9,0.47,0.47,57,1.0,False
d2eb062023,27.8,c,depto,no posee,"central térmica calefont condensación, gas licuado, bosch,",4.0,4.0,0.84,0.84,-1,0.0,True
54810a2024,224.5,d,casa_pareada,no posee,calefont 7 litros tiro forzado,1.9,1.9,0.47,0.47,-1,0.0,True
2de0d32025,70.4,d,casa_pareada,no posee,calefont 7 litros tiro forzado,1.7,1.7,0.38,0.38,-1,0.0,True
3090d82021,51.3,f,casa_aislada,no posee,calefont 10 litros tiro forzado,1.7,1.7,0.38,0.38,15,1.0,False
923c832025,53.0,c,depto,no posee,calefont 7 litros tiro forzado,4.0,4.0,0.84,0.84,3,1.0,False
44ee6f2024,50.3,g,casa_aislada,no posee,calefont glp,1.6,1.6,0.33,0.33,20,1.0,False
892fe32020,60.3,a,depto,no posee,calefont 7 litros tiro forzado,4.0,4.0,0.84,0.84,6,1.0,False
db77d32023,60.0,f,casa_pareada,no posee,calefont 7 litros tiro forzado,1.7,1.7,0.38,0.38,16,0.10975610284360668,False
b2fb1a2023,46.2,d,depto,no posee,caldera a condensación,1.9,1.9,0.47,0.47,18,1.0,False
a2b6132022,47.3,d,depto,no posee,calefont 7 litros tiro forzado,3.0,3.0,0.6,0.6,55,0.8500000115827424,False
ef2a892025,52.9,c,depto,no posee,calefont 7 litros tiro forzado,4.0,4.0,0.84,0.84,3,1.0,False
98d15b2020,51.6,d,casa_pareada,estufa kerosene 3 kw,calefon tiro natural 10 lts +sst,1.7,1.7,0.38,0.38,1,1.0,False
1495502024,65.7,d,depto,no posee,calefont junkers hydrowind wtd15-kme,1.9,1.9,0.47,0.47,-1,0.0,True
4ea8c22024,55.0,d,casa_aislada,no posee,"calefón splendid de 13 litros, master mvg tfi 13, gas licuado",3.0,3.0,0.6,0.6,-1,0.0,True
aba95b2026,41.9,d,depto,no posee,sala de calderas,1.9,1.9,0.47,0.47,12,1.0,False
e5bbcf2024,50.9,b,casa_pareada,no posee,calefont 7 litros tiro forzado,4.0,4.0,0.84,0.84,-1,0.0,True
2533b92025,50.6,f,depto,no posee,calefont glp,1.7,1.7,0.38,0.38,29,1.0,False
a0d3e92024,48.0,f,depto,no posee,calefont,1.6,1.6,0.33,0.33,-1,0.0,True
420fbd2024,49.6,f,casa_pareada,no posee,calefont 10 litros tiro forzado,1.7,1.7,0.38,0.38,-1,0.0,True
71a7942022,34.6,a,depto,no posee,sistema unitario,4.0,4.0,0.84,0.84,-1,0.0,True
4eebf42022,74.3,d,casa_pareada,no posee,calefont 7 litros tiro forzado,1.7,1.7,0.38,0.38,-1,0.0,True
788ba62026,53.0,d,depto,no posee,calefont glp,1.9,1.9,0.47,0.47,-1,0.0,True
e274ca2025,68.2,f,casa_pareada,no posee,calefont 7 litros tiro forzado,1.7,1.7,0.38,0.38,16,0.06666667009859048,False
a566e82023,46.9,i,casa_aislada,no posee,calefont 7 litros tiro forzado,,,,,-1,0.0,True
183c212022,78.2,d,casa_pareada,no posee,calefont tiro forzado,1.7,1.7,0.38,0.38,7,0.9104477212861625,False
767dcd2020,61.9,d,depto,no posee,calefont 7 litros tiro forzado,1.9,1.9,0.47,0.47,-1,0.0,True
0b07f52023,60.9,a,depto,no posee,calefont 7 litros tiro forzado,4.0,4.0,0.84,0.84,6,1.0,False
0675272020,55.3,f,casa_pareada,no posee,calefont glp,1.7,1.7,0.38,0.38,27,0.0,False
c035022026,54.3,e,casa_pareada,calefactor electrico,calefont 10 litros gl,1.7,1.7,0.38,0.38,-1,0.0,True
7d2d622024,30.3,d,depto,no posee,caldera centralizada,1.9,1.9,0.47,0.47,-1,0.0,True
7158502025,30.6,d,depto,no posee,calefont 7 litros tiro forzado,1.9,1.9,0.47,0.47,57,1.0,False
6b98812025,32.2,d,depto,no posee,calefont 10 litros tiro forzado,1.9,1.9,0.47,0.47,11,0.25471698827937145,False
8bf3c82021,53.2,d,casa_pareada,no posee,calefont 7 litros tiro forzado,1.9,1.9,0.47,0.47,43,1.0,False
e707e92026,57.8,e,depto,sin sistema,calefont tiro forzado 13 lts,1.7,1.7,0.38,0.38,35,1.0,False
c2c9672021,77.8,d,casa_aislada,estufa kerosene 3 kw,calefon tiro natural 10 lts +sst,1.7,1.7,0.38,0.38,1,1.0,False
78895f2019,47.0,e,depto,no posee,calefont glp,1.7,1.7,0.38,0.38,-1,0.0,True
f310462025,57.2,e,casa_pareada,no posee,calefont 10 litros tiro forzado,1.7,1.7,0.38,0.38,-1,0.0,True
e0fc8a2024,49.2,e,depto,no posee,calefont 13 litros tiro forzado,1.7,1.7,0.38,0.38,-1,0.0,True
7df81a2025,35.5,d,depto,no posee,calefont 7 litros tiro forzado,1.9,1.9,0.47,0.47,57,0.9047619117658305,False
4a084d2022,28.1,d,depto,no existe,sistema de calentamiento de agua con estanque eléctrico,1.9,1.9,0.47,0.47,-1,0.0,True
aadd0f2026,44.5,f,casa_pareada,no posee,calefont 7 litros tiro forzado,1.7,1.7,0.38,0.38,16,1.0,False
Block 1C 6b2e912023,67.5,i,depto,"calefactor de tiro natural modelo 4990tc, marca orbis, potencia","calefon de tiro forzado digital de 13 litros- marca spendid,",0.6,0.6,0.25,0.25,-1,0.0,True
f590842022,51.9,b,depto,no posee,calefont 7 litros tiro forzado,3.0,3.0,0.6,0.6,-1,0.0,True
13e59a2024,70.2,d,depto,no posee,caldera centralizada,1.9,1.9,0.47,0.47,-1,0.0,True
d68e162025,38.8,b,depto,0,"calefon junkers wtd10 km e31, 10 litros, gas licuado de 17,8",4.0,4.0,0.84,0.84,-1,0.0,True
8ea14b2022,42.0,d,casa_pareada,no posee,calefont glp,1.9,1.9,0.47,0.47,40,1.0,False
6f0a272018,52.2,a,depto,no posee,calefont 7 litros tiro forzado apoyado sst,4.0,4.0,0.84,0.84,-1,0.0,True
3d556c2025,53.8,d,depto,no posee,calefont 7 litros tiro forzado,3.0,3.0,0.6,0.6,55,1.0,False
bf244c2025,45.9,d,depto,no posee,calefont 7 litros tiro forzado,1.9,1.9,0.47,0.47,59,1.0,False
8978f52021,47.5,d,depto,no posee,calefont 7 litros tiro forzado,1.9,1.9,0.47,0.47,61,0.0,False
5e99f02024,52.2,g,depto,no posee,calefont 10 litros tiro forzado,1.6,1.6,0.33,0.33,23,1.0,False
4842252026,47.0,d,casa_pareada,no posee,calefont 7 litros tiro forzado,1.7,1.7,0.38,0.38,41,1.0,False
b22d102022,55.4,a,depto,no posee,"calefon splendid, master mvg tfi 10, 10 litros, gas licuado",4.0,4.0,0.84,0.84,-1,0.0,True
24eea22019,51.1,d,depto,no posee,calefont glp,1.9,1.9,0.47,0.47,49,1.0,False
b2f0272022,26.9,d,depto,no posee,caldera con condensación,1.9,1.9,0.47,0.47,52,0.9375,False
0272de2019,47.2,d,depto,no posee,calefont 7 litros tiro forzado,1.9,1.9,0.47,0.47,61,1.0,False
67e1bf2025,56.9,g,casa_pareada,no posee,calefont glp,1.1,1.1,0.28,0.28,-1,0.0,True
66c3522022,57.9,g,depto,no posee,caldera mural rinnai eco 16/17 gn,1.1,1.1,0.28,0.28,-1,0.0,True
ce195a2023,46.1,f,casa_pareada,no aplica,calefont glp,1.7,1.7,0.38,0.38,26,1.0,False
5ae7d62021,51.3,d,depto,no posee,calefont glp,1.9,1.9,0.47,0.47,49,0.0,False
ca2d762021,74.1,d,casa_aislada,estufa a gas,calefont,1.9,1.9,0.47,0.47,-1,0.0,True
aa41e42025,52.2,g,depto,no posee,calefont 10 litros tiro forzado,1.6,1.6,0.33,0.33,23,1.0,False
846b0e2025,40.6,d,depto,no posee,sala de calderas,1.9,1.9,0.47,0.47,12,1.0,False
1dd6632025,48.3,e,casa_aislada,no posee,calefont glp,1.7,1.7,0.38,0.38,21,1.0,False
6fb3852024,49.8,g,depto,no posee,calefont 10 litros tiro forzado,1.1,1.1,0.28,0.28,23,1.0,False
2ea9342022,135.4,d,depto,piso radiante,caldera con condensación,1.9,1.9,0.47,0.47,-1,0.0,True
66abba2025,41.7,d,depto,no posee,sala de calderas,1.9,1.9,0.47,0.47,12,1.0,False
e1918e2025,48.5,d,depto,no posee,calefont glp,1.9,1.9,0.47,0.47,44,1.0,False
857f9c2025,52.5,d,depto,calefactor electrico,calefont 12 litros gl,1.9,1.9,0.47,0.47,0,0.5209410008367642,False
4e41802025,48.5,d,depto,no posee,calefont glp,1.9,1.9,0.47,0.47,44,1.0,False
b0ee062020,46.2,f,casa_pareada,no posee,calefont glp,1.7,1.7,0.38,0.38,27,1.0,False
3e10692025,52.7,a,depto,no posee,"calefon splendid mvg tfi de 10 litros, de 17,6 kw potencia",4.0,4.0,0.84,0.84,4,1.0,False
3d93512025,58.7,d,depto,radiador eléctrico,termo,1.9,1.9,0.47,0.47,-1,0.0,True
31f7d62022,47.4,a,depto,no posee,"calefon splendid sb tfi 10 2 ev de 10 litros, gas licuado",4.0,4.0,0.84,0.84,-1,0.0,True
389b142025,48.3,e,casa_aislada,no posee,calefont glp,1.7,1.7,0.38,0.38,21,1.0,False
cb689b2023,68.0,d,casa_pareada,no posee,calefont tiro forzado,1.7,1.7,0.38,0.38,7,1.0,False
edb0d02022,51.9,b,depto,no posee,calefont 7 litros tiro forzado,3.0,3.0,0.6,0.6,-1,0.0,True
5424852026,47.0,d,casa_pareada,no posee,calefont 7 litros tiro forzado,1.9,1.9,0.47,0.47,42,1.0,False
880a4a2018,91.2,d,casa_pareada,no posee,calefont 10 litros tiro forzado,1.0,1.0,0.0,0.0,2,0.990287986107139,False
1a05de2026,46.5,d,depto,no posee,calefont 7 litros tiro forzado,1.9,1.9,0.47,0.47,59,1.0,False
62568d2024,140.0,d,casa_aislada,no posee,calefont tiro forzado rheem 18 lts,1.9,1.9,0.47,0.47,-1,0.0,True
85cb932021,47.8,d,depto,no posee,calefont 7 litros tiro forzado,1.9,1.9,0.47,0.47,-1,0.0,True
11ae8f2024,50.0,d,depto,caldera mural,caldera mural,1.7,1.7,0.38,0.38,-1,0.0,True
a391c92025,48.0,d,depto,no posee,calefont 10 litros tiro forzado,1.9,1.9,0.47,0.47,11,1.0,False
fd325d2020,55.0,a,depto,no posee,calefont 10 litros tiro forzado,4.0,4.0,0.84,0.84,-1,0.0,True
0e5de82025,52.7,a,depto,no posee,"calefon splendid mvg tfi de 10 litros, de 17,6 kw potencia",4.0,4.0,0.84,0.84,4,1.0,False
165d7a2024,51.0,b,depto,no posee,calefont 7 litros tiro forzado,4.0,4.0,0.84,0.84,3,0.00339213025673568,False
04aba72023,49.3,c,depto,no aplica,calefont glp,4.0,4.0,0.84,0.84,-1,0.0,True
f3ee222026,47.0,d,casa_pareada,no posee,calefont 7 litros tiro forzado,1.7,1.7,0.38,0.38,41,1.0,False
aeb18e2024,37.0,c,depto,no posee,calefont 13 litros tiro forzado,3.0,3.0,0.6,0.6,-1,0.0,True
3fcd5b2019,43.3,e,casa_aislada,no posee,calefont glp,1.7,1.7,0.38,0.38,21,0.14285714285714285,False
dd6f542025,54.0,c,casa_pareada,no posee,"calefont a gas licuado 13 litros con potencia nominal de 22,9",4.0,4.0,0.84,0.84,-1,0.0,True
"103, Block 3E 06985f2023",55.6,i,depto,"calefactor de tiro natural modelo 4990tc, marca orbis, potencia","calefon de tiro forzado digital de 13 litros- marca spendid,",0.6,0.6,0.25,0.25,-1,0.0,True
6608d42025,59.5,d,casa_aislada,0,"calefón junkers w13 kb31 13 litros, gas licuado con potencia",1.9,1.9,0.47,0.47,-1,0.0,True
e97dfd2025,46.5,e,depto,no posee,calefont 12 litros tiro forzado,1.7,1.7,0.38,0.38,-1,0.0,True
ce7fa02026,51.1,f,casa_aislada,no posee,calefont glp,1.6,1.6,0.33,0.33,19,0.4054053884839404,False
0fb06b2024,30.5,d,depto,no posee,caldera centralizada,1.9,1.9,0.47,0.47,-1,0.0,True
2173082024,29.4,d,depto,no posee,central termica,1.9,1.9,0.47,0.47,38,1.0,False
a12a672026,59.5,e,depto,no posee,calefont 7 litros tiro forzado,1.7,1.7,0.38,0.38,54,0.8235293369511462,False
732b542021,51.1,d,depto,no considera,calefont 11 litros,3.0,3.0,0.6,0.6,-1,0.0,True
efc18d2025,49.5,d,casa_pareada,no posee,calefont 11 litros tiro forzado,1.9,1.9,0.47,0.47,-1,0.0,True
4a0c722025,59.5,d,casa_pareada,no posee,calefont 7 litros tiro forzado,1.9,1.9,0.47,0.47,43,0.47058819254351203,False
fe542e2022,27.0,d,depto,no posee,caldera a condensación,1.9,1.9,0.47,0.47,18,1.0,False
a8544f2024,49.1,d,depto,no posee,calefont 7 litros tiro forzado,1.9,1.9,0.47,0.47,60,1.0,False
6cce8b2025,41.0,d,depto,no posee,"central térmica con 10 calefones de condesación, marca anwo,",1.0,1.0,0.0,0.0,2,0.9993240574165058,False
5c85ca2023,27.7,d,depto,no posee,central termica,1.9,1.9,0.47,0.47,38,1.0,False
864a1c2024,51.3,d,depto,no posee,calefont,1.9,1.9,0.47,0.47,50,1.0,False
41bd842023,61.5,d,casa_pareada,no posee,calefont 7 litros tiro forzado,1.9,1.9,0.47,0.47,43,0.39999996911268704,False
c63ebe2023,54.6,d,casa_pareada,no posee,calefont 7 litros tiro forzado,1.7,1.7,0.38,0.38,45,1.0,False
bde80d2026,51.6,f,casa_pareada,no posee,calefont 7 litros tiro forzado,1.7,1.7,0.38,0.38,16,0.2647058810169847,False
2261082024,26.2,d,depto,no considera,caldera con condensación,1.9,1.9,0.47,0.47,53,1.0,False
a90dd42023,44.5,f,casa_pareada,no posee,calefont 7 litros tiro forzado,1.7,1.7,0.38,0.38,16,1.0,False
b12bff2024,51.8,d,depto,no posee,calefont 7 litros tiro forzado,3.0,3.0,0.6,0.6,55,1.0,False
1de0702025,51.1,d,depto,no posee,calefont 11 litros tiro forzado,1.9,1.9,0.47,0.47,-1,0.0,True
bb6b2a2022,48.7,d,depto,no posee,caldera con condensación,1.9,1.9,0.47,0.47,52,0.8333332618349243,False
cd977f2019,65.9,d,depto,no posee,caldera de condensación,1.0,1.0,0.0,0.0,2,0.9688728428511164,False
0f87592023,55.8,i,depto,"calefactor de tiro natural modelo 4990tc, marca orbis, potencia","calefon de tiro forzado digital de 13 litros- marca spendid,",0.6,0.6,0.25,0.25,-1,0.0,True
f2bf332024,49.8,g,depto,no posee,calefont 10 litros tiro forzado,1.1,1.1,0.28,0.28,23,1.0,False
e753e22020,66.1,g,casa_aislada,caldera a leña,calefont,1.1,1.1,0.28,0.28,-1,0.0,True
bb56bd2026,31.2,d,depto,no posee,"por definir, por defecto.",1.9,1.9,0.47,0.47,-1,0.0,True
0511cf2023,47.9,f,depto,no aplica,calefont glp,1.6,1.6,0.33,0.33,-1,0.0,True
479b212025,50.4,d,depto,no posee,5 calderas de condensación ariston evo hp 150,1.9,1.9,0.47,0.47,-1,0.0,True
c361192025,50.8,c,depto,no posee,calefont 7 litros tiro forzado,4.0,4.0,0.84,0.84,3,1.0,False
12afa72024,52.5,d,depto,no posee,calefont 10 litros tiro forzado,1.9,1.9,0.47,0.47,11,1.0,False
0ab7f22020,42.4,d,casa_pareada,no posee,calefont glp,1.9,1.9,0.47,0.47,40,0.0,False
f089102024,35.2,a,depto,no posee,termo eléctrico junkers/bosch,4.0,4.0,0.84,0.84,-1,0.0,True
c1bba12024,33.9,a,depto,no posee,calefont 7 litros tiro forzado,4.0,4.0,0.84,0.84,-1,0.0,True
8a37f72019,54.0,d,depto,no posee,bomba de calor,1.9,1.9,0.47,0.47,-1,0.0,True
6f4f972023,37.6,d,depto,no posee,calefont 7 litros tiro forzado,1.9,1.9,0.47,0.47,57,0.9047619117658305,False
f003162024,46.1,d,depto,no posee,central térmica,1.9,1.9,0.47,0.47,38,0.004070556255695922,False
4469672022,28.4,d,depto,no posee,caldera a condensación,1.9,1.9,0.47,0.47,18,1.0,False
203a452025,53.0,c,depto,no posee,calefont 7 litros tiro forzado,4.0,4.0,0.84,0.84,3,1.0,False
2742832023,50.8,f,casa_pareada,no aplica,calefont glp,1.6,1.6,0.33,0.33,26,1.0,False
93b8f22025,27.6,c,depto,no posee,central termica calderas de gas natural,3.0,3.0,0.6,0.6,-1,0.0,True
3b87632026,48.7,e,casa_aislada,no posee,calefont glp,1.7,1.7,0.38,0.38,21,1.0,False
9259512021,64.1,d,casa_aislada,no posee,calefont 7 litros tiro forzado,1.9,1.9,0.47,0.47,33,1.0,False
a3b88d2025,47.0,d,casa_pareada,no posee,calefont 7 litros tiro forzado,1.7,1.7,0.38,0.38,41,1.0,False
9b3fbf2022,43.8,d,depto,no posee,el edificio cuenta con 2 calderas de gas natural ivar super,1.9,1.9,0.47,0.47,-1,0.0,True
95986b2023,29.6,d,depto,no posee,caldera de condensación,1.9,1.9,0.47,0.47,28,1.0,False
a3d0022023,40.1,c,depto,no posee,calefont 7 litros tiro forzado,3.0,3.0,0.6,0.6,51,1.0,False
45e8132022,91.6,d,casa_pareada,no posee,calefont tiro forzado,1.7,1.7,0.38,0.38,7,1.0,False
a6ba612024,78.6,d,casa_pareada,no posee,calefont 10 lts,1.9,1.9,0.47,0.47,-1,0.0,True
b20bec2025,38.6,d,depto,split inverter,termo eléctrico,1.9,1.9,0.47,0.47,-1,0.0,True
e10c662024,49.7,c,depto,no posee,calefont 7 litros tiro forzado,4.0,4.0,0.84,0.84,3,0.8333333440580949,False
22b06d2022,43.6,d,depto,no existe,sistema de calentamiento de agua con estanque eléctrico,1.9,1.9,0.47,0.47,-1,0.0,True
0c34292025,38.0,d,depto,no posee,calefont 7 litros tiro forzado,1.9,1.9,0.47,0.47,-1,0.0,True
d41e802024,68.0,d,depto,no posee,central térmica,1.9,1.9,0.47,0.47,38,0.004070556255695922,False
ee1c222026,49.4,f,depto,no posee,calefont 7 litros tiro forzado,1.6,1.6,0.33,0.33,32,1.0,False
eb7bc82022,31.8,d,depto,no considera,caldera con condensación,1.9,1.9,0.47,0.47,53,1.0,False
eeeb9d2026,48.9,d,depto,no aplica,4 calderas murales de condensación,1.9,1.9,0.47,0.47,-1,0.0,True
85a0432023,57.7,d,depto,no posee,"calefón splendid mvg tfi 13 litros, gas natural de 22,5 kw",1.9,1.9,0.47,0.47,-1,0.0,True
Oeste f153fa2018,54.1,d,casa_pareada,no posee,calefont 7 litros tiro forzado,1.7,1.7,0.38,0.38,45,0.6250000482614302,False
b3bf6d2020,46.2,f,casa_pareada,no posee,calefont glp,1.7,1.7,0.38,0.38,27,1.0,False
828d1d2023,52.0,f,casa_pareada,no aplica,calefont glp,1.7,1.7,0.38,0.38,26,1.0,False
fab5b72022,50.4,f,casa_aislada,estufa a parafina marca toyotomi modelo ff-v30t el que tiene,calefon marca mademsa modelo. forzada tfm 10 eco gl el,1.6,1.6,0.33,0.33,-1,0.0,True
c781b02021,92.0,d,casa_aislada,estufa a gas,calefont,1.9,1.9,0.47,0.47,-1,0.0,True
df9ce42025,40.4,d,depto,no posee,sala de calderas,1.9,1.9,0.47,0.47,12,1.0,False
6a89952024,45.8,d,depto,no posee,caldera de condensación,1.9,1.9,0.47,0.47,28,1.0,False
3916df2019,56.9,a,depto,no posee,calefont 7 litros tiro forzado,4.0,4.0,0.84,0.84,5,0.46153849123780327,False
0efd102025,50.8,d,depto,no posee,calefont glp,1.9,1.9,0.47,0.47,48,1.0,False
2e25352022,52.3,d,depto,no posee,calefont glp,1.9,1.9,0.47,0.47,47,1.0,False
356adb2026,47.6,d,depto,no posee,calefont 7 litros tiro forzado,1.7,1.7,0.38,0.38,56,1.0,False
8d643c2025,46.7,d,depto,no posee,calefont 7 litros tiro forzado,1.9,1.9,0.47,0.47,59,1.0,False
bef7fa2021,54.7,d,depto,no posee,calefont 7 litros tiro forzado,1.9,1.9,0.47,0.47,-1,0.0,True
87455a2026,29.6,d,depto,no posee,termo eléctrico,1.9,1.9,0.47,0.47,8,1.0,False
a7005c2025,43.5,d,depto,no posee,"en definición, se utiliza por defecto en precalificación.",1.9,1.9,0.47,0.47,-1,0.0,True
ccd1162026,48.7,e,casa_aislada,no posee,calefont glp,1.7,1.7,0.38,0.38,21,1.0,False
7a6d1b2026,30.5,d,depto,no posee,central de agua caliente para suministro de todos los departamentos,1.9,1.9,0.47,0.47,-1,0.0,True
ca9cd22020,54.3,d,depto,no posee,calentamiento de agua con caldera a condensación,1.9,1.9,0.47,0.47,50,0.00881953798648314,False
82dc482025,49.3,g,depto,calefactor eléctrico wally one de kaltemp,termo eléctrico rheem,1.6,1.6,0.33,0.33,-1,0.0,True
ab8fb82024,51.8,d,casa_aislada,no posee,"calefón splendid de 10 litros, master mvg tfi 10, gas licuado",3.0,3.0,0.6,0.6,-1,0.0,True
4b5ebf2022,49.9,d,depto,no posee,calefont glp,3.0,3.0,0.6,0.6,37,1.0,False
effcb32020,242.7,d,depto,cielo radiante mediante caldera de condensación a gas,mediante condensación a gas,1.9,1.9,0.47,0.47,-1,0.0,True
2a68752025,56.0,g,casa_pareada,no posee,calefont glp,1.6,1.6,0.33,0.33,-1,0.0,True
46c1732023,41.2,f,casa_aislada,no aplica,calefont glp,1.6,1.6,0.33,0.33,-1,0.0,True
b9d9b92025,53.4,f,depto,no posee,calefont 7 litros tiro forzado,1.6,1.6,0.33,0.33,32,1.0,False
30082e2023,24.9,d,depto,no posee,central termica,1.9,1.9,0.47,0.47,38,1.0,False
5dc9022022,62.5,d,casa_aislada,no posee,calefont tiro forzado,1.7,1.7,0.38,0.38,7,0.04138398698431263,False
b85f6b2022,51.6,d,casa_pareada,no posee,calefont 7 litros tiro forzado,1.7,1.7,0.38,0.38,-1,0.0,True
3895462025,47.1,c,casa_pareada,no posee,calefont 7 litros tiro forzado,4.0,4.0,0.84,0.84,3,0.00339213025673568,False
afabb32025,48.4,d,depto,no posee,calefont,1.9,1.9,0.47,0.47,50,1.0,False
f1baa22024,49.3,d,depto,no posee,caldera de condensación,1.9,1.9,0.47,0.47,28,1.0,False
d43a642025,41.8,f,depto,calefactor electrico,calefont 10 litros gl,1.6,1.6,0.33,0.33,-1,0.0,True
63ca142020,51.0,d,depto,no posee,calefont glp,1.9,1.9,0.47,0.47,48,1.0,False
d99c0e2021,41.7,d,casa_pareada,no posee,calefont glp,1.9,1.9,0.47,0.47,40,0.0,False
88eb842025,57.8,d,depto,no posee,calefont,1.9,1.9,0.47,0.47,50,1.0,False
de25a82022,111.0,d,casa_aislada,radiador eléctrico,calefont tiro forzado,1.9,1.9,0.47,0.47,-1,0.0,True
e40fe02020,46.2,f,casa_pareada,no posee,calefont glp,1.7,1.7,0.38,0.38,27,1.0,False
6d0caa2021,42.4,d,casa_pareada,no posee,calefont glp,1.9,1.9,0.47,0.47,40,0.0,False
5aa9842021,51.9,f,depto,no posee,calefont 10 litros tiro forzado,1.7,1.7,0.38,0.38,-1,0.0,True
2324aa2025,45.6,d,depto,no posee,calefont tiro forzado 12 litros,1.9,1.9,0.47,0.47,-1,0.0,True
c769d82021,60.0,f,casa_aislada,estufa a parafina marca toyotomi modelo ff-55 el que tiene,calefon marca mademsa modelo forzada tfm 10 eco gl/gn,1.6,1.6,0.33,0.33,-1,0.0,True
ff87552022,44.1,e,depto,no considera,bomba de calor,1.7,1.7,0.38,0.38,-1,0.0,True
aecc372018,100.3,d,casa_aislada,no posee,calefont 7 litros tiro forzado,1.7,1.7,0.38,0.38,33,0.037811515147903374,False
d121292026,42.6,c,depto,no posee,calefont 10 litros tiro forzado marca splendid.,4.0,4.0,0.0,0.0,-1,0.0,True
2b16112020,47.9,f,casa_pareada,no posee,calefont 7 litros tiro forzado,1.7,1.7,0.38,0.38,16,0.2647058810169847,False
f7bb322019,48.8,f,casa_aislada,estufa a parafina marca toyotomi modelo ff-v30 el que tiene,calefon marca mademsa modelo forzada tfm 10 eco gl/gn,1.6,1.6,0.33,0.33,-1,0.0,True
f492282025,46.8,d,depto,no posee,el edificio cuenta con 3 calderas de condensación aldens wm,1.9,1.9,0.47,0.47,-1,0.0,True
41ed322025,59.5,d,casa_pareada,no posee,calefont 10 litros tiro forzado,1.7,1.7,0.38,0.38,36,0.02654312861602531,False
f4ed402022,55.3,d,depto,no posee,calefont glp,1.9,1.9,0.47,0.47,-1,0.0,True
aad6da2025,46.8,g,depto,no posee,calefón rheem 14 lts,1.6,1.6,0.33,0.33,-1,0.0,True
c2ba632024,50.9,d,depto,no posee,calefont 7 litros tiro forzado,1.9,1.9,0.47,0.47,-1,0.0,True
4c7e052024,51.0,b,depto,no posee,calefont 7 litros tiro forzado,4.0,4.0,0.84,0.84,3,0.00339213025673568,False
fb28d62019,50.5,d,depto,no posee,calefont 7 glp,1.9,1.9,0.47,0.47,-1,0.0,True
87bcec2020,50.1,f,depto,no posee,calefont 13 litros tiro forzado,1.6,1.6,0.33,0.33,-1,0.0,True
56ab912019,50.1,d,depto,no posee,calefont 7 litros tiro forzado,1.9,1.9,0.47,0.47,-1,0.0,True
7574b02022,49.3,d,depto,no posee,calefont glp,1.9,1.9,0.47,0.47,44,0.0,False
87af632023,30.9,g,depto,radiador eléctrico 1000w,termos eléctricos 120lts,1.6,1.6,0.33,0.33,-1,0.0,True
5f060a2024,40.0,g,depto,no posee,calefont 7 litros tiro forzado,1.6,1.6,0.33,0.33,22,0.9824561137320774,False
b36cb12024,52.5,d,depto,no posee,calefont 10 litros tiro forzado,1.9,1.9,0.47,0.47,11,1.0,False
4453912025,40.1,c,depto,no posee,calefont 7 litros tiro forzado,3.0,3.0,0.6,0.6,51,1.0,False
0a9be82022,31.9,d,depto,no considera,caldera con condensación,1.9,1.9,0.47,0.47,53,1.0,False
40b1f32025,56.4,e,casa_aislada,no posee,calefont,1.7,1.7,0.38,0.38,-1,0.0,True
38400a2023,52.1,d,depto,no posee,calefont 7 litros tiro forzado,1.9,1.9,0.47,0.47,58,1.0,False
7a06282025,47.0,d,casa_pareada,no posee,calefont 7 litros tiro forzado,1.7,1.7,0.38,0.38,41,1.0,False
b4bb7e2025,52.3,g,casa_aislada,no posee,calefon,1.6,1.6,0.33,0.33,17,1.0,False
dedd772023,29.1,d,depto,no posee,el edificio cuenta con 2 calderas de gas natural ivar super,1.9,1.9,0.47,0.47,-1,0.0,True
5e88442026,47.0,d,casa_pareada,no posee,calefont 7 litros tiro forzado,1.9,1.9,0.47,0.47,42,1.0,False
b40acc2021,77.8,d,casa_aislada,estufa kerosene 3 kw,calefon tiro natural 10 lts +sst,1.7,1.7,0.38,0.38,1,1.0,False
bf03fb2025,41.3,d,depto,central termica calderas de gas natural,central termica calderas de gas natural,1.9,1.9,0.47,0.47,-1,0.0,True
9d0d742024,59.5,d,casa_pareada,no posee,calefont 7 litros tiro forzado,1.9,1.9,0.47,0.47,43,0.47058819254351203,False
6445092018,52.3,i,depto,"calefactor a gas natural, marca orbis de 9100 kcal/hr.","calefón a gas natural, marca neckar de 13 litros.",0.6,0.6,0.25,0.25,-1,0.0,True
f935d32024,26.2,d,depto,no posee,caldera con condensación,1.9,1.9,0.47,0.47,52,0.7692307387699071,False
fd30952023,40.0,c,depto,no posee,calefont 7 litros tiro forzado,4.0,4.0,0.84,0.84,3,0.16393443473783859,False
70fb6c2018,61.1,a,depto,no posee,calefont 7 litros tiro forzado,4.0,4.0,0.84,0.84,6,1.0,False
6709d52021,41.4,d,casa_pareada,no posee,calefont glp,1.9,1.9,0.47,0.47,40,0.0,False
a27cff2025,46.6,d,depto,no posee,sala de calderas,1.9,1.9,0.47,0.47,12,0.7166666924060962,False
c0f8f22024,44.8,g,depto,no posee,calefont individual. gas licuado,1.6,1.6,0.33,0.33,-1,0.0,True
18a3242025,57.2,d,depto,no posee,calefont 7 litros tiro forzado,1.9,1.9,0.47,0.47,-1,0.0,True
3bc88f2025,57.2,f,casa_pareada,no posee,"calefon splendid beyond 11 litros 2ev, gas licuado de 19,3",1.7,1.7,0.38,0.38,-1,0.0,True
b674952022,54.2,d,casa_aislada,estufa kerosene 3 kw,calefon tiro natural 10 lts +sst,1.7,1.7,0.38,0.38,1,1.0,False
57cf5c2026,45.7,f,depto,no posee,calefont 7 litros tiro forzado,1.7,1.7,0.38,0.38,31,1.0,False
304cc92022,48.3,e,depto,no posee,calefont 10 litros tiro forzado,1.7,1.7,0.38,0.38,-1,0.0,True
019aee2021,42.5,b,depto,no posee,calefont 10 litros tiro forzado,3.0,3.0,0.6,0.6,-1,0.0,True
e9c4a92023,49.9,d,depto,no posee,calefont glp,3.0,3.0,0.6,0.6,37,1.0,False
5c632e2026,46.5,d,depto,no posee,calefont 7 litros tiro forzado,1.9,1.9,0.47,0.47,59,1.0,False
d7f4242025,48.3,e,casa_aislada,no posee,calefont glp,1.7,1.7,0.38,0.38,21,1.0,False
6bfeda2025,47.7,f,depto,no posee,calefont glp,1.6,1.6,0.33,0.33,29,1.0,False
4c636e2024,33.2,d,depto,no posee,calefont 7 litros tiro forzado,1.9,1.9,0.47,0.47,57,1.0,False
0b5be22019,50.1,d,depto,no posee,calefont 7 litros tiro forzado,1.9,1.9,0.47,0.47,-1,0.0,True
d9134c2024,49.3,d,depto,"central térmica, 2 calderas tipo tank in tank heat master. uso","central térmica, 2 calderas tipo tank in tank heat master.",1.9,1.9,0.47,0.47,-1,0.0,True
5698292021,31.3,d,depto,no considera,calefont,1.9,1.9,0.47,0.47,50,0.00881953798648314,False
dd09b42025,48.3,e,casa_aislada,no posee,calefont glp,1.7,1.7,0.38,0.38,21,1.0,False
212fa42025,37.4,d,depto,split inverter,termo eléctrico,1.9,1.9,0.47,0.47,-1,0.0,True
c4bb172023,39.9,d,depto,no posee,caldera de condensación,1.9,1.9,0.47,0.47,28,1.0,False
63bcd02024,56.5,i,depto,"caldera mural a gas marca nibir modelo ctfs (cu) 25,5 kw","caldera mural a gas marca nibir modelo ctfs (cu) 25,5 kw",0.6,0.6,0.25,0.25,-1,0.0,True
067f7e2025,62.0,e,depto,no posee,calefont 7 litros tiro forzado,1.7,1.7,0.38,0.38,54,0.3333333088195928,False
5eed152023,47.5,d,depto,no posee,"calefón splendid mvg tfi 13 litros, gas natural de 22,5 kw",1.9,1.9,0.47,0.47,-1,0.0,True
f912ac2019,46.8,f,depto,no posee,calefont 7 litros tiro forzado,1.6,1.6,0.33,0.33,32,1.0,False
47fc942019,74.8,d,casa_aislada,no posee,calefont tiro forzado 10 lt,1.0,1.0,0.0,0.0,2,0.9647634465122429,False
4040d92023,72.0,a,depto,no posee,"termo eléctrico marca junkers, modelo elacell excellence",4.0,4.0,0.84,0.84,-1,0.0,True
85930b2023,34.6,d,depto,no posee,calentamiento de agua con caldera a condensación,1.9,1.9,0.47,0.47,50,0.00881953798648314,False
c5ba8f2026,46.5,d,depto,no posee,calefont 7 litros tiro forzado,1.9,1.9,0.47,0.47,59,1.0,False
ef47f02026,41.4,d,depto,no posee,caldera condensación,1.9,1.9,0.47,0.47,13,1.0,False
68a45f2020,28.7,d,depto,no posee,caldera de condensación,1.0,1.0,0.0,0.0,2,0.998986495398458,False
c2280d2025,47.0,e,casa_aislada,no posee,calefont 7 litros tiro forzado,1.7,1.7,0.38,0.38,33,0.012550881504633415,False
62cb062025,48.5,d,depto,no posee,calefont glp,1.9,1.9,0.47,0.47,44,1.0,False
8736562025,48.7,g,casa_aislada,no posee,calefon,1.1,1.1,0.28,0.28,17,1.0,False
f296ff2023,52.6,d,depto,no posee,calefont 7 litros tiro forzado,3.0,3.0,0.6,0.6,55,1.0,False
eb633a2021,48.6,d,depto,no posee,calefont glp,1.9,1.9,0.47,0.47,44,0.0,False
a9c1482025,48.5,c,depto,no posee,calefont 11 litros tiro forzado,3.0,3.0,0.6,0.6,-1,0.0,True
2ddfa42024,51.7,f,casa_aislada,"estufa a parafina tiro forzado marca toyotomi modelo ff-v30t,","calefont marca mademsa modelo. forced 10 eco gl, con una",1.6,1.6,0.33,0.33,-1,0.0,True
4cb6b52018,48.3,d,depto,no posee,calefont glp,1.9,1.9,0.47,0.47,44,0.0,False
a70e232025,33.2,d,depto,no posee,sala de calderas,1.9,1.9,0.47,0.47,12,1.0,False
78235a2023,57.4,d,depto,no posee,calefont tiro forzado,1.7,1.7,0.38,0.38,24,1.0,False
7eaba62021,126.6,d,depto,radiadores,caldera de condensacíon,1.9,1.9,0.47,0.47,-1,0.0,True
69765c2023,81.7,d,casa_pareada,0,calefont 10 litros tiro forzado,1.7,1.7,0.38,0.38,-1,0.0,True
1ff5872025,47.1,c,casa_pareada,no posee,calefont 7 litros tiro forzado,4.0,4.0,0.84,0.84,3,0.00339213025673568,False
7a29662026,57.8,e,depto,sin sistema,calefont tiro forzado 13 lts,1.7,1.7,0.38,0.38,35,1.0,False
66521d2023,52.2,g,depto,no posee,calefont 7 litros tiro forzado,1.6,1.6,0.33,0.33,22,1.0,False
5cfefb2021,72.2,a,depto,no posee,sistema unitario,4.0,4.0,0.0,0.0,-1,0.0,True
4446bb2019,43.3,i,casa_aislada,no posee,calefont ionizado splendid modelo master 10l. tiro forzado.,,,,,-1,0.0,True
9ea7752023,54.3,d,depto,no posee,calentamiento de agua con caldera a condensación,1.9,1.9,0.47,0.47,50,0.00881953798648314,False
321f982025,48.6,c,depto,no posee,termo eléctrico rheem 120 litros,4.0,4.0,0.0,0.0,-1,0.0,True
e462972018,52.3,i,depto,"calefactor a gas natural, marca orbis de 9100 kcal/hr.","calefón a gas natural, marca neckar de 13 litros.",0.6,0.6,0.25,0.25,-1,0.0,True
de7d7a2023,49.9,a,depto,no posee,"calefon splendid mvg tfi de 10 litros, de 17,6 kw potencia",4.0,4.0,0.84,0.84,4,1.0,False
dc6c702024,62.6,d,depto,"central térmica, 3 calderas murales de condensación","central térmica, 3 calderas murales de condensación",1.9,1.9,0.47,0.47,-1,0.0,True
a12c802025,51.7,e,depto,no posee,calefont 7 litros tiro forzado,1.7,1.7,0.38,0.38,54,1.0,False
1844572025,47.0,e,casa_pareada,no posee,calefont 7 litros tiro forzado,1.7,1.7,0.38,0.38,34,1.0,False
Base Pareada 3e1ad52018,58.7,d,casa_pareada,no posee,calefont 7 litros tiro forzado,1.7,1.7,0.38,0.38,46,1.0,False
539ea32025,37.6,d,depto,no posee,sala de calderas,1.9,1.9,0.47,0.47,12,1.0,False
ac0d862026,66.3,c,depto,no posee,termo eléctrico,4.0,4.0,0.84,0.84,-1,0.0,True
e865192024,63.1,d,depto,sin sistema,calefont,1.9,1.9,0.47,0.47,50,0.00881953798648314,False
5350e92025,52.5,g,casa_aislada,no posee,calefont 7 litros,1.1,1.1,0.28,0.28,17,1.0,False
5f658f2022,52.3,d,depto,no posee,calefont glp,1.9,1.9,0.47,0.47,47,1.0,False
ef497a2021,51.1,f,depto,no posee,calefont tiro forzado,1.7,1.7,0.38,0.38,-1,0.0,True
cc70062021,52.6,g,depto,radiadores eléctricos,termo eléctrico 155lts,1.0,1.0,0.0,0.0,-1,0.0,True
1de83b2025,53.6,e,depto,no posee sistema de calefacción,sistema de acs por defecto,1.7,1.7,0.38,0.38,-1,0.0,True
d7e4b02021,59.3,d,casa_pareada,no posee,calefón,1.9,1.9,0.47,0.47,-1,0.0,True
93797f2023,30.8,d,depto,no posee,caldera de condensación,1.9,1.9,0.47,0.47,28,1.0,False
aba2c92024,23.8,d,depto,no posee,central termica,1.9,1.9,0.47,0.47,38,0.5454545422637074,False
a9aef02025,49.3,d,depto,no posee sistema de calefacción.,central térmica con 3 calderas murales modulares y 2 estanques,1.9,1.9,0.47,0.47,-1,0.0,True
d9d9a42022,42.0,d,casa_pareada,no posee,calefont glp,1.9,1.9,0.47,0.47,40,1.0,False
eabaa22022,53.6,d,depto,no posee,caldera a gas centralizada,1.0,1.0,0.0,0.0,2,0.9814138620671692,False
44f83d2021,51.3,f,casa_aislada,no posee,calefont 10 litros tiro forzado,1.7,1.7,0.38,0.38,15,1.0,False
ef7d042025,51.3,a,depto,no posee,calefont 7 litros tiro forzado,4.0,4.0,0.84,0.84,5,0.4000000257394295,False
7d102e2026,48.7,e,casa_aislada,no posee,calefont glp,1.7,1.7,0.38,0.38,21,1.0,False
eeed9e2025,27.8,d,depto,no posee,termo eléctrico splendid 80 lt,1.9,1.9,0.47,0.47,-1,0.0,True
1425d42023,53.3,d,depto,no posee,calefont 7 litros tiro forzado,1.9,1.9,0.47,0.47,58,1.0,False
a0d9e52025,97.0,d,casa_aislada,estufa a gas,calefont glp,1.9,1.9,0.47,0.47,-1,0.0,True
c1d3002023,40.0,d,depto,no posee,5 calderas de gas natural genus premium evo hp 150 de 140,1.0,1.0,0.0,0.0,2,0.9996619144450413,False
a380022025,42.8,d,depto,no posee,calefont 10 litros tiro forzado,1.9,1.9,0.47,0.47,11,1.0,False
b1ecd52020,58.7,d,casa_pareada,no posee,calefont 10 litros tiro natural,1.7,1.7,0.38,0.38,-1,0.0,True
6a058f2024,29.5,d,depto,sin sistema,"bosch condens 7000 wp - 100 kw, estanque 1000lts marca",1.9,1.9,0.47,0.47,-1,0.0,True
e486fb2025,57.8,e,depto,no posee,calefont,1.7,1.7,0.38,0.38,-1,0.0,True
c2d7192022,43.0,d,depto,no considera,central térmica,1.9,1.9,0.47,0.47,-1,0.0,True
4feb1c2022,50.1,d,depto,no posee,calefont 12 litros tiro forzado,3.0,3.0,0.6,0.6,-1,0.0,True
5227e22020,28.9,d,depto,no posee,caldera de condensación,1.0,1.0,0.0,0.0,2,0.9996619144450413,False
8f02012022,39.9,d,depto,no posee,caldera con condensación,1.9,1.9,0.47,0.47,52,1.0,False
d089252018,57.3,f,casa_aislada,convector eléctrico. uno de 1.000 y uno de 1.500w,"calefont 14lts, gas licuado",1.7,1.7,0.38,0.38,-1,0.0,True
bdc7792023,51.8,d,casa_aislada,no posee,"calefón splendid de 10 litros, master 10l, gas licuado, potencia",3.0,3.0,0.6,0.6,-1,0.0,True
93678b2020,42.4,d,casa_pareada,no posee,calefont glp,1.9,1.9,0.47,0.47,40,0.0,False
8e38432026,48.5,e,depto,no posee,calefont 7 litros tiro forzado,1.7,1.7,0.38,0.38,54,1.0,False
39245e2025,42.4,a,depto,no posee,"termo eléctrico anwo van120l, potencia 1.7 kw",4.0,4.0,0.84,0.84,-1,0.0,True
eabf762024,55.3,d,depto,no posee,el edificio cuenta con 5 calefont de condensación marca navien,1.9,1.9,0.47,0.47,-1,0.0,True
6e5e0c2025,59.5,a,depto,no posee,calefont 7 litros tiro forzado,4.0,4.0,0.84,0.84,6,1.0,False
96d3812025,45.2,e,depto,no posee,calefont 7 litros tiro forzado,1.7,1.7,0.38,0.38,54,1.0,False
99b8fe2022,52.3,d,depto,no posee,calefont glp,1.9,1.9,0.47,0.47,47,1.0,False
f20d002022,27.8,d,depto,no considera,central térmica,1.9,1.9,0.47,0.47,-1,0.0,True
87ad652026,50.8,b,depto,0,"calefón junkers hidrowind wr13-2 km e31 s4305 13 litros,",4.0,4.0,0.84,0.84,-1,0.0,True
8556b02025,30.9,d,depto,no posee,termo eléctrico pro eco evo primaterm 100lt,1.9,1.9,0.47,0.47,-1,0.0,True
8aa6352024,63.1,d,casa_aislada,no posee,calefont 7 litros tiro forzado,1.0,1.0,0.0,0.0,2,0.9906197598146202,False
4cdbce2022,42.0,d,depto,no existe,sistema de calentamiento de agua con estanque eléctrico,1.9,1.9,0.47,0.47,-1,0.0,True
fe5d7c2024,31.8,d,depto,no posee,termo electrico,1.9,1.9,0.47,0.47,-1,0.0,True
e6b7902026,66.8,f,casa_aislada,0,calefont 10 litros tiro forzado,1.7,1.7,0.38,0.38,-1,0.0,True
c3e4ca2024,41.2,b,depto,no posee,"termo eléctrico anwo van120l, potencia 1.7 kw",4.0,4.0,0.84,0.84,-1,0.0,True
e5b1ea2025,48.7,g,casa_aislada,no posee,calefon,1.1,1.1,0.28,0.28,17,1.0,False
810bc02022,47.1,d,depto,no posee,central térmica con bomba de calor,1.9,1.9,0.47,0.47,-1,0.0,True
fadbad2023,31.1,d,depto,no posee,caldera central a gas,1.9,1.9,0.47,0.47,30,1.0,False
beac472026,53.2,d,casa_pareada,calefactor electrico,calefont 10 litros gl,1.7,1.7,0.38,0.38,0,1.0,False
581c1a2026,48.5,d,depto,no posee,calefont glp,1.9,1.9,0.47,0.47,44,1.0,False
ad182a2026,47.3,d,depto,no posee,calefont 7 litros tiro forzado,1.9,1.9,0.47,0.47,61,0.0,False
f26e652026,48.5,d,depto,no posee,calefont glp,1.9,1.9,0.47,0.47,44,1.0,False
b534b82022,43.7,f,casa_aislada,no posee,calefont glp,1.6,1.6,0.33,0.33,19,1.0,False
8431dc2021,27.6,d,depto,no posee,central de calderas de condensación,1.9,1.9,0.47,0.47,-1,0.0,True
dd9d0c2026,48.5,d,depto,no posee,calefont glp,1.9,1.9,0.47,0.47,44,1.0,False
5becb52023,29.5,d,depto,no posee,caldera de condensación,1.9,1.9,0.47,0.47,28,1.0,False
6227862022,44.8,f,casa_aislada,no posee,calefont glp,1.6,1.6,0.33,0.33,19,1.0,False
fc61892022,54.1,d,depto,no posee,calefont 7 litros,1.9,1.9,0.47,0.47,-1,0.0,True
56d3782020,53.1,d,depto,no posee,calefont 7 litros tiro forzado,1.9,1.9,0.47,0.47,58,1.0,False
0df7462025,47.8,d,casa_pareada,no posee,calefont glp,1.9,1.9,0.47,0.47,39,0.666666652366985,False
a4cd392022,36.5,d,depto,no posee,calefont 7 litros tiro forzado,1.9,1.9,0.47,0.47,-1,0.0,True
08054b2025,29.6,d,depto,no posee,"central térmica con 8 calentadores de agua, marca anwo,",1.0,1.0,0.0,0.0,2,1.0,False
cb94db2024,52.4,e,depto,sin sistema,calefont,1.7,1.7,0.38,0.38,35,1.0,False
1a04af2025,75.0,c,depto,no posee,sala de calderas,3.0,3.0,0.6,0.6,-1,0.0,True
af65502023,55.0,d,casa_pareada,no posee,calefont 7 litros tiro forzado,1.7,1.7,0.38,0.38,45,1.0,False
52adc22025,28.9,d,depto,no posee,sala de calderas,1.9,1.9,0.47,0.47,12,1.0,False
9f8d6a2022,55.6,f,casa_pareada,no posee,calefont glp,1.7,1.7,0.38,0.38,27,0.0,False
8a4f152025,73.7,d,depto,no posee,calefont 7 litros tiro forzado,1.9,1.9,0.47,0.47,-1,0.0,True
53ecf52022,35.2,d,depto,losa radiante mediante bomba de calor aerotérmica,bomba de calor aerotérmica,1.9,1.9,0.47,0.47,-1,0.0,True
1c62382019,51.1,d,depto,no posee,calefont 7 glp,1.9,1.9,0.47,0.47,-1,0.0,True
3b4dc92024,47.0,e,casa_pareada,no posee,calefont 7 litros tiro forzado,1.7,1.7,0.38,0.38,34,1.0,False
b8ea772025,66.8,d,casa_aislada,0,calefont 10 litros tiro forzado,1.9,1.9,0.47,0.47,-1,0.0,True
967ef12024,54.7,e,casa_pareada,no posee,calefont glp,1.7,1.7,0.38,0.38,25,1.0,False
51f3ca2025,63.1,d,casa_aislada,no posee,calefont 7 litros tiro forzado,1.9,1.9,0.47,0.47,33,1.0,False
358f4e2021,48.7,g,depto,no posee,caldera rinnai eco 16/17 gn,1.1,1.1,0.28,0.28,-1,0.0,True
c880722024,33.9,a,depto,no posee,calefont 7 litros tiro forzado,4.0,4.0,0.84,0.84,-1,0.0,True
8f170f2026,47.6,d,depto,no posee,calefont 7 litros tiro forzado,1.7,1.7,0.38,0.38,56,1.0,False
34beb32026,54.4,a,depto,no posee,termo electrico 120 litros,4.0,4.0,0.84,0.84,-1,0.0,True
0e0d3e2025,40.4,c,depto,no posee,central termica calderas de gas natural,3.0,3.0,0.6,0.6,-1,0.0,True
8a8fd22025,38.8,b,depto,0,"calefon junkers wtd10 km e31, 10 litros, gas licuado de 17,8",4.0,4.0,0.84,0.84,-1,0.0,True
abb5202026,37.0,c,depto,no posee,termo eléctrico 150 lts ursus troter,4.0,4.0,0.84,0.84,-1,0.0,True
175f792026,45.4,d,depto,no posee,el edificio cuenta con 3 calderas de condensación aldens wm,1.9,1.9,0.47,0.47,-1,0.0,True
55f6792020,51.1,d,depto,no posee,calefont glp,1.9,1.9,0.47,0.47,49,1.0,False
3ee76f2022,50.0,f,casa_pareada,"no posee, segun eett",calefont 10 litros tiro forzado,1.6,1.6,0.33,0.33,-1,0.0,True
bc0e312024,30.6,d,depto,no posee,central termica,1.9,1.9,0.47,0.47,38,0.7500000482614303,False
302b9c2019,91.1,d,depto,caldera de condensacion,caldera de condensacion,1.9,1.9,0.47,0.47,-1,0.0,True
ee2dc72024,131.8,c,casa_pareada,panel eléctrico de vidrio marca anwo modelo ndfl,calefont marco anwo,3.0,3.0,0.6,0.6,-1,0.0,True
5bdc4d2019,29.7,f,depto,no posee,calefont 7 litros tiro forzado,1.6,1.6,0.33,0.33,32,0.3391304163319646,False
8aef0d2019,53.3,f,casa_aislada,estufa a parafina marca toyotomi modelo ff-v30 el que tiene,calefon marca mademsa modelo forzada tfm 10 eco gl/gn,1.6,1.6,0.33,0.33,-1,0.0,True
9449262024,53.1,b,casa_pareada,0,"calefón junkers smart w13 kb 31 s4395 13 litros, gas licuado",4.0,4.0,0.84,0.84,-1,0.0,True
ff52bf2024,47.7,f,depto,no posee,calefont glp,1.6,1.6,0.33,0.33,29,1.0,False
3cea572025,45.4,f,depto,no posee,calefont tiro forzado rheem 14 l,1.7,1.7,0.38,0.38,-1,0.0,True
57ab652022,56.2,d,depto,no posee,calefont glp,3.0,3.0,0.6,0.6,37,0.0,False
e82eda2024,30.0,d,depto,no posee,calefont 7 litros tiro forzado,1.9,1.9,0.47,0.47,57,1.0,False
7169f22022,44.8,d,depto,no posee,el edificio cuenta con 2 calderas de gas natural ivar super,1.9,1.9,0.47,0.47,-1,0.0,True
86614d2026,21.0,d,depto,no posee,termo eléctrico marca winter 80 litros.,1.9,1.9,0.47,0.47,-1,0.0,True
369cc42026,48.5,d,depto,no posee,calefont glp,1.9,1.9,0.47,0.47,44,1.0,False
cb63952020,79.6,d,casa_aislada,estufa kerosene 3 kw,calefon tiro natural 10 lts +sst,1.7,1.7,0.38,0.38,1,1.0,False
09fc822023,67.5,i,depto,"calefactor de tiro natural modelo 4990tc, marca orbis, potencia","calefon de tiro forzado digital de 13 litros- marca spendid,",0.6,0.6,0.25,0.25,-1,0.0,True
e24e092021,46.1,d,casa_pareada,no posee,calefont 10 litros tiro forzado,1.9,1.9,0.47,0.47,36,1.0,False
4c19622026,44.4,g,depto,no posee,calefon,1.6,1.6,0.33,0.33,-1,0.0,True
04a5992021,53.3,f,casa_aislada,estufa a parafina marca toyotomi modelo ff-v30 el que tiene,calefon marca mademsa modelo forzada tfm 10 eco gl/gn,1.6,1.6,0.33,0.33,-1,0.0,True
f3d5902022,57.4,d,depto,no posee,calefont tiro forzado,1.7,1.7,0.38,0.38,24,1.0,False
d6d2ca2025,85.7,d,casa_aislada,no posee,calefont tiro forzado,1.7,1.7,0.38,0.38,-1,0.0,True
0b82222025,59.5,a,depto,no posee,calefont 7 litros tiro forzado,4.0,4.0,0.84,0.84,6,1.0,False
8e09cb2021,51.6,d,casa_pareada,estufa kerosene 3 kw,calefon tiro natural 10 lts +sst,1.7,1.7,0.38,0.38,1,1.0,False
9fbdac2024,49.4,d,depto,no posee,calefont 7 litros tiro forzado,1.9,1.9,0.47,0.47,60,1.0,False
7df0482018,87.3,g,casa_aislada,no posee,calefont 7 litros tiro forzado,1.1,1.1,0.28,0.28,-1,0.0,True
72def42023,57.2,f,casa_pareada,no posee,"calefon splendid tn 13 litros, gas licuado.",1.7,1.7,0.38,0.38,-1,0.0,True
6c37092023,28.7,d,depto,no considera,central termica,1.9,1.9,0.47,0.47,-1,0.0,True
827c172023,47.3,d,depto,no posee,calefont,1.9,1.9,0.47,0.47,50,1.0,False
a063402025,30.5,d,depto,no posee,calefont 7 litros tiro forzado,1.9,1.9,0.47,0.47,57,1.0,False
7f3c362022,48.6,d,depto,no posee,calefont glp,1.9,1.9,0.47,0.47,44,0.0,False
efafb82026,41.0,d,depto,no posee,caldera condensación,1.9,1.9,0.47,0.47,13,1.0,False
456dfe2024,54.4,d,casa_pareada,no posee,calefont 7 litros tiro forzado,1.9,1.9,0.47,0.47,43,1.0,False
c086ad2025,52.3,c,depto,no posee,calefont 7 litros tiro forzado,3.0,3.0,0.6,0.6,51,1.0,False
2adec62024,30.7,d,depto,no posee,caldera centralizada,1.9,1.9,0.47,0.47,-1,0.0,True
0f08482024,51.3,f,casa_aislada,no posee,calefont 7 litros tiro forzado,1.7,1.7,0.38,0.38,14,1.0,False
1fb4eb2023,45.1,e,depto,no posee,calefont 7 litros tiro forzado,1.7,1.7,0.38,0.38,54,1.0,False
84ff4b2023,46.9,d,depto,no posee,caldera a condensación,1.9,1.9,0.47,0.47,18,1.0,False
8a9ffb2025,55.9,e,depto,no posee,calefont 7 litros tiro forzado,1.7,1.7,0.38,0.38,54,1.0,False
6340312025,55.4,a,depto,no posee,"termo eléctrico anwo van200l, potencia 3.0 kw",4.0,4.0,0.84,0.84,4,1.0,False
df0ab22024,48.3,f,casa_pareada,no posee,calefont glp,1.7,1.7,0.38,0.38,27,0.0,False
0dddc62021,40.1,d,depto,no posee,caldera con condensación,1.9,1.9,0.47,0.47,52,1.0,False
27b6392022,42.0,d,casa_pareada,no posee,calefont glp,1.9,1.9,0.47,0.47,40,1.0,False
b671fa2025,53.4,f,depto,no posee,calefont rheem tf 14 lt,1.7,1.7,0.38,0.38,-1,0.0,True
3255a52022,44.4,d,depto,no posee,caldera de condensación,1.9,1.9,0.47,0.47,28,1.0,False
1bab902023,28.4,d,depto,no posee,central termica bomba calor aerotermica - electricidad,1.9,1.9,0.47,0.47,8,0.07259158922291108,False
15fe982026,49.4,f,depto,no posee,calefont 7 litros tiro forzado,1.6,1.6,0.33,0.33,32,1.0,False
191a022023,49.9,d,depto,no posee,calefont glp,3.0,3.0,0.6,0.6,37,1.0,False
8de0c22025,38.9,d,depto,no posee,calefont 7 litros tiro forzado,1.9,1.9,0.47,0.47,-1,0.0,True
ba25652024,115.1,d,casa_aislada,estufa a gas,calefont,1.9,1.9,0.47,0.47,-1,0.0,True
c5fb0b2025,45.4,d,depto,no posee,el edificio cuenta con 3 calderas de condensación aldens wm,1.9,1.9,0.47,0.47,-1,0.0,True
d53b032024,49.0,f,casa_pareada,no posee,calefont,1.6,1.6,0.33,0.33,-1,0.0,True
71bec22019,51.1,d,depto,no posee,calefont glp,1.9,1.9,0.47,0.47,49,1.0,False
730eef2023,77.1,e,casa_aislada,no posee,calefont 7 litros tiro forzado,1.7,1.7,0.38,0.38,33,0.012550881504633415,False
bad3732020,52.3,f,depto,no posee,calefont glp,1.7,1.7,0.38,0.38,29,1.0,False
d3b41a2025,56.7,d,depto,central de agua caliente,central de agua caliente,1.9,1.9,0.47,0.47,-1,0.0,True
451c832024,40.5,d,depto,no considera,caldera con condensación,1.9,1.9,0.47,0.47,53,1.0,False
9f0e642024,53.5,d,depto,no posee,calefont 7 litros tiro forzado,3.0,3.0,0.6,0.6,55,1.0,False
4a9ef92022,68.9,f,casa_aislada,no posee,calefont 10 litros tiro forzado,1.6,1.6,0.33,0.33,15,0.33563144940949097,False
d024702020,34.8,d,depto,no posee,calentamiento de agua con caldera a condensación,1.9,1.9,0.47,0.47,50,0.00881953798648314,False
63b0a32026,48.4,g,depto,sin sistema,calefont 12lt tiro forzado,1.1,1.1,0.28,0.28,-1,0.0,True
ed00ef2024,194.0,d,casa_aislada,no posee,calefont 7 litros tiro forzado,1.9,1.9,0.47,0.47,33,0.04659949508501153,False
5bf82c2023,66.6,d,depto,no posee,calefon,1.9,1.9,0.47,0.47,-1,0.0,True
309fdc2026,40.6,d,depto,no posee,sala de calderas,1.9,1.9,0.47,0.47,12,1.0,False
23f1342024,29.5,d,depto,no considera,caldera con condensación,1.9,1.9,0.47,0.47,53,1.0,False
9a82d22025,29.9,d,depto,no posee,termo eléctrico,1.9,1.9,0.47,0.47,8,1.0,False
6504692020,57.1,c,depto,no posee,departamentos con sistema centralizado de caldera a condensación,4.0,4.0,0.84,0.84,-1,0.0,True
e0f5562023,52.2,g,depto,no posee,calefont 7 litros tiro forzado,1.6,1.6,0.33,0.33,22,1.0,False
b03b7b2022,29.8,d,depto,no posee,termo eléctrico,1.9,1.9,0.47,0.47,8,1.0,False
638c042024,41.1,a,depto,no posee,calefon,4.0,4.0,0.84,0.84,-1,0.0,True
a938c52022,43.3,d,casa_pareada,no posee,calefont 10 litros tiro forzado,1.9,1.9,0.47,0.47,36,0.9285714285714285,False
9464f02022,41.4,f,casa_aislada,no posee,calefont glp,1.6,1.6,0.33,0.33,19,1.0,False
e3d2e62026,52.3,b,depto,0,"calefón junkers hidrowind wr13-2 km e31 s4305 13 litros,",4.0,4.0,0.84,0.84,-1,0.0,True
6f3d272025,50.1,c,depto,calefactor electrico,calefont 12 litros gl,3.0,3.0,0.6,0.6,0,1.0,False
d5d25c2022,51.8,d,depto,no posee,central térmica con bomba de calor,1.9,1.9,0.47,0.47,-1,0.0,True
cabf7b2023,94.7,d,casa_aislada,la vivienda considera estufa de 6kw y combustible glp.,calefont 13 litros tiro forzado,1.7,1.7,0.38,0.38,-1,0.0,True
70ed8a2024,49.3,e,depto,no posee,calefont 13 litros tiro forzado,1.7,1.7,0.38,0.38,-1,0.0,True
560e762026,109.7,c,depto,no posee,calefont 7 litros tiro forzado,3.0,3.0,0.6,0.6,51,0.06654676019196887,False
ac2f402019,48.5,d,depto,no posee,calefont 7 litros tiro forzado,1.9,1.9,0.47,0.47,60,1.0,False
9ad0ad2023,76.7,d,casa_aislada,no posee,calefont 7 litros tiro forzado,1.9,1.9,0.47,0.47,33,0.513888866247726,False
08eee62018,48.2,d,depto,no posee,calefont 7 litros tiro forzado,1.9,1.9,0.47,0.47,60,1.0,False
62b50b2024,31.7,d,depto,no aplica,3 calderas murales de condensación,1.9,1.9,0.47,0.47,-1,0.0,True
65fc6c2022,47.1,c,depto,no posee,calefont 7 litros tiro forzado,3.0,3.0,0.6,0.6,51,1.0,False
85d9602019,50.1,d,depto,no posee,calefont 7 litros tiro forzado,1.9,1.9,0.47,0.47,-1,0.0,True
ce50e12020,60.9,f,depto,no posee,calefont 13 litros tiro forzado,1.6,1.6,0.33,0.33,-1,0.0,True
dec08c2020,28.7,d,depto,no posee,calefont 13 litros tiro forzado,1.9,1.9,0.47,0.47,-1,0.0,True
779e132023,55.5,a,depto,no posee,"termo eléctrico marca junkers, modelo elacell excellence",4.0,4.0,0.84,0.84,-1,0.0,True
6f82e02025,48.7,g,casa_aislada,no posee,calefont 7 litros,1.1,1.1,0.28,0.28,17,1.0,False
6de40f2024,31.0,d,depto,no posee,el edificio cuenta con 3 calderas de gas natural sime modelo,1.9,1.9,0.47,0.47,-1,0.0,True
43029e2020,41.5,d,depto,sistema centralizado por piso radiante,sistema centralizado por caldera a gas,1.9,1.9,0.47,0.47,-1,0.0,True
fd8fd72021,63.1,d,casa_aislada,no posee,calefont 7 litros tiro forzado,1.9,1.9,0.47,0.47,33,1.0,False
e9bcd12025,70.6,d,depto,no posee,central de agua caliente para suministro de todos los departamentos,1.9,1.9,0.47,0.47,-1,0.0,True
fa66ee2025,72.0,d,depto,no posee,calefont 7 litros tiro forzado,1.9,1.9,0.47,0.47,-1,0.0,True
082f3f2018,50.5,a,depto,no posee,calefont 10 litros tiro forzado,4.0,4.0,0.84,0.84,-1,0.0,True
fa05c72021,54.5,a,depto,no posee,calefont 7 litros tiro forzado,4.0,4.0,0.84,0.84,5,1.0,False
3980002022,47.0,d,casa_pareada,no posee,calefont 7 litros tiro forzado,1.7,1.7,0.38,0.38,41,1.0,False
4662382022,55.4,a,depto,no posee,"calefon splendid, master mvg tfi 10, 10 litros, gas licuado",4.0,4.0,0.84,0.84,-1,0.0,True
147db02023,57.8,d,depto,no posee,calefont 7 litros tiro forzado,1.9,1.9,0.47,0.47,-1,0.0,True
47e3bc2025,47.2,d,depto,no posee,"en definición, se utiliza por defecto en precalificación.",1.9,1.9,0.47,0.47,-1,0.0,True
8577b22025,59.5,d,casa_aislada,0,"calefón junkers hidrowind wr13-2 km e31 s4305 13 litros,",1.9,1.9,0.47,0.47,-1,0.0,True
7fc3b22023,40.1,c,depto,no posee,calefont 7 litros tiro forzado,3.0,3.0,0.6,0.6,51,1.0,False
bea5a62022,39.2,f,casa_aislada,no posee,calefont glp,1.6,1.6,0.33,0.33,19,1.0,False
afdc7c2024,31.0,d,depto,no posee,caldera de condensación,1.9,1.9,0.47,0.47,28,1.0,False
2e2dc22024,33.1,d,depto,no posee,el edificio cuenta con 5 calefont de condensación marca navien,1.9,1.9,0.47,0.47,-1,0.0,True
ffdb822020,48.7,e,depto,no posee,termo eléctrico,1.7,1.7,0.38,0.38,-1,0.0,True
81fe772025,48.5,d,depto,no posee,calefont glp,1.9,1.9,0.47,0.47,44,1.0,False
e25dc22022,60.1,f,casa_aislada,no posee,calefont 10 litros tiro forzado,1.6,1.6,0.33,0.33,15,0.33563144940949097,False
4fd9982025,30.5,d,depto,sin sistema,caldera de condensación marca naview,1.9,1.9,0.47,0.47,-1,0.0,True
de438a2024,52.5,d,depto,no posee,calefont 10 litros tiro forzado,1.9,1.9,0.47,0.47,11,1.0,False
155c3e2026,54.0,d,casa_pareada,no posee,calefont 7 litros tiro forzado,1.9,1.9,0.47,0.47,43,1.0,False
3df29b2022,46.8,f,depto,no posee,calefont 7 litros tiro forzado,1.6,1.6,0.33,0.33,32,1.0,False
a119202022,50.0,f,casa_pareada,"no posee, segun eett",calefont 10 litros tiro forzado,1.6,1.6,0.33,0.33,-1,0.0,True
50c94d2025,44.8,d,depto,no posee,calefont,1.9,1.9,0.47,0.47,50,1.0,False
8f07932022,56.1,f,depto,no posee,calefont 10 litros tiro forzado,1.7,1.7,0.38,0.38,-1,0.0,True
dc54422021,92.0,d,casa_aislada,no posee,calefont,1.9,1.9,0.47,0.47,-1,0.0,True
efa41e2024,53.4,f,casa_aislada,no posee,calefont 10 litros tiro forzado,1.7,1.7,0.38,0.38,15,1.0,False
a6dc072024,50.4,e,depto,no posee,calefont 11 litros tiro forzado,1.7,1.7,0.38,0.38,-1,0.0,True
876c642018,48.2,d,depto,no posee,calefont 7 litros tiro forzado,1.9,1.9,0.47,0.47,60,1.0,False
44cabf2023,54.6,f,depto,radiador eléctrico,termo eléctrico,1.6,1.6,0.33,0.33,-1,0.0,True
c818a22019,44.4,i,casa_pareada,leña,"calefont 10 lts marca splendid 16,12 kw de potencia",,,,,-1,0.0,True
0212702020,53.6,d,casa_aislada,no posee,"calefon tiro natural, modelo master de 7 lts,",3.0,3.0,0.6,0.6,-1,0.0,True
52f03d2023,30.2,d,depto,no posee,caldera con condensación,1.9,1.9,0.47,0.47,52,1.0,False
f66f542025,48.0,d,depto,no posee,calefont 10 litros tiro forzado,1.9,1.9,0.47,0.47,11,1.0,False
da649e2024,48.6,d,depto,losa radiante,caldera con condensación,1.9,1.9,0.47,0.47,-1,0.0,True
3967642022,56.4,d,depto,no posee,caldera de condensación,1.9,1.9,0.47,0.47,28,0.5633802884300823,False
c87cf42025,22.8,d,depto,no posee,calefont 7 litros tiro forzado,1.9,1.9,0.47,0.47,-1,0.0,True
c005992021,41.7,d,casa_pareada,no posee,calefont glp,1.9,1.9,0.47,0.47,40,0.0,False
9fe3d42024,31.4,c,depto,no posee,termo eléctrico rheem 80 lt.,4.0,4.0,0.84,0.84,-1,0.0,True
326c692026,35.9,d,depto,no considera,caldera a condensación,1.9,1.9,0.47,0.47,-1,0.0,True
b3fc352025,57.2,d,depto,no posee,calefont glp,1.9,1.9,0.47,0.47,-1,0.0,True
74cd3a2023,47.9,f,depto,no aplica,calefont glp,1.6,1.6,0.33,0.33,-1,0.0,True
f18ea52026,53.6,d,depto,0,calefont 10 litros tiro forzado,1.7,1.7,0.38,0.38,-1,0.0,True
fd6fe22022,48.1,d,casa_pareada,no posee,calefont 10 litros tiro forzado,1.9,1.9,0.47,0.47,36,1.0,False
9d81132024,95.8,d,casa_pareada,estufa a gas,calefont,1.9,1.9,0.47,0.47,-1,0.0,True
85f2aa2025,52.3,b,depto,0,"calefón junkers hidrowind wr13-2 km e31 s4305 13 litros,",4.0,4.0,0.84,0.84,-1,0.0,True
356dcf2026,50.2,b,depto,no posee,calefont 10 litros tiro forzado cámada abierta,4.0,4.0,0.84,0.84,-1,0.0,True
f1724c2026,27.5,c,depto,no posee,caldera a condensación,4.0,4.0,0.84,0.84,-1,0.0,True
47f52c2020,130.8,d,depto,piso radiante,"calefont, tiro forzado",1.9,1.9,0.47,0.47,-1,0.0,True
b63a832025,57.4,e,casa_aislada,no posee,en base a combustión de gas licuado,1.7,1.7,0.38,0.38,-1,0.0,True
7a3fb62025,57.4,e,casa_aislada,no posee,en base a combustión de gas licuado,1.7,1.7,0.38,0.38,-1,0.0,True
931d022023,53.3,d,depto,no posee,calefont tiro forzado 13 litros,1.9,1.9,0.47,0.47,-1,0.0,True
b3da442026,28.5,d,depto,no posee,el edificio cuenta con 4 calderas a gas natural de condensación,1.9,1.9,0.47,0.47,-1,0.0,True
1bf3862024,54.0,d,casa_pareada,no posee,calefont 7 litros tiro forzado,1.9,1.9,0.47,0.47,43,1.0,False
81d9222026,47.6,d,depto,no posee,calefont 7 litros tiro forzado,1.7,1.7,0.38,0.38,56,1.0,False
90263e2023,49.3,d,depto,no posee,caldera de condensación,1.9,1.9,0.47,0.47,28,1.0,False
7be4862026,55.5,a,depto,no posee,termo eléctrico,4.0,4.0,0.84,0.84,-1,0.0,True
49509e2020,44.3,e,casa_pareada,no posee,calefont glp,1.7,1.7,0.38,0.38,25,1.0,False
0337b82022,30.3,d,depto,no posee,central de calderas a condensación tipo mural,1.9,1.9,0.47,0.47,-1,0.0,True
0c15db2022,80.0,d,depto,0,"una caldera a gas natural ivar superac 520, potencia",1.9,1.9,0.47,0.47,-1,0.0,True
072dcd2023,28.7,d,depto,no considera,central termica,1.9,1.9,0.47,0.47,-1,0.0,True
32286a2024,24.9,d,depto,no considera,caldera con condensación,1.9,1.9,0.47,0.47,53,1.0,False
37e7702023,29.0,d,depto,no posee,calefón con condensación,1.9,1.9,0.47,0.47,38,0.004070556255695922,False
2c262e2022,49.9,d,depto,no posee,calefont glp,3.0,3.0,0.6,0.6,37,1.0,False
905ef82022,29.7,f,depto,no posee,calefont 7 litros tiro forzado,1.6,1.6,0.33,0.33,32,0.3391304163319646,False
e40e542023,63.9,f,depto,radiador eléctrico,termo eléctrico,1.6,1.6,0.33,0.33,-1,0.0,True
Base Pareada f831302018,58.7,d,casa_pareada,no posee,calefont 7 litros tiro forzado,1.7,1.7,0.38,0.38,46,1.0,False
c13e0e2019,46.3,d,depto,no posee,calentamiento de agua con estanque electrico 120 lt,1.0,1.0,0.0,0.0,2,0.9939495667212813,False
9d0f262023,94.2,d,casa_aislada,no posee.,calefon 13 litros.,1.9,1.9,0.47,0.47,-1,0.0,True
9e8fb92022,43.7,f,casa_aislada,no posee,calefont glp,1.6,1.6,0.33,0.33,19,1.0,False
cf3c4c2022,91.6,d,casa_pareada,no posee,calefont tiro forzado,1.7,1.7,0.38,0.38,7,1.0,False
6c36e32026,42.7,g,casa_aislada,no posee,calefont glp,1.1,1.1,0.28,0.28,20,1.0,False
8bedcb2022,75.7,f,casa_aislada,no posee,calefont 12 litros tiro forzado,1.6,1.6,0.33,0.33,-1,0.0,True
25edab2025,33.9,d,depto,no posee,termo eléctrico,1.9,1.9,0.47,0.47,8,1.0,False
5663172022,42.0,d,casa_pareada,no posee,calefont glp,1.9,1.9,0.47,0.47,40,1.0,False
f12c202024,27.9,d,depto,no posee,termo eléctrico marca bosch 80 lt. modelo tronic 2000 t.,1.9,1.9,0.47,0.47,-1,0.0,True
2c825d2019,53.3,f,casa_aislada,estufa a parafina marca toyotomi modelo ff-v30 el que tiene,calefon marca mademsa modelo forzada tfm 10 eco gl/gn,1.6,1.6,0.33,0.33,-1,0.0,True
50af7c2023,44.4,f,casa_aislada,no posee,calefont 7 litros tiro forzado,1.6,1.6,0.33,0.33,14,0.22884858922265802,False
f754362026,49.8,b,casa_aislada,calefactor electrico,calefont 8 litros gl,3.0,3.0,0.6,0.6,-1,0.0,True
d897ab2020,28.7,d,depto,no posee,calefont 13 litros tiro forzado,1.9,1.9,0.47,0.47,-1,0.0,True
b6aaa52025,60.7,c,casa_aislada,no posee,calefón tiro forzado marca splendid modelo master 10 y 13,4.0,4.0,0.84,0.84,-1,0.0,True
23855e2026,67.0,c,depto,no posee,caldera de condensación,4.0,4.0,0.84,0.84,-1,0.0,True
6ef4bc2025,54.7,c,depto,no posee,caldera mural a condensación,3.0,3.0,0.6,0.6,-1,0.0,True
65e2882022,51.9,b,depto,no posee,calefont 7 litros tiro forzado,3.0,3.0,0.6,0.6,-1,0.0,True
cfe42c2025,46.7,f,casa_pareada,no posee,calefont,1.7,1.7,0.38,0.38,-1,0.0,True
3b8ecf2025,61.0,d,depto,no posee,caldera centralizada,1.7,1.7,0.38,0.38,-1,0.0,True
f1bab32024,57.8,d,casa_pareada,no posee,calefont 7 litros tiro forzado,1.9,1.9,0.47,0.47,43,0.6153846153846154,False
74d3ce2022,50.4,f,casa_aislada,estufa a parafina marca toyotomi modelo ff-v30t el que tiene,calefon marca mademsa modelo. forzada tfm 10 eco gl el,1.6,1.6,0.33,0.33,-1,0.0,True
65bf852024,46.0,d,depto,no posee,calefont 7 litros tiro forzado,1.9,1.9,0.47,0.47,59,1.0,False
008c432025,66.8,d,casa_pareada,no posee,calefont 7 litros tiro forzado,1.7,1.7,0.38,0.38,-1,0.0,True
81a0d12026,28.1,c,depto,no posee,termo eléctrico 100 lts ursus troter,4.0,4.0,0.84,0.84,-1,0.0,True
7bad692026,42.8,d,depto,calefactor electrico de piso radiante,caldera condensación centralizada,1.9,1.9,0.47,0.47,-1,0.0,True
f1595c2026,49.4,d,depto,no posee,calefont glp,1.9,1.9,0.47,0.47,44,0.0,False
e3f1862025,57.8,d,casa_pareada,no posee,calefont 7 litros tiro forzado,1.7,1.7,0.38,0.38,46,1.0,False
a8bc7e2022,50.0,f,casa_pareada,"no posee, segun eett",calefont 10 litros tiro forzado,1.6,1.6,0.33,0.33,-1,0.0,True
83fb712023,50.1,c,depto,no posee,calefont 13 litros tiro forzado,3.0,3.0,0.6,0.6,-1,0.0,True
31d7162026,58.6,i,casa_pareada,no posee,calefont 7 litros tiro forzado,0.6,0.6,0.25,0.25,-1,0.0,True
f5c5502025,30.6,d,depto,no posee,termo eléctrico mural con mezclador marca winter de 80 l,1.0,1.0,0.0,0.0,2,1.0,False
8d55362024,47.0,d,casa_pareada,no posee,calefont 7 litros tiro forzado,1.7,1.7,0.38,0.38,41,1.0,False
a94bf82024,33.9,a,depto,no posee,calefont 7 litros tiro forzado,4.0,4.0,0.84,0.84,-1,0.0,True
afa6f32021,46.2,f,casa_pareada,no posee,calefont glp,1.7,1.7,0.38,0.38,27,1.0,False
4de19d2024,47.3,d,depto,3 calderas murales de condensación,3 calderas murales de condensación,1.9,1.9,0.47,0.47,-1,0.0,True
637d982025,68.1,d,depto,no posee,5 calderas de condensación ariston evo hp 150,1.9,1.9,0.47,0.47,-1,0.0,True
9713662022,51.3,d,depto,no posee,calefont glp,1.9,1.9,0.47,0.47,49,0.0,False
bc56352025,46.5,d,depto,no posee,calefont 7 litros tiro forzado,1.9,1.9,0.47,0.47,59,1.0,False
dd1f542022,54.3,d,depto,no posee,caldera de condensación,1.9,1.9,0.47,0.47,28,0.8000000123549253,False
d0903d2024,35.5,d,depto,no considera,caldera con condensación,1.9,1.9,0.47,0.47,53,0.8918918964042826,False
1cd9be2019,50.5,d,depto,no posee,calefont 7 glp,1.9,1.9,0.47,0.47,-1,0.0,True
48ef1f2020,49.8,d,casa_pareada,no posee,calefont,1.7,1.7,0.38,0.38,9,1.0,False
37329b2026,51.6,d,depto,no posee,calefont glp,1.9,1.9,0.47,0.47,-1,0.0,True
76c3ff2020,96.4,d,casa_aislada,"calefactor italkero stratos 5.0, tiro balanceado","rheem 16 litros, tiro forzado",1.0,1.0,0.0,0.0,-1,0.0,True
bd405f2022,46.1,e,casa_aislada,no posee,calefont glp,1.7,1.7,0.38,0.38,21,0.19999998455634352,False
7747c62020,51.0,d,depto,no posee,calefont glp,1.9,1.9,0.47,0.47,48,1.0,False
c9562a2021,106.2,d,depto,sistema central por radiadores,sistema de calentamiento de agua con caldera a condensación,1.9,1.9,0.47,0.47,-1,0.0,True
db702e2024,56.5,d,depto,no considera,caldera con condensación,1.9,1.9,0.47,0.47,53,0.3749999912251951,False
9c33692025,30.5,d,depto,sin sistema,caldera de condensación marca naview,1.9,1.9,0.47,0.47,-1,0.0,True
2504e82026,29.1,e,depto,no posee,calefont 7 litros tiro forzado,1.7,1.7,0.38,0.38,54,0.3111111004340148,False
de0ddd2023,57.6,d,depto,no posee,calefont 7 litros tiro forzado,3.0,3.0,0.6,0.6,55,0.8500000115827424,False
ab23a92023,37.8,c,depto,no posee,"central térmica calefont condensación, gas licuado, bosch,",4.0,4.0,0.84,0.84,-1,0.0,True
56d5302025,22.6,d,depto,no posee,sala de calderas,1.9,1.9,0.47,0.47,12,0.682539656858621,False
34ea372021,49.0,h,casa_pareada,no posee,calefont glp,1.6,1.6,0.33,0.33,-1,0.0,True
6b3cc92020,40.8,d,depto,no posee,caldera condensación,1.9,1.9,0.47,0.47,13,1.0,False
65c1e32025,56.6,g,depto,no posee,calefont 7 litros tiro forzado,1.1,1.1,0.28,0.28,22,0.045976585582855785,False
5bab822021,48.3,e,casa_aislada,no posee,calefont glp,1.7,1.7,0.38,0.38,21,1.0,False
781f772018,61.1,c,casa_aislada,no posee,calefont 14 litros tiro forzado,4.0,4.0,0.84,0.84,-1,0.0,True
28c1db2024,33.4,d,depto,no considera,calefont,1.9,1.9,0.47,0.47,50,0.00881953798648314,False
23a9712025,52.7,a,depto,no posee,"calefon splendid mvg tfi de 10 litros, de 17,6 kw potencia",4.0,4.0,0.84,0.84,4,1.0,False
5bcfb22022,62.0,e,depto,calefacción mediante radiadores electricas,central termica a gas con calderas/calefon en cascada,1.7,1.7,0.38,0.38,-1,0.0,True
a22c632023,115.2,d,casa_aislada,no posee.,calefon 13 litros.,1.9,1.9,0.47,0.47,-1,0.0,True
cd74322025,57.0,a,depto,no posee,"calefón mademsa forced 10 eco gl, 10 litros, gas licuado",4.0,4.0,0.84,0.84,-1,0.0,True
9840a32025,59.5,d,casa_pareada,0,calefont 10 litros tiro forzado,1.7,1.7,0.38,0.38,-1,0.0,True
93b3db2023,53.7,d,depto,no posee,calefont tiro forzado,1.7,1.7,0.38,0.38,24,1.0,False
7cf3c62025,55.6,a,depto,no posee,calefont 7 litros tiro forzado,4.0,4.0,0.84,0.84,5,1.0,False
36ddcc2025,46.5,d,depto,no posee,calefont 7 litros tiro forzado,1.9,1.9,0.47,0.47,59,1.0,False
38fac12024,53.0,c,depto,no posee,calefont 7 litros tiro forzado,4.0,4.0,0.84,0.84,3,1.0,False
3d91202023,55.8,i,depto,"calefactor de tiro natural modelo 4990tc, marca orbis, potencia","calefon de tiro forzado digital de 13 litros- marca spendid,",0.6,0.6,0.25,0.25,-1,0.0,True
81109e2024,53.3,d,depto,no posee,calefont 7 litros tiro forzado,1.9,1.9,0.47,0.47,58,1.0,False
afac922023,40.8,d,depto,no posee,caldera a condensación,1.9,1.9,0.47,0.47,18,1.0,False
2e8ed32025,28.8,a,depto,no posee,"calefon splendid mvg tfi de 10 litros, de 17,6 kw potencia",4.0,4.0,0.84,0.84,4,1.0,False
7e6b852022,78.2,d,casa_pareada,no posee,calefont tiro forzado,1.7,1.7,0.38,0.38,7,0.9104477212861625,False
6ffd5f2025,28.9,d,depto,sin sistema,caldera de condensación marca naview,1.9,1.9,0.47,0.47,-1,0.0,True
bba9bd2022,45.7,d,casa_pareada,no posee,calefont glp,1.9,1.9,0.47,0.47,40,0.0,False
2286942023,49.0,h,casa_pareada,no posee,calefont glp,1.6,1.6,0.33,0.33,-1,0.0,True
1f0fe02026,71.7,d,casa_pareada,sin sistema,calefont,1.9,1.9,0.47,0.47,-1,0.0,True
16f1942023,55.5,d,casa_pareada,no posee,calefont 7 litros tiro forzado,1.7,1.7,0.38,0.38,45,1.0,False
5522c42023,46.1,f,casa_pareada,no aplica,calefont glp,1.7,1.7,0.38,0.38,26,1.0,False
30e3ee2022,27.8,d,depto,no posee,calefont 7 litros tiro forzado,1.9,1.9,0.47,0.47,57,0.9500000038609141,False
09b7432026,28.8,e,depto,no posee,calefont 7 litros tiro forzado,1.7,1.7,0.38,0.38,54,0.3111111004340148,False
d158c92024,52.7,f,casa_aislada,no posee,calefont,1.6,1.6,0.33,0.33,-1,0.0,True
c5d5802025,47.0,e,casa_pareada,no posee,calefont 7 litros tiro forzado,1.7,1.7,0.38,0.38,34,1.0,False
06ee232025,52.3,b,depto,0,"calefón junkers hidrowind wr13-2 km e31 s4305 13 litros,",4.0,4.0,0.84,0.84,-1,0.0,True
e41c402026,20.0,e,depto,no posee,calefont 7 litros tiro forzado,1.7,1.7,0.38,0.38,54,0.1842105113427154,False
b307952023,115.2,d,casa_aislada,no posee.,calefon 13 litros.,1.9,1.9,0.47,0.47,-1,0.0,True
a8695c2026,52.4,d,depto,no posee,calefont 10 litros tiro forzado,1.9,1.9,0.47,0.47,11,1.0,False
040fde2026,29.3,e,depto,no posee,calefont 7 litros tiro forzado,1.7,1.7,0.38,0.38,54,0.3111111004340148,False
11f1b32019,41.2,f,depto,no posee,calefont 7 litros tiro forzado,1.7,1.7,0.38,0.38,31,1.0,False
f810552023,57.8,e,depto,no posee,calefont 7 litros tiro forzado,1.7,1.7,0.38,0.38,54,1.0,False
bd75b92024,42.6,g,casa_aislada,no posee,calefont 7 litros tiro forzado,1.1,1.1,0.28,0.28,-1,0.0,True
f1e9522025,48.6,a,depto,no posee,termo eléctrico,4.0,4.0,0.84,0.84,-1,0.0,True
246c2c2025,48.5,d,depto,no posee,el edificio cuenta con 7 calderas condensación de gas natural,1.9,1.9,0.47,0.47,-1,0.0,True
22c44b2025,64.9,d,casa_pareada,,calefont 10 litros gl,1.9,1.9,0.47,0.47,-1,0.0,True
89f3132024,46.7,d,casa_aislada,no posee,calefont 7 litros tiro forzado,1.9,1.9,0.47,0.47,33,0.22560975701627942,False
c5de202023,58.7,d,depto,radiadores eléctricos,termos eléctricos 155lts,1.9,1.9,0.47,0.47,-1,0.0,True
72ca072023,60.9,a,depto,no posee,calefont 7 litros tiro forzado,4.0,4.0,0.84,0.84,6,1.0,False
d2ff932025,36.0,d,depto,unidad interior split inverter de bajo consumo electrico.,"bomba de calor de bajo consumo eléctrico, sistema central del",1.9,1.9,0.47,0.47,-1,0.0,True
7beb4a2018,52.2,a,depto,no posee,calefont 7 litros tiro forzado apoyado sst,4.0,4.0,0.84,0.84,-1,0.0,True
5f05002023,47.6,c,depto,no posee,caldera con condensación,4.0,4.0,0.84,0.84,-1,0.0,True
f95f6a2020,41.9,d,depto,no posee,caldera a condensación,1.9,1.9,0.47,0.47,18,1.0,False
e5529a2025,48.7,g,casa_aislada,no posee,calefont 10 litros tiro forzado,1.1,1.1,0.28,0.28,17,1.0,False
1c1e432019,63.7,d,depto,caldera de condensacion,caldera de condensacion,1.9,1.9,0.47,0.47,-1,0.0,True
94c27d2025,42.6,g,casa_aislada,no posee,calefont 7 litros,1.1,1.1,0.28,0.28,17,1.0,False
7372232026,48.7,e,casa_aislada,no posee,calefont glp,1.7,1.7,0.38,0.38,21,1.0,False
f244992019,65.6,d,depto,,,1.9,1.9,0.47,0.47,-1,0.0,True
4036f42024,33.4,d,depto,no posee,calefont 7 litros tiro forzado,1.9,1.9,0.47,0.47,57,1.0,False
18d05c2022,44.8,f,casa_aislada,no posee,calefont glp,1.6,1.6,0.33,0.33,19,1.0,False
3f6afc2020,28.7,d,depto,no posee,calefont 13 litros tiro forzado,1.9,1.9,0.47,0.47,-1,0.0,True
234bf02021,32.9,d,depto,no posee,calefon de condensación,1.9,1.9,0.47,0.47,50,0.00881953798648314,False
9503d62018,51.4,d,depto,no posee,calefont ionizado 10 litros tiro natural marca splendid modleo,1.7,1.7,0.38,0.38,-1,0.0,True
49f67e2024,23.9,d,depto,no posee,central termica,1.9,1.9,0.47,0.47,38,0.571428566175627,False
64c8602022,30.4,d,depto,no posee,caldera de condensación,1.9,1.9,0.47,0.47,28,1.0,False
2db58d2023,47.7,d,depto,no posee,la torre cuenta con 2 calderas de gas natural sime modelo,1.9,1.9,0.47,0.47,-1,0.0,True
8accad2025,49.2,b,casa_pareada,no posee,calefont glp,4.0,4.0,0.84,0.84,-1,0.0,True
97b20d2025,66.8,d,casa_pareada,no posee,calefont 7 litros tiro forzado,1.7,1.7,0.38,0.38,-1,0.0,True
d6933f2025,48.7,g,casa_aislada,no posee,calefon,1.1,1.1,0.28,0.28,17,1.0,False
78c0f02021,48.7,g,depto,no posee,caldera rinnai eco 16/17 gn,1.1,1.1,0.28,0.28,-1,0.0,True
352d442025,31.1,d,depto,no posee,termo eléctrico splendid 80 lt,1.9,1.9,0.47,0.47,-1,0.0,True
c069e62025,50.8,d,depto,no posee,calefont glp,1.9,1.9,0.47,0.47,48,1.0,False
b1a3b52022,45.7,d,casa_pareada,no posee,calefont glp,1.9,1.9,0.47,0.47,40,0.0,False
10c2e22026,47.6,d,depto,no posee,calefont 7 litros tiro forzado,1.7,1.7,0.38,0.38,56,1.0,False
5744282024,29.7,d,depto,no posee,calefont 7 litros tiro forzado,1.9,1.9,0.47,0.47,57,1.0,False
5619302025,49.5,d,casa_pareada,no posee,calefont 11 litros tiro forzado,1.9,1.9,0.47,0.47,-1,0.0,True
e209e72023,29.0,d,depto,no posee,calefón con condensación,1.9,1.9,0.47,0.47,38,0.004070556255695922,False
4745862025,57.8,d,depto,no posee,calefont,1.9,1.9,0.47,0.47,50,1.0,False
b83b6c2024,69.5,d,depto,no posee,calefont 10 litros tiro forzado,1.7,1.7,0.38,0.38,11,0.02350815122869214,False
5eb1ab2024,49.4,d,depto,no posee,calefont 7 litros tiro forzado,1.9,1.9,0.47,0.47,60,1.0,False
42655c2020,51.0,d,depto,no posee,calefont glp,1.9,1.9,0.47,0.47,48,1.0,False
3114432021,79.6,e,casa_pareada,estufa kerosene 3 kw,calefon tiro natural 10 lts +sst,1.7,1.7,0.38,0.38,1,0.9768058184377205,False
75c2f62025,55.6,a,depto,no posee,calefont 7 litros tiro forzado,4.0,4.0,0.84,0.84,5,1.0,False
41c3f12021,39.9,g,depto,no considera,calefon. tiro forzado.,1.6,1.6,0.33,0.33,-1,0.0,True
7d14912025,43.7,b,casa_pareada,no posee,calefont glp,3.0,3.0,0.6,0.6,-1,0.0,True
a987462025,27.8,d,depto,no posee,termo eléctrico,1.9,1.9,0.47,0.47,8,1.0,False
5130a92018,53.4,a,casa_aislada,no posee,calefont 7 litros tiro forzado,4.0,4.0,0.84,0.84,-1,0.0,True
91fac82023,94.7,d,casa_aislada,la vivienda considera estufa de 6kw y combustible glp.,calefont 13 litros tiro forzado,1.7,1.7,0.38,0.38,-1,0.0,True
6b2a332026,95.7,c,casa_aislada,no posee,calefón 15 lts gas natural tiro forzado,4.0,4.0,0.84,0.84,-1,0.0,True
22c3172025,60.1,d,depto,no posee,central de agua caliente para suministro de todos los departamentos,1.9,1.9,0.47,0.47,-1,0.0,True
d8ac342022,91.6,d,casa_pareada,no posee,calefont tiro forzado,1.7,1.7,0.38,0.38,7,1.0,False
a96f252024,33.0,d,depto,no posee,bomba de calor,1.9,1.9,0.47,0.47,-1,0.0,True
7f4ce02025,47.2,d,depto,no posee,"en definición, se utiliza por defecto en precalificación.",1.9,1.9,0.47,0.47,-1,0.0,True
c47f402024,30.5,d,depto,no posee,caldera central a gas,1.9,1.9,0.47,0.47,30,1.0,False
b52bbd2022,36.7,d,depto,no posee,el edificio cuenta con 2 calderas de gas natural ivar super,1.9,1.9,0.47,0.47,-1,0.0,True
6a9df82026,47.6,d,depto,no posee,calefont 7 litros tiro forzado,1.7,1.7,0.38,0.38,56,1.0,False
6c58b62024,29.0,d,depto,no posee,central térmica,1.9,1.9,0.47,0.47,38,0.004070556255695922,False
4df7482021,55.1,d,depto,no posee,calefont 7 litros tiro forzado,1.0,1.0,0.0,0.0,2,0.9932817761529646,False
0aee0d2024,49.2,a,casa_pareada,no posee,calefont glp,4.0,4.0,0.84,0.84,-1,0.0,True
065ea42023,57.8,a,depto,no posee,calefont 7 litros tiro forzado,4.0,4.0,0.84,0.84,5,0.3529411671188933,False
92e79b2025,51.3,a,depto,no posee,calefont 7 litros tiro forzado,4.0,4.0,0.84,0.84,5,0.4000000257394295,False
c3597e2023,53.7,a,depto,no posee,"calefont splendid master ion tiro forzado 10 litros, de 17,6",4.0,4.0,0.84,0.84,-1,0.0,True
8653c52024,130.0,d,depto,no posee,calefont 7 litros tiro forzado,1.9,1.9,0.47,0.47,-1,0.0,True
d014852025,59.5,d,casa_pareada,no posee,calefont 7 litros tiro forzado,1.9,1.9,0.47,0.47,43,0.47058819254351203,False
27bdbe2024,93.4,d,depto,radiadores electricos,caldera de condensacion,1.9,1.9,0.47,0.47,-1,0.0,True
d6e5f22025,42.4,f,depto,calefactor electrico,calefont 10 litros gl,1.6,1.6,0.33,0.33,-1,0.0,True
335c8c2023,85.2,d,casa_aislada,no posee,calefont 7 litros tiro forzado,1.9,1.9,0.47,0.47,33,0.5692307794656191,False
d6c28f2026,42.7,g,casa_aislada,no posee,calefont glp,1.1,1.1,0.28,0.28,20,1.0,False
d4bd872019,52.7,d,depto,no posee,bombas de calor,1.0,1.0,0.0,0.0,2,0.984354157233218,False
72aac62025,48.7,g,casa_aislada,no posee,calefont 10 litros tiro forzado,1.1,1.1,0.28,0.28,17,1.0,False
1c0e2a2024,46.3,d,depto,radiadores electricos,caldera de condensacion,1.9,1.9,0.47,0.47,-1,0.0,True
f3d4062025,45.2,e,depto,no posee,calefont 7 litros tiro forzado,1.7,1.7,0.38,0.38,54,1.0,False
a1aad82021,48.3,e,casa_aislada,no posee,calefont glp,1.7,1.7,0.38,0.38,21,1.0,False
b83b502022,49.9,d,depto,no posee,calefont glp,3.0,3.0,0.6,0.6,37,1.0,False
eae2f92023,30.5,d,depto,no posee,calefont 7 litros tiro forzado,1.9,1.9,0.47,0.47,57,1.0,False
1315162019,42.3,g,casa_aislada,no posee,calefont 7 litros tiro forzado,1.1,1.1,0.28,0.28,-1,0.0,True
f673902025,27.6,d,depto,no posee,termo eléctrico splendid 80 lt,1.9,1.9,0.47,0.47,-1,0.0,True
cf67932020,46.2,f,casa_pareada,no posee,calefont glp,1.7,1.7,0.38,0.38,27,1.0,False
6f3ffe2026,119.6,f,casa_aislada,no posee,calefont rheem tf 14,1.7,1.7,0.38,0.38,-1,0.0,True
d4c8622026,38.8,d,depto,no posee,sala de calderas,1.9,1.9,0.47,0.47,12,1.0,False
a37d812023,55.1,d,casa_aislada,no posee,calefont 10 litros tiro forzado,3.0,3.0,0.6,0.6,-1,0.0,True
da67e22025,46.3,a,depto,calefactor electrico,calefont 12 litros gl,4.0,4.0,0.84,0.84,-1,0.0,True
3bdc0a2025,62.2,d,casa_pareada,no posee,calefont 7 litros tiro forzado,1.9,1.9,0.47,0.47,43,0.29629627934852476,False
44be032019,87.4,d,casa_aislada,no posee,calefont 10 litros tiro forzado,1.0,1.0,0.0,0.0,2,1.0,False
4e40e02020,42.4,d,casa_pareada,no posee,calefont glp,1.9,1.9,0.47,0.47,40,0.0,False
8552de2024,40.6,d,depto,no posee,calefont 7 litros tiro forzado,1.9,1.9,0.47,0.47,-1,0.0,True
cf65712025,38.9,d,depto,no posee,calefont glp,1.9,1.9,0.47,0.47,-1,0.0,True
aaa9422025,51.4,d,depto,no posee,calefon,1.9,1.9,0.47,0.47,-1,0.0,True
9d072d2024,48.3,f,casa_pareada,no posee,calefont glp,1.7,1.7,0.38,0.38,27,0.0,False
fbddbb2022,52.3,d,depto,no posee,calefont glp,1.9,1.9,0.47,0.47,47,1.0,False
1880312022,46.1,f,casa_pareada,no posee,calefont glp,1.7,1.7,0.38,0.38,27,0.0,False
e4bc892018,48.2,d,depto,no posee,calefont 7 litros tiro forzado,1.9,1.9,0.47,0.47,60,1.0,False
98432f2020,42.4,d,casa_pareada,no posee,calefont glp,1.9,1.9,0.47,0.47,40,0.0,False
0289072023,46.1,f,casa_pareada,no aplica,calefont glp,1.7,1.7,0.38,0.38,26,1.0,False
5ff89e2024,35.9,d,depto,no posee,caldera de condensación,1.9,1.9,0.47,0.47,28,1.0,False
a6e6112021,38.5,d,depto,no posee,calefon de condensación,1.9,1.9,0.47,0.47,50,0.00881953798648314,False
edbef92024,44.2,d,depto,no posee,caldera central a gas,1.9,1.9,0.47,0.47,30,1.0,False
0559a52024,27.6,a,depto,no posee,calefon,4.0,4.0,0.84,0.84,-1,0.0,True
ba22b42022,49.3,d,depto,no posee,calefont glp,1.9,1.9,0.47,0.47,44,0.0,False
6cd9702026,26.7,d,depto,no posee,sala de calderas,1.9,1.9,0.47,0.47,12,1.0,False
d017ea2023,40.6,d,depto,no posee,central termica,1.9,1.9,0.47,0.47,38,0.17142857489551486,False
e2dab42023,63.1,d,depto,no posee,calefont 7 litros tiro forzado,1.9,1.9,0.47,0.47,-1,0.0,True
18bee52021,45.0,d,casa_pareada,no posee,calefont 7 litros tiro forzado,1.9,1.9,0.47,0.47,42,1.0,False
97ba1c2020,88.4,d,casa_aislada,no posee,calefont,1.9,1.9,0.47,0.47,-1,0.0,True
14e6a62025,59.5,a,depto,no posee,calefont 7 litros tiro forzado,4.0,4.0,0.84,0.84,6,1.0,False
66315b2024,33.8,d,depto,no posee,central térmica. caldera de condensación con acumuladores,1.9,1.9,0.47,0.47,-1,0.0,True
0a542b2025,49.3,d,depto,no posee,el edificio cuenta con 7 calderas condensación de gas natural,1.9,1.9,0.47,0.47,-1,0.0,True
652cd92025,54.9,d,casa_pareada,no posee,calefont 7 litros tiro forzado,1.7,1.7,0.38,0.38,45,0.8333333440580949,False
42f6dc2025,66.6,d,depto,split inverter,termo eléctrico,1.9,1.9,0.47,0.47,-1,0.0,True
94dd7a2025,43.7,d,depto,no posee,el proyecto cuenta con 5 calefón de gas natural bosch modelo,1.9,1.9,0.47,0.47,-1,0.0,True
9e293f2022,47.6,a,depto,no posee,"calefon splendid, master mvg tfi 10, 10 litros, gas licuado",4.0,4.0,0.84,0.84,-1,0.0,True
7c7c852021,41.9,c,depto,no posee,"central térmica calefont condensación, gas licuado, bosch,",4.0,4.0,0.84,0.84,-1,0.0,True
8e799e2023,49.3,c,depto,no aplica,calefont glp,4.0,4.0,0.84,0.84,-1,0.0,True
44fb1f2026,47.0,d,casa_pareada,no posee,calefont 7 litros tiro forzado,1.7,1.7,0.38,0.38,41,1.0,False
6b943c2021,75.3,c,depto,no posee,cuatro calderas de condensación y cuatro cilindros de inercia,3.0,3.0,0.6,0.6,-1,0.0,True
13b80e2020,51.4,f,depto,calefactor eléctrico a convección,calefont 10 litros tiro forzado,1.6,1.6,0.33,0.33,-1,0.0,True
5652642024,33.1,d,depto,no considera,calefont,1.9,1.9,0.47,0.47,50,0.00881953798648314,False
665bac2021,42.0,d,casa_pareada,no posee,calefont glp,1.9,1.9,0.47,0.47,40,1.0,False
f264b62024,50.9,c,depto,no posee,calefont 7 litros tiro forzado,4.0,4.0,0.84,0.84,3,1.0,False
09b2922024,47.1,a,depto,no posee,calefont 7 litros tiro forzado,4.0,4.0,0.84,0.84,-1,0.0,True
5792072024,67.1,d,depto,no posee,caldera de condensación,1.9,1.9,0.47,0.47,28,0.2409638605777922,False
af5aee2019,58.7,d,depto,no posee,bomba de calor,1.0,1.0,0.0,0.0,2,0.9730173967751101,False
271ff32020,72.7,f,casa_aislada,no posee,calefont 10 litros tiro forzado,1.7,1.7,0.38,0.38,15,1.0,False
2c026b2020,44.7,g,casa_aislada,no posee,calefont 7 litros,1.1,1.1,0.28,0.28,17,1.0,False
1395712022,51.3,d,depto,no posee,calefont glp,1.9,1.9,0.47,0.47,49,0.0,False
51f42e2020,36.4,d,depto,no considera,"calefon 10 litros, tiro forzado",1.7,1.7,0.38,0.38,-1,0.0,True
c596192025,55.5,d,casa_pareada,no posee,calefont 7 litros tiro forzado,1.7,1.7,0.38,0.38,45,1.0,False
46af1b2026,47.0,d,casa_pareada,no posee,calefont 7 litros tiro forzado,1.9,1.9,0.47,0.47,42,1.0,False
092bc92023,17.3,d,depto,no posee,caldera de condensación,1.9,1.9,0.47,0.47,28,0.4301075529514855,False
b28ae02021,74.0,d,casa_pareada,opcional,mediante colector solar térmico por termosifón,1.9,1.9,0.47,0.47,-1,0.0,True
8296f82019,47.2,d,depto,no posee,calefont 7 litros tiro forzado,1.9,1.9,0.47,0.47,61,1.0,False
6089b52022,42.4,a,depto,no posee,"calefon splendid, master mvg tfi 10, 10 litros, gas licuado",4.0,4.0,0.84,0.84,-1,0.0,True
344f732023,51.5,f,casa_pareada,no posee,calefont 7 litros tiro forzado,1.7,1.7,0.38,0.38,16,0.2647058810169847,False
7e5e052022,39.2,f,casa_aislada,no posee,calefont glp,1.6,1.6,0.33,0.33,19,1.0,False
95f7a12025,48.0,d,depto,no posee,calefont 10 litros tiro forzado,1.9,1.9,0.47,0.47,11,1.0,False
1e9c922025,28.0,g,depto,calefactor eléctrico 1000 w,termo eléctrico,1.6,1.6,0.33,0.33,-1,0.0,True
1c5d552023,41.3,c,depto,no posee,calefont 7 litros tiro forzado,3.0,3.0,0.6,0.6,51,1.0,False
7060012023,63.1,d,depto,no posee,calefont 7 litros tiro forzado,1.9,1.9,0.47,0.47,-1,0.0,True
0cd1672024,52.5,d,depto,no posee,calefont 10 litros tiro forzado,1.9,1.9,0.47,0.47,11,1.0,False
d87ea92019,60.4,d,depto,no posee,bombas de calor,1.0,1.0,0.0,0.0,2,0.9784910160807972,False
6ba1902020,40.7,d,depto,no posee,calefont 7 litros tiro forzado,1.0,1.0,0.0,0.0,2,0.9993240574165058,False
e7193f2023,52.8,d,depto,no posee,calefont 7 litros tiro forzado,1.9,1.9,0.47,0.47,58,1.0,False
c4e8e02023,115.4,d,casa_aislada,no posee,calefont 7 litros tiro forzado,1.9,1.9,0.47,0.47,33,0.2761193954163412,False
7bc9852024,45.7,f,depto,no posee,calefont 7 litros tiro forzado,1.7,1.7,0.38,0.38,31,1.0,False
7669832026,59.6,a,depto,no posee,termo eléctrico,4.0,4.0,0.0,0.0,-1,0.0,True
6bf80c2026,81.7,d,casa_pareada,no posee,calefont 7 litros tiro forzado,1.7,1.7,0.38,0.38,-1,0.0,True
599ec02024,51.4,d,depto,no posee,calefont 10 litros tiro forzado,1.9,1.9,0.47,0.47,11,1.0,False
486b332020,51.1,d,depto,no posee,calefont glp,1.9,1.9,0.47,0.47,49,1.0,False
55ce992024,53.4,c,depto,no posee,calefont 7 litros tiro forzado,4.0,4.0,0.84,0.84,3,1.0,False
f10ad62025,53.1,d,casa_pareada,no posee,calefont glp,1.9,1.9,0.47,0.47,39,1.0,False
a420f02026,71.7,d,casa_pareada,sin sistema,calefont,1.9,1.9,0.47,0.47,-1,0.0,True
893b862022,48.1,d,casa_pareada,no posee,calefont 10 litros tiro forzado,1.9,1.9,0.47,0.47,36,1.0,False
87c30d2019,47.2,d,depto,no posee,calefont 7 litros tiro forzado,1.9,1.9,0.47,0.47,61,1.0,False
471e242019,43.3,e,casa_aislada,no posee,calefont glp,1.7,1.7,0.38,0.38,21,0.14285714285714285,False
55319e2023,29.1,d,depto,no posee,el edificio cuenta con 2 calderas de gas natural ivar super,1.9,1.9,0.47,0.47,-1,0.0,True
ef36b32020,38.2,g,depto,no posee,"calefont, tiro forzado",1.6,1.6,0.33,0.33,-1,0.0,True
2a08272024,29.8,d,depto,no posee,central de calderas a condensación,1.9,1.9,0.47,0.47,-1,0.0,True
8065162023,173.4,d,casa_aislada,no posee,calefont 7 litros tiro forzado,1.9,1.9,0.47,0.47,33,0.06292516806690554,False
05eba62025,45.9,d,depto,no posee,calefont 7 litros tiro forzado,1.9,1.9,0.47,0.47,59,1.0,False
89cbcd2019,43.8,c,depto,no posee,calefont 12 litros,3.0,3.0,0.6,0.6,-1,0.0,True
60e93e2026,57.8,d,depto,sin sistema,calefont tiro forzado 10 litros,1.9,1.9,0.47,0.47,-1,0.0,True
b94c012025,49.0,d,depto,no posee,calefont 7 litros tiro forzado,1.7,1.7,0.38,0.38,56,0.42857145614938874,False
0e56a02024,127.5,d,casa_aislada,estufa a gas,calefont,1.9,1.9,0.47,0.47,-1,0.0,True
93ac852021,41.7,d,casa_pareada,no posee,calefont glp,1.9,1.9,0.47,0.47,40,0.0,False
ca8e402024,49.8,g,depto,no posee,calefont 10 litros tiro forzado,1.1,1.1,0.28,0.28,23,1.0,False
0cd0392019,47.2,d,depto,no posee,calefont 7 litros tiro forzado,1.9,1.9,0.47,0.47,61,1.0,False
45df722024,38.7,c,casa_pareada,no posee,calefont 7 litros tiro forzado,4.0,4.0,0.84,0.84,3,0.00339213025673568,False
45bd5e2025,47.5,a,depto,no posee,"termo eléctrico anwo van200l, potencia 3.0 kw",4.0,4.0,0.84,0.84,4,1.0,False
1e2c3a2018,53.4,a,casa_aislada,no posee,calefont 7 litros tiro forzado,4.0,4.0,0.84,0.84,-1,0.0,True
24b4c62025,67.7,d,depto,no posee,calefont glp,1.9,1.9,0.47,0.47,-1,0.0,True
48647e2026,47.0,d,casa_pareada,no posee,calefont 7 litros tiro forzado,1.7,1.7,0.38,0.38,41,1.0,False
9bcaac2023,49.3,c,depto,no aplica,calefont glp,4.0,4.0,0.84,0.84,-1,0.0,True
9be18f2021,53.3,e,casa_pareada,no posee,calefont glp,1.7,1.7,0.38,0.38,25,1.0,False
87aa972020,41.2,i,casa_aislada,split inverter marca fujitsu modelo acy50 uia-ll.,"calefont ionizado- gas licuado, marca splendid, modelo beyond",,,,,-1,0.0,True
e49dec2020,52.4,d,casa_pareada,no posee,calefont 7 litros tiro forzado,1.9,1.9,0.47,0.47,43,1.0,False
0c55cc2026,58.6,i,casa_pareada,no posee,calefont 7 litros tiro forzado,0.6,0.6,0.25,0.25,-1,0.0,True
7bd78d2025,47.7,f,casa_aislada,no posee,calefont glp,1.7,1.7,0.38,0.38,19,0.056458454608419154,False
8854cb2025,62.3,g,depto,"no posee sistema de calefacción, si incluye equipo panel","termo eléctrico de 80 y 120 litros, para deptos. de 1 dormitorio",1.6,1.6,0.33,0.33,-1,0.0,True
d58e962023,77.1,d,depto,no posee,calefont 7 litros tiro forzado,1.9,1.9,0.47,0.47,-1,0.0,True
3b5eb82025,50.8,d,depto,no posee,calefont glp,1.9,1.9,0.47,0.47,48,1.0,False
bb6d3f2018,45.2,d,casa_pareada,no posee,calefont 7 litros tiro forzado,1.9,1.9,0.47,0.47,42,1.0,False
c0bc9b2023,57.8,d,depto,no posee,calefont 7 litros tiro forzado,1.9,1.9,0.47,0.47,-1,0.0,True
47c79b2020,101.4,c,casa_aislada,no posee,calefont neckar ionizado 13 litros wn13 con potencia nominal,4.0,4.0,0.84,0.84,-1,0.0,True
d91eff2025,46.5,d,casa_pareada,calefactor electrico,calefont 7 litros gl,1.9,1.9,0.47,0.47,-1,0.0,True
a132752019,52.3,i,depto,"clefactor a gas natural, 35.000 btu","calefont a gas natural, marca neckar de 13 litros",0.6,0.6,0.25,0.25,-1,0.0,True
c717012022,77.8,d,casa_aislada,no posee,calefont 7 litros tiro forzado,1.7,1.7,0.38,0.38,33,0.037811515147903374,False
f100342025,50.8,d,depto,no posee,calefont glp,1.9,1.9,0.47,0.47,48,1.0,False
00f55d2025,44.1,g,depto,"no posee sistema de calefacción, si incluye equipo panel","termo eléctrico de 80 y 120 litros, para deptos. de 1 dormitorio",1.6,1.6,0.33,0.33,-1,0.0,True
a820c02020,51.1,d,depto,no posee,calefont glp,1.9,1.9,0.47,0.47,49,1.0,False
caf3a22026,36.6,a,depto,no posee,termo eléctrico,4.0,4.0,0.84,0.84,-1,0.0,True
16ed5b2023,52.4,d,depto,no posee,calefont 7 litros tiro forzado,1.9,1.9,0.47,0.47,58,1.0,False
fc5adb2025,47.0,d,casa_pareada,no posee,calefont 7 litros tiro forzado,1.7,1.7,0.38,0.38,41,1.0,False
9c79ed2023,34.8,d,depto,no posee,calentamiento de agua con caldera a condensación,1.9,1.9,0.47,0.47,50,0.00881953798648314,False
4347692025,35.5,d,depto,no posee,central térmica,1.9,1.9,0.47,0.47,38,0.004070556255695922,False
f4e5a22023,29.9,d,depto,no posee,caldera a condensación,1.9,1.9,0.47,0.47,18,1.0,False
8433cb2025,48.3,e,casa_pareada,no posee,calefont glp,1.7,1.7,0.38,0.38,25,1.0,False
9d92022024,54.2,e,casa_aislada,no posee,calefont 7 litros tiro forzado,1.7,1.7,0.38,0.38,33,0.012550881504633415,False
752f172023,39.5,d,depto,no posee,5 calderas de gas natural genus premium evo hp 150 de 140,1.0,1.0,0.0,0.0,2,0.997974976519388,False
d9e4382019,47.2,d,depto,no posee,calefont 7 litros tiro forzado,1.9,1.9,0.47,0.47,61,1.0,False
1a406f2019,60.0,a,depto,no posee,calefont 7 litros tiro forzado,4.0,4.0,0.84,0.84,6,1.0,False
f8e3b42024,49.1,d,depto,no posee,calefont 7 litros tiro forzado,1.9,1.9,0.47,0.47,60,1.0,False
cecff12022,43.1,f,casa_aislada,no posee,calefont 7 litros tiro forzado,1.6,1.6,0.33,0.33,14,0.22884858922265802,False
7e02e72019,42.2,g,casa_aislada,no posee,calefont 7 litros tiro forzado,1.1,1.1,0.28,0.28,-1,0.0,True
01bfe32020,44.0,f,casa_pareada,no posee,calefont 7 litros tiro forzado,1.7,1.7,0.38,0.38,16,1.0,False
7ba3c92024,47.0,e,casa_pareada,no posee,calefont 7 litros tiro forzado,1.7,1.7,0.38,0.38,34,1.0,False
adde662018,47.2,d,depto,no posee,calefont 7 litros tiro forzado,1.9,1.9,0.47,0.47,61,1.0,False
6d72402026,52.6,c,depto,no posee,termo eléctrico,4.0,4.0,0.84,0.84,-1,0.0,True
588cea2022,45.6,d,depto,no posee,el edificio cuenta con 4 calderas tipo mural de condensación,1.9,1.9,0.47,0.47,-1,0.0,True
19085a2023,55.0,a,depto,no posee,calefont 7 litros tiro forzado,4.0,4.0,0.84,0.84,5,1.0,False
6947842026,40.6,d,depto,no posee,sala de calderas,1.9,1.9,0.47,0.47,12,1.0,False
ce6e6c2023,49.4,d,depto,no posee,calefont 7 litros tiro forzado,1.9,1.9,0.47,0.47,60,1.0,False
cb0fa72023,25.7,d,depto,no posee,caldera de condensación,1.9,1.9,0.47,0.47,28,1.0,False
8ad9f72023,33.4,d,depto,no posee,caldera a condensación,1.9,1.9,0.47,0.47,18,0.8750000275779601,False
333ca02026,47.6,d,depto,no posee,calefont 7 litros tiro forzado,1.7,1.7,0.38,0.38,56,1.0,False
632b8a2018,39.9,d,casa_pareada,no posee,calefont 7 litros tiro forzado,3.0,3.0,0.6,0.6,-1,0.0,True
55303e2025,59.3,d,casa_pareada,no posee,calefont,1.9,1.9,0.47,0.47,10,1.0,False
ef4dfa2025,63.1,d,casa_aislada,no posee,calefont 7 litros tiro forzado,1.9,1.9,0.47,0.47,33,1.0,False
da51b02024,51.4,d,depto,no posee,calefont 10 litros tiro forzado,1.9,1.9,0.47,0.47,11,1.0,False
c8cd702025,45.6,d,depto,no posee,calefont 7 litros tiro forzado,3.0,3.0,0.6,0.6,55,0.4857143084070062,False
8c06042022,54.5,e,depto,no posee,calefont 7 litros tiro forzado,1.7,1.7,0.38,0.38,54,1.0,False
16b9912025,48.3,e,casa_aislada,no posee,calefont glp,1.7,1.7,0.38,0.38,21,1.0,False
6238842021,28.7,d,depto,no considera,central termica,1.9,1.9,0.47,0.47,-1,0.0,True
a863782025,57.8,e,depto,no posee,calefont,1.7,1.7,0.38,0.38,-1,0.0,True
869faa2024,45.7,d,depto,no posee,caldera mural de condensación,1.9,1.9,0.47,0.47,-1,0.0,True
258cf72023,43.7,f,casa_aislada,estufa a parafina ff55-t,calefont 7 litros tiro forzado,1.6,1.6,0.33,0.33,-1,0.0,True
28fe0e2024,28.6,d,depto,no posee,caldera mural de condensación,1.9,1.9,0.47,0.47,38,0.004070556255695922,False
b371922022,49.9,d,depto,no posee,calefont glp,3.0,3.0,0.6,0.6,37,1.0,False
f559db2025,81.7,d,casa_pareada,no posee,calefont 7 litros tiro forzado,1.7,1.7,0.38,0.38,-1,0.0,True
bb8b4f2024,38.0,g,depto,no posee,calefont individual. gas licuado,1.6,1.6,0.33,0.33,-1,0.0,True
86a52c2024,103.9,d,casa_pareada,caldera mural anwo + radiadores.,calefón tiro forzado 13 l/m anwo.,1.9,1.9,0.47,0.47,-1,0.0,True
a18f9b2024,73.2,a,depto,no posee,termo eléctrico junkers/bosch,4.0,4.0,0.84,0.84,-1,0.0,True
c2998f2023,28.9,d,depto,no posee,el edificio cuenta con 2 calderas de gas natural ivar super,1.9,1.9,0.47,0.47,-1,0.0,True
6648282024,43.7,d,depto,no posee,calefont 7 litros tiro forzado,1.9,1.9,0.47,0.47,-1,0.0,True
395d0d2024,56.8,d,depto,no posee,calefont 11 litros tiro forzado,1.9,1.9,0.47,0.47,-1,0.0,True
7b0a242020,34.8,d,depto,no posee,calentamiento de agua con caldera a condensación,1.9,1.9,0.47,0.47,50,0.00881953798648314,False
cb71cb2024,34.0,d,depto,no posee,central térmica. caldera de condensación con acumuladores,1.9,1.9,0.47,0.47,-1,0.0,True
e43a772024,53.7,d,casa_aislada,no posee,calefont 7 litros tiro forzado,1.9,1.9,0.47,0.47,33,0.39361702477221755,False
45104f2020,51.6,d,casa_pareada,estufa kerosene 3 kw,calefon tiro natural 10 lts +sst,1.7,1.7,0.38,0.38,1,1.0,False
af5a0d2026,48.7,e,casa_aislada,no posee,calefont glp,1.7,1.7,0.38,0.38,21,1.0,False
d03bb42024,43.2,d,depto,no posee,"caldera de tipo condensación, 900kw marca inmergas modelo",1.9,1.9,0.47,0.47,-1,0.0,True
45d9b22023,17.5,f,depto,no posee,calefont 7 litros tiro forzado,1.6,1.6,0.33,0.33,32,0.1645569674693233,False
5f17582023,29.0,d,depto,no posee,central termica,1.9,1.9,0.47,0.47,38,1.0,False
8b67c92024,52.5,d,depto,no posee,calefont 10 litros tiro forzado,1.9,1.9,0.47,0.47,11,1.0,False
d58af82020,41.2,i,casa_aislada,split inverter marca fujitsu modelo acy50 uia-ll.,"calefont ionizado- gas licuado, marca splendid, modelo beyond",,,,,-1,0.0,True
fd82002024,37.8,d,depto,radiadores electricos,caldera de condensacion,1.9,1.9,0.47,0.47,-1,0.0,True
1d2d522019,50.9,d,depto,no posee,bomba de calor,1.9,1.9,0.47,0.47,-1,0.0,True
817e1d2024,49.4,d,depto,no posee,calefont glp,1.9,1.9,0.47,0.47,44,0.0,False
fa41b82022,59.6,d,casa_aislada,no posee,calefont 7 litros tiro forzado,1.7,1.7,0.38,0.38,33,0.037811515147903374,False
2dacf12019,30.2,d,depto,no posee,calefont 7 litros tiro forzado,1.9,1.9,0.47,0.47,57,1.0,False
517a3c2023,51.8,d,casa_aislada,no posee,"calefón splendid de 10 litros, master 10l, gas licuado, potencia",3.0,3.0,0.6,0.6,-1,0.0,True
b6013f2018,55.0,d,casa_pareada,no posee,calefont 7 litros tiro forzado,1.9,1.9,0.47,0.47,43,1.0,False
8433a82025,46.4,d,depto,no posee,calefont glp,1.9,1.9,0.47,0.47,-1,0.0,True
bb8d152026,53.6,e,depto,no posee,calefont 7 litros tiro forzado,1.7,1.7,0.38,0.38,54,1.0,False
6796a52024,47.8,f,depto,no posee,calefont,1.6,1.6,0.33,0.33,-1,0.0,True
10d4852026,58.6,i,casa_pareada,no posee,calefont 7 litros tiro forzado,0.6,0.6,0.25,0.25,-1,0.0,True
bba3082025,54.7,f,depto,no posee,calefont 10 litros tiro forzado,1.7,1.7,0.38,0.38,-1,0.0,True
1ddac32025,43.6,d,depto,no posee,"central térmica con 8 calentadores de agua, marca anwo,",1.0,1.0,0.0,0.0,2,0.9996619144450413,False
9fcea22019,39.5,d,depto,no posee,caldera rinnai sm 175,1.9,1.9,0.47,0.47,30,0.038670282988471666,False
e4f4b42021,49.5,f,casa_aislada,no posee,calefont 10 litros tiro forzado,1.7,1.7,0.38,0.38,15,1.0,False
96b9c62025,37.6,d,depto,sin sistema,caldera de condensación marca naview,1.9,1.9,0.47,0.47,-1,0.0,True
7661722025,49.6,d,casa_pareada,no posee,calefont glp,1.9,1.9,0.47,0.47,39,1.0,False
2672632019,29.1,d,depto,no considera sistema de calefacción.,sistema individual termo eléctrico con encendido automático.,1.9,1.9,0.47,0.47,-1,0.0,True
41f9a52022,49.3,d,depto,no posee,calefont glp,1.9,1.9,0.47,0.47,44,0.0,False
bb6f0d2024,47.0,a,depto,no posee,calefont 7 litros tiro forzado,4.0,4.0,0.84,0.84,-1,0.0,True
b94a182026,67.6,e,depto,sin sistema,calefont tiro forzado 13 lts,1.7,1.7,0.38,0.38,35,1.0,False
3c57fa2022,48.1,d,casa_pareada,no posee,calefont 10 litros tiro forzado,1.9,1.9,0.47,0.47,36,1.0,False
6628262024,50.5,d,depto,caldera mural,caldera mural,1.7,1.7,0.38,0.38,-1,0.0,True
0d6a1a2026,28.9,d,depto,no posee,sala de calderas,1.9,1.9,0.47,0.47,12,1.0,False
b1f46a2024,50.0,f,casa_pareada,no posee,calefont glp,1.6,1.6,0.33,0.33,27,0.0,False
8c3fc92021,95.3,d,depto,radiadores,caldera de condensacíon,1.9,1.9,0.47,0.47,-1,0.0,True
2550132019,89.4,d,casa_aislada,no posee,"calefont 10 lt, tiro forzado.",1.0,1.0,0.0,0.0,2,0.9952877790250343,False
99d3bc2022,43.1,d,depto,no posee,el edificio cuenta con 2 calderas para el edificio sur y 3 calderas,1.9,1.9,0.47,0.47,8,0.07259158922291108,False
28f6842024,44.1,e,casa_pareada,no posee,calefont glp,1.7,1.7,0.38,0.38,25,1.0,False
2c64e82025,49.8,g,depto,sin sistema,calefon junkers wd7,1.1,1.1,0.28,0.28,-1,0.0,True
f552902021,70.8,d,casa_pareada,no posee,calefón,1.9,1.9,0.47,0.47,-1,0.0,True
805ec52025,47.9,d,depto,no posee,calefont 7 litros tiro forzado,3.0,3.0,0.6,0.6,55,0.8500000115827424,False
6f37a82026,48.7,e,casa_aislada,no posee,calefont glp,1.7,1.7,0.38,0.38,21,1.0,False
ff86852026,59.8,a,depto,no posee,termo eléctrico,4.0,4.0,0.84,0.84,-1,0.0,True
72bc132021,63.1,d,casa_aislada,no posee,calefont 7 litros tiro forzado,1.9,1.9,0.47,0.47,33,1.0,False
c1fee52026,44.8,f,casa_aislada,bomba de calor tipo aire acondicionado aire-aire,calefont 7l gl splendid master,1.7,1.7,0.38,0.38,-1,0.0,True
b430932023,43.9,g,depto,no posee,calefont 7 litros tiro forzado,1.1,1.1,0.28,0.28,22,0.045976585582855785,False
e5dc9a2025,52.7,f,casa_pareada,no posee,"calefon splendid beyond 11 litros 2ev, gas licuado, de 19,3",1.7,1.7,0.38,0.38,-1,0.0,True
b2da682023,52.7,f,casa_pareada,no posee,"calefon splendid tn 10 litros, gas licuado.",1.7,1.7,0.38,0.38,-1,0.0,True
34b3a12022,49.3,d,depto,no posee,calefont glp,1.9,1.9,0.47,0.47,44,0.0,False
1256e42024,52.4,d,casa_pareada,no posee,calefont glp,3.0,3.0,0.6,0.6,-1,0.0,True
8c90972024,42.4,d,depto,no considera,central térmica,1.9,1.9,0.47,0.47,-1,0.0,True
89d3f62024,48.6,c,depto,no posee,termo eléctrico rheem 120 lt.,4.0,4.0,0.84,0.84,-1,0.0,True
f158ab2023,31.3,d,depto,no posee,la torre cuenta con 2 calderas de gas natural sime modelo,1.9,1.9,0.47,0.47,-1,0.0,True
f5c0862025,26.6,d,depto,no posee,calderas de condensación,1.9,1.9,0.47,0.47,38,0.004070556255695922,False
39e0ac2024,54.8,f,casa_pareada,no posee,calefont glp,1.7,1.7,0.38,0.38,27,0.0,False
a4703e2025,52.3,g,casa_aislada,no posee,calefon,1.6,1.6,0.33,0.33,17,1.0,False
9e81cd2024,54.3,f,depto,no posee,calefont glp,1.7,1.7,0.38,0.38,29,1.0,False
2f69f42026,54.1,d,casa_pareada,no posee,calefont,1.9,1.9,0.47,0.47,10,1.0,False
04eef42025,83.7,e,casa_aislada,no posee,calefont 7 litros tiro forzado,1.7,1.7,0.38,0.38,33,0.012550881504633415,False
3fd6dc2024,52.2,g,depto,no posee,calefont 7 litros tiro forzado,1.6,1.6,0.33,0.33,22,1.0,False
245d7c2026,27.8,d,depto,no posee,caldera condensación,1.9,1.9,0.47,0.47,13,1.0,False
d3cd2f2026,45.9,d,depto,no posee,calefont 7 litros tiro forzado,1.9,1.9,0.47,0.47,59,1.0,False
83c85a2023,37.1,d,depto,no considera,calefón de condensación,1.9,1.9,0.47,0.47,-1,0.0,True
e7ca6a2021,46.2,f,casa_pareada,no posee,calefont glp,1.7,1.7,0.38,0.38,27,1.0,False
86f9d32025,40.8,b,depto,0,"calefon junkers wtd10 km e31, 10 litros, gas licuado de 17,8",4.0,4.0,0.84,0.84,-1,0.0,True
d41e462024,47.9,d,depto,no posee,calefont tiro forzado,1.9,1.9,0.47,0.47,24,0.024526388758561498,False
7859d42026,58.6,i,casa_pareada,no posee,calefont 7 litros tiro forzado,0.6,0.6,0.25,0.25,-1,0.0,True
2903662023,58.7,c,depto,no posee,calefont 7 litros tiro forzado,3.0,3.0,0.6,0.6,51,0.5781250241307151,False
313b2c2024,49.8,g,depto,no posee,calefont 10 litros tiro forzado,1.1,1.1,0.28,0.28,23,1.0,False
5f51502022,44.4,d,depto,no posee,calefont,1.9,1.9,0.47,0.47,50,0.8965516763929752,False
f980a42025,59.5,d,casa_aislada,0,"calefón junkers hidrowind wr13-2 km e31 s4305 13 litros,",1.9,1.9,0.47,0.47,-1,0.0,True
b42fa02024,31.7,d,depto,no aplica,3 calderas murales de condensación,1.9,1.9,0.47,0.47,-1,0.0,True
35b1542025,47.4,d,depto,sin sistema,caldera de condensación marca naview,1.9,1.9,0.47,0.47,-1,0.0,True
e783212022,45.7,d,casa_pareada,no posee,calefont glp,1.9,1.9,0.47,0.47,40,0.0,False
e9ad4a2023,54.0,f,casa_pareada,no aplica,calefont glp,1.6,1.6,0.33,0.33,26,1.0,False
361c522021,48.4,d,depto,no posee,calefont 7 litros tiro forzado,1.9,1.9,0.47,0.47,60,1.0,False
2ce3df2023,50.8,d,depto,no aplica,calefont glp,1.9,1.9,0.47,0.47,-1,0.0,True
e278bf2023,52.2,a,depto,no posee,calefont 7 litros tiro forzado,4.0,4.0,0.84,0.84,5,1.0,False
fe96382021,50.0,e,depto,no posee,calefont 7 litros tiro forzado,1.7,1.7,0.38,0.38,54,1.0,False
2a85ed2024,27.9,d,depto,sin calefacción,central termica. caldera condensación. gas natural,1.9,1.9,0.47,0.47,-1,0.0,True
81ed5a2023,28.3,d,depto,no posee,central termica bomba calor aerotermica - electricidad,1.9,1.9,0.47,0.47,38,0.004070556255695922,False
e764702019,60.0,f,casa_aislada,estufa a parafina marca toyotomi modelo ff-55 el que tiene,calefon marca mademsa modelo forzada tfm 10 eco gl/gn,1.6,1.6,0.33,0.33,-1,0.0,True
39eb3b2023,75.2,d,depto,no posee,calefont,1.9,1.9,0.47,0.47,50,0.14942527939882919,False
521cea2026,40.6,b,depto,0,"calefón junkers hidrowind wd10 km e31 s4300, 10 litros,",4.0,4.0,0.84,0.84,-1,0.0,True
c5daa32026,96.1,d,casa_aislada,no posee,calefont 7 litros tiro forzado,1.9,1.9,0.47,0.47,33,0.5692307794656191,False
90d4ce2024,49.3,d,depto,"central térmica, 3 calderas murales de condensación","central térmica, 3 calderas murales de condensación",1.9,1.9,0.47,0.47,-1,0.0,True
c4262a2019,50.8,c,depto,no posee,calefont 12 litros,3.0,3.0,0.6,0.6,-1,0.0,True
8f44092023,50.2,g,depto,no posee,calefont 10 litros tiro forzado,1.6,1.6,0.33,0.33,23,1.0,False
fbc94e2025,48.3,e,casa_pareada,no posee,calefont glp,1.7,1.7,0.38,0.38,25,1.0,False
15b0262022,53.7,e,depto,no considera,bomba de calor,1.7,1.7,0.38,0.38,-1,0.0,True
cf1d462024,57.0,e,casa_pareada,no posee,calefont. gas licuado,1.7,1.7,0.38,0.38,-1,0.0,True
166c842019,48.5,d,depto,no posee,calefont 7 litros tiro forzado,1.9,1.9,0.47,0.47,60,1.0,False
3df1562021,55.2,d,depto,no posee,calefont a condensación,1.9,1.9,0.47,0.47,-1,0.0,True
e6043f2019,43.3,e,casa_aislada,no posee,calefont glp,1.7,1.7,0.38,0.38,21,0.14285714285714285,False
e21cc72024,45.7,f,depto,no posee,calefont 7 litros tiro forzado,1.7,1.7,0.38,0.38,31,1.0,False
fb39702024,30.8,d,depto,no posee,caldera de condensacin,1.9,1.9,0.47,0.47,-1,0.0,True
5bd1a52026,44.5,f,casa_pareada,no posee,calefont 7 litros tiro forzado,1.7,1.7,0.38,0.38,16,1.0,False
f828392025,48.6,d,depto,no posee,calefont 7 litros tiro forzado,1.9,1.9,0.47,0.47,60,1.0,False
c1c2802026,42.6,e,depto,no posee,calefont 7 litros tiro forzado,1.7,1.7,0.38,0.38,54,1.0,False
984f402021,59.5,d,casa_pareada,estufa kerosene 3 kw,calefon tiro natural 10 lts +sst,1.7,1.7,0.38,0.38,1,1.0,False
39001b2025,27.7,d,depto,no posee,termo eléctrico,1.9,1.9,0.47,0.47,8,1.0,False
e861c52026,53.6,f,casa_pareada,no posee,calefont 7 litros tiro forzado,1.7,1.7,0.38,0.38,16,0.2647058810169847,False
5770212026,26.6,d,depto,no posee,caldera condensación,1.9,1.9,0.47,0.47,13,1.0,False
dfb40d2019,52.3,i,depto,"calefactor a gas natural, 35.000 btu","calefont a gas natural, marca neckar de 13 litros",0.6,0.6,0.25,0.25,-1,0.0,True
3579b32024,30.0,d,depto,no posee,caldera de condensación,1.9,1.9,0.47,0.47,28,1.0,False
a435bf2024,29.4,d,depto,no posee,central termica,1.9,1.9,0.47,0.47,38,1.0,False
9684c32025,52.7,a,depto,no posee,"calefon splendid mvg tfi de 10 litros, de 17,6 kw potencia",4.0,4.0,0.84,0.84,4,1.0,False
c286192021,60.0,f,casa_aislada,estufa a parafina marca toyotomi modelo ff-55 el que tiene,calefon marca mademsa modelo forzada tfm 10 eco gl/gn,1.6,1.6,0.33,0.33,-1,0.0,True
2d661b2026,50.2,b,depto,no posee,calefont 10 litros tiro forzado cámada abierta,4.0,4.0,0.84,0.84,-1,0.0,True
fb28992025,54.4,d,depto,calefactor electrico,calefont 10 litros gl,3.0,3.0,0.6,0.6,0,1.0,False
5da3e02024,30.0,c,depto,no posee,termo eléctrico rheem 80 lt.,4.0,4.0,0.84,0.84,-1,0.0,True
1ee5b92022,48.3,c,casa_pareada,no posee,"calefon tiro natural, modelo master de 7 lts,",4.0,4.0,0.84,0.84,-1,0.0,True
c1a09d2026,49.4,d,depto,no posee,"calefón splendid de 10 litros, master mvg tfi 10, gas licuado",3.0,3.0,0.6,0.6,-1,0.0,True
5855e32023,54.0,f,casa_pareada,no aplica,calefont glp,1.6,1.6,0.33,0.33,26,1.0,False
85d2202026,53.6,e,depto,no posee,calefont 7 litros tiro forzado,1.7,1.7,0.38,0.38,54,1.0,False
48fd0f2022,94.7,d,casa_aislada,la vivienda considera estufa de 6kw y combustible glp.,calefont 10 litros tiro forzado,1.7,1.7,0.38,0.38,-1,0.0,True
972fdd2021,51.2,d,depto,no posee,calefont gas licuado,1.9,1.9,0.47,0.47,-1,0.0,True
bc73592022,52.3,d,depto,no posee,calefont glp,1.9,1.9,0.47,0.47,47,1.0,False
ba23582020,42.4,d,casa_pareada,no posee,calefont glp,1.9,1.9,0.47,0.47,40,0.0,False
3171592024,29.0,d,depto,no considera,caldera con condensación,1.9,1.9,0.47,0.47,53,1.0,False
e064ba2024,40.6,d,depto,no posee,calefont 7 litros tiro forzado,1.9,1.9,0.47,0.47,-1,0.0,True
0af3502025,63.1,d,depto,sin sistema,calefont,1.9,1.9,0.47,0.47,50,0.00881953798648314,False
bef8d62025,48.6,d,depto,no posee,calefont glp,1.9,1.9,0.47,0.47,44,0.0,False
499a872018,39.9,d,casa_pareada,no posee,calefont 7 litros tiro forzado,3.0,3.0,0.6,0.6,-1,0.0,True
7606312026,58.6,i,casa_aislada,no posee,calefont 7 litros tiro forzado,0.6,0.6,0.25,0.25,-1,0.0,True
7900082025,57.2,f,casa_pareada,no posee,"calefon splendid beyond 10 litros 2ev, gas licuado de 18 kw.",1.7,1.7,0.38,0.38,-1,0.0,True
7ebaea2025,49.7,a,depto,no posee,"termo eléctrico anwo van120l, potencia 1.7 kw",4.0,4.0,0.84,0.84,-1,0.0,True
e1a7fd2025,66.8,d,casa_pareada,no posee,calefont 7 litros tiro forzado,1.7,1.7,0.38,0.38,-1,0.0,True
0907c62020,40.7,d,depto,no posee,calefont 7 litros tiro forzado,1.9,1.9,0.47,0.47,-1,0.0,True
2e4d4e2021,48.3,e,casa_aislada,no posee,calefont glp,1.7,1.7,0.38,0.38,21,1.0,False
8f4f452024,103.4,d,casa_aislada,no posee,calefont 13 litros tiro forzado,1.7,1.7,0.38,0.38,-1,0.0,True
2062072024,45.7,f,depto,no posee,calefont 7 litros tiro forzado,1.7,1.7,0.38,0.38,31,1.0,False
e872142026,44.6,c,depto,no posee,calefont 7 litros tiro forzado,4.0,4.0,0.84,0.84,3,0.3448275944704466,False
4a20e82025,59.5,a,depto,no posee,calefont 7 litros tiro forzado,4.0,4.0,0.84,0.84,6,1.0,False
9e4d892021,72.2,a,depto,no posee,sistema unitario,4.0,4.0,0.0,0.0,-1,0.0,True
224f4d2025,72.6,d,depto,no posee,calefon,1.9,1.9,0.47,0.47,-1,0.0,True
cb74642018,48.3,d,depto,no posee,calefont glp,1.9,1.9,0.47,0.47,44,0.0,False
9e3e092025,48.7,g,casa_aislada,no posee,calefon,1.1,1.1,0.28,0.28,17,1.0,False
b07ce52025,52.0,d,depto,no posee,el edificio cuenta con 7 calderas condensación de gas natural,1.9,1.9,0.47,0.47,-1,0.0,True
65e6aa2025,58.7,d,casa_pareada,no posee,calefont 7 litros tiro forzado,1.7,1.7,0.38,0.38,46,1.0,False
7b65fb2023,53.0,d,depto,no posee,caldera con condensación,1.9,1.9,0.47,0.47,52,0.6818181339556098,False
22e0cc2020,42.4,f,depto,no posee,calefont 10 litros tiro forzado,1.7,1.7,0.38,0.38,-1,0.0,True
e9152c2024,51.6,f,casa_aislada,no posee,calefont 10 litros tiro forzado,1.7,1.7,0.38,0.38,15,1.0,False
a5f76f2026,40.4,d,depto,no posee,sala de calderas,1.9,1.9,0.47,0.47,12,1.0,False
5a12a42023,53.0,c,depto,no posee,calefont 7 litros tiro forzado,4.0,4.0,0.84,0.84,3,1.0,False
0e77d02022,59.5,d,casa_pareada,no posee,calefont 7 litros tiro forzado,1.7,1.7,0.38,0.38,46,1.0,False
3d7ea92026,32.0,d,depto,no posee,termo eléctrico splendid 80 lt,1.9,1.9,0.47,0.47,-1,0.0,True
41a1052025,48.3,e,casa_aislada,no posee,calefont glp,1.7,1.7,0.38,0.38,21,1.0,False
5ac9d92025,47.2,d,depto,no posee,"en definición, se utiliza por defecto en precalificación.",1.9,1.9,0.47,0.47,-1,0.0,True
c1c8852020,40.7,d,depto,no posee,calefont 7 litros tiro forzado,1.9,1.9,0.47,0.47,-1,0.0,True
56cfe32018,48.3,d,depto,no posee,calefont glp,1.9,1.9,0.47,0.47,44,0.0,False
91f9f32021,42.0,d,casa_pareada,no posee,calefont glp,1.9,1.9,0.47,0.47,40,1.0,False
974c752021,44.3,e,casa_pareada,no posee,calefont glp,1.7,1.7,0.38,0.38,25,1.0,False
0dd6152026,47.6,d,depto,no posee,calefont 7 litros tiro forzado,1.7,1.7,0.38,0.38,56,1.0,False
27b8482024,40.3,d,depto,no posee,central térmica,1.9,1.9,0.47,0.47,38,0.004070556255695922,False
108ef02022,46.1,f,casa_pareada,no posee,calefont glp,1.7,1.7,0.38,0.38,27,0.0,False
7eeafa2022,48.6,d,depto,el proyecto no define sistema de calefacción,el proyecto considera un equipo calefont 7lts ionizado para,1.9,1.9,0.47,0.47,-1,0.0,True
b0c3bb2026,54.4,c,depto,calefactor electrico,calefont 10 litros gl,3.0,3.0,0.6,0.6,0,1.0,False
f5bec22025,49.4,d,depto,no posee,calefont 7 litros tiro forzado,3.0,3.0,0.6,0.6,55,0.8500000115827424,False
84c8312025,46.3,d,depto,no posee,"central térmica con 10 calefones de condesación, marca anwo,",1.0,1.0,0.0,0.0,2,1.0,False
9cf0382023,49.2,e,depto,no posee,calefont 13 litros tiro forzado,1.7,1.7,0.38,0.38,-1,0.0,True
9be8072021,61.3,d,casa_pareada,no posee,calefont,1.7,1.7,0.38,0.38,9,1.0,False
fbc1502023,55.1,d,depto,no posee,calefon,1.9,1.9,0.47,0.47,-1,0.0,True
66c2572025,57.5,d,depto,no posee,calefont 7 litros tiro forzado,1.0,1.0,0.0,0.0,2,0.9886325761593803,False
d148002026,47.6,d,depto,no posee,calefont 7 litros tiro forzado,1.7,1.7,0.38,0.38,56,1.0,False
269a122026,47.0,d,casa_pareada,"estufa keroseno, 3 kw",calefont 10litros tiro forzado,1.7,1.7,0.38,0.38,-1,0.0,True
012bd22024,35.8,d,depto,no posee,calefacción central mediante caldera de condensación,1.9,1.9,0.47,0.47,-1,0.0,True
5a00d12025,47.9,d,depto,no posee,sala de calderas,1.9,1.9,0.47,0.47,12,0.7166666924060962,False
b485d42025,46.9,g,depto,calefactor eléctrico 1000 w,termo eléctrico,1.6,1.6,0.33,0.33,-1,0.0,True
f5ee132021,54.2,d,depto,no posee,calefont gas licuado,1.9,1.9,0.47,0.47,-1,0.0,True
4c9f342025,48.6,d,depto,no posee,calefont 7 litros tiro forzado,1.9,1.9,0.47,0.47,60,1.0,False
47a6752026,45.9,d,depto,no posee,calefont 7 litros tiro forzado,1.9,1.9,0.47,0.47,59,1.0,False
2e47552025,49.5,d,casa_pareada,no posee,calefont 11 litros tiro forzado,1.9,1.9,0.47,0.47,-1,0.0,True
79b46f2026,42.6,c,depto,no posee,calefont 10 litros tiro forzado marca splendid.,4.0,4.0,0.0,0.0,-1,0.0,True
a6ba602026,48.5,d,depto,no posee,calefont glp,1.9,1.9,0.47,0.47,44,1.0,False
bbf68e2025,43.2,f,depto,no posee,calefont a gas licuado,1.6,1.6,0.33,0.33,-1,0.0,True
c4d5362018,65.5,c,depto,caldera mural de condensacion baxi (main 5),caldera mural de condensacion baxi (main 5),3.0,3.0,0.6,0.6,-1,0.0,True
75c2112022,45.0,d,casa_pareada,no posee,calefont,1.9,1.9,0.47,0.47,10,1.0,False
1234c92024,56.3,d,depto,no posee,calefont 10 litros tiro forzado,3.0,3.0,0.6,0.6,11,0.009571054886205977,False
9f48722022,104.6,d,depto,calefactores eléctricos,centralizado con caldera de condensación y estanques de,1.9,1.9,0.47,0.47,-1,0.0,True
0d58872024,52.8,d,casa_pareada,no posee,calefont glp,1.9,1.9,0.47,0.47,39,1.0,False
f39ec72024,49.4,d,depto,no posee,calefont tiro forzado,1.9,1.9,0.47,0.47,24,0.024526388758561498,False
7809242019,41.9,g,casa_pareada,no posee,calefont 7 litros tiro natural,1.1,1.1,0.28,0.28,-1,0.0,True
7eeb1c2024,30.7,d,depto,no posee,calefont 7 litros tiro forzado,1.9,1.9,0.47,0.47,57,1.0,False
f70f262022,46.1,f,casa_pareada,no posee,calefont glp,1.7,1.7,0.38,0.38,27,0.0,False
4091c62026,55.3,d,casa_aislada,calefactor electrico,calefont 10 litros gl,1.9,1.9,0.47,0.47,0,0.7625006171926384,False
9893442026,67.6,e,depto,sin sistema,calefont tiro forzado 13 lts,1.7,1.7,0.38,0.38,35,1.0,False
6f6c182026,47.0,d,casa_pareada,no posee,calefont 7 litros tiro forzado,1.9,1.9,0.47,0.47,42,1.0,False
24f7b42022,58.8,e,depto,calefacción mediante radiadores electricas,central termica a gas con calderas/calefon en cascada,1.7,1.7,0.38,0.38,-1,0.0,True
e786e72025,48.3,b,depto,no posee,calefont glp,4.0,4.0,0.84,0.84,-1,0.0,True
1322262024,30.2,d,depto,no posee,caldera de condensación,1.9,1.9,0.47,0.47,28,1.0,False
f3cad62024,49.5,d,depto,no posee,el edificio cuenta con 3 calderas de gas natural sime modelo,1.9,1.9,0.47,0.47,-1,0.0,True
41d41f2024,36.9,d,depto,no posee,caldera,1.9,1.9,0.47,0.47,-1,0.0,True
1d2a3a2023,53.5,d,depto,no posee,calefont 7 litros tiro forzado,1.9,1.9,0.47,0.47,58,1.0,False
e4c6bc2025,27.0,d,depto,sin sistema,caldera,1.9,1.9,0.47,0.47,-1,0.0,True
f92dc82024,44.1,a,depto,no posee,termo electrico 80 litros,4.0,4.0,0.84,0.84,-1,0.0,True
d715ae2021,103.1,d,depto,radiadores,caldera de condensacíon,1.9,1.9,0.47,0.47,-1,0.0,True
c0455a2026,57.5,c,depto,"por definir, se considera por defecto para esta etapa.","por definir, se considera por defecto para esta etapa.",4.0,4.0,0.84,0.84,-1,0.0,True
520cd82025,40.7,c,depto,no posee,calefont 7 litros tiro forzado,3.0,3.0,0.6,0.6,51,1.0,False
d8f8282025,55.6,a,depto,no posee,calefont 7 litros tiro forzado,4.0,4.0,0.84,0.84,5,1.0,False
ce0e9f2023,66.6,d,depto,no posee,calefon,1.9,1.9,0.47,0.47,-1,0.0,True
5210972023,53.7,d,depto,no posee,calefont tiro forzado,1.7,1.7,0.38,0.38,24,1.0,False
1a8abb2023,49.9,d,depto,no posee,calefont glp,3.0,3.0,0.6,0.6,37,1.0,False
5ac1a42023,54.0,f,casa_pareada,no aplica,calefont glp,1.6,1.6,0.33,0.33,26,1.0,False
82219e2022,109.8,d,depto,calefactores eléctricos,centralizado con caldera de condensación y estanques de,1.9,1.9,0.47,0.47,-1,0.0,True
8da2f12026,19.8,e,depto,no posee,calefont 7 litros tiro forzado,1.7,1.7,0.38,0.38,54,0.1842105113427154,False
3335102024,29.2,d,depto,sin sistema,"bosch condens 7000 wp - 100 kw, estanque 1000lts marca",1.9,1.9,0.47,0.47,-1,0.0,True
ae200c2019,29.3,d,depto,no posee,cuenta con un sistema de acs centralizado a partir de una,1.9,1.9,0.47,0.47,-1,0.0,True
eae10b2023,52.2,g,depto,no posee,calefont 7 litros tiro forzado,1.6,1.6,0.33,0.33,22,1.0,False
d30e402026,53.6,e,depto,no posee,calefont 7 litros tiro forzado,1.7,1.7,0.38,0.38,54,1.0,False
72edc62026,44.5,f,casa_pareada,no posee,calefont 7 litros tiro forzado,1.7,1.7,0.38,0.38,16,1.0,False
e94bd52021,49.5,f,casa_aislada,no posee,calefont 10 litros tiro forzado,1.7,1.7,0.38,0.38,15,1.0,False
7033322026,49.1,d,depto,no posee,calefont 7 litros tiro forzado,1.9,1.9,0.47,0.47,60,1.0,False
b604042020,142.2,d,depto,cielo radiante mediante caldera de condensación a gas,mediante condensación a gas,1.9,1.9,0.47,0.47,-1,0.0,True
d0f7ef2019,102.1,f,casa_aislada,no posee,calefont 7 litros tiro forzado,1.6,1.6,0.33,0.33,14,0.20797226758071705,False
128c652025,29.6,d,depto,no posee,calefont 7 litros tiro forzado,1.9,1.9,0.47,0.47,57,1.0,False
c91e9b2025,50.8,f,casa_pareada,no posee,calefont 7 litros tiro forzado,1.7,1.7,0.38,0.38,16,0.2647058810169847,False
5e16912025,44.8,g,casa_aislada,no posee,calefont 7 litros,1.1,1.1,0.28,0.28,17,1.0,False
01b17d2019,51.0,d,depto,no posee,calefont glp,1.9,1.9,0.47,0.47,48,1.0,False
d8aae42024,43.2,d,depto,no posee,central termica,1.9,1.9,0.47,0.47,38,0.17142857489551486,False
21aa812021,41.8,d,depto,radiador eléctrico,termo eléctrico,1.9,1.9,0.47,0.47,-1,0.0,True
7f6c8f2025,52.5,d,depto,calefactor electrico,calefont 12 litros gl,1.9,1.9,0.47,0.47,0,0.5209410008367642,False
f82a422021,45.0,d,casa_pareada,no posee,calefont 7 litros tiro forzado,1.9,1.9,0.47,0.47,42,1.0,False
2810f22020,42.4,d,casa_pareada,no posee,calefont glp,1.9,1.9,0.47,0.47,40,0.0,False
034aff2020,90.0,d,depto,caldera,caldera,1.9,1.9,0.47,0.47,-1,0.0,True
f103652025,58.6,i,casa_pareada,no posee,calefont 7 litros tiro forzado,0.6,0.6,0.25,0.25,-1,0.0,True
e1c6242025,47.4,b,depto,no posee,"calefont 10 litros tiro forzado, cámara abierta",4.0,4.0,0.84,0.84,-1,0.0,True
f680d92022,27.0,d,depto,no posee,caldera a condensación,1.9,1.9,0.47,0.47,18,1.0,False
8640ec2024,26.6,d,depto,no posee,caldera con condensación,1.9,1.9,0.47,0.47,52,0.8571428193216563,False
a409602026,34.8,d,depto,no posee,el edificio cuenta con 3 calderas de condensación aldens wm,1.9,1.9,0.47,0.47,-1,0.0,True
bccfd52024,47.7,f,depto,no posee,calefont glp,1.6,1.6,0.33,0.33,29,1.0,False
b58ce62023,49.3,c,depto,no aplica,calefont glp,4.0,4.0,0.84,0.84,-1,0.0,True
c9a6292024,35.3,d,depto,no posee,calefont 7 litros tiro forzado,1.9,1.9,0.47,0.47,57,0.9047619117658305,False
59638c2025,52.7,a,depto,no posee,"calefon splendid mvg tfi de 10 litros, de 17,6 kw potencia",4.0,4.0,0.84,0.84,4,1.0,False
e949542025,53.0,c,depto,no posee,calefont 7 litros tiro forzado,4.0,4.0,0.84,0.84,3,1.0,False
b287df2022,48.1,d,casa_pareada,no posee,calefont 10 litros tiro forzado,1.9,1.9,0.47,0.47,36,1.0,False
9f808f2026,50.4,c,depto,no posee,calefont 7 litros tiro forzado,4.0,4.0,0.84,0.84,3,1.0,False
7b1cb42022,74.2,d,depto,no posee,caldera de condensación,1.9,1.9,0.47,0.47,28,0.16877638324083993,False
e910792024,29.0,d,depto,no posee,central termica,1.9,1.9,0.47,0.47,38,1.0,False
a523382026,27.9,e,depto,sin sistema,caldera a condensación,1.7,1.7,0.38,0.38,-1,0.0,True
f332072025,46.3,d,depto,no aplica,caldera de condensacion a gas,1.9,1.9,0.47,0.47,-1,0.0,True
70fd4a2025,48.3,e,casa_pareada,no posee,calefont glp,1.7,1.7,0.38,0.38,25,1.0,False
6c348f2023,50.8,d,depto,no aplica,calefont glp,1.9,1.9,0.47,0.47,-1,0.0,True
e529a52025,57.8,d,casa_pareada,no posee,calefont 7 litros tiro forzado,1.7,1.7,0.38,0.38,46,1.0,False
e3a7cc2026,80.1,d,depto,caldera mural,caldera mural,1.9,1.9,0.47,0.47,-1,0.0,True
edc95b2025,47.8,d,casa_pareada,no posee,calefont glp,1.9,1.9,0.47,0.47,39,0.666666652366985,False
c9ba7e2020,50.0,d,depto,no posee,calefont 7 litros tiro forzado,1.9,1.9,0.47,0.47,60,0.6666666237676203,False
47120b2025,57.8,d,depto,no posee,calefont,1.9,1.9,0.47,0.47,50,1.0,False
7f2da52020,71.3,c,casa_pareada,no posee,calefont neckar ionizado 13 litros wn13 con potencia nominal,4.0,4.0,0.84,0.84,-1,0.0,True
fd9a6d2024,47.2,d,depto,0,calefont 10 litros tiro forzado,1.7,1.7,0.38,0.38,-1,0.0,True
c8a54a2024,48.5,d,depto,no posee,calefont 7 litros tiro forzado,1.9,1.9,0.47,0.47,60,1.0,False
3933b52022,49.9,d,depto,no posee,calefont glp,3.0,3.0,0.6,0.6,37,1.0,False
f279c62024,66.4,e,casa_aislada,no posee,calefont 7 litros tiro forzado,1.7,1.7,0.38,0.38,33,0.012550881504633415,False
fb2bb82025,63.1,d,casa_aislada,no posee,calefont 7 litros tiro forzado,1.9,1.9,0.47,0.47,33,1.0,False
a1fe9f2025,29.7,c,depto,no posee,termo eléctrico rheem 120 litros,4.0,4.0,0.0,0.0,-1,0.0,True
3c5f152022,55.4,a,depto,no posee,"calefon splendid, master mvg tfi 10, 10 litros, gas licuado",4.0,4.0,0.84,0.84,-1,0.0,True
349e032026,52.5,d,depto,calefactor electrico,calefont 10 litros gl,1.9,1.9,0.47,0.47,0,1.0,False
2035a02023,49.9,d,depto,no posee,"calefont, tiro forzado",1.9,1.9,0.47,0.47,-1,0.0,True
cb26732024,57.8,d,depto,sin sistema,calefont,1.9,1.9,0.47,0.47,50,0.00881953798648314,False
f2bc292023,49.3,c,depto,no aplica,calefont glp,4.0,4.0,0.84,0.84,-1,0.0,True
416c222023,66.8,d,casa_pareada,no posee,calefont 7 litros tiro forzado,1.9,1.9,0.47,0.47,-1,0.0,True
20857c2020,31.0,d,depto,no posee,caldera de condesanción,1.9,1.9,0.47,0.47,-1,0.0,True
b2711a2025,48.7,g,casa_aislada,no posee,calefont 7 litros,1.1,1.1,0.28,0.28,17,1.0,False
aaa43b2023,50.2,g,depto,no posee,calefont 10 litros tiro forzado,1.6,1.6,0.33,0.33,23,1.0,False
38d11d2025,28.9,d,depto,no posee,sala de calderas,1.9,1.9,0.47,0.47,12,1.0,False
e4045c2026,59.5,d,casa_pareada,no posee,calefont 7 litros tiro forzado,1.7,1.7,0.38,0.38,46,1.0,False
d4c2e92023,49.9,d,depto,no posee,calefont glp,3.0,3.0,0.6,0.6,37,1.0,False
3e25fc2025,48.7,g,casa_aislada,no posee,calefon,1.1,1.1,0.28,0.28,17,1.0,False
7881d92020,91.7,d,casa_aislada,estufa kerosene 3 kw,calefon tiro natural 10 lts +sst,1.7,1.7,0.38,0.38,1,1.0,False
902d4f2021,57.9,d,casa_pareada,no posee,calefont 10 litros,3.0,3.0,0.6,0.6,-1,0.0,True
3d1e052025,52.3,b,depto,0,"calefón junkers hidrowind wr13-2 km e31 s4305 13 litros,",4.0,4.0,0.84,0.84,-1,0.0,True
9711682026,47.0,d,casa_pareada,no posee,calefont 7 litros tiro forzado,1.7,1.7,0.38,0.38,41,1.0,False
6e81d32026,71.7,d,casa_pareada,sin sistema,calefont,1.9,1.9,0.47,0.47,-1,0.0,True
cebf042023,44.1,d,depto,no posee,central termica,1.9,1.9,0.47,0.47,38,0.17142857489551486,False
b54cec2023,45.2,d,depto,sistema centralizado con losa radiante y caldera de condensación,centralizado con caldera de condensación y estanques de,1.9,1.9,0.47,0.47,-1,0.0,True
264c532023,28.5,d,depto,no posee,central termica,1.9,1.9,0.47,0.47,38,1.0,False
5a456a2022,54.5,e,depto,no posee,calefont 7 litros tiro forzado,1.7,1.7,0.38,0.38,54,1.0,False
61d6472024,38.6,d,depto,no posee,caldera central a gas,1.9,1.9,0.47,0.47,30,1.0,False
abd7172025,48.7,g,casa_aislada,no posee,calefon,1.1,1.1,0.28,0.28,17,1.0,False
1f291b2023,68.6,e,casa_pareada,no aplica,calefont glp,1.7,1.7,0.38,0.38,-1,0.0,True
924b9d2025,48.3,e,casa_aislada,no posee,calefont glp,1.7,1.7,0.38,0.38,21,1.0,False
de3d482022,41.6,d,depto,no posee,calefont 7 litros tiro forzado,3.0,3.0,0.6,0.6,55,0.2266666732559602,False
347ac52025,26.4,d,depto,no posee,caldera de condensación,1.9,1.9,0.47,0.47,28,1.0,False
7da3182023,71.7,d,casa_aislada,no posee,calefont 7 litros tiro forzado,1.9,1.9,0.47,0.47,33,0.7399999851740895,False
4ab8d02022,41.2,d,depto,no posee,termo eléctrico,1.9,1.9,0.47,0.47,8,1.0,False
8c48362024,30.6,d,depto,no posee,caldera de condensacin,1.9,1.9,0.47,0.47,-1,0.0,True
4e29442026,59.3,c,depto,sin sistema,calefont tiro forzado 13 lts,4.0,4.0,0.84,0.84,-1,0.0,True
c905712022,49.3,d,depto,no posee,calefont glp,1.9,1.9,0.47,0.47,44,0.0,False
0e54bd2025,61.0,d,depto,no posee,caldera centralizada,1.7,1.7,0.38,0.38,-1,0.0,True
da4ef32019,102.1,f,casa_aislada,no posee,calefont 7 litros tiro forzado,1.6,1.6,0.33,0.33,14,0.20797226758071705,False
cd6bbf2021,51.3,d,depto,no posee,calefont glp,1.9,1.9,0.47,0.47,49,0.0,False
7370552024,88.3,d,depto,radiadores electricos,caldera de condensacion,1.9,1.9,0.47,0.47,-1,0.0,True
eb564d2024,64.7,d,depto,no posee,calefont 10 litros tiro forzado,1.7,1.7,0.38,0.38,11,0.02453345958087785,False
2eb7a02024,66.7,d,casa_pareada,no posee,calefont 7 litros tiro forzado,1.9,1.9,0.47,0.47,-1,0.0,True
22d5102021,79.6,d,casa_pareada,estufa kerosene 3 kw,calefon tiro natural 10 lts +sst,1.7,1.7,0.38,0.38,1,1.0,False
31746d2020,46.2,f,casa_pareada,no posee,calefont glp,1.7,1.7,0.38,0.38,27,1.0,False
3dbe042024,35.2,d,depto,no posee,calefont 7 litros tiro forzado,1.9,1.9,0.47,0.47,57,0.9500000038609141,False
fa6e932022,50.0,f,casa_pareada,"no posee, segun eett",calefont 10 litros tiro forzado,1.6,1.6,0.33,0.33,-1,0.0,True
4382402020,55.0,a,depto,no posee,calefont 10 litros tiro forzado,4.0,4.0,0.84,0.84,-1,0.0,True
f5f5b02025,53.9,a,depto,no posee,calefont 7 litros tiro forzado,4.0,4.0,0.84,0.84,5,1.0,False
5662512026,31.0,d,depto,no posee,calefont 7 litros tiro forzado,1.9,1.9,0.47,0.47,57,1.0,False
6e962a2026,28.5,d,depto,no posee,el edificio cuenta con 4 calderas a gas natural de condensación,1.9,1.9,0.47,0.47,-1,0.0,True
3b699f2020,76.6,d,depto,radiadores,caldera con condensación,1.0,1.0,0.0,0.0,-1,0.0,True
a4f6942023,52.2,g,depto,no posee,calefont 7 litros tiro forzado,1.6,1.6,0.33,0.33,22,1.0,False
6e85f32024,54.2,d,depto,no posee,calefont,1.9,1.9,0.47,0.47,50,0.9285714285714285,False
9488a52022,44.7,d,depto,no posee,calefont 7 litros tiro forzado,1.9,1.9,0.47,0.47,-1,0.0,True
895e462024,51.8,d,casa_aislada,no posee,"calefón splendid de 10 litros, master mvg tfi 10, gas licuado",3.0,3.0,0.6,0.6,-1,0.0,True
47bef62025,63.1,d,casa_aislada,no posee,calefont 7 litros tiro forzado,1.9,1.9,0.47,0.47,33,1.0,False
b6b28d2024,47.3,d,depto,sin calefacción,central termica. caldera condensación. gas natural,1.9,1.9,0.47,0.47,-1,0.0,True
5ed00d2023,77.7,d,casa_aislada,0,calefont 10 litros tiro forzado,1.7,1.7,0.38,0.38,-1,0.0,True
0fd2d22024,55.3,d,casa_aislada,no posee,calefont 7 litros tiro forzado,1.9,1.9,0.47,0.47,33,0.4743589753743364,False
7528b92023,49.9,d,depto,no posee,"calefont, tiro forzado",1.9,1.9,0.47,0.47,-1,0.0,True
c712892025,53.6,d,casa_pareada,no posee,calefont glp,1.9,1.9,0.47,0.47,39,1.0,False
4466fc2025,48.7,g,casa_aislada,no posee,calefon,1.1,1.1,0.28,0.28,17,1.0,False
6221cd2024,57.8,d,casa_pareada,no posee,calefont 7 litros tiro forzado,1.9,1.9,0.47,0.47,43,0.6153846153846154,False
05831b2024,51.6,f,casa_aislada,no posee,calefont 10 litros tiro forzado,1.7,1.7,0.38,0.38,15,1.0,False
eb49742024,58.0,e,depto,no posee,calefont 11 litros tiro forzado,1.7,1.7,0.38,0.38,-1,0.0,True
3ed3362026,47.8,d,casa_pareada,no posee,calefont glp,1.9,1.9,0.47,0.47,39,0.666666652366985,False
e5d3cc2019,51.1,d,depto,no posee,calefont glp,1.9,1.9,0.47,0.47,49,1.0,False
6a3ff12026,50.8,b,depto,0,"calefón junkers hidrowind wr13-2 km e31 s4305 13 litros,",4.0,4.0,0.84,0.84,-1,0.0,True
46507e2025,46.7,a,depto,no posee,"calefon junkers wd10 km e31 s4300, de 10 l y 18,2 kw",4.0,4.0,0.84,0.84,-1,0.0,True
7ec7c82021,51.4,d,casa_pareada,no posee,calefont glp,1.9,1.9,0.47,0.47,39,1.0,False
2d7dd42022,42.0,d,casa_pareada,no posee,calefont glp,1.9,1.9,0.47,0.47,40,1.0,False
9a03d12024,55.6,a,depto,no posee,calefont 7 litros tiro forzado,4.0,4.0,0.84,0.84,5,1.0,False
889b062024,52.6,g,casa_aislada,no posee,calefont glp,1.6,1.6,0.33,0.33,20,1.0,False
2ed87d2025,48.9,c,depto,calefactor electrico,calefont 12 litros gl,3.0,3.0,0.6,0.6,0,1.0,False
4e65822023,54.0,f,casa_pareada,no aplica,calefont glp,1.6,1.6,0.33,0.33,26,1.0,False
5b95522025,55.4,a,depto,no posee,"termo eléctrico anwo van200l, potencia 3.0 kw",4.0,4.0,0.84,0.84,4,1.0,False
0d4e9f2026,57.8,e,depto,sin sistema,calefont tiro forzado 13 lts,1.7,1.7,0.38,0.38,35,1.0,False
4ea3ec2025,58.0,c,depto,no posee,sala de calderas,3.0,3.0,0.6,0.6,-1,0.0,True
59adf32022,52.3,d,depto,no posee,calefont glp,1.9,1.9,0.47,0.47,47,1.0,False
0057132024,47.0,d,casa_pareada,no posee,calefont 7 litros tiro forzado,1.7,1.7,0.38,0.38,41,1.0,False
cdcd0f2024,29.7,d,depto,radiadores electricos,caldera de condensacion,1.9,1.9,0.47,0.47,-1,0.0,True
15eb7a2024,47.7,f,depto,no posee,calefont glp,1.6,1.6,0.33,0.33,29,1.0,False
5af5572021,54.5,a,depto,no posee,calefont 7 litros tiro forzado,4.0,4.0,0.84,0.84,5,1.0,False
f00e9a2024,46.1,d,depto,no posee,central térmica,1.9,1.9,0.47,0.47,38,0.004070556255695922,False
85f26b2026,52.4,d,depto,no posee,calefont 10 litros tiro forzado,1.9,1.9,0.47,0.47,11,1.0,False
c032782024,63.1,d,depto,sin sistema,calefont,1.9,1.9,0.47,0.47,50,0.00881953798648314,False
1c789e2023,43.3,a,depto,no posee,sistema unitario,4.0,4.0,0.84,0.84,-1,0.0,True
f9e8ac2022,53.1,d,depto,no considera,caldera con condensación,1.9,1.9,0.47,0.47,53,0.6111111047556967,False
db15932023,55.5,a,depto,no posee,"termo eléctrico marca junkers, modelo elacell excellence",4.0,4.0,0.84,0.84,-1,0.0,True
574aad2025,55.4,a,depto,no posee,"termo eléctrico anwo van200l, potencia 3.0 kw",4.0,4.0,0.84,0.84,4,1.0,False
a4aef72024,61.2,d,depto,calefacción: radiadores extraplanos marca ocean modelos,sistema acs: caldera marca aqua plus rb 30/32,1.9,1.9,0.47,0.47,-1,0.0,True
cfe4f42023,61.4,c,depto,no posee,calefont 7 litros tiro forzado,4.0,4.0,0.84,0.84,3,0.14084507210752056,False
b93e572022,44.8,f,casa_aislada,no posee,calefont glp,1.6,1.6,0.33,0.33,19,1.0,False
fcea312024,45.8,d,depto,no posee,"el edificio cuenta con 4 calderas de condensación, marca acv,",1.9,1.9,0.47,0.47,-1,0.0,True
bd5ada2024,29.0,d,depto,no posee,caldera con condensación,1.9,1.9,0.47,0.47,52,1.0,False
855aaf2021,42.0,d,casa_pareada,no posee,calefont glp,1.9,1.9,0.47,0.47,40,1.0,False
faa3672021,81.1,d,casa_aislada,no posee,calefont 13 litros tiro forzado,1.9,1.9,0.47,0.47,33,0.012550881504633415,False
6aadd92023,50.2,g,depto,no posee,calefont 10 litros tiro forzado,1.6,1.6,0.33,0.33,23,1.0,False
e881a22022,34.9,d,depto,losa de cielo radiante mediante bomba de calor,bomba de calor para acs,1.9,1.9,0.47,0.47,-1,0.0,True
066c652024,52.3,d,depto,no considera,caldera con condensación,1.9,1.9,0.47,0.47,53,0.7173912897507971,False
cbd59e2018,48.2,d,depto,no posee,calefont 7 litros tiro forzado,1.9,1.9,0.47,0.47,60,1.0,False
88e3b72019,51.1,d,depto,no posee,calefont 7 glp,1.9,1.9,0.47,0.47,-1,0.0,True
61d02b2023,29.0,d,depto,no posee,caldera de condensación,1.9,1.9,0.47,0.47,28,1.0,False
b3405a2026,28.9,d,depto,no posee,sala de calderas,1.9,1.9,0.47,0.47,12,1.0,False
7bb66a2021,70.8,d,casa_pareada,no posee,calefón,1.9,1.9,0.47,0.47,-1,0.0,True
a874e62026,42.1,d,depto,no posee,"calefont 10 litros tiro forzado, gas natural",1.9,1.9,0.47,0.47,-1,0.0,True
fabaae2019,44.3,e,casa_pareada,no posee,calefont glp,1.7,1.7,0.38,0.38,25,1.0,False
4e43a12025,54.1,c,depto,calefactor electrico,calefont 12 litros gl,3.0,3.0,0.6,0.6,0,1.0,False
e739632024,52.0,d,depto,no posee,calefont 11 litros tiro forzado,1.9,1.9,0.47,0.47,-1,0.0,True
2adda02026,45.8,d,depto,no posee,calefont 13 litros tiro forzado,1.9,1.9,0.47,0.47,-1,0.0,True
b9164b2024,53.5,d,casa_aislada,no posee,calefont 13 litros tiro forzado,1.9,1.9,0.47,0.47,-1,0.0,True
e2039c2020,53.4,d,casa_pareada,no posee,calefont 7 litros tiro forzado,1.9,1.9,0.47,0.47,43,1.0,False
0211c22022,79.4,d,casa_pareada,no posee,calefont tiro forzado,1.7,1.7,0.38,0.38,7,1.0,False
f539d92024,69.0,e,depto,caldera de muro rinnai eco 16/17 con radiadores anwo,caldera de muro rinnai eco 16/17,1.7,1.7,0.38,0.38,-1,0.0,True
b5d3e62025,49.5,d,casa_pareada,no posee,calefont 11 litros tiro forzado,1.9,1.9,0.47,0.47,-1,0.0,True
3872f02023,31.1,d,depto,no posee,caldera central a gas,1.9,1.9,0.47,0.47,30,1.0,False
96c92a2023,31.3,d,depto,no posee,la torre cuenta con 2 calderas de gas natural sime modelo,1.9,1.9,0.47,0.47,-1,0.0,True
b55d172023,53.1,d,depto,no posee,calefont 7 litros tiro forzado,1.9,1.9,0.47,0.47,58,1.0,False
8b28692021,47.8,d,depto,no posee,calefont 7 litros tiro forzado,1.9,1.9,0.47,0.47,60,0.6666666237676203,False
7d72112025,66.8,d,casa_pareada,no posee,calefont 7 litros tiro forzado,1.7,1.7,0.38,0.38,-1,0.0,True
233c982022,42.0,d,casa_pareada,no posee,calefont glp,1.9,1.9,0.47,0.47,40,1.0,False
8a80912025,59.2,d,depto,no posee,calefont 11 litros,1.9,1.9,0.47,0.47,-1,0.0,True
800bc22025,47.0,e,casa_pareada,no posee,calefont 7 litros tiro forzado,1.7,1.7,0.38,0.38,34,1.0,False
f3f6c42020,103.6,g,casa_aislada,no posee,calefont 7 litros tiro forzado,1.6,1.6,0.33,0.33,-1,0.0,True
358b292025,65.9,d,depto,no posee,"sistema individual, calefón 10 litros.",1.9,1.9,0.47,0.47,-1,0.0,True
0271062025,32.2,c,depto,no posee,central de agua caliente para suministro de todos los departamentos,3.0,3.0,0.6,0.6,-1,0.0,True
1296d32022,31.0,e,depto,no considera,bomba de calor,1.7,1.7,0.38,0.38,-1,0.0,True
ac34012021,51.3,d,depto,no posee,calefont glp,1.9,1.9,0.47,0.47,49,0.0,False
19675b2021,46.2,f,casa_pareada,no posee,calefont glp,1.7,1.7,0.38,0.38,27,1.0,False
aff23c2023,70.1,d,casa_pareada,no posee,calefont,1.9,1.9,0.47,0.47,10,1.0,False
42c90f2024,49.7,f,depto,no posee,calefont eco 25/28 rinnai,1.6,1.6,0.33,0.33,-1,0.0,True
3331222024,57.2,e,casa_pareada,no posee,calefont 7 litros tiro forzado,1.7,1.7,0.38,0.38,34,0.5588235276304894,False
908eec2023,52.6,f,depto,no aplica,calefont glp,1.6,1.6,0.33,0.33,-1,0.0,True
eee5da2025,40.6,d,depto,no posee,calefont 7 litros tiro forzado,1.9,1.9,0.47,0.47,-1,0.0,True
de7ff22024,26.7,d,depto,no considera,caldera con condensación,1.9,1.9,0.47,0.47,53,1.0,False
bf33eb2022,74.3,f,casa_aislada,no posee,calefont 7 litros tiro forzado,1.6,1.6,0.33,0.33,14,0.22884858922265802,False
0146642023,43.7,f,casa_aislada,estufa a pellets bosca ecosmart,calefont 7 litros tiro forzado,1.6,1.6,0.33,0.33,-1,0.0,True
326a7b2026,47.0,d,casa_pareada,no posee,calefont 7 litros tiro forzado,1.9,1.9,0.47,0.47,42,1.0,False
d341912022,42.0,d,casa_pareada,no posee,calefont glp,1.9,1.9,0.47,0.47,40,1.0,False
dfa9542024,51.0,d,depto,no posee,calefont,1.9,1.9,0.47,0.47,50,1.0,False
ceb52d2024,66.4,d,depto,radiadores electricos,caldera de condensacion,1.9,1.9,0.47,0.47,-1,0.0,True
a148b22025,48.5,d,depto,no posee,calefont glp,1.9,1.9,0.47,0.47,44,1.0,False
5d08b32025,47.5,a,depto,no posee,"termo eléctrico anwo van200l, potencia 3.0 kw",4.0,4.0,0.84,0.84,4,1.0,False
0df6bc2021,87.2,f,casa_aislada,no posee,calefont 10 litros tiro forzado,1.7,1.7,0.38,0.38,15,1.0,False
6fb34d2021,45.3,d,depto,no posee,calefont 10 litros tiro forzado,3.0,3.0,0.6,0.6,11,0.009571054886205977,False
e5f16c2020,51.0,d,depto,no posee,calefont glp,1.9,1.9,0.47,0.47,48,1.0,False
3cda102022,32.0,d,depto,no considera,caldera con condensación,1.9,1.9,0.47,0.47,53,1.0,False
ec4afd2026,48.5,d,depto,no posee,calefont glp,1.9,1.9,0.47,0.47,44,1.0,False
f849802018,52.2,a,depto,no posee,calefont 7 litros tiro forzado apoyado sst,4.0,4.0,0.84,0.84,-1,0.0,True
6369072026,47.6,d,depto,no posee,calefont 7 litros tiro forzado,1.7,1.7,0.38,0.38,56,1.0,False
577bcc2023,57.7,d,depto,no posee,"calefón splendid mvg tfi 13 litros, gas natural de 22,5 kw",1.9,1.9,0.47,0.47,-1,0.0,True
d495832023,79.0,d,depto,radiador eléctrico,temo eléctrico,1.9,1.9,0.47,0.47,-1,0.0,True
ba27b72022,52.6,d,casa_pareada,no posee,calefont 10 litros tiro forzado,1.9,1.9,0.47,0.47,36,1.0,False
c4fb532024,54.4,d,depto,no posee,calefont 7 litros tiro forzado,3.0,3.0,0.6,0.6,55,1.0,False
6278382025,52.8,d,casa_pareada,no posee,calefont glp,1.9,1.9,0.47,0.47,39,1.0,False
1381fb2021,46.1,d,casa_pareada,no posee,calefont 10 litros tiro forzado,1.9,1.9,0.47,0.47,36,1.0,False
9574822024,40.8,b,depto,0,"calefon junkers wtd10 km e31, 10 litros, gas licuado de 17,8",4.0,4.0,0.84,0.84,-1,0.0,True
cb02932026,43.3,b,depto,0,"calefon junkers hidrowind wr13-2 km e31 s4305, 13 litros,",4.0,4.0,0.84,0.84,-1,0.0,True
7986262024,50.5,e,depto,no posee,calefont glp,1.7,1.7,0.38,0.38,-1,0.0,True
4e56a22025,42.6,g,casa_aislada,no posee,calefont 7 litros,1.1,1.1,0.28,0.28,17,1.0,False
87449e2022,77.7,d,casa_aislada,la vivienda considera estufa de 6kw y combustible glp.,calefont 13 litros tiro forzado,1.7,1.7,0.38,0.38,-1,0.0,True
f690502021,42.0,d,casa_pareada,no posee,calefont glp,1.9,1.9,0.47,0.47,40,1.0,False
18adb72026,43.9,d,depto,no considera,caldera a condensación,1.9,1.9,0.47,0.47,-1,0.0,True
b3342b2025,45.9,d,depto,no posee,calefont 7 litros tiro forzado,1.7,1.7,0.38,0.38,56,1.0,False
a66a972025,43.8,d,depto,no posee,calefont glp,1.9,1.9,0.47,0.47,-1,0.0,True
6e5b022023,53.5,a,depto,no posee,sistema unitario,4.0,4.0,0.84,0.84,-1,0.0,True
9d0aa22025,71.3,d,depto,caldera mural,caldera mural,1.7,1.7,0.38,0.38,-1,0.0,True
34cad32026,47.8,d,casa_pareada,no posee,calefont glp,1.9,1.9,0.47,0.47,39,0.666666652366985,False
8d37f22022,51.6,d,casa_pareada,no posee,calefont 7 litros tiro forzado,1.7,1.7,0.38,0.38,-1,0.0,True
2b67852023,114.6,d,casa_aislada,no posee,calefont 7 litros tiro forzado,1.9,1.9,0.47,0.47,33,0.2681159472190405,False
7836db2026,57.8,d,depto,sin sistema,calefont tiro forzado 10 litros,1.9,1.9,0.47,0.47,-1,0.0,True
5c27372025,49.2,a,casa_pareada,no posee,calefont glp,4.0,4.0,0.84,0.84,-1,0.0,True
4a9bb52022,36.5,d,depto,no posee,caldera a condensación,1.9,1.9,0.47,0.47,18,1.0,False
601edc2023,53.7,d,depto,no posee,calefont tiro forzado,1.7,1.7,0.38,0.38,24,1.0,False
ce95712021,49.9,e,depto,no posee,calefont 7 litros tiro forzado,1.7,1.7,0.38,0.38,54,1.0,False
a1d2af2021,59.3,d,casa_pareada,no posee,calefón,1.9,1.9,0.47,0.47,-1,0.0,True
49aa402024,48.5,d,depto,no posee,calefont 7 litros tiro forzado,1.9,1.9,0.47,0.47,60,1.0,False
e0f7972024,103.4,d,casa_aislada,no posee,calefont 13 litros tiro forzado,1.7,1.7,0.38,0.38,-1,0.0,True
caf65e2024,57.8,d,casa_pareada,no posee,calefont 7 litros tiro forzado,1.9,1.9,0.47,0.47,43,0.6153846153846154,False
dfee5a2023,30.7,d,depto,no posee,central termica,1.9,1.9,0.47,0.47,38,0.7058823342377866,False
87e1392025,50.8,f,depto,no posee,termo eléctrico 100lt. potencia nominal 1500w,1.7,1.7,0.38,0.38,-1,0.0,True
a15b7c2025,46.4,d,depto,no posee,calefont glp,1.9,1.9,0.47,0.47,-1,0.0,True
1f088a2021,42.0,d,casa_pareada,no posee,calefont glp,1.9,1.9,0.47,0.47,40,1.0,False
06b08e2022,81.7,d,casa_pareada,la vivienda considera estufa de 6kw y combustible glp.,calefont 10 litros tiro forzado,1.7,1.7,0.38,0.38,-1,0.0,True
d741582024,48.6,f,depto,no posee,calefont,1.6,1.6,0.33,0.33,-1,0.0,True
1853e82026,41.8,d,depto,no posee,"central térmica eficiente inverter marca ariston, modelo hp150.",1.9,1.9,0.47,0.47,-1,0.0,True
3bde712024,47.0,e,casa_pareada,no posee,calefont 7 litros tiro forzado,1.7,1.7,0.38,0.38,34,1.0,False
b16d052025,48.5,d,depto,no posee,calefont glp,1.9,1.9,0.47,0.47,44,1.0,False
9a67822018,111.0,d,casa_aislada,"calefactor italkero stratos 5.0, tiro balanceado","rheem 16 litros, tiro forzado",1.0,1.0,0.0,0.0,-1,0.0,True
6295c02025,48.3,d,depto,no posee,calefont,1.9,1.9,0.47,0.47,50,0.9629629078827056,False
25d60b2020,43.7,g,depto,no posee,calefont 7 litros tiro forzado,1.6,1.6,0.33,0.33,22,1.0,False
334cee2026,49.8,g,depto,no posee,calefont 10 litros tiro forzado,1.1,1.1,0.28,0.28,23,1.0,False
ae5dc42024,40.8,d,depto,"central térmica, 3 calderas murales de condensación","central térmica, 3 calderas murales de condensación",1.9,1.9,0.47,0.47,-1,0.0,True
47ece32025,46.8,g,depto,sin sistema de calefacción.,termo eléctrico rheem.,1.6,1.6,0.33,0.33,-1,0.0,True
eddf4e2022,42.9,d,depto,no posee,caldera a condensación,1.9,1.9,0.47,0.47,18,1.0,False
24847c2025,33.7,d,depto,no posee,sistema centralizado a gas natural.,1.9,1.9,0.47,0.47,-1,0.0,True
c475ff2019,51.1,d,depto,no posee,calefont glp,1.9,1.9,0.47,0.47,49,1.0,False
cbded32023,61.5,d,casa_pareada,no posee,calefont 7 litros tiro forzado,1.9,1.9,0.47,0.47,43,0.39999996911268704,False
7b73c62025,23.2,d,depto,no aplica,caldera de condensacion a gas,1.9,1.9,0.47,0.47,-1,0.0,True
250aec2025,53.0,c,depto,no posee,calefont 7 litros tiro forzado,4.0,4.0,0.84,0.84,3,1.0,False
9727182026,30.2,e,depto,no aplica,termos eléctricos murales para cada departamento,1.7,1.7,0.38,0.38,-1,0.0,True
07c4b32024,28.5,d,depto,no considera,caldera con condensación,1.9,1.9,0.47,0.47,53,1.0,False
82b5312019,28.7,d,depto,no posee,calentamiento de agua con estanque electrico 80 lt,1.0,1.0,0.0,0.0,2,0.998311921800348,False
0c04892024,37.3,d,depto,no posee,caldera condensacion con estanque interior,1.9,1.9,0.47,0.47,-1,0.0,True
f1a9502026,60.8,f,casa_pareada,no posee,calefont glp,1.7,1.7,0.38,0.38,27,0.0,False
5b09fb2024,57.9,d,casa_aislada,no posee,calefont 7 litros tiro forzado,1.9,1.9,0.47,0.47,33,0.7115384912378032,False
902ae22025,31.3,d,depto,no posee,calefont 7 litros tiro forzado,1.9,1.9,0.47,0.47,57,1.0,False
1a84942024,59.8,d,depto,no considera,"calefont 13 litros, tiro forzado.",1.9,1.9,0.47,0.47,-1,0.0,True
8b9d0a2025,58.2,g,depto,no posee,calefont 7 litros tiro forzado,1.1,1.1,0.28,0.28,22,0.045976585582855785,False
f6e6942025,59.9,d,depto,no posee,calefont tiro forzado 12 litros,1.9,1.9,0.47,0.47,-1,0.0,True
eb92ef2024,58.2,d,depto,no posee,calefont tiro forzado,1.7,1.7,0.38,0.38,24,1.0,False
63ec8c2022,41.8,f,casa_aislada,no posee,calefont glp,1.6,1.6,0.33,0.33,19,1.0,False
b0d2fb2025,57.4,e,casa_aislada,no posee,en base a combustión de gas licuado,1.7,1.7,0.38,0.38,-1,0.0,True
3d001c2024,47.0,d,casa_pareada,no posee,calefont 7 litros tiro forzado,1.7,1.7,0.38,0.38,41,1.0,False
1f71ef2023,32.1,d,depto,no considera,central termica,1.9,1.9,0.47,0.47,-1,0.0,True
fa64272022,48.4,d,depto,no posee,calefont,1.9,1.9,0.47,0.47,50,1.0,False
e17c522022,45.0,d,depto,no posee,el edificio cuenta con 2 calderas de gas natural ivar super,1.9,1.9,0.47,0.47,-1,0.0,True
d7127a2024,58.8,d,depto,no posee,calefont 7 litros tiro forzado,1.9,1.9,0.47,0.47,-1,0.0,True
f4d6f72023,63.6,d,depto,no posee,caldera a condensación,1.9,1.9,0.47,0.47,18,0.2934131747602035,False
89b85a2021,43.3,e,casa_aislada,no posee,calefont glp,1.7,1.7,0.38,0.38,21,0.14285714285714285,False
eb16792024,40.2,d,depto,"central térmica, 3 calderas murales de condensación","central térmica, 3 calderas murales de condensación",1.9,1.9,0.47,0.47,-1,0.0,True
f442252024,48.6,d,depto,no posee,calefont glp,1.9,1.9,0.47,0.47,44,0.0,False
0ac9f62023,54.6,a,depto,no posee,sistema unitario,4.0,4.0,0.84,0.84,-1,0.0,True
89e19e2022,51.8,d,casa_pareada,no posee,calefont 10 litros tiro forzado,1.7,1.7,0.38,0.38,36,0.02654312861602531,False
1ac7d62024,28.2,e,depto,no posee,calefont 7 litros tiro forzado,1.7,1.7,0.38,0.38,54,0.3111111004340148,False
1e5e9c2022,51.9,e,depto,no posee,calefont 7 litros tiro forzado,1.7,1.7,0.38,0.38,54,1.0,False
d8dc402019,67.5,d,casa_pareada,no posee,calefont,1.9,1.9,0.47,0.47,10,1.0,False
a11a3e2022,53.5,d,depto,no posee,calefont glp,1.9,1.9,0.47,0.47,-1,0.0,True
85396b2021,47.5,d,depto,no posee,calefont 13 litros tiro forzado,1.9,1.9,0.47,0.47,-1,0.0,True
f5b0562024,42.7,d,depto,sin sistema,"bosch condens 7000 wp - 100 kw, estanque 1000lts marca",1.9,1.9,0.47,0.47,-1,0.0,True
f385e52025,44.0,d,depto,no posee,calefon,1.9,1.9,0.47,0.47,-1,0.0,True
8a97bd2021,93.4,d,casa_pareada,no posee,calefont,1.7,1.7,0.38,0.38,9,1.0,False
81c1fa2026,51.5,b,depto,no posee,calefont 7 litros tiro forzado,4.0,4.0,0.84,0.84,3,0.00339213025673568,False
071c862019,51.0,d,depto,no posee,calefont glp,1.9,1.9,0.47,0.47,48,1.0,False
26262b2023,75.2,f,casa_aislada,no posee,calefont 7 litros tiro forzado,1.7,1.7,0.38,0.38,14,1.0,False
4d06802020,30.8,g,depto,no posee,"calefont, tiro forzado",1.6,1.6,0.33,0.33,-1,0.0,True
71cb7e2025,43.1,d,depto,no posee,calderas de condensación,1.9,1.9,0.47,0.47,13,0.01628222502278369,False
9d4ab42025,53.5,d,depto,no posee,calefont 7 litros tiro forzado,3.0,3.0,0.6,0.6,55,1.0,False
5cd3512023,29.2,d,depto,no posee,5 calderas de gas natural genus premium evo hp 150 de 140,1.9,1.9,0.47,0.47,-1,0.0,True
569bd02023,57.8,d,depto,no posee,calefont 7 litros tiro forzado,1.9,1.9,0.47,0.47,-1,0.0,True
33353c2024,57.8,d,casa_pareada,no posee,calefont 7 litros tiro forzado,1.9,1.9,0.47,0.47,43,0.6153846153846154,False
d3ba782023,41.8,f,casa_aislada,no aplica,calefont glp,1.6,1.6,0.33,0.33,-1,0.0,True
e53f4b2021,47.9,d,depto,no posee,calefont glp,1.9,1.9,0.47,0.47,44,0.0,False
4ae87e2026,98.8,c,casa_aislada,no posee,calefón 15 lts gas natural tiro forzado,4.0,4.0,0.84,0.84,-1,0.0,True
d147c02024,49.4,d,depto,no posee,calefont tiro forzado,1.9,1.9,0.47,0.47,24,0.024526388758561498,False
5c43ba2025,47.9,a,depto,no posee,termo eléctrico,4.0,4.0,0.84,0.84,-1,0.0,True
00f9fc2026,47.6,d,depto,no posee,calefont 7 litros tiro forzado,1.7,1.7,0.38,0.38,56,1.0,False
7273922018,41.3,e,casa_pareada,no posee,calefont 7 litros tiro forzado,1.7,1.7,0.38,0.38,34,1.0,False
7736142024,46.6,d,depto,no posee,caldera de condensación,1.9,1.9,0.47,0.47,28,1.0,False
47cb012025,47.8,d,casa_pareada,no posee,calefont glp,1.9,1.9,0.47,0.47,39,0.666666652366985,False
ccf54b2026,27.7,d,depto,no posee,termo eléctrico,1.9,1.9,0.47,0.47,8,1.0,False
7767ca2023,46.1,e,casa_aislada,no posee,calefont glp,1.7,1.7,0.38,0.38,21,0.19999998455634352,False
2f608e2021,41.4,d,casa_pareada,no posee,calefont glp,1.9,1.9,0.47,0.47,40,0.0,False
3be87d2026,45.6,e,depto,sin sistema,caldera a condensación,1.7,1.7,0.38,0.38,-1,0.0,True
48354f2025,48.2,d,depto,no posee,calefont 7 litros tiro forzado,1.9,1.9,0.47,0.47,60,1.0,False
0526fc2026,50.0,d,depto,no posee,"central térmica eficiente inverter marca ariston, modelo hp150.",1.9,1.9,0.47,0.47,-1,0.0,True
03fb112019,29.7,f,depto,no posee,calefont 7 litros tiro forzado,1.6,1.6,0.33,0.33,32,0.3391304163319646,False
6b9f5d2026,47.6,d,depto,no posee,calefont 10 litros tiro forzado,1.9,1.9,0.47,0.47,11,1.0,False
611a932024,24.9,d,depto,no posee,central termica,1.9,1.9,0.47,0.47,38,1.0,False
8076442022,93.4,d,casa_pareada,no posee,calefont tiro forzado,1.7,1.7,0.38,0.38,7,1.0,False
7df04a2018,41.2,i,casa_aislada,no posee,calefont 7 litros tiro forzado,,,,,-1,0.0,True
42cd852025,38.2,e,depto,no posee,calefont 7 litros tiro forzado,1.7,1.7,0.38,0.38,54,0.3333333088195928,False
ea8d162021,52.0,d,depto,no posee,calefont gas licuado,1.9,1.9,0.47,0.47,-1,0.0,True
f33a602023,43.7,a,depto,no posee,"calefont splendid master ion tiro forzado 10 litros, de 17,6",4.0,4.0,0.84,0.84,-1,0.0,True
8493f32023,41.8,f,casa_aislada,no aplica,calefont glp,1.6,1.6,0.33,0.33,-1,0.0,True
9764cf2018,38.7,f,casa_aislada,no posee,calefont 7 litros tiro forzado,1.6,1.6,0.33,0.33,14,0.22884858922265802,False
901a922020,44.6,d,depto,no posee,caldera de condensación,1.9,1.9,0.47,0.47,28,1.0,False
a721ab2025,48.6,d,depto,no posee,calefont glp,1.9,1.9,0.47,0.47,44,0.0,False
2474ff2023,57.8,d,depto,no posee,calefont 7 litros tiro forzado,1.9,1.9,0.47,0.47,-1,0.0,True
8e1ec02026,33.4,d,depto,no posee,calefont 7 litros tiro forzado,1.9,1.9,0.47,0.47,57,1.0,False
c816812024,38.7,d,depto,no posee,caldera centralizada,1.9,1.9,0.47,0.47,-1,0.0,True
aaf8b42022,55.3,c,depto,no posee,calefont 10 litros tiro forzado,3.0,3.0,0.6,0.6,-1,0.0,True
d378c12018,52.8,a,depto,no posee,calefont 7 litros tiro forzado,4.0,4.0,0.84,0.84,5,1.0,False
704ffa2025,46.5,d,depto,no posee,calefont 7 litros tiro forzado,1.9,1.9,0.47,0.47,59,1.0,False
83f8e52024,32.0,d,depto,no posee,"el edificio cuenta con 5 calderas de gas natural, riello condexa",1.9,1.9,0.47,0.47,-1,0.0,True
a02c232021,50.6,d,casa_pareada,no posee,calefont glp,1.9,1.9,0.47,0.47,39,1.0,False
441ee22022,56.8,d,depto,no posee,el edificio cuenta con 2 calderas de gas natural ivar super,1.9,1.9,0.47,0.47,-1,0.0,True
10ec882021,59.0,d,depto,no posee,calefont glp,1.9,1.9,0.47,0.47,-1,0.0,True
3d47362026,68.5,e,casa_aislada,no posee,calefont 7 litros tiro forzado,1.7,1.7,0.38,0.38,33,0.012550881504633415,False
cbe1332024,35.5,d,depto,no considera,caldera con condensación,1.9,1.9,0.47,0.47,53,0.8918918964042826,False
13dfb42025,47.4,b,depto,no posee,"calefont 10 litros tiro forzado, cámara abierta",4.0,4.0,0.84,0.84,-1,0.0,True
2435a02019,69.6,e,casa_aislada,no posee,calefont 7 litros tiro forzado,1.7,1.7,0.38,0.38,33,0.012550881504633415,False
e22e542026,48.7,e,casa_aislada,no posee,calefont glp,1.7,1.7,0.38,0.38,21,1.0,False
bb24b52026,48.5,d,depto,no posee,calefont glp,1.9,1.9,0.47,0.47,44,1.0,False
516b922025,49.2,d,depto,no posee,caldera de condensación,1.9,1.9,0.47,0.47,28,1.0,False
934c612025,40.1,c,depto,no posee,calefont 7 litros tiro forzado,3.0,3.0,0.6,0.6,51,1.0,False
8950a82026,53.1,d,depto,no posee,caldera condensación,1.9,1.9,0.47,0.47,13,0.6400000016473234,False
7a92682022,48.0,d,depto,no posee,calefont 10 litros tiro forzado,1.9,1.9,0.47,0.47,11,1.0,False
4d20032026,42.6,d,depto,no posee,"central térmica eficiente inverter marca ariston, modelo hp150.",1.9,1.9,0.47,0.47,-1,0.0,True
f69acc2025,46.5,d,depto,no posee,calefont 7 litros tiro forzado,1.9,1.9,0.47,0.47,59,1.0,False
5731f62022,42.0,d,casa_pareada,no posee,calefont glp,1.9,1.9,0.47,0.47,40,1.0,False
3c522b2022,76.3,d,casa_pareada,no posee,calefont 7 litros tiro forzado,1.0,1.0,0.0,0.0,2,1.0,False
58b9532022,62.5,d,casa_pareada,no posee,calefont tiro forzado,1.7,1.7,0.38,0.38,7,1.0,False
d283cd2020,51.6,d,casa_pareada,estufa kerosene 3 kw,calefon tiro natural 10 lts +sst,1.0,1.0,0.0,0.0,1,0.7595744674348923,False
be180e2024,102.0,d,casa_aislada,no posee,calefon gas natural 13 litros,1.9,1.9,0.47,0.47,-1,0.0,True
bee8d72021,55.9,d,depto,estufa kerosene 3 kw,calefon tiro natural 10 lts +sst,1.7,1.7,0.38,0.38,1,0.9996608826569533,False
bb5be02023,52.5,e,casa_pareada,no posee,sistema aquatank 270 con bomba de calor para acs y,1.7,1.7,0.38,0.38,-1,0.0,True
b199f02019,65.3,d,depto,radiadores,caldera de condensación en cascada,1.0,1.0,0.0,0.0,-1,0.0,True
65784d2019,55.4,d,casa_pareada,no posee,calefont,1.0,1.0,0.0,0.0,2,0.9736582087214822,False
e163442020,94.2,d,casa_aislada,no posee,calefont 13 litros,1.9,1.9,0.47,0.47,-1,0.0,True
8e8c0f2023,41.3,c,depto,no posee,calefont 7 litros tiro forzado,3.0,3.0,0.6,0.6,51,1.0,False
3448e22026,48.4,g,depto,sin sistema,calefont 12lt tiro forzado,1.1,1.1,0.28,0.28,-1,0.0,True
8292b82024,57.8,e,depto,sin sistema,calefon,1.7,1.7,0.38,0.38,35,1.0,False
794d4e2020,64.8,d,casa_pareada,no posee,calefont,1.7,1.7,0.38,0.38,9,1.0,False
8581c32021,42.0,d,casa_pareada,no posee,calefont glp,1.9,1.9,0.47,0.47,40,1.0,False
c4f3aa2025,45.2,e,depto,no posee,calefont 7 litros tiro forzado,1.7,1.7,0.38,0.38,54,1.0,False
285b182026,48.7,e,casa_aislada,no posee,calefont glp,1.7,1.7,0.38,0.38,21,1.0,False
c9471c2024,31.0,d,depto,no posee,caldera de condensación,1.9,1.9,0.47,0.47,28,1.0,False
a60a792022,27.0,d,depto,no posee,caldera a condensación,1.9,1.9,0.47,0.47,18,1.0,False
7f2e252021,47.8,d,depto,no posee,calefont 7 litros tiro forzado,1.9,1.9,0.47,0.47,60,0.6666666237676203,False
3950ad2019,29.3,d,depto,no posee,cuenta con un sistema de acs centralizado a partir de una,1.9,1.9,0.47,0.47,-1,0.0,True
caf60b2025,59.5,d,casa_aislada,0,"calefón junkers w13 kb31 13 litros, gas licuado con potencia",1.9,1.9,0.47,0.47,-1,0.0,True
563e882019,42.3,g,casa_aislada,no posee,calefont 7 litros tiro forzado,1.1,1.1,0.28,0.28,-1,0.0,True
2961cb2023,51.2,e,depto,no aplica,calefont glp,1.7,1.7,0.38,0.38,-1,0.0,True
256c072024,50.3,g,casa_aislada,no posee,calefont glp,1.6,1.6,0.33,0.33,20,1.0,False
81c7622020,44.2,g,depto,no posee,"calefont, tiro forzado",1.6,1.6,0.33,0.33,-1,0.0,True
2d5f962022,48.0,d,depto,no posee,calefont 10 litros tiro forzado,1.9,1.9,0.47,0.47,11,1.0,False
7b6ba02018,110.0,d,depto,no posee,calefont 7 litros tiro forzado,1.9,1.9,0.47,0.47,-1,0.0,True
098c012025,43.1,a,depto,no posee,"calefon splendid mvg tfi de 10 litros, de 17,6 kw potencia",4.0,4.0,0.84,0.84,4,1.0,False
714b0b2024,45.7,f,depto,no posee,calefont 7 litros tiro forzado,1.7,1.7,0.38,0.38,31,1.0,False
149be62023,52.2,g,depto,no posee,calefont 7 litros tiro forzado,1.6,1.6,0.33,0.33,22,1.0,False
0085642023,115.4,d,casa_aislada,no posee,calefont 7 litros tiro forzado,1.9,1.9,0.47,0.47,33,0.2761193954163412,False
45b4d72022,47.1,c,depto,no posee,calefont 7 litros tiro forzado,3.0,3.0,0.6,0.6,51,1.0,False
82d3322024,47.4,d,depto,no posee,central termica,1.9,1.9,0.47,0.47,38,0.17142857489551486,False
3359f12023,46.1,e,casa_aislada,no posee,calefont glp,1.7,1.7,0.38,0.38,21,0.19999998455634352,False
5878612023,81.1,d,casa_aislada,no considera,calefón,1.9,1.9,0.47,0.47,-1,0.0,True
7d5e282024,66.7,f,casa_aislada,"estufa a parafina tiro forzado marca toyotomi modelo ff-55t,","calefont marca mademsa modelo. forced 10 eco gl, con una",1.6,1.6,0.33,0.33,-1,0.0,True
2e3ed32024,52.6,g,casa_aislada,no posee,calefont glp,1.6,1.6,0.33,0.33,20,1.0,False
e7af7e2025,53.4,d,depto,no posee,calefont 7 litros tiro forzado,1.9,1.9,0.47,0.47,58,1.0,False
8d62d22020,64.1,d,casa_aislada,no posee,calefont 7 litros tiro forzado,1.0,1.0,0.0,0.0,2,0.9939495667212813,False
1cbf402021,32.1,a,depto,no posee,sistema unitario,4.0,4.0,0.0,0.0,-1,0.0,True
d2a0742021,28.1,d,depto,no posee,estanque eléctrico 189 l,1.9,1.9,0.47,0.47,-1,0.0,True
8e40502025,40.0,d,depto,no posee,calefont 7 litros tiro forzado,1.9,1.9,0.47,0.47,-1,0.0,True
02bf992024,27.3,d,depto,no posee,central termica,1.9,1.9,0.47,0.47,38,1.0,False
9d99992023,64.8,d,casa_pareada,no posee,calefont 7 litros tiro forzado,1.7,1.7,0.38,0.38,-1,0.0,True
3453382025,38.8,d,depto,no posee,calefont 7 litros tiro forzado,1.9,1.9,0.47,0.47,-1,0.0,True
653baf2018,47.2,d,depto,no posee,calefont 7 litros tiro forzado,1.9,1.9,0.47,0.47,61,1.0,False
3edd632025,52.2,g,depto,no posee,calefont 10 litros tiro forzado,1.1,1.1,0.28,0.28,23,1.0,False
4985e72022,47.0,d,casa_pareada,no posee,calefont 7 litros tiro forzado,1.7,1.7,0.38,0.38,41,1.0,False
a2eb342020,57.2,b,depto,no posee,calefont 7 litros tiro forzado,3.0,3.0,0.6,0.6,-1,0.0,True
d54ea92020,66.0,a,casa_pareada,no posee,calefont 7 litros tiro forzado,4.0,4.0,0.84,0.84,-1,0.0,True
77e0f42022,48.3,c,casa_pareada,no posee,"calefon tiro natural, modelo master de 7 lts,",4.0,4.0,0.84,0.84,-1,0.0,True
ea86922026,57.8,d,depto,sin sistema,calefont tiro forzado 10 litros,1.9,1.9,0.47,0.47,-1,0.0,True
921bbe2022,127.9,d,casa_pareada,caldera mixta,caldera mixta,1.9,1.9,0.47,0.47,-1,0.0,True
87a33b2024,64.7,d,depto,no posee,calefont 10 litros tiro forzado,1.7,1.7,0.38,0.38,11,0.02453345958087785,False
53f26a2026,47.0,a,depto,no posee,termo electrico 80 litros,4.0,4.0,0.84,0.84,-1,0.0,True
53e0682025,48.6,d,casa_pareada,no posee,"calefont marca splendid, modelo tcsb7-3, 7 lts, potencia",1.9,1.9,0.47,0.47,-1,0.0,True
557a922025,33.1,d,depto,no posee,caldera a condensación,1.9,1.9,0.47,0.47,18,0.8305084355345657,False
33ac482025,29.0,g,depto,calefactor eléctrico wally one de kaltemp,termo eléctrico rheem,1.6,1.6,0.33,0.33,-1,0.0,True
60df352025,42.7,a,depto,calefactor electrico,calefont 12 litros gl,4.0,4.0,0.84,0.84,-1,0.0,True
00baf52022,52.3,d,depto,no posee,calefont glp,1.9,1.9,0.47,0.47,47,1.0,False
d3dcf92022,51.6,d,depto,no posee,calefont,1.9,1.9,0.47,0.47,50,1.0,False
fc6dcf2022,68.9,f,casa_aislada,no posee,calefont 10 litros tiro forzado,1.6,1.6,0.33,0.33,15,0.33563144940949097,False
aca72f2025,51.4,a,depto,no posee,"calefón mademsa forced 10 eco gl, 10 litros, gas licuado",4.0,4.0,0.84,0.84,-1,0.0,True
e430832024,47.9,d,depto,no posee,termo electrico,1.9,1.9,0.47,0.47,-1,0.0,True
ce8c9f2021,87.2,f,casa_aislada,no posee,calefont 10 litros tiro forzado,1.7,1.7,0.38,0.38,15,1.0,False
28fc642019,28.9,d,depto,no posee,calefont 7 litros tiro forzado,1.9,1.9,0.47,0.47,57,1.0,False
cff0262021,128.1,d,casa_aislada,no posee,calefont 7 litros tiro natural,1.9,1.9,0.47,0.47,-1,0.0,True
958b3f2025,58.6,i,casa_aislada,no posee,calefont 7 litros tiro forzado,0.6,0.6,0.25,0.25,-1,0.0,True
91e4e82023,27.1,d,depto,no posee,central termica,1.9,1.9,0.47,0.47,38,1.0,False
7a4aff2023,55.5,d,casa_pareada,no posee,calefont 7 litros tiro forzado,1.7,1.7,0.38,0.38,45,1.0,False
6facdd2024,33.8,d,depto,no posee,central térmica. caldera de condensación con acumuladores,1.9,1.9,0.47,0.47,-1,0.0,True
913a0e2025,54.4,d,depto,calefactor electrico,calefont 10 litros gl,3.0,3.0,0.6,0.6,0,1.0,False
4aec762025,51.3,i,casa_pareada,caldera a gas - gaz 6000 w- marca bosch,caldera a gas - gaz 6000 w- marca bosch,0.6,0.6,0.25,0.25,-1,0.0,True
8c5beb2026,67.6,e,depto,sin sistema,calefont tiro forzado 13 lts,1.7,1.7,0.38,0.38,35,1.0,False
b85dd42022,50.7,d,depto,no posee,"calefont 13 litros, splendid",3.0,3.0,0.6,0.6,-1,0.0,True
d579a22025,59.5,d,casa_aislada,0,"calefón junkers hidrowind wr13-2 km e31 s4305 13 litros,",1.9,1.9,0.47,0.47,-1,0.0,True
19c0022020,51.0,d,depto,no posee,calefont glp,1.9,1.9,0.47,0.47,48,1.0,False
ecd71f2024,31.2,d,depto,no posee,el edificio cuenta con 2 calderas mural de condensación baxi,1.9,1.9,0.47,0.47,-1,0.0,True
aa5af32024,51.3,f,casa_aislada,no posee,calefont 7 litros tiro forzado,1.7,1.7,0.38,0.38,14,1.0,False
97c7082022,30.0,d,depto,calefactor eléctrico por convección,sistema de generación central por caldera de condensación,1.9,1.9,0.47,0.47,-1,0.0,True
5114a42025,48.3,e,casa_aislada,no posee,calefont glp,1.7,1.7,0.38,0.38,21,1.0,False
de769a2024,52.8,c,depto,no posee,calefont 7 litros tiro forzado,4.0,4.0,0.84,0.84,3,1.0,False
e799b02022,48.6,d,depto,no posee,"calefont 13 litros, splendid",3.0,3.0,0.6,0.6,-1,0.0,True
6f2eac2026,48.7,e,casa_aislada,no posee,calefont glp,1.7,1.7,0.38,0.38,21,1.0,False
a859592022,30.0,d,depto,no posee,termoeléctrico marca albin trotter – modelo atm,1.9,1.9,0.47,0.47,-1,0.0,True
0bee402022,55.4,a,depto,no posee,"calefon splendid, master mvg tfi 10, 10 litros, gas licuado",4.0,4.0,0.84,0.84,-1,0.0,True
b860972023,81.7,f,casa_pareada,0,calefont 10 litros tiro forzado,1.7,1.7,0.38,0.38,-1,0.0,True
4271ff2022,51.9,d,casa_pareada,no posee,calefont 10 litros tiro forzado,1.9,1.9,0.47,0.47,36,1.0,False
9768592024,49.8,g,depto,no posee,calefont 10 litros tiro forzado,1.1,1.1,0.28,0.28,23,1.0,False
2206632022,46.1,e,casa_aislada,no posee,calefont glp,1.7,1.7,0.38,0.38,21,0.19999998455634352,False
0968882022,40.0,d,depto,no posee,el edificio cuenta con 2 calderas de gas natural ivar super,1.9,1.9,0.47,0.47,-1,0.0,True
d33e6e2023,103.2,d,depto,losa radiante,caldera con condensación,1.9,1.9,0.47,0.47,-1,0.0,True
9ec10f2025,50.8,a,depto,no posee,"termo eléctrico anwo van200l, potencia 3.0 kw",4.0,4.0,0.84,0.84,4,1.0,False
a09f012019,52.1,d,depto,no posee,sistema de calentamiento de agua directo a gas 13 lt,1.0,1.0,0.0,0.0,2,0.9836992583296365,False
ba6b5e2024,117.5,d,casa_aislada,estufa a gas,calefont,1.9,1.9,0.47,0.47,-1,0.0,True
7191e72025,48.3,e,casa_pareada,no posee,calefont glp,1.7,1.7,0.38,0.38,25,1.0,False
71b93d2024,43.4,d,depto,no posee,el edificio cuenta con 5 calefont de condensación marca navien,1.9,1.9,0.47,0.47,-1,0.0,True
e3f46d2025,43.7,b,casa_pareada,no posee,calefont glp,3.0,3.0,0.6,0.6,-1,0.0,True
feb8b92021,54.5,a,depto,no posee,calefont 7 litros tiro forzado,4.0,4.0,0.84,0.84,5,1.0,False
5f9fac2026,39.4,e,depto,sin sistema,caldera a condensación,1.7,1.7,0.38,0.38,-1,0.0,True
170f712020,42.4,d,casa_pareada,no posee,calefont glp,1.9,1.9,0.47,0.47,40,0.0,False
df29752020,60.3,a,depto,no posee,calefont 7 litros tiro forzado,4.0,4.0,0.84,0.84,6,1.0,False
a803172021,46.1,g,depto,no considera,calefon. tiro forzado.,1.6,1.6,0.33,0.33,-1,0.0,True
8c2dd22019,60.0,a,depto,no posee,calefont 7 litros tiro forzado,4.0,4.0,0.84,0.84,6,1.0,False
4206be2023,46.2,d,depto,no posee,central termica,1.9,1.9,0.47,0.47,38,0.17142857489551486,False
662f372025,53.4,f,casa_aislada,bomba de calor,calefont 10 litros tiro forzado,1.7,1.7,0.38,0.38,-1,0.0,True
f0e8ae2022,45.7,d,casa_pareada,no posee,calefont glp,1.9,1.9,0.47,0.47,40,0.0,False
a2de992024,109.8,d,casa_aislada,no posee,2 calefonts de 13 lts ionizados con tiro forzado marca junkers,1.9,1.9,0.47,0.47,-1,0.0,True
8cbcdf2023,47.9,f,depto,no aplica,calefont glp,1.6,1.6,0.33,0.33,-1,0.0,True
640d2f2020,24.0,d,depto,no posee,calefont 13 litros tiro forzado,1.9,1.9,0.47,0.47,-1,0.0,True
7ecff52021,46.2,f,casa_pareada,no posee,calefont glp,1.7,1.7,0.38,0.38,27,1.0,False
66d5fe2025,57.0,d,depto,no posee,calefont 7 litros tiro forzado,1.9,1.9,0.47,0.47,-1,0.0,True
ce2c6a2023,37.8,c,depto,no posee,"central térmica calefont condensación, gas licuado, bosch,",4.0,4.0,0.84,0.84,-1,0.0,True
37f1ef2021,42.9,d,depto,no considera,central termica,1.9,1.9,0.47,0.47,-1,0.0,True
4a4fee2023,49.0,d,depto,no posee,"calefont, tiro forzado",1.9,1.9,0.47,0.47,-1,0.0,True
b8155c2026,27.4,d,depto,no posee,termo eléctrico,1.9,1.9,0.47,0.47,8,1.0,False
dd7f552022,51.9,b,depto,no posee,calefont 7 litros tiro forzado,3.0,3.0,0.6,0.6,-1,0.0,True
0ad4bc2025,44.1,d,depto,no posee,calefont 11 litros tiro forzado,1.9,1.9,0.47,0.47,-1,0.0,True
e948962025,58.7,d,casa_pareada,no posee,calefont 7 litros tiro forzado,1.7,1.7,0.38,0.38,46,1.0,False
4f92a82023,49.2,d,depto,no posee,calefon,1.9,1.9,0.47,0.47,-1,0.0,True
1208872018,123.9,e,casa_aislada,"caldera mural mixta gas natural, marca anwo, modelo aqua","caldera mural mixta gas natural, marca anwo, modelo aqua",1.7,1.7,0.38,0.38,-1,0.0,True
5aa9632024,48.6,c,depto,no posee,termo eléctrico rheem 120 lt.,4.0,4.0,0.84,0.84,-1,0.0,True
6c3a922022,38.9,e,depto,no posee,calefont 7 litros tiro forzado,1.0,1.0,0.0,0.0,2,0.9771976252412191,False
7da58c2024,41.4,e,depto,no posee,calefont 7 litros tiro forzado,1.7,1.7,0.38,0.38,54,0.7368420453708616,False
d8be852026,40.2,e,depto,sin sistema,caldera a condensación,1.7,1.7,0.38,0.38,-1,0.0,True
bf7da72024,38.7,c,casa_pareada,no posee,calefont 7 litros tiro forzado,4.0,4.0,0.84,0.84,3,0.00339213025673568,False
80c8382022,81.7,d,casa_pareada,la vivienda considera estufa de 6kw y combustible glp.,calefont 10 litros tiro forzado,1.7,1.7,0.38,0.38,-1,0.0,True
61543e2021,74.1,d,casa_aislada,estufa a gas,calefont,1.9,1.9,0.47,0.47,-1,0.0,True
f9409e2025,57.8,d,depto,no posee,calefont 7 litros tiro forzado,1.9,1.9,0.47,0.47,-1,0.0,True
8e93d42025,42.1,d,depto,no posee,termo eléctrico mural con mezclador marca winter de 80 l,1.0,1.0,0.0,0.0,2,0.997974976519388,False
3fa6172021,117.2,d,depto,radiadores electricos,termo electrico,1.9,1.9,0.47,0.47,-1,0.0,True
c628362025,59.5,d,casa_aislada,0,"calefón junkers w13 kb31 13 litros, gas licuado con potencia",1.9,1.9,0.47,0.47,-1,0.0,True
79810a2018,51.4,d,depto,no posee,calefont ionizado 10 litros tiro natural marca splendid modleo,1.7,1.7,0.38,0.38,-1,0.0,True
e528762020,44.3,e,casa_pareada,no posee,calefont glp,1.7,1.7,0.38,0.38,25,1.0,False
6454162019,43.3,e,casa_aislada,no posee,calefont glp,1.7,1.7,0.38,0.38,21,0.14285714285714285,False
d4cc022025,48.5,d,depto,no posee,calefont glp,1.9,1.9,0.47,0.47,44,1.0,False
396fc22022,32.3,d,depto,no posee,caldera de condensación,1.9,1.9,0.47,0.47,28,1.0,False
95019e2021,54.7,c,depto,no posee,cuatro calderas de condensación y cuatro cilindros de inercia,3.0,3.0,0.6,0.6,-1,0.0,True
e09f012023,46.0,d,depto,no posee,caldera de condensación,1.9,1.9,0.47,0.47,28,1.0,False
ca66332024,27.9,d,depto,no posee,termo eléctrico 120 l,1.9,1.9,0.47,0.47,-1,0.0,True
b6afe92024,50.3,g,casa_aislada,no posee,calefont glp,1.6,1.6,0.33,0.33,20,1.0,False
68a5952026,48.8,d,depto,no posee,calefont 13 litros tiro forzado,1.9,1.9,0.47,0.47,-1,0.0,True
3754402026,40.3,d,depto,no posee,caldera condensación,1.9,1.9,0.47,0.47,13,1.0,False
ca967b2025,59.3,d,casa_pareada,no posee,calefont,1.9,1.9,0.47,0.47,10,1.0,False
5f574c2023,53.4,d,depto,no posee,calefont tiro forzado,1.7,1.7,0.38,0.38,24,1.0,False
bdb1472021,41.4,d,casa_pareada,no posee,calefont glp,1.9,1.9,0.47,0.47,40,0.0,False
4672742023,114.6,d,casa_aislada,no posee,calefont 7 litros tiro forzado,1.9,1.9,0.47,0.47,33,0.2681159472190405,False
a0d6a32024,47.0,d,casa_pareada,no posee,calefont 7 litros tiro forzado,1.7,1.7,0.38,0.38,41,1.0,False
65c5ef2026,68.9,d,depto,no posee,calefont 7 litros tiro forzado,1.9,1.9,0.47,0.47,-1,0.0,True
a6a2402022,52.6,d,casa_pareada,no posee,calefont 10 litros tiro forzado,1.9,1.9,0.47,0.47,36,1.0,False
bc9aaf2025,57.8,e,depto,sin sistema,calefont,1.7,1.7,0.38,0.38,35,1.0,False
932a412025,49.9,a,depto,no posee,"calefon splendid mvg tfi de 10 litros, de 17,6 kw potencia",4.0,4.0,0.84,0.84,4,1.0,False
575f7c2026,47.9,d,depto,sin sistema,calefont gas natural 7 litros tiro forzado,1.9,1.9,0.47,0.47,-1,0.0,True
c424c22024,24.9,d,depto,no posee,central termica,1.9,1.9,0.47,0.47,38,1.0,False
c955ff2026,47.0,d,casa_pareada,no posee,calefont 7 litros tiro forzado,1.7,1.7,0.38,0.38,41,1.0,False
78e0ac2021,51.3,f,casa_aislada,no posee,calefont 10 litros tiro forzado,1.7,1.7,0.38,0.38,15,1.0,False
31cd992021,50.7,d,casa_pareada,no posee,calefont 10 litros tiro forzado,1.9,1.9,0.47,0.47,36,1.0,False
e79d632019,57.0,g,depto,no posee,calefont rheem 14lt,1.1,1.1,0.28,0.28,-1,0.0,True
1198642025,47.2,e,depto,no posee,calefont 12 litros tiro forzado,1.7,1.7,0.38,0.38,-1,0.0,True
29315f2018,50.0,e,casa_pareada,no posee,calefont 7 litros tiro forzado,1.7,1.7,0.38,0.38,34,1.0,False
0737cb2021,27.1,d,depto,no considera,central termica,1.9,1.9,0.47,0.47,-1,0.0,True
2f19f22019,94.6,d,casa_aislada,no posee,calefont 7 litros tiro forzado,1.9,1.9,0.47,0.47,33,0.5692307794656191,False
ef7ba32023,120.6,d,depto,losa radiante,caldera con condensación,1.9,1.9,0.47,0.47,-1,0.0,True
fea2eb2022,41.7,e,depto,no posee,calefont 10 litros tiro forzado,1.7,1.7,0.38,0.38,-1,0.0,True
0be04c2019,42.3,g,casa_aislada,no posee,calefont 7 litros tiro forzado,1.1,1.1,0.28,0.28,-1,0.0,True
994c272025,44.8,g,casa_aislada,no posee,calefont 7 litros,1.1,1.1,0.28,0.28,17,1.0,False
f22b822023,60.0,e,depto,no posee,calefont 13 litros tiro forzado,1.7,1.7,0.38,0.38,-1,0.0,True
b948e12025,36.8,c,depto,no posee,caldera a condensación,4.0,4.0,0.84,0.84,-1,0.0,True
298a3a2021,41.4,d,casa_pareada,no posee,calefont glp,1.9,1.9,0.47,0.47,40,0.0,False
41c1242024,22.6,d,depto,no posee,calefont 7 litros tiro forzado,1.9,1.9,0.47,0.47,-1,0.0,True
75df892024,51.4,d,depto,no posee,calefont 10 litros tiro forzado,1.9,1.9,0.47,0.47,11,1.0,False
69b5192023,48.8,d,depto,no posee,calefont 7 litros tiro forzado,1.9,1.9,0.47,0.47,60,1.0,False
306ec82026,51.3,e,depto,no posee,calefont glp,1.7,1.7,0.38,0.38,-1,0.0,True
c0c1042024,32.7,d,depto,"central térmica, 3 calderas murales de condensación","central térmica, 3 calderas murales de condensación",1.9,1.9,0.47,0.47,-1,0.0,True
66718f2026,50.4,c,depto,no posee,calefont 7 litros tiro forzado,4.0,4.0,0.84,0.84,3,1.0,False
7c14302019,51.0,d,depto,no posee,calefont glp,1.9,1.9,0.47,0.47,48,1.0,False
8aa07a2025,51.9,b,depto,no posee,calefont 10 litros tiro forzado,4.0,4.0,0.84,0.84,-1,0.0,True
8a88342026,22.6,d,depto,no posee,sala de calderas,1.9,1.9,0.47,0.47,12,0.682539656858621,False
4edbf92023,28.4,d,depto,no posee,central termica bomba calor aerotermica - electricidad,1.9,1.9,0.47,0.47,8,0.07259158922291108,False
99d8ab2026,54.6,d,casa_pareada,no posee,calefont 13 lt,1.9,1.9,0.47,0.47,-1,0.0,True
d74cec2023,194.0,d,casa_aislada,no posee,calefont 7 litros tiro forzado,1.9,1.9,0.47,0.47,33,0.04659949508501153,False
49470b2022,46.8,f,depto,no posee,calefont 7 litros tiro forzado,1.6,1.6,0.33,0.33,32,1.0,False
2a15bf2026,42.7,g,casa_aislada,no posee,calefont glp,1.1,1.1,0.28,0.28,20,1.0,False
99f6962019,49.7,d,depto,no posee,bomba de calor,1.9,1.9,0.47,0.47,-1,0.0,True
55abb02025,53.0,d,depto,no posee,sala de calderas,1.9,1.9,0.47,0.47,12,0.6718750241307151,False
7a0e622025,48.6,d,depto,no posee,calefont glp,1.9,1.9,0.47,0.47,44,0.0,False
773db42026,46.1,c,depto,no posee,calefont 7 litros tiro forzado,4.0,4.0,0.84,0.84,3,0.3448275944704466,False
7a17d22025,50.8,d,depto,no posee,calefont glp,1.9,1.9,0.47,0.47,48,1.0,False
ad4de52018,45.5,f,depto,no posee,calefont 7 litros tiro forzado,1.6,1.6,0.33,0.33,32,1.0,False
81a80b2022,47.1,c,depto,no posee,"calefont splendid 10 litros, gas licuado",3.0,3.0,0.6,0.6,-1,0.0,True
f1ed7a2025,42.4,a,depto,no posee,"termo eléctrico anwo van120l, potencia 1.7 kw",4.0,4.0,0.84,0.84,-1,0.0,True
757a752024,52.6,g,casa_aislada,no posee,calefont glp,1.6,1.6,0.33,0.33,20,1.0,False
bd1f872022,50.8,a,depto,no posee,"calefon splendid, master mvg tfi 10, 10 litros, gas licuado",4.0,4.0,0.84,0.84,-1,0.0,True
d27e022026,45.3,d,depto,no posee,el edificio cuenta con 4 calderas a gas natural de condensación,1.9,1.9,0.47,0.47,-1,0.0,True
8d259b2023,55.5,d,casa_pareada,no posee,calefont 7 litros tiro forzado,1.7,1.7,0.38,0.38,45,1.0,False
ad8bc22025,75.2,f,casa_aislada,bomba de calor,calefont 10 litros tiro forzado,1.7,1.7,0.38,0.38,-1,0.0,True
9124a02021,42.0,d,casa_pareada,no posee,calefont glp,1.9,1.9,0.47,0.47,40,1.0,False
1065822018,47.2,d,depto,no posee,calefont 7 litros tiro forzado,1.9,1.9,0.47,0.47,61,1.0,False
5e97a22021,99.0,d,casa_aislada,la calefaccion queda provista mediante convectores electricos,el agua caliente queda provista mediante calefon automatico,1.7,1.7,0.38,0.38,-1,0.0,True
730ec42023,79.1,a,depto,no posee,"termo eléctrico marca junkers, modelo elacell excellence",4.0,4.0,0.84,0.84,-1,0.0,True
af51312022,42.0,d,casa_pareada,no posee,calefont glp,1.9,1.9,0.47,0.47,40,1.0,False
d22df42026,48.7,e,casa_aislada,no posee,calefont glp,1.7,1.7,0.38,0.38,21,1.0,False
ae647f2022,31.2,d,depto,no posee,caldera de condensación,1.9,1.9,0.47,0.47,28,1.0,False
e1423d2024,50.3,g,casa_aislada,no posee,calefont glp,1.6,1.6,0.33,0.33,20,1.0,False
f850b12025,56.9,g,casa_pareada,no posee,calefont glp,1.1,1.1,0.28,0.28,-1,0.0,True
478db62025,53.2,d,casa_pareada,no posee,calefont 7 litros tiro forzado,1.9,1.9,0.47,0.47,43,1.0,False
4246972022,51.9,d,casa_pareada,no posee,calefont 10 litros tiro forzado,1.9,1.9,0.47,0.47,36,1.0,False
2277702025,46.5,d,depto,no posee,calefont 7 litros tiro forzado,1.9,1.9,0.47,0.47,59,1.0,False
ce77852021,60.3,d,casa_pareada,no posee,calefont,1.9,1.9,0.47,0.47,10,1.0,False
aad8a72023,46.1,f,casa_pareada,no aplica,calefont glp,1.7,1.7,0.38,0.38,26,1.0,False
c5f7292019,56.2,d,depto,no posee,sistema de calentamiento de agua directo a gas 13 lt,1.9,1.9,0.47,0.47,-1,0.0,True
346e9f2026,42.7,g,casa_aislada,no posee,calefont glp,1.1,1.1,0.28,0.28,20,1.0,False
cf703f2025,50.8,d,depto,no posee,calefont glp,1.9,1.9,0.47,0.47,48,1.0,False
87ba172021,66.8,d,casa_aislada,estufa a gas,calefont,1.9,1.9,0.47,0.47,-1,0.0,True
dc27822023,64.0,c,depto,no posee,caldera con condensación,4.0,4.0,0.84,0.84,-1,0.0,True
2748af2025,42.8,e,depto,no posee,calefont 7 litros tiro forzado,1.7,1.7,0.38,0.38,54,1.0,False
307cb62023,63.1,d,casa_aislada,no posee,calefont 7 litros tiro forzado,1.9,1.9,0.47,0.47,33,1.0,False
ab1ebf2021,63.1,d,casa_aislada,no posee,calefont 7 litros tiro forzado,1.9,1.9,0.47,0.47,33,1.0,False
3f043d2019,49.1,d,depto,no posee,calefont tiro forzado,1.7,1.7,0.38,0.38,24,0.5217391289750797,False
bf4ef92019,41.9,g,casa_pareada,no posee,calefont 7 litros tiro natural,1.1,1.1,0.28,0.28,-1,0.0,True
2d658e2022,59.5,d,casa_pareada,no posee,calefont 7 litros tiro forzado,1.7,1.7,0.38,0.38,46,1.0,False
0f8df62021,60.1,f,depto,no posee,calefont 13 litros tiro forzado,1.7,1.7,0.38,0.38,-1,0.0,True
5fe8ad2022,49.2,d,depto,no posee,calefont glp,3.0,3.0,0.6,0.6,37,0.0,False
347d3e2024,32.1,d,depto,no posee,"el edificio cuenta con 5 calderas de gas natural, riello condexa",1.9,1.9,0.47,0.47,-1,0.0,True
ef7c212022,64.5,d,depto,0,"una caldera a gas natural ivar superac 520, potencia",1.9,1.9,0.47,0.47,-1,0.0,True
8069af2022,50.5,f,casa_aislada,no posee,calefont glp,1.6,1.6,0.33,0.33,19,0.4411764305095425,False
95fef32026,20.8,d,depto,no posee,termo eléctrico marca winter 80 lt mural.,1.0,1.0,0.0,0.0,2,0.9739789313194402,False
4b7a622024,52.7,f,casa_pareada,no posee,"calefon splendid beyond 10 litros 2ev, gas licuado de 18 kw.",1.7,1.7,0.38,0.38,-1,0.0,True
08f1112022,31.8,e,depto,no posee,calefont 7 litros tiro forzado,1.0,1.0,0.0,0.0,2,0.9672881985039264,False
5be3da2023,27.1,c,depto,no posee,bomba de calor 80kw carrier,3.0,3.0,0.6,0.6,-1,0.0,True
a4af3a2022,62.5,d,casa_pareada,no posee,calefont tiro forzado,1.7,1.7,0.38,0.38,7,1.0,False
bebcf92021,30.1,d,depto,no posee,el edificio cuenta con 2 calderas para el edificio sur y 3 calderas,1.9,1.9,0.47,0.47,8,0.07259158922291108,False
4f13aa2023,57.8,e,depto,no posee,calefont 7 litros tiro forzado,1.7,1.7,0.38,0.38,54,1.0,False
7b644a2025,55.1,c,depto,calefactor electrico,calefont 12 litros gl,3.0,3.0,0.6,0.6,0,1.0,False
fa46e42023,120.6,d,depto,losa radiante,caldera con condensación,1.9,1.9,0.47,0.47,-1,0.0,True
2e87512020,55.0,a,depto,no posee,calefont 10 litros tiro forzado,4.0,4.0,0.84,0.84,-1,0.0,True
01cbaa2025,48.7,g,casa_aislada,no posee,calefon,1.1,1.1,0.28,0.28,17,1.0,False
75baa92024,58.7,d,casa_pareada,no posee,calefont 13 litros tiro forzado,1.9,1.9,0.47,0.47,-1,0.0,True
42e4ff2025,46.6,d,depto,no posee,sala de calderas,1.9,1.9,0.47,0.47,12,0.7166666924060962,False
9aac302022,93.4,d,casa_pareada,no posee,calefont tiro forzado,1.7,1.7,0.38,0.38,7,1.0,False
6323d22026,57.8,e,depto,sin sistema,calefont tiro forzado 13 lts,1.7,1.7,0.38,0.38,35,1.0,False
1eb1ca2025,54.8,d,depto,calefactor electrico,calefont 12 litros gl,1.9,1.9,0.47,0.47,0,0.5214825142445386,False
e251452024,40.6,d,depto,no posee,calefont 7 litros tiro forzado,1.9,1.9,0.47,0.47,-1,0.0,True
f7e18c2022,67.4,d,depto,no posee,termo eléctrico 250 lt.,1.9,1.9,0.47,0.47,-1,0.0,True
e0e0152024,52.2,g,depto,no posee,calefont 10 litros tiro forzado,1.6,1.6,0.33,0.33,23,1.0,False
18a1c32025,62.2,d,casa_pareada,0,calefont 10 litros tiro forzado,1.7,1.7,0.38,0.38,-1,0.0,True
e380d12024,58.7,d,casa_pareada,no posee,calefont 13 litros tiro forzado,1.9,1.9,0.47,0.47,-1,0.0,True
24bcd42021,55.7,d,depto,estufa kerosene 3 kw,calefon tiro natural 10 lts +sst,1.7,1.7,0.38,0.38,1,0.9996608826569533,False
c0a20f2022,45.3,d,depto,no posee,el edificio cuenta con 2 calderas de gas natural ivar super,1.9,1.9,0.47,0.47,-1,0.0,True
a9da8e2026,30.1,d,depto,no posee,termo eléctrico splendid 80 lt,1.9,1.9,0.47,0.47,-1,0.0,True
049e4f2019,83.7,d,casa_aislada,no posee,calefont 7 litros tiro forzado,1.9,1.9,0.47,0.47,33,0.5692307794656191,False
4880152020,51.1,d,depto,no posee,calefont glp,1.9,1.9,0.47,0.47,49,1.0,False
bc47b12020,47.5,d,depto,no posee,calefont 7 litros tiro forzado,1.9,1.9,0.47,0.47,61,0.0,False
0c7c372022,57.9,g,depto,no posee,caldera mural rinnai eco 16/17 gn,1.1,1.1,0.28,0.28,-1,0.0,True
df3f1b2019,88.7,d,depto,no posee,calefont,1.0,1.0,0.0,0.0,2,0.9051116942713082,False
57c5ab2024,60.6,d,depto,radiador eléctrico,termo,1.9,1.9,0.47,0.47,-1,0.0,True
fd8cf42021,39.9,g,depto,no considera,calefon. tiro forzado.,1.6,1.6,0.33,0.33,-1,0.0,True
feb5472021,48.4,f,depto,no posee,calefont tiro forzado,1.7,1.7,0.38,0.38,-1,0.0,True
eba9472025,41.0,d,depto,no posee,caldera condensación,1.9,1.9,0.47,0.47,13,1.0,False
fec6f32025,37.4,d,depto,split inverter,termo eléctrico,1.9,1.9,0.47,0.47,-1,0.0,True
d849682022,50.6,f,depto,no posee,calefont 7 litros tiro forzado,1.6,1.6,0.33,0.33,32,1.0,False
1f13d82023,50.2,g,depto,no posee,calefont 10 litros tiro forzado,1.6,1.6,0.33,0.33,23,1.0,False
7d68c62023,50.2,g,depto,no posee,calefont 10 litros tiro forzado,1.6,1.6,0.33,0.33,23,1.0,False
b598762025,61.0,d,depto,no posee,caldera centralizada,1.7,1.7,0.38,0.38,-1,0.0,True
228e952024,49.8,g,depto,no posee,calefont 10 litros tiro forzado,1.1,1.1,0.28,0.28,23,1.0,False
3e47c22025,59.5,d,casa_pareada,no posee,calefont 7 litros tiro forzado,1.9,1.9,0.47,0.47,43,0.47058819254351203,False
fe8e632018,67.5,e,casa_aislada,no posee,calefont tiro balanceado,1.0,1.0,0.0,0.0,-1,0.0,True
133bbd2025,33.7,d,depto,no posee,sistema centralizado a gas natural.,1.9,1.9,0.47,0.47,-1,0.0,True
d496992025,68.2,e,casa_pareada,no posee,calefont 7 litros tiro forzado,1.7,1.7,0.38,0.38,34,0.2688679239785099,False
622bc82022,55.2,d,casa_pareada,no posee,calefont glp,1.9,1.9,0.47,0.47,39,0.7500000482614303,False
7e383c2024,27.1,d,depto,no posee,caldera de condensación,1.9,1.9,0.47,0.47,28,1.0,False
24dad42023,53.3,d,depto,no posee,calefont 7 litros tiro forzado,1.9,1.9,0.47,0.47,58,1.0,False
f6607e2025,44.5,d,casa_pareada,no posee,calefont glp,1.9,1.9,0.47,0.47,40,0.0,False
d4f6302024,31.8,d,depto,no posee,termo electrico,1.9,1.9,0.47,0.47,-1,0.0,True
3db1892021,95.3,d,depto,radiadores,caldera de condensacíon,1.9,1.9,0.47,0.47,-1,0.0,True
a116cf2023,34.2,d,depto,no posee,la torre cuenta con 2 calderas de gas natural sime modelo,1.9,1.9,0.47,0.47,-1,0.0,True
8c99ef2024,54.0,d,casa_pareada,no posee,calefont 7 litros tiro forzado,1.9,1.9,0.47,0.47,43,1.0,False
7ba2ae2024,50.3,d,casa_aislada,no posee,calefont glp,1.9,1.9,0.47,0.47,-1,0.0,True
1c51b72024,49.9,d,depto,no posee,calefont glp,1.9,1.9,0.47,0.47,-1,0.0,True
3b71912021,45.0,d,casa_pareada,no posee,calefont 7 litros tiro forzado,1.9,1.9,0.47,0.47,42,1.0,False
ddb27b2024,59.8,d,depto,no posee,caldera mural de condensación,1.9,1.9,0.47,0.47,-1,0.0,True
6bfbc32025,53.0,f,depto,no posee,calefont glp,1.7,1.7,0.38,0.38,29,1.0,False
302e872023,54.9,d,casa_aislada,no posee,calefont 7 litros tiro forzado,1.7,1.7,0.38,0.38,33,0.037811515147903374,False
e26c7e2025,63.1,d,casa_aislada,no posee,calefont 7 litros tiro forzado,1.9,1.9,0.47,0.47,33,1.0,False
a3ff5f2022,48.3,c,casa_pareada,no posee,"calefon tiro natural, modelo master de 7 lts,",4.0,4.0,0.84,0.84,-1,0.0,True
df290d2021,61.0,c,casa_pareada,no posee,calefont neckar ionizado 13 litros wn13 con potencia nominal,4.0,4.0,0.84,0.84,-1,0.0,True
1d4e942023,54.2,d,depto,no posee,caldera con condensación,1.9,1.9,0.47,0.47,52,0.5454544995064768,False
5fd6cd2023,25.3,d,depto,no posee,calefon de condensación,1.9,1.9,0.47,0.47,50,0.00881953798648314,False
58917a2025,51.0,e,depto,no posee,calefont 7 litros tiro forzado,1.7,1.7,0.38,0.38,54,1.0,False
3d2fff2026,46.8,d,depto,no posee,el edificio cuenta con 3 calderas de condensación aldens wm,1.9,1.9,0.47,0.47,-1,0.0,True
f8f9612021,55.9,c,depto,no posee,cuatro calderas de condensación y cuatro cilindros de inercia,3.0,3.0,0.6,0.6,-1,0.0,True
77074f2024,28.7,d,depto,no posee,termo eléctrico 100 l,1.9,1.9,0.47,0.47,-1,0.0,True
e1b7fa2019,49.1,d,depto,no posee,calefont 7 litros tiro forzado,1.9,1.9,0.47,0.47,60,1.0,False
9d4bf02022,45.6,d,depto,no posee,el edificio cuenta con 4 calderas tipo mural de condensación,1.9,1.9,0.47,0.47,-1,0.0,True
314efb2025,57.8,d,casa_pareada,no posee,calefont 7 litros tiro forzado,1.7,1.7,0.38,0.38,46,1.0,False
2154982025,48.7,g,casa_aislada,no posee,calefon,1.1,1.1,0.28,0.28,17,1.0,False
e299b32022,46.1,f,casa_pareada,no posee,calefont glp,1.7,1.7,0.38,0.38,27,0.0,False
ece7e52023,50.9,g,casa_aislada,no posee,calefont 12 litros tiro forzado,1.6,1.6,0.33,0.33,-1,0.0,True
d7492f2025,48.0,d,depto,no posee,calefont 10 litros tiro forzado,1.9,1.9,0.47,0.47,11,1.0,False
4fd33b2026,54.3,e,casa_pareada,calefactor electrico,calefont 10 litros gl,1.7,1.7,0.38,0.38,-1,0.0,True
3dd10c2024,55.8,c,depto,no posee,calefont 7 litros tiro forzado,4.0,4.0,0.84,0.84,3,0.4000000061774627,False
4e31012025,38.9,d,depto,no posee,calefont glp,1.9,1.9,0.47,0.47,-1,0.0,True
f321362025,57.8,d,depto,no posee,calefont,1.9,1.9,0.47,0.47,50,1.0,False
b4d1a82025,52.8,g,casa_aislada,no posee,calefont 7 litros,1.1,1.1,0.28,0.28,17,1.0,False
361ee62026,61.7,d,depto,no posee,caldera condensación,1.9,1.9,0.47,0.47,13,0.32214766839743425,False
87d39f2026,46.6,d,depto,no posee,sala de calderas,1.9,1.9,0.47,0.47,12,0.7166666924060962,False
41bfb92025,59.5,d,casa_pareada,no posee,calefont 7 litros tiro forzado,1.7,1.7,0.38,0.38,46,1.0,False
6a28572022,77.8,d,casa_aislada,no posee,calefont 7 litros tiro forzado,1.7,1.7,0.38,0.38,33,0.037811515147903374,False
a03c542021,60.0,a,depto,no posee,calefont 7 litros tiro forzado,4.0,4.0,0.84,0.84,6,1.0,False
3021c02023,55.1,d,casa_aislada,no posee,calefont 10 litros tiro forzado,3.0,3.0,0.6,0.6,-1,0.0,True
053d462022,49.9,d,depto,no posee,calefont glp,3.0,3.0,0.6,0.6,37,1.0,False
4383862025,49.9,a,depto,no posee,"calefon splendid mvg tfi de 10 litros, de 17,6 kw potencia",4.0,4.0,0.84,0.84,4,1.0,False
0ac25f2024,43.6,d,depto,no posee,calderas mural a condensación riello condexa 135,1.9,1.9,0.47,0.47,-1,0.0,True
b342cb2025,61.1,d,casa_pareada,no posee,"calefont marca splendid, modelo tcsb7-3, 7 lts, potencia",1.9,1.9,0.47,0.47,-1,0.0,True
a1f4ee2025,29.4,d,depto,no posee,central de agua caliente para suministro de todos los departamentos,1.9,1.9,0.47,0.47,-1,0.0,True
c2e7402024,33.0,d,depto,"central térmica, 3 calderas murales de condensación","central térmica, 3 calderas murales de condensación",1.9,1.9,0.47,0.47,-1,0.0,True
8cc2992025,54.4,d,depto,calefactor electrico,calefont 10 litros gl,3.0,3.0,0.6,0.6,0,1.0,False
43f37c2024,47.0,d,casa_pareada,no posee,calefont 7 litros tiro forzado,1.7,1.7,0.38,0.38,41,1.0,False
a0e8102021,34.4,d,depto,radiador eléctrico,termo eléctrico,1.9,1.9,0.47,0.47,-1,0.0,True
1117122020,53.0,d,casa_pareada,no posee,calefont,1.9,1.9,0.47,0.47,10,1.0,False
1723502025,21.3,d,depto,no posee,termo eléctrico splendid 80 lt,1.9,1.9,0.47,0.47,-1,0.0,True
dbb67a2025,27.6,d,depto,no posee,termo eléctrico splendid 80 lt,1.9,1.9,0.47,0.47,-1,0.0,True
8fe9a22023,81.7,d,casa_pareada,0,calefont 10 litros tiro forzado,1.7,1.7,0.38,0.38,-1,0.0,True
35a1372023,51.0,c,depto,no posee,calefont 7 litros tiro forzado,4.0,4.0,0.84,0.84,3,1.0,False
14d4a72026,39.7,d,depto,no posee,caldera condensación,1.9,1.9,0.47,0.47,13,1.0,False
6784132022,30.1,d,depto,no posee,caldera con condensación,1.9,1.9,0.47,0.47,52,1.0,False
b5ea812021,78.2,d,casa_pareada,no posee,calefont,1.7,1.7,0.38,0.38,9,1.0,False
e0be612021,56.1,d,casa_pareada,no posee,calefont 7 litros tiro forzado,1.9,1.9,0.47,0.47,43,0.727272676219317,False
e8bdbe2025,58.7,d,casa_pareada,no posee,calefont 7 litros tiro forzado,1.9,1.9,0.47,0.47,43,0.6153846153846154,False
0b4ce92018,49.2,d,depto,no posee,calefont 7 litros tiro forzado,1.7,1.7,0.38,0.38,56,0.37500002413071515,False
aa8fe72025,72.6,d,depto,no posee,calefon,1.9,1.9,0.47,0.47,-1,0.0,True
7db83c2023,63.1,d,casa_aislada,no posee,calefont 7 litros tiro forzado,1.9,1.9,0.47,0.47,33,1.0,False
49cf672026,42.4,f,depto,no posee,calefont 7 litros tiro forzado,1.7,1.7,0.38,0.38,31,1.0,False
8ffc9d2024,32.0,d,depto,no posee,el edificio cuenta con 2 calderas mural de condensación baxi,1.9,1.9,0.47,0.47,-1,0.0,True
716ead2022,51.8,d,casa_pareada,no posee,calefont 10 litros tiro forzado,1.7,1.7,0.38,0.38,36,0.02654312861602531,False
fabf162021,50.1,d,casa_pareada,no posee,calefont glp,1.9,1.9,0.47,0.47,39,1.0,False
b606702022,43.5,f,casa_pareada,no posee,calefont 7 litros tiro forzado,1.7,1.7,0.38,0.38,16,1.0,False
1bdd782021,51.3,d,depto,no posee,calefont glp,1.9,1.9,0.47,0.47,49,0.0,False
9da9eb2023,49.0,d,depto,no posee,"calefont, tiro forzado",1.9,1.9,0.47,0.47,-1,0.0,True
15e3b12019,60.0,a,depto,no posee,calefont 7 litros tiro forzado,4.0,4.0,0.84,0.84,6,1.0,False
7c0f942025,57.8,d,depto,no posee,calefont,1.9,1.9,0.47,0.47,50,1.0,False
c5bfd52025,75.2,f,casa_aislada,bomba de calor,calefont 10 litros tiro forzado,1.7,1.7,0.38,0.38,-1,0.0,True
236d7e2025,53.3,d,depto,no posee,calefont tiro forzado 12 litros,1.9,1.9,0.47,0.47,-1,0.0,True
Base Pareada ca88682018,58.7,d,casa_pareada,no posee,calefont 7 litros tiro forzado,1.7,1.7,0.38,0.38,46,1.0,False
613b9b2024,27.7,d,depto,no considera,caldera con condensación,1.9,1.9,0.47,0.47,53,1.0,False
25839f2022,48.7,g,depto,no posee,caldera mural rinnai eco 16/17 gn,1.1,1.1,0.28,0.28,-1,0.0,True
85bc532023,52.2,g,depto,no posee,calefont 7 litros tiro forzado,1.6,1.6,0.33,0.33,22,1.0,False
4180fa2025,61.0,d,depto,no posee,caldera centralizada,1.7,1.7,0.38,0.38,-1,0.0,True
f190a82025,59.5,a,depto,no posee,calefont 7 litros tiro forzado,4.0,4.0,0.84,0.84,6,1.0,False
4ee42b2021,54.1,d,depto,estufa kerosene 3 kw,calefon tiro natural 10 lts +sst,1.7,1.7,0.38,0.38,1,0.9996608826569533,False
50b28e2023,33.5,d,depto,no posee,la torre cuenta con 2 calderas de gas natural sime modelo,1.9,1.9,0.47,0.47,-1,0.0,True
af223a2022,33.8,d,depto,no posee,calefont 7 litros tiro forzado,1.9,1.9,0.47,0.47,57,1.0,False
6506022024,49.4,d,depto,no posee,calefont tiro forzado,1.9,1.9,0.47,0.47,24,0.024526388758561498,False
58d4462023,51.8,c,depto,no posee,calefont 7 litros tiro forzado,3.0,3.0,0.6,0.6,51,1.0,False
1d62632024,53.1,b,casa_pareada,0,"calefón junkers smart w13 kb 31 s4395 13 litros, gas licuado",4.0,4.0,0.84,0.84,-1,0.0,True
b733a62022,47.8,d,depto,no posee,calefont 7 litros tiro forzado,1.7,1.7,0.38,0.38,56,1.0,False
d8c97b2026,52.4,d,depto,sin sistema,calefont tiro forzado 10 litros,1.9,1.9,0.47,0.47,-1,0.0,True
33178e2023,51.3,d,depto,no posee,"calefont, tiro forzado",1.9,1.9,0.47,0.47,-1,0.0,True
e9064a2023,46.1,f,casa_pareada,no aplica,calefont glp,1.7,1.7,0.38,0.38,26,1.0,False
528d3e2019,46.7,f,depto,no posee,calefont 7 litros tiro forzado,1.0,1.0,0.0,0.0,2,0.9578878836534422,False
0e66e42024,32.0,d,depto,no posee,el edificio cuenta con 2 calderas mural de condensación baxi,1.9,1.9,0.47,0.47,-1,0.0,True
a4fa892025,48.5,d,depto,no posee,calefont glp,1.9,1.9,0.47,0.47,44,1.0,False
ea9f2a2021,92.0,d,casa_aislada,no posee,calefont,1.9,1.9,0.47,0.47,-1,0.0,True
f08c302026,27.7,d,depto,no posee,caldera condensación,1.9,1.9,0.47,0.47,13,1.0,False
c6092d2024,51.6,b,depto,no posee,"termo eléctrico anwo van200l, potencia 3.0 kw",4.0,4.0,0.84,0.84,-1,0.0,True
bf597e2024,39.2,d,depto,no considera,caldera con condensación,1.9,1.9,0.47,0.47,53,1.0,False
8e302a2025,75.6,c,depto,no posee,central de agua caliente para suministro de todos los departamentos,3.0,3.0,0.6,0.6,-1,0.0,True
d4cb722024,40.5,d,depto,no posee,caldera central a gas,1.9,1.9,0.47,0.47,30,1.0,False
9cbc792020,51.1,d,depto,no posee,calefont glp,1.9,1.9,0.47,0.47,49,1.0,False
9ec2312018,41.3,e,casa_pareada,no posee,calefont 7 litros tiro forzado,1.7,1.7,0.38,0.38,34,1.0,False
cfc3672024,51.0,b,depto,no posee,calefont 7 litros tiro forzado,4.0,4.0,0.84,0.84,3,0.00339213025673568,False
ed83682025,48.3,e,casa_pareada,no posee,calefont glp,1.7,1.7,0.38,0.38,25,1.0,False
75f88c2022,42.0,d,casa_pareada,no posee,calefont glp,1.9,1.9,0.47,0.47,40,1.0,False
e6ae0c2022,32.8,e,depto,no posee,calefont 7 litros tiro forzado,1.0,1.0,0.0,0.0,2,0.9704627507145664,False
d41d842022,94.7,d,casa_aislada,la vivienda considera estufa de 6kw y combustible glp.,calefont 10 litros tiro forzado,1.7,1.7,0.38,0.38,-1,0.0,True
2aabb22023,54.0,d,depto,0,calefont 10 litros tiro forzado,1.7,1.7,0.38,0.38,-1,0.0,True
a2e1d62018,45.2,d,casa_pareada,no posee,calefont 7 litros tiro forzado,1.9,1.9,0.47,0.47,42,1.0,False
6643852021,45.2,d,casa_pareada,no posee,calefont 7 litros tiro forzado,1.0,1.0,0.0,0.0,2,1.0,False
fe892f2023,34.6,d,depto,no posee,calentamiento de agua con caldera a condensación,1.9,1.9,0.47,0.47,50,0.00881953798648314,False
cbc1cb2022,44.5,d,depto,no posee,el edificio cuenta con 2 calderas de gas natural ivar super,1.9,1.9,0.47,0.47,-1,0.0,True
05d3c92026,41.0,d,depto,no posee,caldera condensación,1.9,1.9,0.47,0.47,13,1.0,False
bf39402025,48.6,d,casa_pareada,no posee,"calefont marca splendid, modelo tcsb7-3, 7 lts, potencia",1.9,1.9,0.47,0.47,-1,0.0,True
0241872025,43.5,d,depto,no posee,"en definición, se utiliza por defecto en precalificación.",1.9,1.9,0.47,0.47,-1,0.0,True
21a9f12022,34.7,d,depto,no posee,central térmica con bomba de calor,1.9,1.9,0.47,0.47,-1,0.0,True
eb97d02020,77.8,d,casa_aislada,estufa kerosene 3 kw,calefon tiro natural 10 lts +sst,1.7,1.7,0.38,0.38,1,1.0,False
7bf3ca2022,52.3,d,depto,no posee,calefont glp,1.9,1.9,0.47,0.47,47,1.0,False
38f1d82020,77.1,g,depto,calefcator calorama 5000,calefont 16 litros tiro forzado,1.1,1.1,0.28,0.28,-1,0.0,True
16c7492026,52.2,d,depto,caldera mural,caldera mural,1.9,1.9,0.47,0.47,-1,0.0,True
1e30ba2023,55.8,d,depto,no posee,calefont 7 litros tiro forzado,3.0,3.0,0.6,0.6,55,1.0,False
cf85c42024,40.2,d,depto,no posee,termo eléctrico 150 l,1.9,1.9,0.47,0.47,-1,0.0,True
42725a2021,45.1,d,casa_pareada,no posee,calefont 7 litros tiro forzado,1.0,1.0,0.0,0.0,2,1.0,False
bc67132024,48.3,f,casa_pareada,no posee,calefont glp,1.7,1.7,0.38,0.38,27,0.0,False
7782332023,49.9,d,depto,no posee,"calefont, tiro forzado",1.9,1.9,0.47,0.47,-1,0.0,True
6db7512025,31.1,d,depto,no posee,calefont 7 litros tiro forzado,1.9,1.9,0.47,0.47,57,1.0,False
5e0fe32024,63.1,d,depto,sin sistema,calefont,1.9,1.9,0.47,0.47,50,0.00881953798648314,False
d9508e2026,42.7,g,casa_aislada,no posee,calefont glp,1.1,1.1,0.28,0.28,20,1.0,False
dea34e2023,30.5,d,depto,no posee,caldera central a gas,1.9,1.9,0.47,0.47,30,1.0,False
e2fa182025,106.4,d,depto,central de agua caliente,central de agua caliente,1.9,1.9,0.47,0.47,-1,0.0,True
ee50052022,60.0,d,depto,no posee,calefon de condensación,1.9,1.9,0.47,0.47,50,0.00881953798648314,False
8fd2332026,81.7,d,casa_pareada,no posee,calefont 7 litros tiro forzado,1.7,1.7,0.38,0.38,-1,0.0,True
9bc8f32025,31.3,d,depto,no posee,termo eléctrico mural con mezclador marca winter de 80 l,1.0,1.0,0.0,0.0,2,0.998986495398458,False
5db6f72023,52.2,g,depto,no posee,calefont 7 litros tiro forzado,1.6,1.6,0.33,0.33,22,1.0,False
22efe92022,55.3,d,depto,no posee,calefont glp,1.9,1.9,0.47,0.47,-1,0.0,True
d8c8032024,47.0,e,casa_pareada,no posee,calefont 7 litros tiro forzado,1.7,1.7,0.38,0.38,34,1.0,False
d5b3d92019,67.8,d,depto,no posee,calefont,1.0,1.0,0.0,0.0,2,0.9669718664531632,False
d90b452026,42.8,e,depto,no posee,calefont 7 litros tiro forzado,1.7,1.7,0.38,0.38,54,1.0,False
2ff6f52024,50.9,b,casa_pareada,no posee,calefont 7 litros tiro forzado,4.0,4.0,0.84,0.84,-1,0.0,True
40290e2019,44.3,e,casa_pareada,no posee,calefont glp,1.7,1.7,0.38,0.38,25,1.0,False
8d77de2022,26.4,d,depto,no posee,caldera a condensación,1.9,1.9,0.47,0.47,18,1.0,False
6683bb2024,49.8,b,casa_aislada,no posee,calefont 7 litros tiro forzado,3.0,3.0,0.6,0.6,-1,0.0,True
2e57032020,46.2,f,casa_pareada,no posee,calefont glp,1.7,1.7,0.38,0.38,27,1.0,False
e427cc2025,48.5,d,depto,no posee,calefont glp,1.9,1.9,0.47,0.47,44,1.0,False
f7090e2023,45.7,d,depto,no posee,calefont 7 litros tiro forzado,1.9,1.9,0.47,0.47,59,1.0,False
72effd2026,58.2,d,depto,no posee,calefont tiro forzado,1.7,1.7,0.38,0.38,24,1.0,False
86aa9b2022,29.1,d,depto,no posee,el edificio cuenta con 2 calderas de gas natural ivar super,1.9,1.9,0.47,0.47,-1,0.0,True
6f67e82021,127.7,e,casa_aislada,caldera a gas sin condensacion encendido electronico control,caldera a gas licuado,1.7,1.7,0.38,0.38,-1,0.0,True
cbfa2a2023,58.7,d,casa_pareada,no posee,calefont 7 litros tiro forzado,1.7,1.7,0.38,0.38,46,1.0,False
2fcdf72024,33.8,d,depto,no posee,central térmica. caldera de condensación con acumuladores,1.9,1.9,0.47,0.47,-1,0.0,True
51aaec2022,50.8,a,depto,no posee,"calefon splendid, master mvg tfi 10, 10 litros, gas licuado",4.0,4.0,0.84,0.84,-1,0.0,True
20f0342019,51.1,d,depto,no posee,calefont glp,1.9,1.9,0.47,0.47,49,1.0,False
b42fdf2024,52.0,e,depto,no posee,calefont 11 litros tiro forzado,1.7,1.7,0.38,0.38,-1,0.0,True
8a62992022,30.3,d,depto,no posee,central de calderas a condensación tipo mural,1.9,1.9,0.47,0.47,-1,0.0,True
2c5ff72025,48.6,d,casa_pareada,no posee,"calefont marca splendid, modelo tcsb7-3, 7 lts, potencia",1.9,1.9,0.47,0.47,-1,0.0,True
10c5d82022,47.4,d,depto,no posee,calefont,1.9,1.9,0.47,0.47,50,1.0,False
d29ffc2023,53.6,a,depto,no posee,"calefont splendid master ion tiro forzado 10 litros, de 17,6",4.0,4.0,0.84,0.84,-1,0.0,True
a58d302025,51.3,i,casa_pareada,caldera a gas - gaz 6000 w- marca bosch,caldera a gas - gaz 6000 w- marca bosch,0.6,0.6,0.25,0.25,-1,0.0,True
6ec89d2023,44.7,d,depto,no posee,la torre cuenta con 2 calderas de gas natural sime modelo,1.9,1.9,0.47,0.47,-1,0.0,True
69fe442022,39.2,f,casa_aislada,no posee,calefont glp,1.6,1.6,0.33,0.33,19,1.0,False
159d492026,47.7,f,casa_aislada,no posee,calefont glp,1.7,1.7,0.38,0.38,19,0.056458454608419154,False
9ea6df2021,46.2,f,casa_pareada,no posee,calefont glp,1.7,1.7,0.38,0.38,27,1.0,False
aa15c72024,45.5,d,depto,no posee,central térmica,1.9,1.9,0.47,0.47,38,0.004070556255695922,False
3ee5c62024,55.5,d,depto,no posee,calefont 7 litros tiro forzado,3.0,3.0,0.6,0.6,55,1.0,False
bc73ed2024,62.2,d,casa_pareada,no posee,calefont 7 litros tiro forzado,1.9,1.9,0.47,0.47,43,0.29629627934852476,False
6eb3432020,55.1,d,depto,no posee,calefont 13 litros tiro forzado,1.9,1.9,0.47,0.47,-1,0.0,True
129a062026,48.5,d,depto,no posee,calefont glp,1.9,1.9,0.47,0.47,44,1.0,False
d18b4a2025,56.9,g,casa_pareada,no posee,calefont glp,1.1,1.1,0.28,0.28,-1,0.0,True
bce4742025,57.1,a,depto,no posee,calefont 7 litros tiro forzado,4.0,4.0,0.84,0.84,5,0.4000000257394295,False
3edf052022,40.5,d,depto,no posee,central térmica con bomba de calor,1.9,1.9,0.47,0.47,30,0.038670282988471666,False
1688002022,83.7,d,casa_aislada,panel eléctrico radiante.,calefon 13 litros.,1.9,1.9,0.47,0.47,-1,0.0,True
3a83232026,48.5,d,depto,no posee,calefont glp,1.9,1.9,0.47,0.47,44,1.0,False
63b0f92022,48.6,d,depto,no posee,calefont glp,1.9,1.9,0.47,0.47,44,0.0,False
fb01ec2024,33.8,d,depto,no posee,central térmica. caldera de condensación con acumuladores,1.9,1.9,0.47,0.47,-1,0.0,True
035c2e2025,28.8,d,depto,no posee,sala de calderas,1.9,1.9,0.47,0.47,12,1.0,False
1ad52d2023,55.9,e,depto,no posee,calefont 7 litros tiro forzado,1.7,1.7,0.38,0.38,54,1.0,False
f99dd92023,17.3,d,depto,no posee,caldera de condensación,1.9,1.9,0.47,0.47,28,0.4301075529514855,False
41198e2026,64.8,d,casa_pareada,no posee,calefont 10 litros tiro forzado,1.7,1.7,0.38,0.38,36,0.02654312861602531,False
acac942024,53.5,d,casa_aislada,no posee,calefont 13 litros tiro forzado,1.9,1.9,0.47,0.47,-1,0.0,True
eed5222024,53.3,c,depto,no posee,calefont 7 litros tiro forzado,4.0,4.0,0.84,0.84,3,1.0,False
16e52e2025,46.8,d,depto,no posee,calefont 7 litros tiro forzado,1.9,1.9,0.47,0.47,61,0.0,False
c0f0962023,42.6,f,casa_pareada,no posee,calefont 7 litros tiro forzado,1.7,1.7,0.38,0.38,16,1.0,False
cd399d2025,52.2,g,depto,no posee,calefont 10 litros tiro forzado,1.1,1.1,0.28,0.28,23,1.0,False
bedf922026,46.0,b,depto,no posee,calefont 7 litros tiro forzado,4.0,4.0,0.84,0.84,3,0.00339213025673568,False
5bd7cb2026,44.8,f,casa_pareada,bomba de calor tipo aire acondicionado aire-aire,calefont 7l gl splendid master,1.7,1.7,0.38,0.38,-1,0.0,True
321cad2024,93.8,d,casa_aislada,estufa a gas,calefont,1.9,1.9,0.47,0.47,-1,0.0,True
28237d2026,44.6,c,depto,no posee,calefont 7 litros tiro forzado,4.0,4.0,0.84,0.84,3,0.3448275944704466,False
898f5c2025,66.5,d,depto,no posee,"sistema individual, calefón 10 litros.",1.9,1.9,0.47,0.47,-1,0.0,True
fe6da82026,48.5,d,depto,no posee,calefont glp,1.9,1.9,0.47,0.47,44,1.0,False
ffa70b2020,46.2,f,casa_pareada,no posee,calefont glp,1.7,1.7,0.38,0.38,27,1.0,False
5253f12023,85.2,d,casa_aislada,no posee,calefont 7 litros tiro forzado,1.9,1.9,0.47,0.47,33,0.5692307794656191,False
f2d2ee2020,43.7,d,casa_pareada,no posee,calefont 7 litros tiro forzado,1.9,1.9,0.47,0.47,42,1.0,False
309c3f2020,51.1,d,depto,no posee,calefont glp,1.9,1.9,0.47,0.47,49,1.0,False
43e95e2025,28.9,d,depto,no posee,sala de calderas,1.9,1.9,0.47,0.47,12,1.0,False
adc7d52024,39.8,d,depto,"central térmica, 3 calderas murales de condensación","central térmica, 3 calderas murales de condensación",1.9,1.9,0.47,0.47,-1,0.0,True
03e71f2020,51.1,d,depto,no posee,calefont glp,1.9,1.9,0.47,0.47,49,1.0,False
3eb2d72023,51.6,f,casa_aislada,no posee,calefont 7 litros tiro forzado,1.7,1.7,0.38,0.38,14,1.0,False
0947d62023,42.6,f,casa_pareada,no posee,calefont 7 litros tiro forzado,1.7,1.7,0.38,0.38,16,1.0,False
c8c53f2018,61.8,f,depto,no posee,"modelo cfgn0022, tiro forzado 13 lt, ionizado, gas natural, de",1.7,1.7,0.38,0.38,-1,0.0,True
32da0a2022,58.7,d,depto,no posee,calefont 7 litros tiro forzado,1.7,1.7,0.38,0.38,56,0.07692307882688079,False
b112922026,48.5,d,depto,no posee,calefont glp,1.9,1.9,0.47,0.47,44,1.0,False
2b3e1a2023,38.6,d,depto,no posee,caldera central a gas,1.9,1.9,0.47,0.47,30,1.0,False
c6511c2024,66.7,f,casa_aislada,"estufa a parafina tiro forzado marca toyotomi modelo ff-55t,","calefont marca mademsa modelo. forced 10 eco gl, con una",1.6,1.6,0.33,0.33,-1,0.0,True
261d232020,48.7,e,depto,no posee,termo eléctrico,1.7,1.7,0.38,0.38,-1,0.0,True
bc8b382023,26.1,d,depto,no posee,central termica,1.9,1.9,0.47,0.47,38,1.0,False
c2023a2024,51.0,c,depto,no posee,calefont 7 litros tiro forzado,4.0,4.0,0.84,0.84,3,1.0,False
58d0f42022,52.3,d,depto,no posee,calefont glp,1.9,1.9,0.47,0.47,47,1.0,False
80bac52024,55.0,d,depto,no posee,calefont tiro forzado,1.9,1.9,0.47,0.47,24,0.024526388758561498,False
5c19752022,91.2,f,casa_aislada,electricidad,calefont 13 litros tiro forzado,1.7,1.7,0.38,0.38,-1,0.0,True
4fee562026,85.3,a,depto,central termica calderas de gas natural,central termica calderas de gas natural,4.0,4.0,0.84,0.84,-1,0.0,True
7b5d9f2025,45.2,e,depto,no posee,calefont 7 litros tiro forzado,1.7,1.7,0.38,0.38,54,1.0,False
f544652022,31.0,e,depto,no posee,calefont 7 litros tiro forzado,1.0,1.0,0.0,0.0,2,0.9647634465122429,False
faa0002024,27.9,d,depto,no posee,termo eléctrico 120 l,1.9,1.9,0.47,0.47,-1,0.0,True
f6124f2023,61.5,d,casa_pareada,no posee,calefont 7 litros tiro forzado,1.9,1.9,0.47,0.47,43,0.39999996911268704,False
5a36c42018,52.3,i,depto,"calefactor a gas natural, marca orbis de 9100 kcal/hr.","calefón a gas natural, marca neckar de 13 litros.",0.6,0.6,0.25,0.25,-1,0.0,True
15d3d82024,81.7,f,casa_pareada,no posee,calefont 7 litros tiro forzado,1.7,1.7,0.38,0.38,16,0.035856575237263794,False
6098212019,47.2,d,depto,no posee,calefont 7 litros tiro forzado,1.9,1.9,0.47,0.47,61,1.0,False
ae2fd72024,50.4,b,depto,no posee,"termo eléctrico anwo van200l, potencia 3.0 kw",4.0,4.0,0.84,0.84,-1,0.0,True
1b471b2019,52.8,a,depto,no posee,calefont 7 litros tiro forzado,4.0,4.0,0.84,0.84,5,1.0,False
c34daa2020,64.1,d,casa_pareada,no posee,calefont 7 litros tiro forzado,1.0,1.0,0.0,0.0,2,1.0,False
9655122025,51.3,i,casa_pareada,caldera a gas - gaz 6000 w- marca bosch,caldera a gas - gaz 6000 w- marca bosch,0.6,0.6,0.25,0.25,-1,0.0,True
39535c2026,46.5,d,depto,no posee,calefont 7 litros tiro forzado,1.9,1.9,0.47,0.47,59,1.0,False
9169b52025,41.8,f,depto,calefactor electrico,calefont 10 litros gl,1.6,1.6,0.33,0.33,-1,0.0,True
c855022018,50.4,e,casa_aislada,no posee,calefont tiro balanceado,1.0,1.0,0.0,0.0,-1,0.0,True
68ff9e2026,29.8,g,depto,no posee,calefont 7 litros tiro forzado,1.6,1.6,0.33,0.33,22,0.5490195912179008,False
bf79612020,42.4,d,casa_pareada,no posee,calefont glp,1.9,1.9,0.47,0.47,40,0.0,False
fa6d272025,38.0,d,depto,no posee,caldera a condensación,1.9,1.9,0.47,0.47,18,1.0,False
eecee12024,77.7,f,casa_aislada,no posee,calefont 7 litros tiro forzado,1.7,1.7,0.38,0.38,14,1.0,False
814bd32024,63.0,d,depto,"central térmica, 3 calderas murales de condensación","central térmica, 3 calderas murales de condensación",1.9,1.9,0.47,0.47,-1,0.0,True
5feb3d2025,58.7,d,depto,no posee,sistema centralizado. calderas de condensación. gas licuado,1.9,1.9,0.47,0.47,-1,0.0,True
7df9692018,80.0,f,casa_aislada,no posee,calefont 7 litros tiro forzado,1.7,1.7,0.38,0.38,14,1.0,False
3080412025,30.9,d,depto,no posee,termo eléctrico pro eco evo primaterm 100lt,1.9,1.9,0.47,0.47,-1,0.0,True
733ad42025,46.7,e,depto,no aplica,termos eléctricos murales para cada departamento,1.7,1.7,0.38,0.38,-1,0.0,True
2fdcb22026,47.4,e,depto,no posee,calefont 7 litros tiro forzado,1.7,1.7,0.38,0.38,54,0.6999999459472024,False
3920502022,41.8,f,casa_aislada,no posee,calefont glp,1.6,1.6,0.33,0.33,19,1.0,False
227d552025,42.6,g,casa_aislada,no posee,calefont 7 litros,1.1,1.1,0.28,0.28,17,1.0,False
7f25e52023,45.1,b,casa_pareada,no posee,calefont 7 litros tiro forzado,4.0,4.0,0.84,0.84,-1,0.0,True
ce2d252025,48.5,d,depto,no posee,calefont glp,1.9,1.9,0.47,0.47,44,1.0,False
5cea992025,52.7,a,depto,no posee,"calefon splendid mvg tfi de 10 litros, de 17,6 kw potencia",4.0,4.0,0.84,0.84,4,1.0,False
634cf52025,94.2,c,depto,no posee,caldera mural a condensación,3.0,3.0,0.6,0.6,-1,0.0,True
5beb872026,30.5,d,depto,no posee,calefont 7 litros tiro forzado,1.9,1.9,0.47,0.47,57,1.0,False
b71a962023,50.8,d,depto,no aplica,calefont glp,1.9,1.9,0.47,0.47,-1,0.0,True
1c96232025,53.6,d,casa_pareada,no posee,calefont glp,1.9,1.9,0.47,0.47,39,1.0,False
ce184c2023,53.3,d,depto,no posee,calefont tiro forzado 13 litros,1.9,1.9,0.47,0.47,-1,0.0,True
bb3f8d2020,52.9,f,depto,no posee,calefont 13 litros tiro forzado,1.6,1.6,0.33,0.33,-1,0.0,True
c5cd792019,30.9,d,depto,sistema unitario autocontenido,caldera de condensación anwo victrix pro120,1.0,1.0,0.0,0.0,-1,0.0,True
e67a0e2025,47.5,a,depto,no posee,"termo eléctrico anwo van200l, potencia 3.0 kw",4.0,4.0,0.84,0.84,4,1.0,False
b97c5f2020,69.5,f,casa_aislada,no posee,calefont 10 litros tiro forzado,1.7,1.7,0.38,0.38,15,1.0,False
b003a32023,49.7,d,depto,no posee,caldera a condensación,1.9,1.9,0.47,0.47,18,0.9607843149130071,False
fa77b62025,53.4,f,depto,no posee,calefont 7 litros tiro forzado,1.6,1.6,0.33,0.33,32,1.0,False
cdf78c2025,35.2,e,depto,no aplica,termos eléctricos murales para cada departamento,1.7,1.7,0.38,0.38,-1,0.0,True
9c64b62023,50.4,f,casa_aislada,estufa a parafina marca toyotomi modelo ff-v30t el que tiene,calefon marca mademsa modelo. forzada tfm 10 eco gl el,1.6,1.6,0.33,0.33,-1,0.0,True
bb32822021,48.3,e,casa_aislada,no posee,calefont glp,1.7,1.7,0.38,0.38,21,1.0,False
20aeac2026,48.6,c,depto,calefactor electrico,calefont 10 litros gl,3.0,3.0,0.6,0.6,0,1.0,False
a845fe2022,46.8,f,depto,no posee,calefont 7 litros tiro forzado,1.6,1.6,0.33,0.33,32,1.0,False
299f842026,40.3,d,depto,no posee,caldera condensación,1.9,1.9,0.47,0.47,13,1.0,False
a8c5272020,46.2,f,casa_pareada,no posee,calefont glp,1.7,1.7,0.38,0.38,27,1.0,False
c16f5b2026,54.7,d,depto,no posee,caldera condensación,1.9,1.9,0.47,0.47,13,0.5999999922781718,False
a464852025,48.7,g,casa_aislada,no posee,calefon,1.1,1.1,0.28,0.28,17,1.0,False
23c1212024,35.4,a,depto,no posee,calefont 7 litros tiro forzado,4.0,4.0,0.84,0.84,-1,0.0,True
1c838f2023,51.2,e,depto,no aplica,calefont glp,1.7,1.7,0.38,0.38,-1,0.0,True
ee644f2026,47.0,d,casa_pareada,"estufa keroseno, 3 kw",calefont 10litros tiro forzado,1.7,1.7,0.38,0.38,-1,0.0,True
e99c112024,46.5,d,casa_aislada,no posee,calefont 7 litros tiro forzado,1.9,1.9,0.47,0.47,33,0.22289156312656122,False
05dad72023,54.0,f,casa_pareada,no aplica,calefont glp,1.6,1.6,0.33,0.33,26,1.0,False
d4cc152026,52.8,d,casa_pareada,no posee,calefont 13 lt,1.9,1.9,0.47,0.47,-1,0.0,True
c4c62f2023,28.3,d,depto,no posee,"termo eléctrico mural marca winter 80 lt., potencia nominal 1,5",1.9,1.9,0.47,0.47,-1,0.0,True
6af5ed2018,52.2,a,depto,no posee,calefont 7 litros tiro forzado apoyado sst,4.0,4.0,0.84,0.84,-1,0.0,True
486b2a2021,42.0,d,casa_pareada,no posee,calefont glp,1.9,1.9,0.47,0.47,40,1.0,False
97c0f32020,97.5,f,casa_aislada,no posee,calefont 7 litros tiro forzado,1.7,1.7,0.38,0.38,14,0.6060605776975998,False
e2e4242024,53.2,d,casa_pareada,no posee,calefont 7 litros tiro forzado,1.0,1.0,0.0,0.0,2,1.0,False
948b022024,27.9,d,depto,no posee,central termica,1.9,1.9,0.47,0.47,38,1.0,False
0571182023,40.5,d,depto,no posee,caldera central a gas,1.9,1.9,0.47,0.47,30,1.0,False
51d2162025,48.3,e,casa_aislada,no posee,calefont glp,1.7,1.7,0.38,0.38,21,1.0,False
728ffb2026,49.4,f,depto,no posee,calefont 7 litros tiro forzado,1.6,1.6,0.33,0.33,32,1.0,False
fbf6732022,52.0,e,depto,no posee,calefont 10 litros tiro forzado,1.7,1.7,0.38,0.38,-1,0.0,True
f3cc802025,58.7,d,casa_pareada,no posee,calefont 7 litros tiro forzado,1.7,1.7,0.38,0.38,46,1.0,False
325a8e2021,112.9,d,casa_aislada,estufa a gas,calefont,1.9,1.9,0.47,0.47,-1,0.0,True
b345e12022,60.3,d,casa_pareada,no posee,calefont,1.9,1.9,0.47,0.47,10,1.0,False
d81f232022,51.3,d,depto,no posee,calefont glp,1.9,1.9,0.47,0.47,49,0.0,False
85ddc82022,49.9,a,depto,no posee,"calefon splendid sb tfi 10 2 ev de 10 litros, gas licuado",4.0,4.0,0.84,0.84,-1,0.0,True
0744012022,47.0,d,casa_pareada,no posee,calefont 7 litros tiro forzado,1.7,1.7,0.38,0.38,41,1.0,False
a0abbc2019,38.7,f,casa_aislada,no posee,calefont 7 litros tiro forzado,1.6,1.6,0.33,0.33,14,0.22884858922265802,False
89d9782025,32.8,c,depto,no posee,caldera de condensación ares tec 770,3.0,3.0,0.0,0.0,-1,0.0,True
01ce802023,53.3,c,depto,no posee,calefont 7 litros tiro forzado,4.0,4.0,0.84,0.84,3,1.0,False
f816dd2021,42.0,d,depto,no considera,central termica,1.9,1.9,0.47,0.47,-1,0.0,True
ce517b2026,44.3,d,depto,no posee,termo eléctrico marca winter 120 lt mural.,1.0,1.0,0.0,0.0,2,0.9962937888027079,False
6f6d442023,61.5,d,casa_pareada,no posee,calefont 7 litros tiro forzado,1.9,1.9,0.47,0.47,43,0.39999996911268704,False
ffcb602020,42.4,d,casa_pareada,no posee,calefont glp,1.9,1.9,0.47,0.47,40,0.0,False
da8e9c2019,55.3,d,depto,no posee,calefont 7 litros tiro forzado,1.9,1.9,0.47,0.47,-1,0.0,True
072e882025,47.0,d,casa_pareada,no posee,calefont 7 litros tiro forzado,1.7,1.7,0.38,0.38,41,1.0,False
5e93b52025,64.4,c,depto,no posee,sala de calderas,3.0,3.0,0.6,0.6,-1,0.0,True
cb74022024,49.8,g,depto,no posee,calefont 10 litros tiro forzado,1.1,1.1,0.28,0.28,23,1.0,False
f479162023,75.2,f,casa_aislada,no posee,calefont 7 litros tiro forzado,1.7,1.7,0.38,0.38,14,1.0,False
0063882024,51.0,c,depto,no posee,calefont 7 litros tiro forzado,4.0,4.0,0.84,0.84,3,1.0,False
162b482024,33.8,d,depto,no posee,central térmica. caldera de condensación con acumuladores,1.9,1.9,0.47,0.47,-1,0.0,True
e5e9e82026,19.8,e,depto,no posee,calefont 7 litros tiro forzado,1.7,1.7,0.38,0.38,54,0.1842105113427154,False
d059252024,27.8,a,depto,no posee,calefon,4.0,4.0,0.84,0.84,-1,0.0,True
9a62652019,51.0,d,depto,no posee,calefont glp,1.9,1.9,0.47,0.47,48,1.0,False
f9fe532022,52.3,d,depto,no posee,calefont glp,1.9,1.9,0.47,0.47,47,1.0,False
3aef4d2024,39.3,d,depto,no posee,caldera central a gas,1.9,1.9,0.47,0.47,30,1.0,False
ccd9362025,50.4,d,casa_pareada,no posee,calefont glp,1.9,1.9,0.47,0.47,39,1.0,False
8227a02023,56.2,f,casa_aislada,no aplica,calefont glp,1.6,1.6,0.33,0.33,-1,0.0,True
8ecd8d2023,78.3,a,depto,no posee,"termo eléctrico marca junkers, modelo elacell excellence",4.0,4.0,0.84,0.84,-1,0.0,True
c679c62022,52.3,d,depto,no posee,calefont glp,1.9,1.9,0.47,0.47,47,1.0,False
5b66b92023,54.0,f,casa_pareada,no aplica,calefont glp,1.6,1.6,0.33,0.33,26,1.0,False
226e562022,48.1,d,casa_pareada,no posee,calefont 10 litros tiro forzado,1.9,1.9,0.47,0.47,36,1.0,False
f06ad52025,44.8,c,depto,no posee,calefont 11 litros tiro forzado,3.0,3.0,0.6,0.6,-1,0.0,True
65132d2023,28.6,d,depto,no posee,central termica,1.9,1.9,0.47,0.47,38,1.0,False
0929e32021,51.4,d,casa_pareada,no posee,calefont glp,1.9,1.9,0.47,0.47,39,1.0,False
fede752025,50.9,c,depto,no posee,calefont 7 litros tiro forzado,4.0,4.0,0.84,0.84,3,1.0,False
b3c84c2025,48.3,b,depto,no posee,calefont glp,4.0,4.0,0.84,0.84,-1,0.0,True
2d44722025,45.1,d,depto,no posee,calefont 7 litros tiro forzado,1.7,1.7,0.38,0.38,56,0.42857145614938874,False
d9e82a2021,41.4,d,depto,no posee,calefont 7 litros tiro forzado,1.9,1.9,0.47,0.47,-1,0.0,True
55eb522026,47.0,d,casa_pareada,no posee,calefont 7 litros tiro forzado,1.7,1.7,0.38,0.38,41,1.0,False
e881672019,73.7,d,casa_aislada,no posee,calefont 10 litros tiro forzado,1.0,1.0,0.0,0.0,2,1.0,False
c45eb52022,46.6,f,depto,no posee,calefont 10 litros tiro forzado,1.6,1.6,0.33,0.33,-1,0.0,True
7807bb2025,49.1,d,depto,no posee,calefont 7 litros tiro forzado,3.0,3.0,0.6,0.6,55,0.8500000115827424,False
402e772020,52.2,d,casa_pareada,no posee,calefont,1.7,1.7,0.38,0.38,9,1.0,False
2809d02024,43.3,g,depto,no posee,calefont individual. gas licuado,1.6,1.6,0.33,0.33,-1,0.0,True
f4f1152022,66.8,d,casa_pareada,no posee,calefont tiro forzado,1.7,1.7,0.38,0.38,7,1.0,False
5a69bf2024,53.7,d,depto,no posee,calefont tiro forzado,1.7,1.7,0.38,0.38,24,1.0,False
5d53772019,41.2,f,depto,no posee,calefont 7 litros tiro forzado,1.6,1.6,0.33,0.33,32,0.974999963321316,False
6c5a742021,34.1,a,depto,no posee,sistema unitario,4.0,4.0,0.0,0.0,-1,0.0,True
5c03632025,55.6,a,depto,no posee,calefont 7 litros tiro forzado,4.0,4.0,0.84,0.84,5,1.0,False
65c79c2026,55.8,d,depto,no posee,calefont 7 litros tiro forzado,1.9,1.9,0.47,0.47,-1,0.0,True
11b5b42022,42.4,a,depto,no posee,"calefon splendid, master mvg tfi 10, 10 litros, gas licuado",4.0,4.0,0.84,0.84,-1,0.0,True
0070992024,28.2,e,depto,no posee,calefont 7 litros tiro forzado,1.7,1.7,0.38,0.38,54,0.3111111004340148,False
9543d22024,60.3,d,casa_pareada,no posee,calefont 10 lts,1.9,1.9,0.47,0.47,-1,0.0,True
84dbbe2023,53.9,d,depto,no posee,calentamiento de agua con caldera a condensación,1.9,1.9,0.47,0.47,50,0.00881953798648314,False
f326642024,89.5,d,casa_aislada,no posee,calefont 16 litros tiro forzado,1.9,1.9,0.47,0.47,-1,0.0,True
d7dd692019,61.1,a,depto,no posee,calefont 7 litros tiro forzado,4.0,4.0,0.84,0.84,6,1.0,False
b3866c2026,43.8,d,depto,no posee,calefont 13 litros tiro forzado,1.9,1.9,0.47,0.47,-1,0.0,True
b2233d2019,51.1,d,depto,no posee,calefont 7 glp,1.9,1.9,0.47,0.47,-1,0.0,True
773a3a2018,52.2,a,depto,no posee,calefont 7 litros tiro forzado apoyado sst,4.0,4.0,0.84,0.84,-1,0.0,True
e648712021,46.9,g,depto,no posee,calefont. tiro forzado,1.6,1.6,0.33,0.33,-1,0.0,True
d7c2882025,47.7,f,depto,no posee,calefont glp,1.6,1.6,0.33,0.33,29,1.0,False
79598b2024,61.5,c,depto,no posee,calefont 7 litros tiro forzado,4.0,4.0,0.84,0.84,3,0.13888888769724875,False
731c232019,49.1,d,depto,no posee,calefont 7 litros tiro forzado,1.9,1.9,0.47,0.47,60,1.0,False
bbd6662023,33.6,d,depto,no posee.,caldera a condensación,1.9,1.9,0.47,0.47,-1,0.0,True
94de2c2019,51.1,d,depto,no posee,calefont glp,1.9,1.9,0.47,0.47,49,1.0,False
6f3ddb2026,49.4,b,depto,no posee,calefont 7 litros tiro forzado,4.0,4.0,0.84,0.84,3,0.00339213025673568,False
d260432024,28.4,d,depto,no posee,caldera,1.9,1.9,0.47,0.47,8,0.07259158922291108,False
d791e42022,31.3,d,depto,no considera,calefont,1.9,1.9,0.47,0.47,50,0.00881953798648314,False
b657db2019,47.2,d,depto,no posee,calefont 7 litros tiro forzado,1.9,1.9,0.47,0.47,61,1.0,False
304fc32022,55.4,a,depto,no posee,"calefon splendid, master mvg tfi 10, 10 litros, gas licuado",4.0,4.0,0.84,0.84,-1,0.0,True
8f7cbf2020,72.6,d,casa_pareada,estufa kerosene 3 kw,calefon tiro natural 10 lts +sst,1.0,1.0,0.0,0.0,1,0.7595744674348923,False
4cfa442019,55.0,a,depto,no posee,calefont 10 litros tiro forzado,4.0,4.0,0.84,0.84,-1,0.0,True
380a732020,51.2,f,casa_aislada,no posee,calefont 10 litros tiro forzado,1.7,1.7,0.38,0.38,15,1.0,False
5faca12023,58.7,d,casa_pareada,no posee,calefont 7 litros tiro forzado,1.7,1.7,0.38,0.38,46,1.0,False
efd3c42025,44.4,e,depto,no posee,calefont 7 litros tiro forzado,1.7,1.7,0.38,0.38,54,1.0,False
09a1fa2024,56.5,i,depto,"sistema en conjunto de calefacción y acs, caldera dual, marca","sistema en conjunto de calefacción y acs, caldera dual, marca",0.6,0.6,0.25,0.25,-1,0.0,True
ea7d702019,60.0,a,depto,no posee,calefont 7 litros tiro forzado,4.0,4.0,0.84,0.84,6,1.0,False
c54f142020,25.1,g,depto,no posee,"calefont, tiro forzado",1.6,1.6,0.33,0.33,-1,0.0,True
f2965f2021,83.2,d,casa_aislada,no posee,calefont,1.9,1.9,0.47,0.47,-1,0.0,True
cf3bfc2023,28.5,d,depto,no posee,el edificio cuenta con 2 bombas de calor midea rsj800 y un,1.9,1.9,0.47,0.47,-1,0.0,True
23391d2023,28.3,d,depto,no posee,el edificio cuenta con 2 calderas de gas natural ivar super,1.9,1.9,0.47,0.47,-1,0.0,True
d4fd6c2024,32.7,d,depto,"central térmica, 3 calderas murales de condensación","central térmica, 3 calderas murales de condensación",1.9,1.9,0.47,0.47,-1,0.0,True
33e5c32025,44.4,e,depto,no posee,calefont 7 litros tiro forzado,1.7,1.7,0.38,0.38,54,1.0,False
cb50a72022,47.2,d,depto,0,calefont 10 litros tiro forzado,1.7,1.7,0.38,0.38,-1,0.0,True
8133092022,62.5,d,casa_pareada,no posee,calefont tiro forzado,1.7,1.7,0.38,0.38,7,1.0,False
ebc80f2021,48.4,d,depto,no posee,calefont 7 litros tiro forzado,1.9,1.9,0.47,0.47,60,1.0,False
c32d202026,29.0,d,depto,no posee,termo eléctrico marca winter 80 lt mural.,1.0,1.0,0.0,0.0,2,1.0,False
c6b9eb2021,61.3,d,casa_pareada,no posee,calefont,1.7,1.7,0.38,0.38,9,1.0,False
368c612019,36.4,d,depto,no posee,bombas de calor,1.9,1.9,0.47,0.47,-1,0.0,True
df29b22023,53.7,d,depto,no posee,calefont tiro forzado,1.7,1.7,0.38,0.38,24,1.0,False
74099f2022,60.1,f,casa_aislada,no posee,calefont 10 litros tiro forzado,1.6,1.6,0.33,0.33,15,0.33563144940949097,False
f175462022,69.8,f,casa_aislada,no posee,calefont 10 litros tiro forzado,1.6,1.6,0.33,0.33,15,0.33563144940949097,False
b168002025,48.3,e,casa_pareada,no posee,calefont glp,1.7,1.7,0.38,0.38,25,1.0,False
b250302023,52.6,f,depto,no aplica,calefont glp,1.6,1.6,0.33,0.33,-1,0.0,True
b688602023,68.6,e,casa_pareada,no aplica,calefont glp,1.7,1.7,0.38,0.38,-1,0.0,True
4dfe752025,59.5,d,casa_aislada,0,"calefón junkers w13 kb31 13 litros, gas licuado con potencia",1.9,1.9,0.47,0.47,-1,0.0,True
c0b7802025,48.3,e,casa_pareada,no posee,calefont glp,1.7,1.7,0.38,0.38,25,1.0,False
38958d2023,53.1,d,depto,no posee,calefont 7 litros tiro forzado,1.9,1.9,0.47,0.47,58,1.0,False
f951ad2019,54.5,e,casa_pareada,no posee,calefont glp,1.7,1.7,0.38,0.38,25,1.0,False
de45022026,45.6,d,depto,no posee,caldera condensación,1.9,1.9,0.47,0.47,13,1.0,False
4523ec2024,55.0,d,casa_aislada,no posee,"calefón splendid de 13 litros, master mvg tfi 13, gas licuado",3.0,3.0,0.6,0.6,-1,0.0,True
8f179a2025,46.5,d,depto,no posee,calefont 7 litros tiro forzado,1.9,1.9,0.47,0.47,59,1.0,False
d783752023,49.3,c,depto,no posee,calefont 7 litros tiro forzado,3.0,3.0,0.6,0.6,51,1.0,False
9c2a8d2024,50.3,d,depto,no posee,bomba de calor,1.9,1.9,0.47,0.47,-1,0.0,True
d8cc6d2021,93.4,d,casa_pareada,no posee,calefont,1.7,1.7,0.38,0.38,9,1.0,False
aaa05b2024,87.2,f,casa_aislada,no posee,calefont 7 litros tiro forzado,1.7,1.7,0.38,0.38,14,1.0,False
3f9ddc2025,66.5,d,depto,no posee,calefont 7 litros tiro forzado,1.9,1.9,0.47,0.47,-1,0.0,True
422e202024,41.0,d,depto,"central térmica, 3 calderas murales de condensación","central térmica, 3 calderas murales de condensación",1.9,1.9,0.47,0.47,-1,0.0,True
2543bb2025,68.2,f,casa_pareada,no posee,calefont 7 litros tiro forzado,1.7,1.7,0.38,0.38,16,0.06666667009859048,False
e54a8f2025,55.4,a,depto,no posee,"termo eléctrico anwo van200l, potencia 3.0 kw",4.0,4.0,0.84,0.84,4,1.0,False
ce2c7c2026,39.5,d,depto,no posee,calefont 10 litros tiro forzado,1.9,1.9,0.47,0.47,11,0.81818182669072,False
2a56332025,48.7,g,casa_aislada,no posee,calefon,1.1,1.1,0.28,0.28,17,1.0,False
87df4e2023,49.9,d,depto,no posee,"calefont, tiro forzado",1.9,1.9,0.47,0.47,-1,0.0,True
5df0ef2018,67.5,e,casa_aislada,no posee,calefont tiro balanceado,1.0,1.0,0.0,0.0,-1,0.0,True
e256ba2023,51.2,e,depto,no aplica,calefont glp,1.7,1.7,0.38,0.38,-1,0.0,True
20793c2025,37.6,d,depto,no posee,sala de calderas,1.9,1.9,0.47,0.47,12,1.0,False
ad77d22019,60.0,a,depto,no posee,calefont 7 litros tiro forzado,4.0,4.0,0.84,0.84,6,1.0,False
5944fd2026,27.1,d,depto,no posee,sala de calderas,1.9,1.9,0.47,0.47,12,1.0,False
5398d42026,46.3,d,depto,no posee,calefont 7 litros tiro forzado,1.7,1.7,0.38,0.38,56,1.0,False
a36b992025,46.3,b,casa_aislada,no posee,calefont 7 litros tiro forzado,3.0,3.0,0.6,0.6,-1,0.0,True
0087bc2025,53.3,d,depto,no posee,calefont 7 litros tiro forzado,3.0,3.0,0.6,0.6,55,1.0,False
8f07042025,32.6,d,depto,no posee,caldera condensación,1.9,1.9,0.47,0.47,13,0.960000002470985,False
9dfe062020,49.3,f,casa_aislada,no posee,calefont 10 litros tiro forzado,1.7,1.7,0.38,0.38,15,1.0,False
e025582023,55.6,d,depto,no posee,calefont tiro forzado 13 litros,1.9,1.9,0.47,0.47,-1,0.0,True
c8d68a2024,50.4,d,casa_pareada,no posee,calefont glp,1.9,1.9,0.47,0.47,39,1.0,False
7e90b32025,53.0,d,depto,no posee,calefont glp,1.9,1.9,0.47,0.47,-1,0.0,True
96ea582024,47.0,e,casa_pareada,no posee,calefont 7 litros tiro forzado,1.7,1.7,0.38,0.38,34,1.0,False
8c6df02026,43.3,e,depto,no posee,calefont 7 litros tiro forzado,1.7,1.7,0.38,0.38,54,1.0,False
bf3d462023,58.6,d,casa_pareada,no posee,calefont,1.9,1.9,0.47,0.47,10,1.0,False
3822c42025,30.8,d,depto,no posee,"central térmica con 10 calefones de condesación, marca anwo,",1.0,1.0,0.0,0.0,2,1.0,False
16d8312026,48.1,e,casa_aislada,no posee,calefont glp,1.7,1.7,0.38,0.38,21,1.0,False
d0c99f2024,50.9,b,casa_pareada,no posee,calefont 7 litros tiro forzado,4.0,4.0,0.84,0.84,-1,0.0,True
b679362026,44.6,c,depto,no posee,calefont 7 litros tiro forzado,4.0,4.0,0.84,0.84,3,0.3448275944704466,False
5e21f62025,42.1,a,depto,no posee,"calefon splendid mvg tfi de 10 litros, de 17,6 kw potencia",4.0,4.0,0.84,0.84,4,1.0,False
8a3a002023,41.2,f,casa_aislada,no posee,calefont glp,1.6,1.6,0.33,0.33,19,1.0,False
0d52042024,44.9,d,depto,no posee,calefont tiro forzado,1.9,1.9,0.47,0.47,24,0.024526388758561498,False
b8d08e2023,49.3,c,depto,no aplica,calefont glp,4.0,4.0,0.84,0.84,-1,0.0,True
368dae2023,49.9,d,depto,no posee,calefont glp,3.0,3.0,0.6,0.6,37,1.0,False
8ab2ce2025,30.5,d,depto,no posee,calefont 7 litros tiro forzado,1.9,1.9,0.47,0.47,57,1.0,False
957f342025,47.3,d,depto,no posee,calefont 7 litros tiro forzado,1.9,1.9,0.47,0.47,61,0.0,False
085ba12026,44.4,g,depto,no posee,calefon,1.6,1.6,0.33,0.33,-1,0.0,True
600b352026,37.6,d,depto,no posee,el edificio cuenta con 4 calderas a gas natural de condensación,1.9,1.9,0.47,0.47,-1,0.0,True
09ac182025,29.5,e,depto,no posee,calefont 7 litros tiro forzado,1.7,1.7,0.38,0.38,54,0.3111111004340148,False
8ade322019,49.7,d,depto,no posee,calefont,1.0,1.0,0.0,0.0,2,0.9896251704136216,False
0f8e7b2019,44.3,e,casa_pareada,no posee,calefont glp,1.7,1.7,0.38,0.38,25,1.0,False
cdc0662021,61.3,d,casa_pareada,no posee,calefont,1.7,1.7,0.38,0.38,9,1.0,False
4d30242025,72.6,d,depto,no posee,calefon,1.9,1.9,0.47,0.47,-1,0.0,True
0dbebe2021,44.4,c,casa_pareada,no posee,calefont 7 litros tiro forzado,4.0,4.0,0.84,0.84,3,0.00339213025673568,False
fb53f52020,28.7,d,depto,no posee,calefont 13 litros tiro forzado,1.9,1.9,0.47,0.47,-1,0.0,True
7981cc2021,47.1,d,depto,no posee,caldera con condensación,1.9,1.9,0.47,0.47,52,0.8333332618349243,False
b13c172023,58.6,d,casa_pareada,no posee,calefont,1.9,1.9,0.47,0.47,10,1.0,False
612bf62022,54.7,d,depto,no posee,calefont 10 litros tiro forzado,3.0,3.0,0.6,0.6,11,0.009571054886205977,False
32b0782025,54.0,d,depto,no posee,calefont 7 litros tiro forzado,1.7,1.7,0.38,0.38,56,0.12765957848805018,False
1b17c32026,27.6,d,depto,no posee,caldera condensación,1.9,1.9,0.47,0.47,13,1.0,False
0d222e2022,38.3,d,depto,no posee,caldera de condensación,1.9,1.9,0.47,0.47,28,0.8695652261495217,False
aedf1d2024,59.8,d,depto,no posee,caldera mural de condensación,1.9,1.9,0.47,0.47,-1,0.0,True
04fa392023,32.3,d,depto,no posee,calderas de condensación murales,1.9,1.9,0.47,0.47,-1,0.0,True
d8a4b82026,49.4,d,depto,no posee,calefont glp,1.9,1.9,0.47,0.47,44,0.0,False
98b3952021,42.0,d,casa_pareada,no posee,calefont glp,1.9,1.9,0.47,0.47,40,1.0,False
7bb0d62026,65.0,c,depto,no posee,caldera de condensación,4.0,4.0,0.84,0.84,-1,0.0,True
2262932025,53.0,d,depto,no posee,calefont glp,1.9,1.9,0.47,0.47,-1,0.0,True
1068432026,58.6,i,casa_pareada,no posee,calefont 7 litros tiro forzado,0.6,0.6,0.25,0.25,-1,0.0,True
408a6a2023,43.9,f,casa_aislada,estufa a pellets bosca ecosmart,calefont 7 litros tiro forzado,1.6,1.6,0.33,0.33,-1,0.0,True
233ccb2025,49.8,b,casa_aislada,no posee,calefont 8 litros tiro forzado,3.0,3.0,0.6,0.6,-1,0.0,True
6256f42025,59.5,d,casa_aislada,0,"calefón junkers w13 kb31 13 litros, gas licuado con potencia",1.9,1.9,0.47,0.47,-1,0.0,True
7a8a1e2022,49.4,f,casa_pareada,no posee,calefont 10 litros tiro forzado,1.6,1.6,0.33,0.33,-1,0.0,True
2394812026,40.6,d,depto,no posee,sala de calderas,1.9,1.9,0.47,0.47,12,1.0,False
83032d2024,51.0,b,depto,no posee,calefont 7 litros tiro forzado,4.0,4.0,0.84,0.84,3,0.00339213025673568,False
5946972024,51.3,f,casa_aislada,no posee,calefont 7 litros tiro forzado,1.7,1.7,0.38,0.38,14,1.0,False
e684772023,29.5,d,depto,no posee,5 calderas de gas natural genus premium evo hp 150 de 140,1.9,1.9,0.47,0.47,38,0.004070556255695922,False
3ded9b2019,47.2,d,depto,no posee,calefont 7 litros tiro forzado,1.9,1.9,0.47,0.47,61,1.0,False
9b945f2026,42.4,d,depto,no considera,caldera a condensación,1.9,1.9,0.47,0.47,-1,0.0,True
76146b2025,48.6,d,depto,no posee,calefont glp,1.9,1.9,0.47,0.47,44,0.0,False
3b3c212026,47.0,d,casa_pareada,no posee,calefont 7 litros tiro forzado,1.7,1.7,0.38,0.38,41,1.0,False
27e7522026,30.0,d,depto,no posee,termo eléctrico splendid 80 lt,1.9,1.9,0.47,0.47,-1,0.0,True
4d39ed2021,39.5,d,depto,no posee,calefon,1.9,1.9,0.47,0.47,-1,0.0,True
1c53d72024,28.9,d,depto,no posee,bomba de calor,1.9,1.9,0.47,0.47,-1,0.0,True
923b922022,53.5,d,depto,no posee,calefont glp,1.9,1.9,0.47,0.47,-1,0.0,True
bb11262023,89.5,d,casa_aislada,no posee,calefont 7 litros tiro forzado,1.9,1.9,0.47,0.47,33,0.5692307794656191,False
ed99ca2024,52.5,d,depto,no posee,calefont 10 litros tiro forzado,1.9,1.9,0.47,0.47,11,1.0,False
1118f62023,31.7,d,depto,no posee,la torre cuenta con 2 calderas de gas natural sime modelo,1.9,1.9,0.47,0.47,-1,0.0,True
5b6d4a2022,87.2,f,casa_aislada,no posee,calefont 7 litros tiro forzado,1.6,1.6,0.33,0.33,14,0.22884858922265802,False
3e4eb42021,41.7,d,casa_pareada,no posee,calefont glp,1.9,1.9,0.47,0.47,40,0.0,False
b226962025,33.9,d,depto,unidad interior split inverter de bajo consumo electrico.,"bomba de calor de bajo consumo eléctrico, sistema central del",1.9,1.9,0.47,0.47,-1,0.0,True
0f7a632020,115.1,d,depto,caldera,caldera,1.0,1.0,0.0,0.0,-1,0.0,True
8dd3fb2023,33.1,d,depto,no posee,calderas de condensación murales,1.9,1.9,0.47,0.47,-1,0.0,True
edc5df2023,55.0,a,depto,no posee,calefont 7 litros tiro forzado,4.0,4.0,0.84,0.84,5,1.0,False
45fe202021,36.9,d,depto,no considera,central termica,1.9,1.9,0.47,0.47,-1,0.0,True
0c8b252024,39.4,d,depto,no posee,"caldera de tipo condensación, 900kw marca inmergas modelo",1.9,1.9,0.47,0.47,-1,0.0,True
fd36082025,57.5,e,depto,no posee,calefont 7 litros tiro forzado,1.7,1.7,0.38,0.38,54,1.0,False
599d052026,52.7,d,casa_pareada,calefactor electrico,calefont 10 litros gl,1.9,1.9,0.47,0.47,0,1.0,False
df6f4b2026,47.0,d,casa_pareada,no posee,calefont 7 litros tiro forzado,1.7,1.7,0.38,0.38,41,1.0,False
abc5992024,52.2,g,depto,no posee,calefont 7 litros tiro forzado,1.6,1.6,0.33,0.33,22,1.0,False
e6393c2026,41.4,c,depto,sin sistema,calefont tiro forzado 13 lts,4.0,4.0,0.84,0.84,-1,0.0,True
e839402024,40.3,d,depto,no posee,central térmica,1.9,1.9,0.47,0.47,38,0.004070556255695922,False
4567822020,51.6,d,casa_pareada,estufa kerosene 3 kw,calefon tiro natural 10 lts +sst,1.7,1.7,0.38,0.38,1,1.0,False
de8ed92022,41.4,f,casa_aislada,no posee,calefont glp,1.6,1.6,0.33,0.33,19,1.0,False
5661f32022,47.2,f,casa_pareada,no posee,calefont glp,1.7,1.7,0.38,0.38,27,0.0,False
2576a72020,46.2,f,casa_pareada,no posee,calefont glp,1.7,1.7,0.38,0.38,27,1.0,False
bc0aab2021,42.9,d,depto,no posee,central de calderas de condensación,1.9,1.9,0.47,0.47,-1,0.0,True
526e332019,42.1,d,casa_pareada,no posee,calefont 7 litros tiro forzado,1.0,1.0,0.0,0.0,2,1.0,False
60162f2022,45.8,a,depto,no posee,"calefon splendid sb tfi 10 2 ev de 10 litros, gas licuado",4.0,4.0,0.84,0.84,-1,0.0,True
65ccfa2021,55.1,d,depto,no posee,calefont 7 litros tiro forzado,1.9,1.9,0.47,0.47,-1,0.0,True
af4d7a2025,57.8,e,depto,sin sistema,calefont,1.7,1.7,0.38,0.38,35,1.0,False
3871b32025,48.7,g,casa_aislada,no posee,calefon,1.1,1.1,0.28,0.28,17,1.0,False
17c3cc2024,39.1,d,depto,no considera,caldera con condensación,1.9,1.9,0.47,0.47,53,1.0,False
22629e2023,58.7,c,depto,no posee,calefont 7 litros tiro forzado,3.0,3.0,0.6,0.6,51,0.5781250241307151,False
1cb95e2023,75.2,f,casa_aislada,no posee,calefont 7 litros tiro forzado,1.7,1.7,0.38,0.38,14,1.0,False
5ff79d2025,58.0,c,depto,no posee,sala de calderas,3.0,3.0,0.6,0.6,-1,0.0,True
bc73dd2025,39.6,d,depto,no posee,el edificio cuenta con 3 calderas de condensación aldens wm,1.9,1.9,0.47,0.47,-1,0.0,True
7344da2025,48.5,d,depto,no posee,calefont glp,1.9,1.9,0.47,0.47,44,1.0,False
35e78c2025,48.7,g,casa_aislada,no posee,calefon,1.1,1.1,0.28,0.28,17,1.0,False
0237c82025,46.1,g,depto,no posee,calefont glp,1.6,1.6,0.33,0.33,-1,0.0,True
889ea72022,55.7,d,depto,estufa kerosene 3 kw,calefon tiro natural 10 lts +sst,1.7,1.7,0.38,0.38,1,0.9996608826569533,False
c788ec2023,50.2,g,depto,no posee,calefont 10 litros tiro forzado,1.6,1.6,0.33,0.33,23,1.0,False
09ce702022,28.2,d,depto,no existe,sistema de calentamiento de agua con estanque eléctrico,1.9,1.9,0.47,0.47,-1,0.0,True
f99bce2025,58.7,d,depto,no posee,sistema centralizado. calderas de condensación. gas licuado,1.9,1.9,0.47,0.47,-1,0.0,True
661d682025,43.7,b,casa_pareada,no posee,calefont glp,3.0,3.0,0.6,0.6,-1,0.0,True
6724872018,47.2,d,depto,no posee,calefont 7 litros tiro forzado,1.9,1.9,0.47,0.47,61,1.0,False
1edd222020,66.0,a,casa_pareada,no posee,calefont 7 litros tiro forzado,4.0,4.0,0.84,0.84,-1,0.0,True
d2ed772026,44.5,f,casa_pareada,no posee,calefont 7 litros tiro forzado,1.7,1.7,0.38,0.38,16,1.0,False
3f27b32024,66.0,g,depto,no posee,calefont 7 litros tiro forzado,1.1,1.1,0.28,0.28,22,0.045976585582855785,False
3573472026,31.7,b,depto,0,"calefón junkers hidrowind wd10 km e31 s4300, 10 litros,",4.0,4.0,0.84,0.84,-1,0.0,True
c51e282025,28.6,d,depto,no posee,sala de calderas,1.9,1.9,0.47,0.47,12,1.0,False
490d3b2026,48.8,d,depto,no posee,calefont 13 litros tiro forzado,1.9,1.9,0.47,0.47,-1,0.0,True
a0a3232025,71.3,d,depto,caldera mural,caldera mural,1.7,1.7,0.38,0.38,-1,0.0,True
0a5c0c2025,48.7,g,casa_aislada,no posee,calefont 7 litros,1.1,1.1,0.28,0.28,17,1.0,False
099a332024,58.1,d,depto,3 calderas murales de condensación,3 calderas murales de condensación,1.9,1.9,0.47,0.47,-1,0.0,True
e851d82021,66.8,d,casa_aislada,estufa a gas,calefont,1.9,1.9,0.47,0.47,-1,0.0,True
a3ec162024,64.0,d,depto,no posee,caldera mural de condensación,1.9,1.9,0.47,0.47,-1,0.0,True
b014792018,52.2,d,depto,no posee,calefont 10 litros tiro forzado,1.7,1.7,0.38,0.38,11,0.027535907028424733,False
0494dd2025,42.8,b,depto,0,"calefon junkers wr13-2 km e31 s4305, 13 litros, gas licuado",4.0,4.0,0.84,0.84,-1,0.0,True
c73d242023,40.8,d,depto,no posee,caldera a condensación,1.9,1.9,0.47,0.47,18,1.0,False
3cb6c12023,52.6,f,depto,no aplica,calefont glp,1.6,1.6,0.33,0.33,-1,0.0,True
62ec7c2020,46.2,f,casa_pareada,no posee,calefont glp,1.7,1.7,0.38,0.38,27,1.0,False
9d9ce02025,66.8,d,casa_pareada,0,calefont 10 litros tiro forzado,1.9,1.9,0.47,0.47,-1,0.0,True
16c9db2025,46.2,c,depto,no posee,caldera de condensación ares tec 770,3.0,3.0,0.0,0.0,-1,0.0,True
6fc1922025,59.5,d,casa_aislada,0,"calefón junkers w13 kb31 13 litros, gas licuado con potencia",1.9,1.9,0.47,0.47,-1,0.0,True
f525ee2021,34.6,c,depto,no posee,termo electrico 60 lts,3.0,3.0,0.6,0.6,-1,0.0,True
c87d722023,72.0,a,depto,no posee,"termo eléctrico marca junkers, modelo elacell excellence",4.0,4.0,0.84,0.84,-1,0.0,True
0f278a2025,66.8,d,casa_pareada,no posee,calefont 7 litros tiro forzado,1.7,1.7,0.38,0.38,-1,0.0,True
0eed7b2021,66.8,d,casa_aislada,estufa a gas,calefont,1.9,1.9,0.47,0.47,-1,0.0,True
3d26482020,69.3,d,depto,no posee,caldera condensación,1.9,1.9,0.47,0.47,13,0.21333333973959112,False
b8ae7e2021,31.1,c,depto,no posee,"central térmica calefont condensación, gas licuado, bosch,",4.0,4.0,0.84,0.84,-1,0.0,True
b0038f2026,85.3,a,depto,central termica calderas de gas natural,central termica calderas de gas natural,4.0,4.0,0.84,0.84,-1,0.0,True
bc01142026,26.9,d,depto,no posee,caldera condensación,1.9,1.9,0.47,0.47,13,1.0,False
a516ff2022,91.6,d,casa_pareada,no posee,calefont tiro forzado,1.7,1.7,0.38,0.38,7,1.0,False
61e5312025,55.5,d,casa_pareada,no posee,calefont 7 litros tiro forzado,1.7,1.7,0.38,0.38,45,1.0,False
a544422024,35.3,d,depto,no considera,caldera con condensación,1.9,1.9,0.47,0.47,53,0.8684210226854308,False
2f4a922025,44.8,g,casa_aislada,no posee,calefont 7 litros,1.1,1.1,0.28,0.28,17,1.0,False
adc6e62021,45.0,d,casa_pareada,no posee,calefont 7 litros tiro forzado,1.9,1.9,0.47,0.47,42,1.0,False
51f3e32024,52.8,d,casa_pareada,no posee,calefont glp,1.9,1.9,0.47,0.47,39,1.0,False
a7e9f92024,52.3,d,depto,no posee,calefont 10 litros tiro forzado,1.9,1.9,0.47,0.47,11,1.0,False
d33a6f2022,41.4,f,casa_aislada,no posee,calefont glp,1.6,1.6,0.33,0.33,19,1.0,False
4287ed2025,53.5,a,depto,no posee,"calefon junkers wd10 km e31 s4300, de 10 l y 18,2 kw",4.0,4.0,0.84,0.84,-1,0.0,True
9e54142023,49.3,c,depto,no aplica,calefont glp,4.0,4.0,0.84,0.84,-1,0.0,True
1c88da2025,49.4,e,depto,no posee,calefont 7 litros tiro forzado,1.7,1.7,0.38,0.38,54,1.0,False
69cb9e2023,58.9,f,depto,no aplica,calefont glp,1.6,1.6,0.33,0.33,-1,0.0,True
c510632025,48.5,d,depto,no posee,calefont glp,1.9,1.9,0.47,0.47,44,1.0,False
66827b2021,61.3,d,casa_pareada,no posee,calefont,1.7,1.7,0.38,0.38,9,1.0,False
1c512a2025,52.8,c,depto,no posee,calefont 7 litros tiro forzado,4.0,4.0,0.84,0.84,3,1.0,False
789e0d2022,128.8,d,depto,caldera mixta mural tipo forzado,caldera mixta mural tipo forzado,1.0,1.0,0.0,0.0,-1,0.0,True
4f2e6b2025,48.7,g,casa_aislada,no posee,calefon,1.1,1.1,0.28,0.28,17,1.0,False
4029012024,53.1,b,casa_pareada,0,"calefón junkers smart w13 kb 31 s4395 13 litros, gas licuado",4.0,4.0,0.84,0.84,-1,0.0,True
738fac2025,32.6,e,depto,no posee,calefont 7 litros tiro forzado,1.7,1.7,0.38,0.38,54,0.3111111004340148,False
1c0a622021,42.4,d,casa_pareada,no posee,calefont glp,1.9,1.9,0.47,0.47,40,0.0,False
2c7f4e2024,32.7,d,depto,no posee,caldera condensación,1.9,1.9,0.47,0.47,13,0.9411765026511915,False
129f392026,46.2,d,depto,"no posee, departamentos consideran enchufe de fuerza para",termo eléctrico,1.9,1.9,0.47,0.47,-1,0.0,True
8865a02024,47.7,f,depto,no posee,calefont glp,1.6,1.6,0.33,0.33,29,1.0,False
0c14bf2024,30.3,d,depto,no posee,central de calderas a condensación,1.9,1.9,0.47,0.47,-1,0.0,True
d522252025,40.2,c,depto,no posee,calefont 11 litros tiro forzado,3.0,3.0,0.6,0.6,-1,0.0,True
bc44432026,111.2,d,casa_aislada,no posee,calefon tiro forzado,1.9,1.9,0.47,0.47,-1,0.0,True
dce3af2025,59.5,a,depto,no posee,calefont 7 litros tiro forzado,4.0,4.0,0.84,0.84,6,1.0,False
1bc9ff2021,29.1,d,depto,no posee,estanque eléctrico 189 l,1.9,1.9,0.47,0.47,-1,0.0,True
f3d8612022,51.9,d,casa_pareada,no posee,calefont 10 litros tiro forzado,1.9,1.9,0.47,0.47,36,1.0,False
0bd1752024,57.3,d,depto,no posee,"el edificio cuenta con 4 calderas baxi luna duo-tec mp 1.110,",1.9,1.9,0.47,0.47,-1,0.0,True
0d1dbb2019,28.7,d,depto,no posee,"5 calderas murales de condensación a gas natural, baxi luna",1.9,1.9,0.47,0.47,-1,0.0,True
8481322025,53.1,c,casa_pareada,0,"calefón junkers smart wr13-2 km e31 s4305 13 litros, gas",4.0,4.0,0.84,0.84,-1,0.0,True
dfe6402023,28.7,d,depto,no considera,calefón de condensación,1.9,1.9,0.47,0.47,-1,0.0,True
aaae8c2026,25.4,d,depto,no posee,sala de calderas modular (gas natural),1.9,1.9,0.47,0.47,-1,0.0,True
8a85bb2022,40.9,d,depto,no posee,el edificio cuenta con 2 calderas de gas natural ivar super,1.9,1.9,0.47,0.47,-1,0.0,True
2e84692026,33.4,d,depto,no posee,calefont 7 litros tiro forzado,1.9,1.9,0.47,0.47,57,1.0,False
394c492025,54.3,a,depto,no posee,calefont 7 litros tiro forzado,4.0,4.0,0.84,0.84,5,1.0,False
47bd8c2022,61.0,d,casa_pareada,no posee,calefont 10 litros tiro forzado,1.9,1.9,0.47,0.47,36,0.2857142711676701,False
583e0f2025,47.0,d,casa_pareada,no posee,calefont 7 litros tiro forzado,1.7,1.7,0.38,0.38,41,1.0,False
f92ec32023,49.9,d,depto,no posee,calefont glp,3.0,3.0,0.6,0.6,37,1.0,False
5899962022,79.4,d,casa_pareada,no posee,calefont tiro forzado,1.7,1.7,0.38,0.38,7,1.0,False
f44ae12020,43.1,c,depto,no considera,calefon con condensación,3.0,3.0,0.6,0.6,-1,0.0,True
d4d20b2026,58.6,i,casa_pareada,no posee,calefont 7 litros tiro forzado,0.6,0.6,0.25,0.25,-1,0.0,True
5cbf892023,43.7,f,casa_aislada,estufa a pellets bosca ecosmart,calefont 7 litros tiro forzado,1.6,1.6,0.33,0.33,-1,0.0,True
5deefb2025,28.9,d,depto,no posee,sala de calderas,1.9,1.9,0.47,0.47,12,1.0,False
c93b7c2025,38.9,e,depto,no posee,calefont 7 litros tiro forzado,1.7,1.7,0.38,0.38,54,0.3999999823501063,False
d92f0c2024,81.7,f,casa_pareada,no posee,calefont 7 litros tiro forzado,1.7,1.7,0.38,0.38,16,0.035856575237263794,False
07742b2025,44.5,f,casa_pareada,no posee,calefont 7 litros tiro forzado,1.7,1.7,0.38,0.38,16,1.0,False
a471342026,53.1,d,casa_pareada,calefactor electrico,calefont 8 litros gl,1.7,1.7,0.38,0.38,-1,0.0,True
6bab042025,65.6,d,depto,no posee,el proyecto cuenta con 5 calefón de gas natural bosch modelo,1.9,1.9,0.47,0.47,-1,0.0,True
dba39a2025,53.1,c,casa_pareada,0,"calefón junkers smart wr13-2 km e31 s4305 13 litros, gas",4.0,4.0,0.84,0.84,-1,0.0,True
6ad72f2024,54.4,d,depto,no posee,caldera de condensación,1.9,1.9,0.47,0.47,28,0.7843137623032198,False
2c991a2019,43.3,e,casa_aislada,no posee,calefont glp,1.7,1.7,0.38,0.38,21,0.14285714285714285,False
e093812025,46.7,e,depto,no posee,calefont 7 litros tiro forzado,1.7,1.7,0.38,0.38,54,0.9333333333333333,False
ce6a752024,30.9,d,depto,0,caldera de condensacion,1.9,1.9,0.47,0.47,-1,0.0,True
2e7d8b2024,34.4,d,depto,caldera mural,caldera mural,1.7,1.7,0.38,0.38,-1,0.0,True
d9eb932026,50.3,c,depto,no posee,termo eléctrico,4.0,4.0,0.84,0.84,-1,0.0,True
a6d01e2023,58.6,d,depto,no posee,calefont 7 litros tiro forzado,1.9,1.9,0.47,0.47,-1,0.0,True
6009b52024,32.0,d,depto,no posee,"el edificio cuenta con 5 calderas de gas natural, riello condexa",1.9,1.9,0.47,0.47,-1,0.0,True
c616312021,31.5,d,depto,no considera,central termica,1.9,1.9,0.47,0.47,-1,0.0,True
6ded2f2022,49.9,d,depto,no posee,calefont glp,3.0,3.0,0.6,0.6,37,1.0,False
01bc112022,41.4,f,casa_aislada,no posee,calefont glp,1.6,1.6,0.33,0.33,19,1.0,False
b8d3022026,45.0,d,depto,no considera,caldera a condensación,1.9,1.9,0.47,0.47,-1,0.0,True
1b8b332019,47.2,d,depto,no posee,calefont 7 litros tiro forzado,1.9,1.9,0.47,0.47,61,1.0,False
8ebaa92025,43.3,e,depto,no posee,calefont 7 litros tiro forzado,1.7,1.7,0.38,0.38,54,1.0,False
2f13452023,54.0,f,casa_pareada,no aplica,calefont glp,1.6,1.6,0.33,0.33,26,1.0,False
decc452025,60.1,d,depto,radiador anwo rd 500-900,"caldera condensación y bomba calor bosch condens 5000,",1.9,1.9,0.47,0.47,-1,0.0,True
41f7da2025,55.4,a,depto,no posee,"termo eléctrico anwo van200l, potencia 3.0 kw",4.0,4.0,0.84,0.84,4,1.0,False
5b74ec2023,41.5,d,depto,no posee,termo eléctrico pro eco evo primaterm 150lt,1.9,1.9,0.47,0.47,-1,0.0,True
c1d7432023,57.7,d,depto,no posee,calefont tiro forzado,1.7,1.7,0.38,0.38,24,1.0,False
fadc6d2026,56.6,f,casa_pareada,no posee,calefont 7 litros tiro forzado,1.7,1.7,0.38,0.38,16,0.1551724188430507,False
8d38b52022,48.6,d,depto,no posee,"calefont 13 litros, splendid",3.0,3.0,0.6,0.6,-1,0.0,True
9b906b2022,28.3,d,depto,no existe,sistema de calentamiento de agua con estanque eléctrico,1.9,1.9,0.47,0.47,-1,0.0,True
e1653c2023,49.6,d,depto,no posee,calderas de condensación murales,1.9,1.9,0.47,0.47,-1,0.0,True
c2efdd2021,39.7,d,depto,no posee,calefon de condensación,1.9,1.9,0.47,0.47,50,0.00881953798648314,False
cb55692024,51.6,d,casa_pareada,no posee,calefont glp,1.9,1.9,0.47,0.47,39,1.0,False
c8000a2026,98.8,c,casa_aislada,no posee,calefón 15 lts gas natural tiro forzado,4.0,4.0,0.84,0.84,-1,0.0,True
9304ba2021,45.0,d,casa_pareada,no posee,calefont 7 litros tiro forzado,1.9,1.9,0.47,0.47,42,1.0,False
b4d7da2023,43.7,f,casa_aislada,estufa a pellets bosca ecosmart,calefont 7 litros tiro forzado,1.6,1.6,0.33,0.33,-1,0.0,True
67874a2023,47.3,g,casa_aislada,no posee,calefont 12 litros tiro forzado,1.6,1.6,0.33,0.33,-1,0.0,True
d5382b2022,50.8,d,depto,no posee,calefont 10 litros tiro forzado,3.0,3.0,0.6,0.6,11,0.009571054886205977,False
c2e8742024,47.0,a,depto,no posee,calefont 7 litros tiro forzado,4.0,4.0,0.84,0.84,-1,0.0,True
5330ab2024,41.6,d,depto,no aplica,3 calderas murales de condensación,1.9,1.9,0.47,0.47,-1,0.0,True
6c33362023,68.9,f,casa_aislada,no posee,calefont 10 litros tiro forzado,1.6,1.6,0.33,0.33,15,0.33563144940949097,False
deb7452026,49.4,f,depto,no posee,calefont 7 litros tiro forzado,1.6,1.6,0.33,0.33,32,1.0,False
fc8f1d2025,43.7,b,casa_pareada,no posee,calefont glp,3.0,3.0,0.6,0.6,-1,0.0,True
d549192022,52.3,d,depto,no posee,calefont glp,1.9,1.9,0.47,0.47,47,1.0,False
2067bc2024,53.6,d,casa_pareada,no posee,calefont glp,1.9,1.9,0.47,0.47,39,1.0,False
c268ee2026,52.3,e,casa_pareada,calefactor electrico,calefont 10 litros gl,1.7,1.7,0.38,0.38,-1,0.0,True
d4a5632020,58.3,f,casa_aislada,no posee,calefont 10 litros tiro forzado,1.7,1.7,0.38,0.38,15,1.0,False
e8fa952021,48.1,d,depto,no posee,calefont glp,1.9,1.9,0.47,0.47,44,0.0,False
e587f82025,49.3,d,depto,no posee,calefont 7 litros tiro forzado,1.9,1.9,0.47,0.47,60,1.0,False
753c3b2026,22.1,f,depto,no posee,termo eléctrico,1.6,1.6,0.33,0.33,-1,0.0,True
6b941d2025,46.1,g,depto,no posee,calefont glp,1.6,1.6,0.33,0.33,-1,0.0,True
215c912025,50.8,d,depto,no posee,calefont glp,1.9,1.9,0.47,0.47,48,1.0,False
fffa8e2021,77.5,d,casa_pareada,no posee,calefón,1.9,1.9,0.47,0.47,-1,0.0,True
f29e682024,54.4,a,depto,no posee,termo electrico 120 litros,4.0,4.0,0.84,0.84,-1,0.0,True
7fbede2019,53.3,f,casa_aislada,estufa a parafina marca toyotomi modelo ff-v30 el que tiene,calefon marca mademsa modelo forzada tfm 10 eco gl/gn,1.6,1.6,0.33,0.33,-1,0.0,True
4fd6612025,48.0,d,depto,no posee,calefont 10 litros tiro forzado,1.9,1.9,0.47,0.47,11,1.0,False
76046c2025,61.4,f,depto,no posee,calefont tiro forzado rheem 14 l,1.7,1.7,0.38,0.38,-1,0.0,True
4550e72022,46.3,f,casa_pareada,no posee,calefont 10 litros tiro forzado,1.6,1.6,0.33,0.33,-1,0.0,True
e3deba2022,52.6,d,casa_pareada,no posee,calefont 10 litros tiro forzado,1.9,1.9,0.47,0.47,36,1.0,False
c080102025,81.7,d,casa_pareada,no posee,calefont 7 litros tiro forzado,1.7,1.7,0.38,0.38,-1,0.0,True
359b0c2023,44.0,c,depto,no posee,calefont 7 litros tiro forzado,4.0,4.0,0.84,0.84,3,0.3448275944704466,False
846e1b2021,32.4,d,depto,no posee,calefont a condensación,1.9,1.9,0.47,0.47,-1,0.0,True
ed5d582023,49.9,d,depto,no posee,calefont glp,3.0,3.0,0.6,0.6,37,1.0,False
21fbba2023,51.5,d,casa_pareada,no posee,calefont 7 litros tiro forzado,1.7,1.7,0.38,0.38,-1,0.0,True
ead10e2024,51.0,d,depto,no posee,calefont,1.9,1.9,0.47,0.47,50,1.0,False
1e89082023,49.3,c,depto,no aplica,calefont glp,4.0,4.0,0.84,0.84,-1,0.0,True
0c55662022,51.8,d,casa_pareada,no posee,calefont 10 litros tiro forzado,1.7,1.7,0.38,0.38,36,0.02654312861602531,False
ca84cc2023,41.2,f,casa_aislada,no aplica,calefont glp,1.6,1.6,0.33,0.33,-1,0.0,True
40e7722019,42.2,g,casa_aislada,no posee,calefont 7 litros tiro forzado,1.1,1.1,0.28,0.28,-1,0.0,True
8b27bd2025,48.6,d,depto,no posee,sistema centralizado a gas natural.,1.9,1.9,0.47,0.47,-1,0.0,True
9d5c722021,51.9,d,casa_pareada,no posee,calefont 10 litros tiro forzado,1.9,1.9,0.47,0.47,36,1.0,False
2423482023,51.9,b,depto,no posee,calefont 7 litros tiro forzado,4.0,4.0,0.84,0.84,3,0.00339213025673568,False
584e4a2025,46.8,f,casa_aislada,no posee,calefont glp,1.7,1.7,0.38,0.38,19,0.056458454608419154,False
c5986a2022,77.5,d,casa_pareada,no posee,calefón,1.9,1.9,0.47,0.47,-1,0.0,True
872f6a2025,83.8,c,depto,no posee,calefont 7 litros tiro forzado,4.0,4.0,0.84,0.84,3,0.033898307169927894,False
d8bfe22022,56.8,d,depto,no posee,el edificio cuenta con 2 calderas de gas natural ivar super,1.9,1.9,0.47,0.47,-1,0.0,True
61b91e2025,57.0,d,depto,no posee,calefont 7 litros tiro forzado,1.9,1.9,0.47,0.47,-1,0.0,True
013d4e2020,30.4,g,depto,no considera,"calefon, tiro forzado",1.6,1.6,0.33,0.33,-1,0.0,True
1e44722024,34.0,d,depto,no posee,central térmica. caldera de condensación con acumuladores,1.9,1.9,0.47,0.47,-1,0.0,True
21f8e62022,45.0,d,casa_pareada,no posee,calefont,1.9,1.9,0.47,0.47,10,1.0,False
927cb22026,58.2,d,depto,no posee,calefont tiro forzado,1.7,1.7,0.38,0.38,24,1.0,False
f5aefc2024,49.8,g,depto,no posee,calefont 10 litros tiro forzado,1.1,1.1,0.28,0.28,23,1.0,False
07ad1e2020,51.0,d,depto,no posee,calefont glp,1.9,1.9,0.47,0.47,48,1.0,False
00b8ca2026,53.0,d,depto,no posee,calefont glp,1.9,1.9,0.47,0.47,-1,0.0,True
d9f6072019,51.0,d,depto,no posee,calefont glp,1.9,1.9,0.47,0.47,48,1.0,False
c561572024,57.8,e,depto,sin sistema,calefont,1.7,1.7,0.38,0.38,35,1.0,False
6ad3dc2024,50.3,g,casa_aislada,no posee,calefont glp,1.6,1.6,0.33,0.33,20,1.0,False
106ca92025,57.8,d,depto,no posee,calefont,1.9,1.9,0.47,0.47,50,1.0,False
9c97632024,49.4,d,depto,no posee,calefont junkers hydrowind wtd15-kme,1.9,1.9,0.47,0.47,-1,0.0,True
1be1882024,48.6,g,depto,no posee,calefont 7 litros tiro forzado,1.1,1.1,0.28,0.28,22,0.045976585582855785,False
a7126f2023,37.0,a,depto,no posee,"termo eléctrico marca junkers, modelo elacell excellence",4.0,4.0,0.84,0.84,-1,0.0,True
3324572023,32.3,d,depto,no posee,la torre cuenta con 2 calderas de gas natural sime modelo,1.9,1.9,0.47,0.47,-1,0.0,True
6ccaa42025,64.1,d,depto,no posee,calefont 7 litros tiro forzado,1.9,1.9,0.47,0.47,-1,0.0,True
0bd1762024,52.3,d,depto,no posee,caldera modular de condensación,1.9,1.9,0.47,0.47,-1,0.0,True
c635422024,46.0,d,depto,no posee,central de calderas a condensación,1.9,1.9,0.47,0.47,-1,0.0,True
cb07d52026,51.1,f,casa_aislada,no posee,calefont glp,1.6,1.6,0.33,0.33,19,0.4054053884839404,False
ea9f462023,45.4,c,depto,no posee,calefont,3.0,3.0,0.6,0.6,-1,0.0,True
1123f62026,44.4,e,depto,no posee,calefont 7 litros tiro forzado,1.7,1.7,0.38,0.38,54,1.0,False
fb4f0d2026,47.6,d,depto,no posee,calefont 7 litros tiro forzado,1.7,1.7,0.38,0.38,56,1.0,False
3c108e2021,45.0,d,casa_pareada,no posee,calefont 7 litros tiro forzado,1.9,1.9,0.47,0.47,42,1.0,False
101aa22022,48.7,g,depto,no posee,caldera mural rinnai eco 16/17 gn,1.1,1.1,0.28,0.28,-1,0.0,True
453ab92021,33.7,d,depto,no considera,calefont,1.9,1.9,0.47,0.47,50,0.00881953798648314,False
6a1ac72025,46.5,d,depto,no posee,calefont 7 litros tiro forzado,1.9,1.9,0.47,0.47,59,1.0,False
5897ba2025,128.4,d,casa_aislada,no posee,calefont 7 litros tiro forzado,1.9,1.9,0.47,0.47,33,0.2681159472190405,False
46755e2024,93.8,d,casa_aislada,estufa a gas,calefont,1.9,1.9,0.47,0.47,-1,0.0,True
d2ee182024,66.4,e,casa_aislada,no posee,calefont 7 litros tiro forzado,1.7,1.7,0.38,0.38,33,0.012550881504633415,False
e5823e2025,47.4,b,depto,no posee,"calefont 10 litros tiro forzado, cámara abierta",4.0,4.0,0.84,0.84,-1,0.0,True
6fd38e2026,48.5,d,depto,no posee,calefont glp,1.9,1.9,0.47,0.47,44,1.0,False
9982ca2023,47.4,a,depto,no posee,"calefon splendid mvg tfi de 10 litros, de 17,6 kw potencia",4.0,4.0,0.84,0.84,4,1.0,False
b47e472019,43.5,d,depto,no posee,calefont,1.9,1.9,0.47,0.47,50,0.6842104707015143,False
9d00892025,46.7,f,casa_pareada,no posee,calefón,1.7,1.7,0.38,0.38,-1,0.0,True
54235e2026,53.1,d,casa_pareada,no posee,calefont 14 litros,1.9,1.9,0.47,0.47,-1,0.0,True
bce5e62024,47.2,d,depto,0,calefont 10 litros tiro forzado,1.7,1.7,0.38,0.38,-1,0.0,True
9350562023,51.8,d,casa_aislada,no posee,"calefón splendid de 10 litros, master 10l, gas licuado, potencia",3.0,3.0,0.6,0.6,-1,0.0,True
37cd9b2025,46.8,f,casa_aislada,no posee,calefont glp,1.7,1.7,0.38,0.38,19,0.056458454608419154,False
c32d7d2025,57.9,d,depto,no posee,calefont 7 litros tiro forzado,1.0,1.0,0.0,0.0,2,0.9873121886311254,False
f559cb2021,43.3,e,casa_aislada,no posee,calefont glp,1.7,1.7,0.38,0.38,21,0.14285714285714285,False
8ab8092025,40.9,d,depto,no posee,el proyecto cuenta con 5 calefón de gas natural bosch modelo,1.9,1.9,0.47,0.47,-1,0.0,True
877b4e2024,32.6,d,depto,no posee,el edificio cuenta con 5 calefont de condensación marca navien,1.9,1.9,0.47,0.47,-1,0.0,True
857ecd2025,45.8,d,depto,no posee,central de agua caliente para suministro de todos los departamentos,1.9,1.9,0.47,0.47,-1,0.0,True
ca251a2020,53.1,d,depto,no posee,calefont 7 litros tiro forzado,1.9,1.9,0.47,0.47,58,1.0,False
7e44e82023,44.6,d,depto,no posee,caldera a condensación,1.9,1.9,0.47,0.47,18,1.0,False
438f272026,52.5,d,depto,calefactor electrico,calefont 10 litros gl,1.9,1.9,0.47,0.47,0,1.0,False
a4b5e62025,50.9,d,depto,no posee,calefont 7 litros tiro forzado,1.7,1.7,0.38,0.38,56,0.3529411671188933,False
fade872021,53.3,f,casa_aislada,estufa a parafina marca toyotomi modelo ff-v30 el que tiene,calefon marca mademsa modelo forzada tfm 10 eco gl/gn,1.6,1.6,0.33,0.33,-1,0.0,True
8e445a2025,67.2,d,depto,no posee,caldera de condensación,1.9,1.9,0.47,0.47,28,0.2395209699341771,False
6e21342023,28.7,d,depto,no posee,calofón de condensación,1.9,1.9,0.47,0.47,-1,0.0,True
8d7b2f2026,43.7,d,depto,no posee,"por definir, por defecto.",1.9,1.9,0.47,0.47,-1,0.0,True
7c28362026,51.3,b,depto,0,"calefón junkers hidrowind wr13-2 km e31 s4305 13 litros,",4.0,4.0,0.84,0.84,-1,0.0,True
f41eb52025,47.0,e,casa_pareada,no posee,calefont 7 litros tiro forzado,1.7,1.7,0.38,0.38,34,1.0,False
75f3592022,41.4,f,casa_aislada,no posee,calefont glp,1.6,1.6,0.33,0.33,19,1.0,False
4f9cf52025,71.3,d,depto,caldera mural,caldera mural,1.7,1.7,0.38,0.38,-1,0.0,True
0408502021,46.4,d,depto,no considera,calefon,1.9,1.9,0.47,0.47,-1,0.0,True
5d1a7b2023,51.8,c,depto,no posee,calefont 7 litros tiro forzado,4.0,4.0,0.84,0.84,3,1.0,False
feaebe2024,84.6,e,depto,no posee,centralizado a gas natural,1.7,1.7,0.38,0.38,-1,0.0,True
e878142026,60.8,f,casa_pareada,no posee,calefont glp,1.7,1.7,0.38,0.38,27,0.0,False
6c56da2023,50.8,d,depto,no aplica,calefont glp,1.9,1.9,0.47,0.47,-1,0.0,True
cb3a802025,53.1,d,casa_pareada,no posee,calefont glp,1.9,1.9,0.47,0.47,39,1.0,False
4ac4992022,48.9,d,depto,no posee,calefont 10 litros tiro forzado,3.0,3.0,0.6,0.6,11,0.009571054886205977,False
a9170b2023,52.0,f,casa_aislada,no aplica,calefont glp,1.7,1.7,0.38,0.38,-1,0.0,True
2afaf12019,33.0,d,depto,no posee,caldera de condensación,1.9,1.9,0.47,0.47,28,1.0,False
0ed1a72021,48.4,d,depto,no posee,calefont 7 litros tiro forzado,1.9,1.9,0.47,0.47,60,1.0,False
1cd9182024,49.5,f,casa_aislada,no posee,calefont 7 litros tiro forzado,1.7,1.7,0.38,0.38,14,1.0,False
be28ac2026,54.8,d,depto,calefactor electrico,calefont 10 litros gl,1.9,1.9,0.47,0.47,0,1.0,False
023c0d2019,48.8,f,casa_aislada,estufa a parafina marca toyotomi modelo ff-v30 el que tiene,calefon marca mademsa modelo forzada tfm 10 eco gl/gn,1.6,1.6,0.33,0.33,-1,0.0,True
534fd22025,75.2,d,depto,no posee,calefon,1.9,1.9,0.47,0.47,-1,0.0,True
9331232020,77.8,d,casa_aislada,estufa kerosene 3 kw,calefon tiro natural 10 lts +sst,1.7,1.7,0.38,0.38,1,1.0,False
6306622023,37.0,a,depto,no posee,"termo eléctrico marca junkers, modelo elacell excellence",4.0,4.0,0.84,0.84,-1,0.0,True
6b752e2025,29.9,d,depto,no posee,el edificio cuenta con 7 calderas condensación de gas natural,1.9,1.9,0.47,0.47,-1,0.0,True
12b7992025,50.8,f,casa_pareada,no posee,calefont 7 litros tiro forzado,1.7,1.7,0.38,0.38,16,0.2647058810169847,False
2280052025,38.0,d,depto,no posee,calefont 7 litros tiro forzado,1.9,1.9,0.47,0.47,-1,0.0,True
68ee172023,46.4,d,depto,no posee,calefont 7 litros tiro forzado,1.9,1.9,0.47,0.47,59,1.0,False
cfdb572025,27.1,d,depto,sin sistema,caldera,1.9,1.9,0.47,0.47,-1,0.0,True
af2ee72024,49.8,g,depto,no posee,calefont 10 litros tiro forzado,1.1,1.1,0.28,0.28,23,1.0,False
d8c7232018,39.5,g,,radiador eléctrico,calefont 7 litros tiro forzado,1.1,1.1,0.28,0.28,-1,0.0,True
f00b1c2023,55.5,d,casa_pareada,no posee,calefont 7 litros tiro forzado,1.7,1.7,0.38,0.38,45,1.0,False
099b5e2021,45.4,g,depto,no posee,calefont 7 litros tiro forzado,1.6,1.6,0.33,0.33,22,0.875,False
3470582024,93.8,d,casa_aislada,estufa a gas,calefont,1.9,1.9,0.47,0.47,-1,0.0,True
4072402019,56.0,d,depto,,,1.9,1.9,0.47,0.47,-1,0.0,True
8824222020,55.2,d,casa_aislada,no posee,calefont glp,1.9,1.9,0.47,0.47,-1,0.0,True
750e722025,63.4,a,depto,no posee,termo eléctrico,4.0,4.0,0.84,0.84,-1,0.0,True
0e7ba22024,53.3,d,depto,no posee,calefont 7 litros tiro forzado,1.9,1.9,0.47,0.47,58,1.0,False
d7ab6a2024,52.8,d,depto,no posee,bomba de calor,1.9,1.9,0.47,0.47,-1,0.0,True
d8f9012025,48.3,e,casa_aislada,no posee,calefont glp,1.7,1.7,0.38,0.38,21,1.0,False
4471b12021,93.4,d,casa_aislada,no posee,calefont,1.7,1.7,0.38,0.38,-1,0.0,True
aa92892025,40.2,d,depto,no posee,caldera centralizada,1.7,1.7,0.38,0.38,-1,0.0,True
aa43242023,52.7,f,casa_pareada,no posee,"calefon splendid tn 10 litros, gas licuado.",1.7,1.7,0.38,0.38,-1,0.0,True
fd7e0c2025,42.3,b,depto,no posee,calefont glp,3.0,3.0,0.6,0.6,-1,0.0,True
64329d2025,57.8,d,casa_pareada,no posee,calefont 7 litros tiro forzado,1.7,1.7,0.38,0.38,46,1.0,False
a36b372024,49.5,d,casa_pareada,no posee,calefont,1.9,1.9,0.47,0.47,10,1.0,False
517f352025,57.8,c,depto,no posee,calefont 7 litros tiro forzado,3.0,3.0,0.6,0.6,51,0.6727272441373634,False
41758d2020,77.8,d,casa_aislada,estufa kerosene 3 kw,calefon tiro natural 10 lts +sst,1.7,1.7,0.38,0.38,1,1.0,False
458cb82022,45.8,a,depto,no posee,"calefon splendid sb tfi 10 2 ev de 10 litros, gas licuado",4.0,4.0,0.84,0.84,-1,0.0,True
a269e62026,48.5,d,depto,no posee,calefont glp,1.9,1.9,0.47,0.47,44,1.0,False
d25aaf2021,66.6,a,depto,no posee,calefont 7 litros tiro forzado,4.0,4.0,0.84,0.84,-1,0.0,True
f1bd9c2025,34.8,d,depto,no posee,termo eléctrico,1.9,1.9,0.47,0.47,8,1.0,False
a392492026,44.8,f,casa_pareada,bomba de calor tipo aire acondicionado aire-aire,calefont 7l gl splendid master,1.7,1.7,0.38,0.38,-1,0.0,True
38183b2018,47.2,d,depto,no posee,calefont 7 litros tiro forzado,1.9,1.9,0.47,0.47,61,1.0,False
8ed2c72026,57.8,d,depto,no posee,calefont 10 litros tiro forzado,1.9,1.9,0.47,0.47,11,0.5094339765587429,False
761b792024,57.3,d,casa_pareada,no posee,calefont glp,1.9,1.9,0.47,0.47,-1,0.0,True
c08a2a2025,50.8,f,casa_pareada,no posee,calefont 7 litros tiro forzado,1.7,1.7,0.38,0.38,16,0.2647058810169847,False
1591e22022,52.8,d,depto,no considera,caldera con condensación,1.9,1.9,0.47,0.47,53,0.6470588342170638,False
8569aa2024,47.7,f,depto,no posee,calefont glp,1.6,1.6,0.33,0.33,29,1.0,False
Base Pareada 42331b2018,58.7,d,casa_pareada,no posee,calefont 7 litros tiro forzado,1.7,1.7,0.38,0.38,46,1.0,False
9a556c2026,44.9,d,depto,no posee,caldera condensación,1.9,1.9,0.47,0.47,13,1.0,False
d187112021,51.6,e,casa_pareada,estufa kerosene 3 kw,calefon tiro natural 10 lts +sst,1.7,1.7,0.38,0.38,1,1.0,False
7aad7d2022,32.6,d,depto,no posee,caldera de condensación,1.9,1.9,0.47,0.47,28,1.0,False
19e76a2024,58.3,d,depto,no considera,"calefont 13 litros, tiro forzado.",1.9,1.9,0.47,0.47,-1,0.0,True
dfb9de2025,59.5,d,casa_pareada,0,calefont 10 litros tiro forzado,1.7,1.7,0.38,0.38,-1,0.0,True
3bde072018,42.9,g,,no posee,calefont 7 litros tiro forzado,1.1,1.1,0.28,0.28,-1,0.0,True
6a32e42019,52.3,i,depto,"calefactor a gas natural, 35.000 btu","calefont a gas natural, marca neckar de 13 litros",0.6,0.6,0.25,0.25,-1,0.0,True
523e6f2024,28.5,d,depto,no posee,termo eléctrico 100 l,1.9,1.9,0.47,0.47,-1,0.0,True
ff11192026,46.5,d,depto,no posee,calefont 7 litros tiro forzado,1.9,1.9,0.47,0.47,59,1.0,False
f2aef12023,52.2,g,depto,no posee,calefont 7 litros tiro forzado,1.6,1.6,0.33,0.33,22,1.0,False
5307a12020,30.8,g,depto,no posee,"calefont, tiro forzado",1.6,1.6,0.33,0.33,-1,0.0,True
d895062023,54.0,f,casa_pareada,no aplica,calefont glp,1.6,1.6,0.33,0.33,26,1.0,False
7960032025,44.5,d,casa_pareada,no posee,calefont glp,1.9,1.9,0.47,0.47,40,0.0,False
8aa8d62023,50.8,f,casa_pareada,no aplica,calefont glp,1.6,1.6,0.33,0.33,26,1.0,False
aa1b7b2026,47.6,d,depto,no posee,calefont 7 litros tiro forzado,1.7,1.7,0.38,0.38,56,1.0,False
3c30d52025,51.6,f,depto,no posee,calefont 7 litros tiro forzado,1.7,1.7,0.38,0.38,31,1.0,False
33c3fc2025,59.5,d,casa_aislada,0,"calefón junkers hidrowind wr13-2 km e31 s4305 13 litros,",1.9,1.9,0.47,0.47,-1,0.0,True
7580762024,59.5,d,depto,no posee,"caldera de tipo condensación, 900kw marca inmergas modelo",1.9,1.9,0.47,0.47,-1,0.0,True
f6b4482021,51.7,d,depto,no posee,calefont glp,1.9,1.9,0.47,0.47,-1,0.0,True
3ef6e72024,36.9,d,depto,no posee,caldera,1.9,1.9,0.47,0.47,-1,0.0,True
6c357c2024,52.2,b,depto,no posee,calefont 7 litros tiro forzado,4.0,4.0,0.84,0.84,3,0.00339213025673568,False
34a3ed2023,57.6,d,depto,no posee,calefont 7 litros tiro forzado,3.0,3.0,0.6,0.6,55,0.8500000115827424,False
d5ec332026,31.4,d,depto,no posee,termo eléctrico marca winter 80 lt mural.,1.0,1.0,0.0,0.0,2,0.9986490946831411,False
1e238c2022,60.0,c,casa_pareada,no posee,"calefon tiro natural, modelo master de 7 lts,",4.0,4.0,0.84,0.84,-1,0.0,True
4033ac2025,66.8,d,casa_pareada,no posee,calefont 7 litros tiro forzado,1.7,1.7,0.38,0.38,-1,0.0,True
92cbb72021,50.3,g,depto,radiadores eléctricos,termo eléctrico 155lts,1.0,1.0,0.0,0.0,-1,0.0,True
cfd8302025,34.6,d,depto,central termica calderas de gas natural,central termica calderas de gas natural,1.9,1.9,0.47,0.47,-1,0.0,True
c911ce2026,47.6,d,depto,no posee,calefont 7 litros tiro forzado,1.7,1.7,0.38,0.38,56,1.0,False
85d2c22020,60.0,d,depto,no posee,caldera de condensación,1.9,1.9,0.47,0.47,28,0.41666667202904745,False
1c608b2025,32.0,d,depto,no posee,sala de calderas,1.9,1.9,0.47,0.47,12,1.0,False
4fd93f2019,63.4,d,depto,no posee,bomba de calor,1.0,1.0,0.0,0.0,2,0.9660241728698268,False
59694d2021,48.1,d,depto,no posee,calefont glp,1.9,1.9,0.47,0.47,44,0.0,False
6a5eeb2024,54.4,a,depto,no posee,termo electrico 120 litros,4.0,4.0,0.84,0.84,-1,0.0,True
62d5282025,51.4,a,depto,no posee,"calefón mademsa forced 10 eco gl, 10 litros, gas licuado",4.0,4.0,0.84,0.84,-1,0.0,True
50ef122025,28.9,d,depto,no posee,sala de calderas,1.9,1.9,0.47,0.47,12,1.0,False
b186c82025,47.1,d,depto,no posee,calefont 7 litros tiro forzado,1.7,1.7,0.38,0.38,56,1.0,False
2178fa2023,52.0,f,casa_pareada,no aplica,calefont glp,1.7,1.7,0.38,0.38,26,1.0,False
491d972020,58.7,d,casa_pareada,no posee,calefont 10 litros tiro natural,1.7,1.7,0.38,0.38,-1,0.0,True
1ab6c32023,47.0,d,depto,no posee,el edificio cuenta con 2 bombas de calor y 2 estanque de,1.9,1.9,0.47,0.47,-1,0.0,True
7a455f2025,63.5,d,depto,central de agua caliente,central de agua caliente,1.9,1.9,0.47,0.47,-1,0.0,True
e3dff52024,49.8,g,depto,no posee,calefont 10 litros tiro forzado,1.1,1.1,0.28,0.28,23,1.0,False
579e682022,49.6,d,depto,no posee,caldera a condensación,1.9,1.9,0.47,0.47,18,0.9799999703481791,False
34cd432025,47.0,d,casa_pareada,no posee,calefont 7 litros tiro forzado,1.7,1.7,0.38,0.38,41,1.0,False
83fe5d2026,55.8,d,depto,no posee,calefont 7 litros tiro forzado,3.0,3.0,0.6,0.6,55,1.0,False
26aba92023,41.5,d,depto,no posee,calefón de condensación,1.9,1.9,0.47,0.47,-1,0.0,True
c827832024,87.2,f,casa_aislada,no posee,calefont 7 litros tiro forzado,1.7,1.7,0.38,0.38,14,1.0,False
b7de502025,53.1,c,casa_pareada,0,"calefón junkers smart wr13-2 km e31 s4305 13 litros, gas",4.0,4.0,0.84,0.84,-1,0.0,True
46fc8c2024,57.8,d,casa_pareada,no posee,calefont 7 litros tiro forzado,1.9,1.9,0.47,0.47,43,0.6153846153846154,False
42bea22022,32.1,d,depto,calefactor eléctrico,sistema de generación central por caldera de condensación,1.9,1.9,0.47,0.47,-1,0.0,True
6b5eda2019,56.1,e,casa_aislada,no posee,calefont glp,1.7,1.7,0.38,0.38,21,0.05405405179785872,False
c20e2b2021,45.0,d,casa_pareada,no posee,calefont 7 litros tiro forzado,1.0,1.0,0.0,0.0,2,1.0,False
99e16f2021,48.1,d,depto,no posee,calefont glp,1.9,1.9,0.47,0.47,44,0.0,False
b4577b2022,60.1,f,casa_aislada,no posee,calefont 10 litros tiro forzado,1.6,1.6,0.33,0.33,15,0.33563144940949097,False
6974922021,61.6,d,depto,no posee,calefont 7 litros tiro forzado,1.7,1.7,0.38,0.38,56,0.056074764298054365,False
5f984b2022,46.1,f,casa_pareada,no posee,calefont glp,1.7,1.7,0.38,0.38,27,0.0,False
c2685d2019,51.0,d,depto,no posee,calefont glp,1.9,1.9,0.47,0.47,48,1.0,False
00a85c2025,48.5,d,depto,no posee,calefont glp,1.9,1.9,0.47,0.47,44,1.0,False
d5f8aa2021,52.6,g,depto,radiadores eléctricos,termo eléctrico 155lts,1.0,1.0,0.0,0.0,-1,0.0,True
188b812025,53.0,d,depto,no posee,calefont glp,1.9,1.9,0.47,0.47,-1,0.0,True
0eb8a32024,48.0,f,depto,no posee,calefont glp,1.6,1.6,0.33,0.33,29,1.0,False
5f317d2022,91.6,d,casa_pareada,no posee,calefont tiro forzado,1.7,1.7,0.38,0.38,7,1.0,False
e21cba2021,51.6,d,casa_pareada,estufa kerosene 3 kw,calefon tiro natural 10 lts +sst,1.7,1.7,0.38,0.38,1,1.0,False
ae4ab52024,27.8,d,depto,no considera,central térmica,1.9,1.9,0.47,0.47,-1,0.0,True
81ea932020,44.4,g,depto,no posee,"calefont, tiro forzado",1.6,1.6,0.33,0.33,-1,0.0,True
6b518c2025,61.6,e,depto,no posee,centralizado a gas natural,1.7,1.7,0.38,0.38,-1,0.0,True
f8d4752025,59.5,d,casa_aislada,0,"calefón junkers w13 kb31 13 litros, gas licuado con potencia",1.9,1.9,0.47,0.47,-1,0.0,True
14e3c02024,29.8,d,depto,no posee,central termica,1.9,1.9,0.47,0.47,38,1.0,False
8ccc082021,42.5,b,depto,no posee,calefont 10 litros tiro forzado,3.0,3.0,0.6,0.6,-1,0.0,True
32e8a82025,57.8,d,depto,no posee,calefont,1.9,1.9,0.47,0.47,50,1.0,False
8e053a2018,71.0,d,casa_aislada,no posee,calefont tiro forzado 10 l,1.0,1.0,0.0,0.0,2,0.9768747797174362,False
44 8177532020,47.6,d,casa_pareada,no posee,calefont 7 litros tiro forzado,3.0,3.0,0.6,0.6,-1,0.0,True
ce9c942023,52.0,f,casa_pareada,no aplica,calefont glp,1.7,1.7,0.38,0.38,26,1.0,False
1a847a2026,47.0,d,casa_pareada,no posee,calefont 7 litros tiro forzado,1.9,1.9,0.47,0.47,42,1.0,False
03ed202022,50.6,f,depto,no posee,calefont 7 litros tiro forzado,1.6,1.6,0.33,0.33,32,1.0,False
c86a092024,26.2,d,depto,no posee,caldera con condensación,1.9,1.9,0.47,0.47,52,0.7692307387699071,False
3e48042021,48.9,d,depto,no posee,calefont glp,1.9,1.9,0.47,0.47,44,0.0,False
6f4b162024,63.1,d,depto,sin sistema,calefont,1.9,1.9,0.47,0.47,50,0.00881953798648314,False
6a408a2023,59.8,a,depto,no posee,"termo eléctrico marca junkers, modelo elacell excellence",4.0,4.0,0.84,0.84,-1,0.0,True
cb67182019,53.1,d,depto,radiadores,caldera de condensación en cascada,1.0,1.0,0.0,0.0,-1,0.0,True
0d1b032026,47.0,d,casa_pareada,no posee,calefont 7 litros tiro forzado,1.7,1.7,0.38,0.38,41,1.0,False
5db2402022,50.7,d,depto,no posee,calefont glp,1.9,1.9,0.47,0.47,48,1.0,False
cd74f32024,47.0,d,casa_pareada,no posee,calefont 7 litros tiro forzado,1.7,1.7,0.38,0.38,41,1.0,False
40b6f02021,51.3,d,depto,no posee,calefont glp,1.9,1.9,0.47,0.47,49,0.0,False
7bdf452020,43.1,c,depto,no considera,calefon con condensación,3.0,3.0,0.6,0.6,-1,0.0,True
f49d8c2023,61.1,c,depto,no posee,caldera con condensación,4.0,4.0,0.84,0.84,-1,0.0,True
cab2932023,84.2,d,depto,radiadores eléctricos,caldera,1.9,1.9,0.47,0.47,-1,0.0,True
5330252025,48.9,c,depto,calefactor electrico,calefont 10 litros gl,3.0,3.0,0.6,0.6,0,1.0,False
4360c42026,43.4,d,depto,no posee,calefont 10 litros tiro forzado,1.9,1.9,0.47,0.47,11,1.0,False
f1b5df2026,30.2,d,depto,no posee,caldera condensación,1.9,1.9,0.47,0.47,13,1.0,False
27920b2021,33.4,d,depto,no posee,calefon de condensación,1.9,1.9,0.47,0.47,50,0.00881953798648314,False
a814b12024,38.9,e,depto,no posee,centralizado a gas natural,1.7,1.7,0.38,0.38,-1,0.0,True
d636562025,44.5,d,casa_pareada,no posee,calefont glp,1.9,1.9,0.47,0.47,40,0.0,False
cf2c732023,50.4,d,depto,no posee,calefont 7 litros tiro forzado,1.9,1.9,0.47,0.47,-1,0.0,True
2779fd2024,53.7,d,depto,no posee,calefont tiro forzado,1.7,1.7,0.38,0.38,24,1.0,False
e21e792022,48.7,d,depto,no posee,calefont glp,1.9,1.9,0.47,0.47,44,0.0,False
81e0642022,105.5,e,casa_aislada,caldera navien aguaplus 30/32 tf (30kw),"calefont tiro forzado modulante 14lt cámara abierta rheem,",1.7,1.7,0.38,0.38,-1,0.0,True
7d4cab2018,47.2,d,depto,no posee,calefont 7 litros tiro forzado,1.9,1.9,0.47,0.47,61,1.0,False
e7126a2023,48.0,f,depto,no posee,calefon,1.7,1.7,0.38,0.38,-1,0.0,True
dcd0842021,41.7,d,casa_pareada,no posee,calefont glp,1.9,1.9,0.47,0.47,40,0.0,False
2d57592021,45.2,d,casa_pareada,no posee,calefont 7 litros tiro forzado,1.0,1.0,0.0,0.0,2,1.0,False
b865fd2024,40.0,g,depto,no posee,calefont 7 litros tiro forzado,1.6,1.6,0.33,0.33,22,0.9824561137320774,False
ba3d752025,59.5,d,casa_pareada,no posee,calefont 7 litros tiro forzado,1.7,1.7,0.38,0.38,46,1.0,False
9e859c2018,48.2,d,depto,no posee,calefont 7 litros tiro forzado,1.9,1.9,0.47,0.47,60,1.0,False
dab7212019,47.2,d,depto,no posee,calefont 7 litros tiro forzado,1.9,1.9,0.47,0.47,61,1.0,False
0a5d832022,40.4,d,depto,no posee,caldera a condensación,1.9,1.9,0.47,0.47,18,1.0,False
7277f62025,41.7,c,depto,calefactor electrico,calefont 12 litros gl,3.0,3.0,0.6,0.6,0,1.0,False
0e225f2021,51.0,d,depto,no posee,calefont glp,1.9,1.9,0.47,0.47,48,1.0,False
a2f1a12024,50.3,g,casa_aislada,no posee,calefont glp,1.6,1.6,0.33,0.33,20,1.0,False
9f269c2025,56.9,g,casa_pareada,no posee,calefont glp,1.1,1.1,0.28,0.28,-1,0.0,True
44d80f2025,48.3,e,casa_aislada,no posee,calefont glp,1.7,1.7,0.38,0.38,21,1.0,False
c068f02019,48.1,g,depto,no posee,calefont rheem 14lt,1.0,1.0,0.0,0.0,-1,0.0,True
a51d482022,49.3,d,depto,no posee,calefont glp,1.9,1.9,0.47,0.47,44,0.0,False
4d7b672025,81.7,d,casa_pareada,0,calefont 10 litros tiro forzado,1.7,1.7,0.38,0.38,-1,0.0,True
41f77e2024,51.8,d,casa_aislada,no posee,"calefón splendid de 10 litros, master mvg tfi 10, gas licuado",3.0,3.0,0.6,0.6,-1,0.0,True
2361a92025,59.5,d,casa_pareada,no posee,calefont 10 litros tiro forzado,1.7,1.7,0.38,0.38,36,0.02654312861602531,False
0400582025,46.5,d,depto,no posee,calefont 7 litros tiro forzado,1.7,1.7,0.38,0.38,56,1.0,False
8bb1a12026,47.0,d,casa_pareada,no posee,calefont 7 litros tiro forzado,1.7,1.7,0.38,0.38,41,1.0,False
e870792025,48.6,g,depto,no posee,calefont 7 litros tiro forzado,1.1,1.1,0.28,0.28,22,0.045976585582855785,False
5a615c2025,73.7,d,depto,no posee,calefont 7 litros tiro forzado,1.9,1.9,0.47,0.47,-1,0.0,True
ef3f762024,30.5,d,depto,no posee,caldera central a gas,1.9,1.9,0.47,0.47,30,1.0,False
b365092026,28.9,d,depto,no posee,sala de calderas,1.9,1.9,0.47,0.47,12,1.0,False
2dbeab2023,94.7,d,casa_aislada,la vivienda considera estufa de 6kw y combustible glp.,calefont 13 litros tiro forzado,1.7,1.7,0.38,0.38,-1,0.0,True
0bcb112025,66.8,d,casa_aislada,no posee,calefont 7 litros tiro forzado,1.9,1.9,0.47,0.47,33,1.0,False
fa2c9b2025,50.8,d,depto,no posee,calefont glp,1.9,1.9,0.47,0.47,48,1.0,False
a747182023,54.0,f,casa_pareada,no aplica,calefont glp,1.6,1.6,0.33,0.33,26,1.0,False
f564c42019,31.4,d,depto,no posee,caldera rinnai sm 175,1.9,1.9,0.47,0.47,-1,0.0,True
0851f02022,54.7,d,depto,no posee,caldera con condensación,1.9,1.9,0.47,0.47,52,0.5,False
fde3272022,56.5,d,depto,no posee,calefont 7 litros tiro forzado,1.7,1.7,0.38,0.38,56,0.10714286403734719,False
67e8a22022,103.5,d,depto,caldera central con radiadores,caldera central,1.9,1.9,0.47,0.47,-1,0.0,True
1237cf2026,48.1,e,casa_aislada,no posee,calefont glp,1.7,1.7,0.38,0.38,21,1.0,False
cf602e2026,50.9,c,depto,no posee,calefont 7 litros tiro forzado,4.0,4.0,0.84,0.84,3,1.0,False
aaaa852024,32.6,d,depto,no posee,caldera de condensación,1.9,1.9,0.47,0.47,28,1.0,False
73f66b2022,46.1,e,casa_aislada,no posee,calefont glp,1.7,1.7,0.38,0.38,21,0.19999998455634352,False
c3f53f2025,50.0,d,depto,central termica calderas de gas natural,central termica calderas de gas natural,1.9,1.9,0.47,0.47,-1,0.0,True
d3a9112026,51.3,e,depto,no posee,calefont glp,1.7,1.7,0.38,0.38,-1,0.0,True
a6280d2024,50.9,b,casa_pareada,no posee,calefont 7 litros tiro forzado,4.0,4.0,0.84,0.84,-1,0.0,True
1f7bdf2026,28.6,e,depto,sin sistema,caldera a condensación,1.7,1.7,0.38,0.38,-1,0.0,True
091a7a2024,50.5,e,depto,no posee,calefont glp,1.7,1.7,0.38,0.38,-1,0.0,True
02cad52021,45.1,d,casa_pareada,no posee,calefont 7 litros tiro forzado,1.0,1.0,0.0,0.0,2,1.0,False
79f8ae2025,46.4,d,depto,no posee,calefont glp,1.9,1.9,0.47,0.47,-1,0.0,True
4e38922023,29.4,c,depto,no posee,calefon de condensación en cascada,3.0,3.0,0.6,0.6,-1,0.0,True
c24e512022,46.7,d,depto,no posee,central térmica con bomba de calor,1.9,1.9,0.47,0.47,-1,0.0,True
ee7ce62024,48.3,f,casa_pareada,no posee,calefont glp,1.7,1.7,0.38,0.38,27,0.0,False
41cbe62024,87.2,f,casa_aislada,no posee,calefont 7 litros tiro forzado,1.7,1.7,0.38,0.38,14,1.0,False
7fc9a72025,44.5,d,casa_pareada,no posee,calefont glp,1.9,1.9,0.47,0.47,40,0.0,False
819f292024,34.2,c,depto,sin sistema,calefont tiro forzado bosch,3.0,3.0,0.6,0.6,-1,0.0,True
a5112a2018,45.2,d,casa_pareada,no posee,calefont 7 litros tiro forzado,1.9,1.9,0.47,0.47,42,1.0,False
7107382026,39.6,d,depto,no posee,el edificio cuenta con 3 calderas de condensación aldens wm,1.9,1.9,0.47,0.47,-1,0.0,True
53191f2025,57.8,d,depto,no posee,calefont,1.9,1.9,0.47,0.47,50,1.0,False
d488da2023,30.5,a,depto,no posee,sistema unitario,4.0,4.0,0.84,0.84,-1,0.0,True
e272632021,78.2,d,casa_pareada,no posee,calefont,1.7,1.7,0.38,0.38,9,1.0,False
19da3e2021,79.6,e,casa_pareada,estufa kerosene 3 kw,calefon tiro natural 10 lts +sst,1.7,1.7,0.38,0.38,1,0.9768058184377205,False
a657452025,52.8,f,depto,no posee,calefont rheem tf 14 lt,1.7,1.7,0.38,0.38,-1,0.0,True
4d4cc82022,60.3,d,casa_pareada,no posee,calefont,1.9,1.9,0.47,0.47,10,1.0,False
1dd2c32024,32.2,d,depto,no posee,"caldera de tipo condensación, 900kw marca inmergas modelo",1.9,1.9,0.47,0.47,-1,0.0,True
b5c32a2019,41.2,f,depto,no posee,calefont 7 litros tiro forzado,1.6,1.6,0.33,0.33,32,0.974999963321316,False
2b7a362026,82.5,c,depto,no considera,caldera convencional,3.0,3.0,0.6,0.6,-1,0.0,True
1bc8192026,80.7,a,depto,central termica calderas de gas natural,central termica calderas de gas natural,4.0,4.0,0.84,0.84,-1,0.0,True
19b3112024,54.2,c,depto,no posee,calefont 10 litros tiro forzado,3.0,3.0,0.6,0.6,-1,0.0,True
5f6c632026,50.8,b,depto,0,"calefón junkers hidrowind wr13-2 km e31 s4305 13 litros,",4.0,4.0,0.84,0.84,-1,0.0,True
dbe9862021,66.8,d,casa_aislada,estufa a gas,calefont,1.9,1.9,0.47,0.47,-1,0.0,True
7e8eec2024,56.5,i,depto,"sistema en conjunto de calefacción y acs, caldera dual, marca","sistema en conjunto de calefacción y acs, caldera dual, marca",0.6,0.6,0.25,0.25,-1,0.0,True
ae02ce2022,50.6,f,depto,no posee,calefont 7 litros tiro forzado,1.6,1.6,0.33,0.33,32,1.0,False
fae76d2024,49.8,g,depto,no posee,calefont 10 litros tiro forzado,1.1,1.1,0.28,0.28,23,1.0,False
c25b072025,31.2,d,depto,no posee,calefont 7 litros tiro forzado,1.9,1.9,0.47,0.47,57,1.0,False
1f756c2025,57.8,d,casa_pareada,no posee,calefont 7 litros tiro forzado,1.9,1.9,0.47,0.47,43,0.6153846153846154,False
0876522022,38.9,e,depto,no posee,calefont 7 litros tiro forzado,1.0,1.0,0.0,0.0,2,0.9771976252412191,False
d773b92023,50.2,g,depto,no posee,calefont 10 litros tiro forzado,1.6,1.6,0.33,0.33,23,1.0,False
46cadd2024,93.3,e,depto,caldera de muro rinnai eco 25/28 con radiadores anwo,caldera de muro rinnai eco 25/28,1.7,1.7,0.38,0.38,-1,0.0,True
5ae3b32024,49.2,a,casa_pareada,no posee,calefont glp,4.0,4.0,0.84,0.84,-1,0.0,True
11d6c62024,47.3,d,depto,3 calderas murales de condensación,3 calderas murales de condensación,1.9,1.9,0.47,0.47,-1,0.0,True
aa55ca2021,45.2,d,casa_pareada,no posee,calefont 7 litros tiro forzado,1.9,1.9,0.47,0.47,42,1.0,False
62387e2025,46.5,d,depto,no posee,calefont 7 litros tiro forzado,1.7,1.7,0.38,0.38,56,1.0,False
2e080d2025,46.6,d,depto,no posee,calefont 7 litros tiro forzado,1.9,1.9,0.47,0.47,59,1.0,False
79f2ed2022,42.0,d,casa_pareada,no posee,calefont glp,1.9,1.9,0.47,0.47,40,1.0,False
1e482d2024,46.6,d,depto,no posee,caldera central a gas,1.9,1.9,0.47,0.47,30,1.0,False
6773ec2023,116.0,d,depto,no posee,calefont 7 litros tiro forzado,1.9,1.9,0.47,0.47,-1,0.0,True
90c7dd2024,39.1,d,depto,no considera,central térmica,1.9,1.9,0.47,0.47,-1,0.0,True
5bf6ec2024,26.4,d,depto,no considera,caldera con condensación,1.9,1.9,0.47,0.47,53,1.0,False
c75e5d2022,52.3,d,depto,no posee,calefont glp,1.9,1.9,0.47,0.47,47,1.0,False
8baca72023,55.0,a,depto,no posee,calefont 7 litros tiro forzado,4.0,4.0,0.84,0.84,5,1.0,False
e0d4132025,55.5,d,depto,no posee,calefon,1.9,1.9,0.47,0.47,-1,0.0,True
73d6692020,55.5,d,depto,no posee,calefont 7 litros tiro forzado,1.0,1.0,0.0,0.0,2,0.9922818369003964,False
75bd342022,42.0,d,casa_pareada,no posee,calefont glp,1.9,1.9,0.47,0.47,40,1.0,False
f4afdb2026,45.9,d,depto,no posee,calefont 7 litros tiro forzado,1.9,1.9,0.47,0.47,59,1.0,False
7b8a6b2019,44.3,e,casa_pareada,no posee,calefont glp,1.7,1.7,0.38,0.38,25,1.0,False
cc685f2023,63.1,d,casa_aislada,no posee,calefont 7 litros tiro forzado,1.9,1.9,0.47,0.47,33,1.0,False
6e1c352021,41.6,g,depto,no posee,"calefon, tiro forzado",1.6,1.6,0.33,0.33,-1,0.0,True
f150362025,48.3,e,casa_aislada,no posee,calefont glp,1.7,1.7,0.38,0.38,21,1.0,False
a4d2722018,50.3,f,depto,no posee,calefont 7 litros tiro forzado,1.7,1.7,0.38,0.38,31,1.0,False
b3e7942018,39.5,g,,no posee,calefont 7 litros tiro forzado,1.1,1.1,0.28,0.28,-1,0.0,True
3aff472022,62.5,d,casa_pareada,no posee,calefont tiro forzado,1.7,1.7,0.38,0.38,7,1.0,False
591e272022,42.0,d,casa_pareada,no posee,calefont glp,1.9,1.9,0.47,0.47,40,1.0,False
2b98762025,50.3,d,depto,no posee,calefont 7 litros tiro forzado,1.7,1.7,0.38,0.38,56,0.42857145614938874,False
8c51a32019,51.7,d,depto,no posee,calefont 7 litros tiro forzado,1.9,1.9,0.47,0.47,58,1.0,False
6f03f02024,43.3,a,depto,no posee,calefon,4.0,4.0,0.84,0.84,-1,0.0,True
7df4cd2025,48.7,g,casa_aislada,no posee,calefont 10 litros tiro forzado,1.1,1.1,0.28,0.28,17,1.0,False
dd414c2021,61.3,d,casa_pareada,no posee,calefont,1.7,1.7,0.38,0.38,9,1.0,False
2ad79d2026,26.6,d,depto,no posee,caldera condensación,1.9,1.9,0.47,0.47,13,1.0,False
bccbb02020,58.7,d,casa_pareada,no posee,calefont 10 litros tiro natural,1.7,1.7,0.38,0.38,-1,0.0,True
7788cb2025,57.8,f,depto,no posee,calefont 7 litros tiro forzado,1.7,1.7,0.38,0.38,31,1.0,False
54040b2018,42.3,f,casa_aislada,no posee,calefont 7 litros tiro forzado,1.6,1.6,0.33,0.33,14,0.22884858922265802,False
942e402026,50.2,b,depto,no posee,calefont 10 litros tiro forzado cámada abierta,4.0,4.0,0.84,0.84,-1,0.0,True
efddc62023,129.6,d,casa_aislada,sin sistema instalado. se dejan instalaciones para caldera,dos calefon 15 litros marca junker modelo wtd15 km e23.,1.9,1.9,0.47,0.47,-1,0.0,True
97c6ae2025,49.8,f,depto,no posee,calefont glp,1.6,1.6,0.33,0.33,29,1.0,False
600fc72019,53.3,f,casa_aislada,estufa a parafina marca toyotomi modelo ff-v30 el que tiene,calefon marca mademsa modelo forzada tfm 10 eco gl/gn,1.6,1.6,0.33,0.33,-1,0.0,True
2b34022026,54.4,a,depto,no posee,termo electrico 120 litros,4.0,4.0,0.84,0.84,-1,0.0,True
fd6c402022,53.7,e,depto,no considera,bomba de calor,1.7,1.7,0.38,0.38,-1,0.0,True
1427df2021,49.1,d,depto,no posee,calefont,1.7,1.7,0.38,0.38,50,0.02635479117282256,False
dd16ce2025,56.4,e,casa_aislada,no posee,calefont,1.7,1.7,0.38,0.38,-1,0.0,True
ab13202023,57.8,e,depto,no posee,calefont 7 litros tiro forzado,1.7,1.7,0.38,0.38,54,1.0,False
5ee85a2023,45.9,d,depto,no posee,el edificio cuenta con 2 bombas de calor y 2 estanque de,1.9,1.9,0.47,0.47,-1,0.0,True
6462342023,54.0,f,casa_pareada,no aplica,calefont glp,1.6,1.6,0.33,0.33,26,1.0,False
3ed6442018,41.3,e,casa_pareada,no posee,calefont 7 litros tiro forzado,1.7,1.7,0.38,0.38,34,1.0,False
552a472020,58.7,d,casa_pareada,no posee,calefont 10 litros tiro natural,1.7,1.7,0.38,0.38,-1,0.0,True
d6f6a02026,58.6,i,casa_pareada,no posee,calefont 7 litros tiro forzado,0.6,0.6,0.25,0.25,-1,0.0,True
e3bef02026,57.8,e,depto,sin sistema,calefont tiro forzado 10 litros,1.7,1.7,0.38,0.38,35,1.0,False
6a72ce2025,63.1,d,casa_aislada,no posee,calefont 7 litros tiro forzado,1.9,1.9,0.47,0.47,33,1.0,False
f92b692023,61.7,c,depto,no posee,"central térmica calefont condensación, gas licuado, bosch,",4.0,4.0,0.84,0.84,-1,0.0,True
0b6ad42024,51.0,d,depto,no posee,bomba de calor,1.9,1.9,0.47,0.47,-1,0.0,True
b995452022,72.6,d,casa_pareada,estufa kerosene 3 kw,calefon tiro natural 10 lts +sst,1.7,1.7,0.38,0.38,1,1.0,False
376e4a2026,67.6,e,depto,sin sistema,calefont tiro forzado 13 lts,1.7,1.7,0.38,0.38,35,1.0,False
77fc282019,47.2,d,depto,no posee,calefont 7 litros tiro forzado,1.9,1.9,0.47,0.47,61,1.0,False
d0a5fb2021,41.5,d,depto,no posee,el edificio cuenta con 2 calderas para el edificio sur y 3 calderas,1.9,1.9,0.47,0.47,8,0.07259158922291108,False
2206152023,50.0,i,casa_aislada,no posee,calefont 7 litros tiro forzado,,,,,-1,0.0,True
759ffb2022,36.8,d,depto,no posee,caldera a condensación,1.9,1.9,0.47,0.47,18,1.0,False
f67bbc2021,54.7,d,depto,no posee,calefont 7 litros tiro forzado,1.9,1.9,0.47,0.47,-1,0.0,True
2062632024,47.0,d,casa_pareada,no posee,calefont 7 litros tiro forzado,1.7,1.7,0.38,0.38,41,1.0,False
7387d52023,53.1,d,depto,no posee,calefont 7 litros tiro forzado,1.9,1.9,0.47,0.47,58,1.0,False
1cf1f02023,31.1,d,depto,no posee,caldera central a gas,1.9,1.9,0.47,0.47,30,1.0,False
ec67fd2025,56.0,d,depto,no posee,caldera centralizada,1.7,1.7,0.38,0.38,-1,0.0,True
c165402023,48.6,d,casa_pareada,no aplica,calefont glp,1.9,1.9,0.47,0.47,-1,0.0,True
14069c2026,42.7,g,casa_aislada,no posee,calefont glp,1.1,1.1,0.28,0.28,20,1.0,False
2b9bcc2025,44.5,f,casa_pareada,no posee,calefont 7 litros tiro forzado,1.7,1.7,0.38,0.38,16,1.0,False
0b89202025,57.8,d,casa_pareada,no posee,calefont 7 litros tiro forzado,1.7,1.7,0.38,0.38,46,1.0,False
34a8022025,57.0,a,depto,no posee,"calefón mademsa forced 10 eco gl, 10 litros, gas licuado",4.0,4.0,0.84,0.84,-1,0.0,True
3c4f172024,39.0,g,depto,no posee,calefont individual. gas licuado,1.6,1.6,0.33,0.33,-1,0.0,True
261d2c2019,73.7,d,depto,caldera de condensacion,caldera de condensacion,1.9,1.9,0.47,0.47,-1,0.0,True
5160792024,50.9,c,depto,no posee,calefont 7 litros tiro forzado,4.0,4.0,0.84,0.84,3,1.0,False
c9f67f2024,48.5,d,depto,no posee,calefont 7 litros tiro forzado,1.9,1.9,0.47,0.47,60,1.0,False
c133332022,53.5,d,depto,no posee,calefont glp,1.9,1.9,0.47,0.47,-1,0.0,True
cc88f32024,57.3,d,depto,no posee,calefont 7 litros tiro forzado,3.0,3.0,0.6,0.6,55,1.0,False
b7f11b2023,49.4,d,depto,no posee,calefont 7 litros tiro forzado,1.9,1.9,0.47,0.47,60,1.0,False
72f5962020,51.3,e,depto,calefactor electrico convector modelo canelo iib marca pabst,"calefon tiro forzado marca rheem, linea prestige, de 14 litros",1.7,1.7,0.38,0.38,-1,0.0,True
0d6ea42024,37.8,d,depto,no posee,caldera con condensación,1.9,1.9,0.47,0.47,52,1.0,False
9d403f2024,97.7,e,depto,caldera de muro rinnai eco 16/17 con radiadores anwo,caldera de muro rinnai eco 16/17,1.7,1.7,0.38,0.38,-1,0.0,True
10b4b92024,52.4,d,casa_pareada,no posee,calefont glp,3.0,3.0,0.6,0.6,-1,0.0,True
d61b352024,29.2,d,depto,sin sistema,"bosch condens 7000 wp - 100 kw, estanque 1000lts marca",1.9,1.9,0.47,0.47,-1,0.0,True
0b06932023,105.0,d,depto,no posee,calefont 7 litros tiro forzado,1.9,1.9,0.47,0.47,-1,0.0,True
67dbdc2020,71.9,d,depto,sistema centralizado por piso radiante,sistema centralizado por caldera a gas,1.9,1.9,0.47,0.47,-1,0.0,True
c9ec262022,37.6,d,depto,no posee,el edificio cuenta con 2 calderas de gas natural ivar super,1.9,1.9,0.47,0.47,-1,0.0,True
dabe1a2025,28.1,e,depto,no posee,calefont 7 litros tiro forzado,1.7,1.7,0.38,0.38,54,0.3111111004340148,False
01bd082024,29.0,d,depto,no posee,central térmica,1.9,1.9,0.47,0.47,38,0.004070556255695922,False
3ded432024,77.7,f,casa_aislada,no posee,calefont 7 litros tiro forzado,1.7,1.7,0.38,0.38,14,1.0,False
19fdbb2026,28.9,d,depto,no posee,sala de calderas,1.9,1.9,0.47,0.47,12,1.0,False
3b1e792025,49.2,a,casa_pareada,no posee,calefont glp,4.0,4.0,0.84,0.84,-1,0.0,True
cf205d2026,102.8,d,casa_aislada,caldera mural anwo + radiadores.,calefón tiro forzado 13 l/m anwo.,1.9,1.9,0.47,0.47,-1,0.0,True
aa8ee02020,46.2,f,casa_pareada,no posee,calefont glp,1.7,1.7,0.38,0.38,27,1.0,False
9e60ed2023,52.6,f,depto,no posee,calefont 7 litros tiro forzado,1.6,1.6,0.33,0.33,32,1.0,False
8707022022,62.5,d,casa_pareada,no posee,calefont tiro forzado,1.7,1.7,0.38,0.38,7,1.0,False
ae75ee2025,47.0,d,casa_pareada,no posee,calefont 7 litros tiro forzado,1.7,1.7,0.38,0.38,41,1.0,False
ad2a992026,53.4,d,depto,no posee,calefont 13 litros tiro forzado,1.9,1.9,0.47,0.47,-1,0.0,True
4c16772020,29.5,g,depto,no posee,calefont 7 litros tiro forzado,1.6,1.6,0.33,0.33,22,0.5333332941113484,False
14f35f2021,45.0,d,casa_pareada,no posee,calefont 7 litros tiro forzado,1.9,1.9,0.47,0.47,42,1.0,False
05975e2021,42.0,d,casa_pareada,no posee,calefont glp,1.9,1.9,0.47,0.47,40,1.0,False
ecd9cd2024,65.4,d,depto,no posee,el edificio cuenta con 3 calderas de gas natural sime modelo,1.9,1.9,0.47,0.47,-1,0.0,True
06f57e2024,49.4,d,depto,no posee,calefont glp,1.9,1.9,0.47,0.47,44,0.0,False
35d4622023,43.9,g,depto,no posee,calefont 7 litros tiro forzado,1.1,1.1,0.28,0.28,22,0.045976585582855785,False
9ccf3c2024,60.1,f,casa_aislada,no posee,calefont 10 litros tiro forzado,1.6,1.6,0.33,0.33,15,0.33563144940949097,False
03be022026,52.1,f,casa_pareada,no posee,calefont glp,1.7,1.7,0.38,0.38,27,0.0,False
8598f72023,31.1,c,depto,no posee,"central térmica calefont condensación, gas licuado, bosch,",4.0,4.0,0.84,0.84,-1,0.0,True
abfdca2024,33.7,d,depto,no posee,caldera de condensación,1.9,1.9,0.47,0.47,28,1.0,False
e5b95f2026,32.0,d,depto,no posee,caldera condensación,1.9,1.9,0.47,0.47,13,1.0,False
ad540c2023,53.7,e,casa_aislada,no posee,calefont glp,1.7,1.7,0.38,0.38,21,0.07999999505802985,False
ac08a32022,128.6,d,casa_aislada,no posee,calefont 10 litros tiro forzado,1.9,1.9,0.47,0.47,-1,0.0,True
0073b22020,53.0,d,casa_pareada,no posee,calefont,1.9,1.9,0.47,0.47,10,1.0,False
e1fefe2020,59.2,f,depto,no posee,calefont 13 litros tiro forzado,1.6,1.6,0.33,0.33,-1,0.0,True
6fad8a2019,87.4,d,casa_aislada,no posee,calefont 10 litros tiro forzado,1.0,1.0,0.0,0.0,2,1.0,False
e232252026,48.5,d,depto,no posee,calefont glp,1.9,1.9,0.47,0.47,44,1.0,False
3dcfc72020,41.2,i,casa_aislada,split inverter marca fujitsu modelo acy50 uia-ll.,"calefont ionizado- gas licuado, marca splendid, modelo beyond",,,,,-1,0.0,True
1c19b92026,47.0,d,casa_pareada,no posee,calefont 7 litros tiro forzado,1.7,1.7,0.38,0.38,41,1.0,False
c584162025,37.0,c,depto,no posee,central termica calderas de gas natural,3.0,3.0,0.6,0.6,-1,0.0,True
b9e6ff2025,52.1,d,depto,no posee,calefont,1.9,1.9,0.47,0.47,50,1.0,False
2b00502026,53.4,d,depto,no posee,calefont 13 litros tiro forzado,1.9,1.9,0.47,0.47,-1,0.0,True
cf23c12024,95.3,d,casa_aislada,no posee,calefont 7 litros tiro forzado,1.9,1.9,0.47,0.47,33,0.5692307794656191,False
26ae732021,51.0,d,depto,no posee,calefont glp,1.9,1.9,0.47,0.47,48,1.0,False
fc6a4c2026,47.9,d,depto,sin sistema,calefont gas natural 7 litros tiro forzado,1.9,1.9,0.47,0.47,-1,0.0,True
794f512025,48.7,g,casa_aislada,no posee,calefon,1.1,1.1,0.28,0.28,17,1.0,False
70c9902025,43.8,d,depto,no posee,termo eléctrico,1.9,1.9,0.47,0.47,8,1.0,False
9bf3e92024,70.4,a,depto,no posee,calefont 7 litros tiro forzado,4.0,4.0,0.84,0.84,-1,0.0,True
47ff742025,27.4,d,depto,no posee,termo eléctrico,1.9,1.9,0.47,0.47,8,1.0,False
b5d28f2019,43.8,d,depto,no posee,calefont 7 litros tiro forzado,1.9,1.9,0.47,0.47,-1,0.0,True
3bd2422024,19.1,d,depto,no posee,caldera central a gas,1.9,1.9,0.47,0.47,30,1.0,False
27873b2026,74.1,a,depto,no posee,termo eléctrico,4.0,4.0,0.0,0.0,-1,0.0,True
129c6c2024,30.8,d,depto,no posee,caldera de condensacin,1.9,1.9,0.47,0.47,-1,0.0,True
dacd812020,30.1,d,depto,no posee,calefont 7 litros tiro forzado,1.9,1.9,0.47,0.47,57,1.0,False
be06c92022,66.1,d,depto,"calefaciión mediante 4 calderas marca baxi, modelo luna","agua caliente mediante 4 calderas marca baxi, modelo luna",1.9,1.9,0.47,0.47,-1,0.0,True
3511582020,51.1,d,depto,no posee,calefont glp,1.9,1.9,0.47,0.47,49,1.0,False
0eb9092018,52.0,d,depto,no posee,calefont 7 litros tiro forzado,1.7,1.7,0.38,0.38,56,0.22222222381107581,False
232b882024,31.7,d,depto,no posee,calefont 7 litros tiro forzado,1.9,1.9,0.47,0.47,57,1.0,False
d1879e2026,30.6,d,depto,no posee,termo eléctrico,1.9,1.9,0.47,0.47,8,1.0,False
919bde2024,57.8,d,depto,no posee,calefont,1.9,1.9,0.47,0.47,50,1.0,False
eae80e2024,28.4,d,depto,no posee,caldera,1.9,1.9,0.47,0.47,8,0.07259158922291108,False
0a6ef52025,48.6,d,depto,calefactor electrico,calefont 10 litros gl,3.0,3.0,0.6,0.6,0,1.0,False
1563252026,47.6,d,depto,no posee,calefont 10 litros tiro forzado,1.9,1.9,0.47,0.47,11,1.0,False
a8fcac2020,46.2,f,casa_pareada,no posee,calefont glp,1.7,1.7,0.38,0.38,27,1.0,False
63d3af2021,131.9,d,depto,radiadores,caldera de condensacíon,1.9,1.9,0.47,0.47,-1,0.0,True
ac6e302024,42.5,f,depto,no posee,calefont master 10l splendid,1.7,1.7,0.38,0.38,-1,0.0,True
547f7f2018,51.4,d,depto,no posee,calefont ionizado 10 litros tiro natural marca splendid modleo,1.7,1.7,0.38,0.38,-1,0.0,True
dfb8d42023,47.1,c,depto,no posee,caldera con condensación,4.0,4.0,0.84,0.84,-1,0.0,True
9123f62026,47.0,d,casa_pareada,no posee,calefont 7 litros tiro forzado,1.9,1.9,0.47,0.47,42,1.0,False
37af872024,30.2,d,depto,no posee,caldera a condensaciòn,1.9,1.9,0.47,0.47,-1,0.0,True
717b082020,56.9,d,casa_pareada,no posee,calefont,1.7,1.7,0.38,0.38,9,1.0,False
2749742020,48.7,e,depto,no posee,calefont 7 litros tiro forzado,1.7,1.7,0.38,0.38,54,1.0,False
2439852025,57.8,e,depto,no posee,calefont,1.7,1.7,0.38,0.38,-1,0.0,True
eca0672025,53.4,d,depto,no posee,calefont 7 litros tiro forzado,1.9,1.9,0.47,0.47,58,1.0,False
85f62f2020,58.7,d,casa_pareada,no posee,calefont 10 litros tiro natural,1.7,1.7,0.38,0.38,-1,0.0,True
602df32020,42.4,d,casa_pareada,no posee,calefont glp,1.9,1.9,0.47,0.47,40,0.0,False
156fb82024,36.0,d,depto,no posee,calefacción central mediante caldera de condensación,1.9,1.9,0.47,0.47,-1,0.0,True
ef35c72021,66.8,d,casa_aislada,estufa a gas,calefont,1.9,1.9,0.47,0.47,-1,0.0,True
644ac52023,21.5,d,depto,no posee,5 calderas de gas natural genus premium evo hp 150 de 140,1.0,1.0,0.0,0.0,2,0.9788149309593206,False
4a39642026,31.4,d,depto,no posee,calefont 7 litros tiro forzado,1.9,1.9,0.47,0.47,57,1.0,False
4a52cc2026,40.2,g,depto,no posee,calefon,1.6,1.6,0.33,0.33,-1,0.0,True
3c63aa2023,64.8,d,casa_pareada,no posee,calefont 7 litros tiro forzado,1.7,1.7,0.38,0.38,-1,0.0,True
3b70802026,28.1,c,depto,no posee,termo eléctrico 100 lts ursus troter,4.0,4.0,0.84,0.84,-1,0.0,True
715fc12022,47.1,d,depto,no posee,central térmica con bomba de calor,1.9,1.9,0.47,0.47,-1,0.0,True
c3192d2023,48.0,e,depto,no posee,calefont 7 litros tiro forzado,1.7,1.7,0.38,0.38,54,1.0,False
4105532024,52.0,e,depto,no posee,calefont 11 litros tiro forzado,1.7,1.7,0.38,0.38,-1,0.0,True
930c972019,105.8,g,casa_aislada,calefactor a pellet,calefont,1.0,1.0,0.0,0.0,-1,0.0,True
71ff1a2025,55.6,a,depto,no posee,calefont 7 litros tiro forzado,4.0,4.0,0.84,0.84,5,1.0,False
49f5442020,40.8,d,depto,no posee,caldera condensación,1.9,1.9,0.47,0.47,13,1.0,False
e63bfa2023,50.6,d,depto,no aplica,calefont glp,1.9,1.9,0.47,0.47,-1,0.0,True
f2b91d2023,58.7,d,casa_pareada,no posee,calefont 7 litros tiro forzado,1.7,1.7,0.38,0.38,46,1.0,False
d747162021,41.1,d,depto,no posee,calefont 7 litros tiro forzado,1.7,1.7,0.38,0.38,56,0.11111111190553791,False
0aec2a2026,47.3,d,depto,no posee,calefont 7 litros tiro forzado,1.9,1.9,0.47,0.47,61,0.0,False
3ccdd22020,58.3,f,casa_aislada,no posee,calefont 10 litros tiro forzado,1.7,1.7,0.38,0.38,15,1.0,False
30b2362024,56.6,c,casa_aislada,no posee,calefont 7 litros tiro forzado,4.0,4.0,0.84,0.84,-1,0.0,True
76f5ff2024,57.8,d,depto,sin sistema,calefont,1.9,1.9,0.47,0.47,50,0.00881953798648314,False
a701832023,70.1,f,casa_aislada,no posee,calefont 10 litros tiro forzado,1.6,1.6,0.33,0.33,15,0.33563144940949097,False
2259842025,55.5,d,casa_pareada,no posee,calefont 13 litros tiro forzado,1.9,1.9,0.47,0.47,-1,0.0,True
8a997e2023,91.6,d,casa_pareada,no posee,calefont tiro forzado,1.7,1.7,0.38,0.38,7,1.0,False
d475992022,49.2,d,depto,no posee,calefont glp,3.0,3.0,0.6,0.6,37,0.0,False
3b33422024,49.9,d,casa_pareada,no posee,calefont glp,3.0,3.0,0.6,0.6,-1,0.0,True
a37eda2025,73.7,d,depto,no posee,calefont 7 litros tiro forzado,1.9,1.9,0.47,0.47,-1,0.0,True
95f7b02025,41.0,d,depto,no posee,calefont 7 litros tiro forzado,1.9,1.9,0.47,0.47,-1,0.0,True
b8dfc52025,57.8,d,casa_pareada,no posee,calefont 7 litros tiro forzado,1.7,1.7,0.38,0.38,46,1.0,False
d21aba2019,51.0,d,depto,no posee,calefont glp,1.9,1.9,0.47,0.47,48,1.0,False
b8819c2025,47.7,f,casa_aislada,no posee,calefont glp,1.7,1.7,0.38,0.38,19,0.056458454608419154,False
74c2d12021,50.5,g,depto,no posee,"calefont, tiro forzado",1.6,1.6,0.33,0.33,-1,0.0,True
26c3c32020,50.1,f,depto,no posee,calefont 13 litros tiro forzado,1.6,1.6,0.33,0.33,-1,0.0,True
b4e7e22025,54.4,d,casa_pareada,no posee,calefont 7 litros tiro forzado,1.7,1.7,0.38,0.38,45,1.0,False
3017652025,53.0,c,depto,no posee,calefont 7 litros tiro forzado,4.0,4.0,0.84,0.84,3,1.0,False
8fd00a2020,49.8,d,depto,no posee,calefont 7 litros tiro forzado,1.9,1.9,0.47,0.47,-1,0.0,True
1e3f1a2022,59.6,d,depto,no posee,caldera con condensación,1.9,1.9,0.47,0.47,52,0.2752293538985799,False
a382f42026,29.4,d,depto,no posee,el edificio cuenta con 4 calderas a gas natural de condensación,1.9,1.9,0.47,0.47,38,0.004070556255695922,False
516d142022,45.3,f,casa_aislada,no posee,calefont 10 litros tiro forzado,1.6,1.6,0.33,0.33,15,0.33563144940949097,False
d6733b2025,62.2,d,casa_pareada,no posee,calefont 7 litros tiro forzado,1.9,1.9,0.47,0.47,43,0.29629627934852476,False
91aba52021,44.2,d,depto,no aplica,termoeléctrico,1.9,1.9,0.47,0.47,-1,0.0,True
1ab2c02023,43.9,f,casa_aislada,estufa a pellets bosca ecosmart,calefont 7 litros tiro forzado,1.6,1.6,0.33,0.33,-1,0.0,True
2d2dc52025,66.8,d,casa_aislada,calefactor electrico,calefont 16 litros gl,3.0,3.0,0.6,0.6,-1,0.0,True
60a8582021,45.0,d,casa_pareada,no posee,calefon,1.9,1.9,0.47,0.47,-1,0.0,True
f38a512025,57.8,e,depto,sin sistema,calefont,1.7,1.7,0.38,0.38,35,1.0,False
867dfb2023,115.4,d,casa_aislada,no posee,calefont 7 litros tiro forzado,1.9,1.9,0.47,0.47,33,0.2761193954163412,False
9b96db2023,111.8,d,casa_aislada,no posee,"calefon tiro natural, 16 litros.",1.9,1.9,0.47,0.47,-1,0.0,True
97f84c2025,58.0,d,depto,no posee,calefont 7 litros tiro forzado,1.9,1.9,0.47,0.47,-1,0.0,True
1fb0db2025,56.6,c,casa_aislada,no posee,calefont 7 litros tiro forzado,4.0,4.0,0.84,0.84,-1,0.0,True
61b4df2024,52.6,d,depto,no posee,calefont 7 litros tiro forzado,1.9,1.9,0.47,0.47,58,1.0,False
641c4f2023,45.1,b,casa_pareada,no posee,calefont 7 litros tiro forzado,4.0,4.0,0.84,0.84,-1,0.0,True
26363a2024,52.4,d,depto,"central térmica, 3 calderas murales de condensación","central térmica, 3 calderas murales de condensación",1.9,1.9,0.47,0.47,-1,0.0,True
d327d72019,30.9,d,depto,sistema unitario autocontenido,caldera de condensación anwo victrix pro120,1.9,1.9,0.47,0.47,-1,0.0,True
4a1b3d2026,56.6,f,casa_pareada,no posee,calefont 7 litros tiro forzado,1.7,1.7,0.38,0.38,16,0.1551724188430507,False
84965c2024,22.8,d,depto,no posee,el edificio cuenta con 3 calderas de gas natural condexa,1.9,1.9,0.47,0.47,-1,0.0,True
d7827e2024,47.9,d,depto,no posee,caldera de condensación,1.9,1.9,0.47,0.47,28,1.0,False
4660da2024,51.4,d,depto,no posee,calefont 7 litros tiro forzado,1.9,1.9,0.47,0.47,58,1.0,False
87e4b42026,48.8,d,depto,no posee,calefont 13 litros tiro forzado,1.9,1.9,0.47,0.47,-1,0.0,True
aaca1a2025,55.4,a,depto,no posee,"termo eléctrico anwo van200l, potencia 3.0 kw",4.0,4.0,0.84,0.84,4,1.0,False
b2d35f2024,39.8,d,depto,no posee,central termica,1.9,1.9,0.47,0.47,38,0.17142857489551486,False
85f0162020,52.3,f,depto,no posee,calefont glp,1.7,1.7,0.38,0.38,29,1.0,False
8a570c2022,52.3,d,depto,no posee,calefont glp,1.9,1.9,0.47,0.47,47,1.0,False
94031b2022,31.3,d,depto,calefactor eléctrico,sistema de generación central por caldera de condensación,1.9,1.9,0.47,0.47,-1,0.0,True
3aed552022,62.5,d,casa_pareada,no posee,calefont tiro forzado,1.7,1.7,0.38,0.38,7,1.0,False
a1774e2026,58.6,i,casa_pareada,no posee,calefont 7 litros tiro forzado,0.6,0.6,0.25,0.25,-1,0.0,True
d706812020,39.8,d,depto,no posee,"3 calderas sime modelo 2r11, de 170.000 kcal/h c/u a gas",1.9,1.9,0.47,0.47,-1,0.0,True
f953ef2021,70.8,d,casa_pareada,no posee,calefón,1.9,1.9,0.47,0.47,-1,0.0,True
b536612020,42.4,d,casa_pareada,no posee,calefont glp,1.9,1.9,0.47,0.47,40,0.0,False
955a8f2024,39.0,g,depto,no posee,calefont individual. gas licuado,1.6,1.6,0.33,0.33,-1,0.0,True
4f65302023,54.0,f,casa_pareada,no aplica,calefont glp,1.6,1.6,0.33,0.33,26,1.0,False
7fa5db2025,62.0,e,depto,no posee,calefont 7 litros tiro forzado,1.7,1.7,0.38,0.38,54,0.3333333088195928,False
666a382023,29.1,d,depto,no posee,el edificio cuenta con 2 calderas de gas natural ivar super,1.9,1.9,0.47,0.47,-1,0.0,True
ffb8932025,66.8,d,casa_aislada,no posee,calefont 7 litros tiro forzado,1.7,1.7,0.38,0.38,33,0.037811515147903374,False
93b7932025,40.4,d,depto,no posee,sala de calderas,1.9,1.9,0.47,0.47,12,1.0,False
0e851d2023,56.5,d,depto,no posee,calefon de condensación,1.9,1.9,0.47,0.47,50,0.00881953798648314,False
e435772019,51.0,d,depto,no posee,calefont glp,1.9,1.9,0.47,0.47,48,1.0,False
4b289d2025,52.6,d,depto,no posee,"calefont 10 litros tiro forzado, gas natural",1.9,1.9,0.47,0.47,-1,0.0,True
892ca22024,58.2,d,depto,no posee,calefont tiro forzado,1.7,1.7,0.38,0.38,24,1.0,False
f57ade2026,48.6,d,depto,no posee,calefont 7 litros tiro forzado,1.9,1.9,0.47,0.47,60,1.0,False
932b252025,48.3,b,depto,no posee,calefont glp,4.0,4.0,0.84,0.84,-1,0.0,True
6065462025,43.9,d,depto,no posee,calefont 7 litros tiro forzado,1.9,1.9,0.47,0.47,-1,0.0,True
89b9242025,94.7,d,casa_aislada,0,calefont 10 litros tiro forzado,1.9,1.9,0.47,0.47,-1,0.0,True
11243e2025,49.5,d,casa_pareada,no posee,calefont 11 litros tiro forzado,1.9,1.9,0.47,0.47,-1,0.0,True
ea62562019,92.1,d,casa_aislada,no posee,calefont 7 litros tiro forzado,1.7,1.7,0.38,0.38,33,0.037811515147903374,False
9c432f2024,58.2,d,depto,no posee,calefont tiro forzado,1.7,1.7,0.38,0.38,24,1.0,False
7bfe722022,101.4,c,casa_aislada,no posee,calefont junkers 16 litros w16-kme con potencia nominal de,4.0,4.0,0.84,0.84,-1,0.0,True
bd0db92020,29.5,g,depto,no posee,calefont 7 litros tiro forzado,1.6,1.6,0.33,0.33,22,0.5333332941113484,False
ca0a562023,60.9,a,depto,no posee,calefont 7 litros tiro forzado,4.0,4.0,0.84,0.84,6,1.0,False
bb199a2026,54.7,d,depto,no posee,"calefón splendid de 10 litros, master mvg tfi 10, gas licuado",3.0,3.0,0.6,0.6,-1,0.0,True
ee3bc22019,47.2,d,depto,no posee,calefont 7 litros tiro forzado,1.9,1.9,0.47,0.47,61,1.0,False
c632492023,46.1,e,casa_aislada,no posee,calefont glp,1.7,1.7,0.38,0.38,21,0.19999998455634352,False
4f92d52025,64.9,d,casa_pareada,,calefont 10 litros gl,1.9,1.9,0.47,0.47,-1,0.0,True
31f8362023,54.6,d,casa_pareada,no posee,calefont 7 litros tiro forzado,1.7,1.7,0.38,0.38,45,1.0,False
b1b58f2024,56.2,d,depto,no posee,calefont,1.9,1.9,0.47,0.47,50,1.0,False
59eafb2026,40.3,d,depto,no posee,caldera condensación,1.9,1.9,0.47,0.47,13,1.0,False
013beb2018,89.4,d,casa_aislada,no posee,calefont 7 litros tiro forzado,1.0,1.0,0.0,0.0,2,1.0,False
242c542024,46.0,b,depto,no posee,"termo eléctrico anwo van200l, potencia 3.0 kw",4.0,4.0,0.84,0.84,-1,0.0,True
2990ba2024,73.3,d,depto,no considera,"calefon 13 litros, tiro forzado.",1.9,1.9,0.47,0.47,-1,0.0,True
701f802025,64.7,d,depto,no posee,calefont 7 litros tiro forzado,1.9,1.9,0.47,0.47,-1,0.0,True
2c8b9b2026,52.8,d,depto,no posee,calefont 7 litros tiro forzado,1.9,1.9,0.47,0.47,58,1.0,False
5368212025,47.0,e,casa_pareada,no posee,calefont 7 litros tiro forzado,1.7,1.7,0.38,0.38,34,1.0,False
1b59562025,53.0,d,depto,no posee,calefont glp,1.9,1.9,0.47,0.47,-1,0.0,True
55fbed2026,119.0,d,casa_aislada,no posee,calefon tiro forzado,1.9,1.9,0.47,0.47,-1,0.0,True
8fe6372020,38.0,d,depto,no posee,calefont 7 litros tiro forzado,1.9,1.9,0.47,0.47,-1,0.0,True
200a082023,45.2,d,depto,no posee,"calefón splendid mvg tfi 13 litros, gas natural de 22,5 kw",1.9,1.9,0.47,0.47,-1,0.0,True
26db902021,51.6,d,casa_pareada,estufa kerosene 3 kw,calefon tiro natural 10 lts +sst,1.7,1.7,0.38,0.38,1,1.0,False
2d4a802018,45.2,d,casa_pareada,no posee,calefont 7 litros tiro forzado,1.9,1.9,0.47,0.47,42,1.0,False
e7d89a2025,51.3,i,casa_pareada,caldera a gas - gaz 6000 w- marca bosch,caldera a gas - gaz 6000 w- marca bosch,0.6,0.6,0.25,0.25,-1,0.0,True
ddee792024,48.6,f,depto,no posee,calefont glp,1.6,1.6,0.33,0.33,29,1.0,False
bc37982022,49.9,d,depto,no posee,calefont glp,3.0,3.0,0.6,0.6,37,1.0,False
68e6c82026,19.8,e,depto,no posee,calefont 7 litros tiro forzado,1.7,1.7,0.38,0.38,54,0.1842105113427154,False
3b39ae2026,67.6,e,depto,sin sistema,calefont tiro forzado 13 lts,1.7,1.7,0.38,0.38,35,1.0,False
c34ad32020,52.3,i,depto,"calefactor a gas natural, 35000 btu, marca orbis, modelo","calefont a gas natural, tiro forzado, marca mademsa, capacidad",0.6,0.6,0.25,0.25,-1,0.0,True
ca8dc02025,51.0,a,depto,calefactor electrico,calefont 12 litros gl,4.0,4.0,0.84,0.84,-1,0.0,True
2df0552024,51.3,f,casa_aislada,no posee,calefont 7 litros tiro forzado,1.7,1.7,0.38,0.38,14,1.0,False
2655072025,47.8,d,depto,no posee,calefont 11 litros tiro forzado,1.9,1.9,0.47,0.47,-1,0.0,True
de181f2022,53.5,d,depto,no posee,calefont glp,1.9,1.9,0.47,0.47,-1,0.0,True
39bb9d2022,49.7,d,depto,"tres calefactores eléctricos wifi marca kaltemp, modelo wally",se consideran 3 caldera a gas tipo condensación para todo el,1.9,1.9,0.47,0.47,-1,0.0,True
76e3042020,42.4,f,depto,no posee,calefont 10 litros tiro forzado,1.7,1.7,0.38,0.38,-1,0.0,True
519c9a2025,66.8,f,casa_aislada,no posee,calefont 7 litros tiro forzado,1.7,1.7,0.38,0.38,14,1.0,False
9fc5802024,60.3,d,casa_pareada,no posee,calefont 10 lts,1.9,1.9,0.47,0.47,-1,0.0,True
f3b9aa2023,53.9,d,depto,no posee,calefont 7 litros tiro forzado,3.0,3.0,0.6,0.6,55,1.0,False
03a55d2024,31.1,g,depto,no posee,calefont individual. gas licuado,1.6,1.6,0.33,0.33,-1,0.0,True
8c5b5e2026,53.6,d,depto,0,calefont 10 litros tiro forzado,1.7,1.7,0.38,0.38,-1,0.0,True
105a132025,57.8,d,casa_pareada,0,calefont 7 litros tiro forzado,1.7,1.7,0.38,0.38,-1,0.0,True
19e7e82018,103.6,g,casa_aislada,no posee,calefont 7 litros tiro forzado,1.6,1.6,0.33,0.33,-1,0.0,True
1a3cf12023,28.7,d,depto,no considera,central termica,1.9,1.9,0.47,0.47,-1,0.0,True
63a8e52018,42.3,f,casa_aislada,no posee,calefont 7 litros tiro forzado,1.6,1.6,0.33,0.33,14,0.22884858922265802,False
b1cd052024,53.1,d,casa_pareada,calefactores eléctricos,calefont 10 litros tiro forzado,1.7,1.7,0.38,0.38,-1,0.0,True
e37eae2021,54.5,a,depto,no posee,calefont 7 litros tiro forzado,4.0,4.0,0.84,0.84,5,1.0,False
6161a22020,60.3,a,depto,no posee,calefont 7 litros tiro forzado,4.0,4.0,0.84,0.84,6,1.0,False
81c4992023,31.1,d,depto,no posee,caldera central a gas,1.9,1.9,0.47,0.47,30,1.0,False
759be92024,38.6,d,depto,no considera,caldera con condensación,1.9,1.9,0.47,0.47,53,1.0,False
f6ce5f2026,54.4,c,depto,calefactor electrico,calefont 10 litros gl,3.0,3.0,0.6,0.6,0,1.0,False
d167ae2025,43.6,d,depto,no posee,"central térmica con 8 calentadores de agua, marca anwo,",1.0,1.0,0.0,0.0,2,0.9996619144450413,False
c8d3692026,53.1,d,casa_pareada,calefactor electrico,calefont 10 litros gl,1.7,1.7,0.38,0.38,0,1.0,False
fadf372022,51.9,b,depto,no posee,calefont 7 litros tiro forzado,3.0,3.0,0.6,0.6,-1,0.0,True
83d5862020,42.4,d,casa_pareada,no posee,calefont glp,1.9,1.9,0.47,0.47,40,0.0,False
f7b48b2022,51.3,d,depto,no posee,termo eléctrico,1.9,1.9,0.47,0.47,8,1.0,False
e5f8152021,46.6,f,depto,no posee,calefont 10 litros tiro forzado,1.7,1.7,0.38,0.38,-1,0.0,True
a3cc0e2025,53.0,c,depto,no posee,calefont 7 litros tiro forzado,4.0,4.0,0.84,0.84,3,1.0,False
b3867e2023,52.6,f,depto,no aplica,calefont glp,1.6,1.6,0.33,0.33,-1,0.0,True
409be72026,44.4,e,depto,no posee,calefont 7 litros tiro forzado,1.7,1.7,0.38,0.38,54,1.0,False
63f8fb2019,47.2,d,depto,no posee,calefont 7 litros tiro forzado,1.9,1.9,0.47,0.47,61,1.0,False
3e868c2024,38.4,e,depto,no posee,calefont 7 litros tiro forzado,1.7,1.7,0.38,0.38,54,0.3499999729736012,False
8ba3852026,44.5,b,depto,no posee,calefont 7 litros tiro forzado,4.0,4.0,0.84,0.84,3,0.00339213025673568,False
4e4b272024,54.2,d,depto,no posee,termo electrico,1.9,1.9,0.47,0.47,-1,0.0,True
4ff11f2024,47.4,d,casa_pareada,no posee,calefont 13 litros,1.9,1.9,0.47,0.47,-1,0.0,True
3243422024,50.9,b,casa_pareada,no posee,calefont 7 litros tiro forzado,4.0,4.0,0.84,0.84,-1,0.0,True
d10b1a2024,70.4,a,depto,no posee,calefont 7 litros tiro forzado,4.0,4.0,0.84,0.84,-1,0.0,True
2242832025,52.7,a,depto,no posee,"calefon splendid mvg tfi de 10 litros, de 17,6 kw potencia",4.0,4.0,0.84,0.84,4,1.0,False
e779a22023,57.4,d,depto,no posee,calefont tiro forzado,1.7,1.7,0.38,0.38,24,1.0,False
b0abc72024,49.2,d,depto,no posee,calefont 10 litros tiro forzado,1.7,1.7,0.38,0.38,11,0.02725791820042328,False
9ef3612025,83.7,e,casa_aislada,no posee,calefont 7 litros tiro forzado,1.7,1.7,0.38,0.38,33,0.012550881504633415,False
6bd6192019,29.7,d,depto,sistema unitario autocontenido,caldera de condensación anwo victrix pro120,1.0,1.0,0.0,0.0,-1,0.0,True
f0dd232024,32.1,d,depto,no posee,"el edificio cuenta con 5 calderas de gas natural, riello condexa",1.9,1.9,0.47,0.47,-1,0.0,True
79dc342023,43.3,d,depto,no posee,"calefón splendid mvg tfi 13 litros, gas natural de 22,5 kw",1.9,1.9,0.47,0.47,-1,0.0,True
93bd322025,64.7,d,depto,no posee,calefont 7 litros tiro forzado,1.9,1.9,0.47,0.47,-1,0.0,True
db18712025,96.1,d,casa_aislada,no posee,calefont 7 litros tiro forzado,1.9,1.9,0.47,0.47,33,0.5692307794656191,False
6702a82021,41.7,d,casa_pareada,no posee,calefont glp,1.9,1.9,0.47,0.47,40,0.0,False
72e1e42020,93.0,d,depto,si posee,estanque de acumulación sistema centralizado,1.9,1.9,0.47,0.47,-1,0.0,True
bd12402022,79.4,d,casa_pareada,no posee,calefont tiro forzado,1.7,1.7,0.38,0.38,7,1.0,False
3e9c662019,47.2,d,depto,no posee,calefont 7 litros tiro forzado,1.9,1.9,0.47,0.47,61,1.0,False
52b0392021,47.8,d,depto,no posee,calefont 7 litros tiro forzado,1.9,1.9,0.47,0.47,-1,0.0,True
7f063e2020,60.0,d,depto,no posee,caldera a condensación,1.9,1.9,0.47,0.47,18,0.37404578244825387,False
0439742023,30.9,d,depto,no posee,termo eléctrico pro eco evo primaterm 100lt,1.9,1.9,0.47,0.47,-1,0.0,True
bc68622022,48.6,d,depto,no posee,calefont glp,1.9,1.9,0.47,0.47,44,0.0,False
ea50082024,47.8,f,depto,no posee,calefont,1.6,1.6,0.33,0.33,-1,0.0,True
04c1cd2022,30.8,d,depto,no posee,termo eléctrico,1.9,1.9,0.47,0.47,8,1.0,False
efd7e52023,50.9,d,depto,no posee,calefont 13 litros tiro forzado,1.9,1.9,0.47,0.47,-1,0.0,True
222b4c2021,36.9,d,depto,no considera,central termica,1.9,1.9,0.47,0.47,-1,0.0,True
4005b52022,45.0,d,casa_pareada,no posee,calefont,1.9,1.9,0.47,0.47,10,1.0,False
2184e02021,45.3,d,depto,no posee,calefont 10 litros tiro forzado,3.0,3.0,0.6,0.6,11,0.009571054886205977,False
94a34c2023,38.2,d,depto,no posee,5 calderas de gas natural genus premium evo hp 150 de 140,1.9,1.9,0.47,0.47,-1,0.0,True
ef4db62021,46.1,d,casa_pareada,no posee,calefont 10 litros tiro forzado,1.9,1.9,0.47,0.47,36,1.0,False
f490e82022,55.5,d,casa_pareada,no posee,calefont 7 litros tiro forzado,1.7,1.7,0.38,0.38,45,1.0,False
ecfff12026,65.5,d,depto,no aplica,4 calderas murales de condensación,1.9,1.9,0.47,0.47,-1,0.0,True
f009bc2025,68.0,c,depto,no posee,termo eléctrico rheem 246 litros,4.0,4.0,0.0,0.0,-1,0.0,True
caa8712023,120.6,d,depto,losa radiante,caldera con condensación,1.9,1.9,0.47,0.47,-1,0.0,True
aef1762022,42.8,d,depto,no posee,calefont 10 litros tiro forzado,1.9,1.9,0.47,0.47,11,1.0,False
575cb02023,49.4,d,depto,no posee,calefont 7 litros tiro forzado,1.9,1.9,0.47,0.47,60,1.0,False
ae10fe2026,57.8,d,depto,sin sistema,calefont tiro forzado 10 litros,1.9,1.9,0.47,0.47,-1,0.0,True
ba516a2024,66.7,f,casa_aislada,"estufa a parafina tiro forzado marca toyotomi modelo ff-55t,","calefont marca mademsa modelo. forced 10 eco gl, con una",1.6,1.6,0.33,0.33,-1,0.0,True
15970a2026,52.9,d,depto,no posee,calefont 7 litros tiro forzado,1.9,1.9,0.47,0.47,58,1.0,False
986b452024,51.3,f,casa_aislada,no posee,calefont 7 litros tiro forzado,1.7,1.7,0.38,0.38,14,1.0,False
6ac1ae2020,46.2,f,casa_pareada,no posee,calefont glp,1.7,1.7,0.38,0.38,27,1.0,False
9e38642021,51.0,d,depto,no posee,calefont glp,1.9,1.9,0.47,0.47,48,1.0,False
fc2c552026,41.0,d,depto,no posee,caldera condensación,1.9,1.9,0.47,0.47,13,1.0,False
fd99002025,32.0,d,depto,"no posee. se proyectan placas eléctricas, sin embargo no es",se considera por defecto. agua caliente la proporcionada por,1.0,1.0,0.0,0.0,-1,0.0,True
9bd2d72026,60.8,f,casa_pareada,no posee,calefont glp,1.7,1.7,0.38,0.38,27,0.0,False
b373b12021,87.2,f,casa_aislada,no posee,calefont 10 litros tiro forzado,1.7,1.7,0.38,0.38,15,1.0,False
1b93322026,50.1,c,depto,no posee,calefont 7 litros tiro forzado,3.0,3.0,0.6,0.6,51,1.0,False
0c4f732019,47.2,d,depto,no posee,calefont 7 litros tiro forzado,1.9,1.9,0.47,0.47,61,1.0,False
b891402023,30.2,d,depto,no posee,caldera con condensación,1.9,1.9,0.47,0.47,52,1.0,False
2bc8112023,51.0,c,depto,no posee,calefont 7 litros tiro forzado,4.0,4.0,0.84,0.84,3,1.0,False
8555e92026,31.0,d,depto,no posee,calefont 7 litros tiro forzado,1.9,1.9,0.47,0.47,57,1.0,False
3dd2162023,52.6,f,depto,no aplica,calefont glp,1.6,1.6,0.33,0.33,-1,0.0,True
15a5092026,96.1,d,casa_aislada,no posee,calefont 7 litros tiro forzado,1.9,1.9,0.47,0.47,33,0.5692307794656191,False
2953b92024,54.4,d,casa_pareada,no posee,calefont 7 litros tiro forzado,1.9,1.9,0.47,0.47,43,1.0,False
7fa3c42023,57.2,g,depto,no posee,calefont 7 litros tiro forzado,1.6,1.6,0.33,0.33,22,1.0,False
e2beba2024,48.6,f,depto,no posee,calefont,1.6,1.6,0.33,0.33,-1,0.0,True
6a8df32025,53.3,d,depto,no posee,calefont tiro forzado 12 litros,1.9,1.9,0.47,0.47,-1,0.0,True
ab69cc2019,51.1,d,depto,no posee,calefont glp,1.9,1.9,0.47,0.47,49,1.0,False
cb79352026,47.0,d,casa_pareada,"estufa keroseno, 3 kw",calefont 10litros tiro forzado,1.7,1.7,0.38,0.38,-1,0.0,True
52f50a2022,31.2,d,depto,no posee,el edificio cuenta con 2 calderas sime 2r10 de 154.500 kcal/h,1.9,1.9,0.47,0.47,-1,0.0,True
76b1202026,29.6,d,depto,no aplica,termo eléctrico,1.9,1.9,0.47,0.47,-1,0.0,True
5578e52019,39.5,d,depto,no posee,caldera rinnai sm 175,1.9,1.9,0.47,0.47,30,0.038670282988471666,False
ac508f2022,35.3,d,depto,losa radiante mediante bomba de calor aerotérmica,bomba de calor aerotérmica,1.9,1.9,0.47,0.47,-1,0.0,True
9962b92025,46.8,f,casa_aislada,no posee,calefont glp,1.7,1.7,0.38,0.38,19,0.056458454608419154,False
3f01ae2024,81.7,f,casa_pareada,no posee,calefont 7 litros tiro forzado,1.7,1.7,0.38,0.38,16,0.035856575237263794,False
7b0f002023,47.0,d,casa_pareada,no posee,calefont 7 litros tiro forzado,1.7,1.7,0.38,0.38,41,1.0,False
3336b92026,48.5,d,depto,no posee,calefont glp,1.9,1.9,0.47,0.47,44,1.0,False
672cb92023,63.0,d,depto,radiador eléctrico,temo eléctrico,1.9,1.9,0.47,0.47,-1,0.0,True
3a19132023,53.8,c,depto,no posee,calefont 7 litros tiro forzado,4.0,4.0,0.84,0.84,3,1.0,False
d8dc862026,52.1,f,casa_pareada,no posee,calefont glp,1.7,1.7,0.38,0.38,27,0.0,False
001be52024,66.7,d,casa_pareada,no posee,calefont 7 litros tiro forzado,1.9,1.9,0.47,0.47,-1,0.0,True
8308742018,48.3,d,depto,no posee,calefont glp,1.9,1.9,0.47,0.47,44,0.0,False
c8fce32025,30.0,d,depto,no posee,"central térmica con 10 calefones de condesación, marca anwo,",1.0,1.0,0.0,0.0,2,1.0,False
0ded212025,64.9,d,casa_pareada,,calefont 10 litros gl,1.9,1.9,0.47,0.47,-1,0.0,True
1411e02022,47.1,c,depto,no posee,"calefont splendid 10 litros, gas licuado",3.0,3.0,0.6,0.6,-1,0.0,True
e1d24b2020,77.8,d,casa_aislada,estufa kerosene 3 kw,calefon tiro natural 10 lts +sst,1.7,1.7,0.38,0.38,1,1.0,False
3779852025,58.4,c,depto,no posee,calefont 11 litros tiro forzado,3.0,3.0,0.6,0.6,-1,0.0,True
1cc98a2024,94.7,h,casa_aislada,no posee,"calefon tiro forzado 13 litros marca: splendid, modelo: mvg",1.6,1.6,0.33,0.33,-1,0.0,True
ddc4962026,38.9,g,depto,no posee,calefon,1.6,1.6,0.33,0.33,-1,0.0,True
848f6b2024,49.0,f,casa_pareada,no posee,calefont,1.6,1.6,0.33,0.33,-1,0.0,True
262cbd2021,70.8,d,casa_pareada,no posee,calefón,1.9,1.9,0.47,0.47,-1,0.0,True
49d5932025,43.7,b,casa_pareada,no posee,calefont glp,3.0,3.0,0.6,0.6,-1,0.0,True
b11bab2023,29.4,c,depto,no posee,calefon de condensación en cascada,3.0,3.0,0.6,0.6,-1,0.0,True
011a492022,52.0,e,depto,no posee,calefont 10 litros tiro forzado,1.7,1.7,0.38,0.38,-1,0.0,True
07310b2024,47.2,d,depto,"central térmica, 3 calderas tipo tank in tank heat master, 150","central térmica, 3 calderas tipo tank in tank heat master, 150",1.9,1.9,0.47,0.47,-1,0.0,True
320ebb2025,102.9,d,casa_aislada,no posee,calefont 16 litros tiro forzado,1.7,1.7,0.38,0.38,-1,0.0,True
d4ad4f2022,93.4,d,casa_pareada,no posee,calefont tiro forzado,1.7,1.7,0.38,0.38,7,1.0,False
d09e742025,40.8,c,depto,no posee,calefont 7 litros tiro forzado,3.0,3.0,0.6,0.6,51,1.0,False
eb3db12024,37.8,d,depto,no posee,caldera con condensación,1.9,1.9,0.47,0.47,52,1.0,False
efe6ba2019,28.7,d,depto,no posee,calentamiento de agua con estanque electrico 80 lt,1.0,1.0,0.0,0.0,2,0.998311921800348,False
8116092022,44.1,e,depto,no considera,bomba de calor,1.7,1.7,0.38,0.38,-1,0.0,True
28f7772022,49.2,d,depto,no posee,calefont glp,3.0,3.0,0.6,0.6,37,0.0,False
e952292019,51.0,d,depto,no posee,calefont glp,1.9,1.9,0.47,0.47,48,1.0,False
24fb0e2024,53.0,c,depto,no posee,calefont 7 litros tiro forzado,4.0,4.0,0.84,0.84,3,1.0,False
2e96182023,35.4,a,depto,no posee,"termo eléctrico marca junkers, modelo elacell excellence",4.0,4.0,0.84,0.84,-1,0.0,True
0522c52025,29.8,g,depto,calefactor eléctrico wally one de kaltemp,termo eléctrico rheem,1.6,1.6,0.33,0.33,-1,0.0,True
382d1b2026,60.8,f,casa_pareada,no posee,calefont glp,1.7,1.7,0.38,0.38,27,0.0,False
13bbd62019,51.1,d,depto,no posee,calefont glp,1.9,1.9,0.47,0.47,49,1.0,False
8a38862026,47.0,d,casa_pareada,no posee,calefont 7 litros tiro forzado,1.9,1.9,0.47,0.47,42,1.0,False
b2c1fa2026,30.1,d,depto,no posee,termo eléctrico splendid 80 lt,1.9,1.9,0.47,0.47,-1,0.0,True
247e832020,63.7,d,depto,sistema centralizado por piso radiante,sistema centralizado por caldera a gas,1.9,1.9,0.47,0.47,-1,0.0,True
c8bdb42025,70.4,d,casa_pareada,no posee,calefont 7 litros tiro forzado,1.7,1.7,0.38,0.38,-1,0.0,True
827c082025,53.4,f,casa_pareada,no posee,calefont 7 litros tiro forzado,1.7,1.7,0.38,0.38,16,0.2647058810169847,False
9b1ba52025,48.3,e,casa_aislada,no posee,calefont glp,1.7,1.7,0.38,0.38,21,1.0,False
6fd1f92021,49.4,d,casa_pareada,no posee,calefont,1.9,1.9,0.47,0.47,10,1.0,False
0644de2025,28.9,d,depto,no posee,sala de calderas,1.9,1.9,0.47,0.47,12,1.0,False
78f3582024,48.3,a,depto,no posee,calefont 7 litros tiro forzado,4.0,4.0,0.84,0.84,-1,0.0,True
e8e8262022,47.1,f,casa_pareada,no posee,calefont glp,1.7,1.7,0.38,0.38,27,0.0,False
7dcb0d2021,55.0,d,depto,no posee,calefont,1.7,1.7,0.38,0.38,50,0.025831117631745802,False
60a5ae2020,61.6,f,depto,no posee,calefont 13 litros tiro forzado,1.6,1.6,0.33,0.33,-1,0.0,True
50e42b2019,51.0,d,depto,no posee,calefont glp,1.9,1.9,0.47,0.47,48,1.0,False
b230af2019,45.7,d,depto,no posee,caldera rinnai sm 75,1.0,1.0,0.0,0.0,2,0.9962937888027079,False
9736372025,47.0,e,casa_pareada,no posee,calefont 7 litros tiro forzado,1.7,1.7,0.38,0.38,34,1.0,False
5da4702023,49.4,d,depto,no posee,calefont 7 litros tiro forzado,1.9,1.9,0.47,0.47,60,1.0,False
0fea602026,43.3,d,depto,no posee,sala de calderas modular (gas natural),1.9,1.9,0.47,0.47,-1,0.0,True
8689922022,50.9,d,depto,no posee,calefont 7 litros,1.9,1.9,0.47,0.47,-1,0.0,True
4f69832021,51.2,d,depto,no posee,calefont glp,1.9,1.9,0.47,0.47,49,0.0,False
dcdbcf2024,54.7,e,casa_pareada,no posee,calefont glp,1.7,1.7,0.38,0.38,25,1.0,False
f3a1032025,53.3,c,depto,no posee,calefont 7 litros tiro forzado,4.0,4.0,0.84,0.84,3,1.0,False
0119b72024,46.5,c,depto,no posee,calefont 7 litros tiro forzado,4.0,4.0,0.84,0.84,3,0.3448275944704466,False
ea02e22025,52.2,g,depto,no posee,calefont 10 litros tiro forzado,1.6,1.6,0.33,0.33,23,1.0,False
3404232018,47.2,d,depto,no posee,calefont 7 litros tiro forzado,1.9,1.9,0.47,0.47,61,1.0,False
fd11032025,48.3,f,depto,no posee,calefont glp,1.7,1.7,0.38,0.38,29,1.0,False
906b052020,86.1,d,casa_aislada,"calefactor italkero stratos 5.0, tiro balanceado","rheem 16 litros, tiro forzado",1.0,1.0,0.0,0.0,-1,0.0,True
68a3232022,47.1,c,depto,no posee,"calefont splendid 10 litros, gas licuado",3.0,3.0,0.6,0.6,-1,0.0,True
b7efd02021,51.1,f,depto,no posee,calefont tiro forzado,1.7,1.7,0.38,0.38,-1,0.0,True
8955ec2024,42.5,d,depto,no posee,central termica,1.9,1.9,0.47,0.47,38,0.17142857489551486,False
e945f52026,52.1,f,casa_pareada,no posee,calefont glp,1.7,1.7,0.38,0.38,27,0.0,False
f0e9282024,32.0,d,depto,no posee,"caldera de tipo condensación, 900kw marca inmergas modelo",1.9,1.9,0.47,0.47,-1,0.0,True
39411c2025,28.4,d,depto,no posee,calderas de condensación,1.9,1.9,0.47,0.47,13,0.01628222502278369,False
e844852025,55.1,b,casa_aislada,no posee,calefont glp,4.0,4.0,0.84,0.84,-1,0.0,True
62b1842021,38.5,d,depto,no posee,calefon de condensación,1.9,1.9,0.47,0.47,50,0.00881953798648314,False
941cad2020,243.4,d,depto,cielo radiante mediante caldera de condensación a gas,mediante caldera de condensación a gas,1.9,1.9,0.47,0.47,-1,0.0,True
a80d342023,49.2,d,depto,no posee,calefon,1.9,1.9,0.47,0.47,-1,0.0,True
d9f8a72023,41.8,f,casa_aislada,no aplica,calefont glp,1.6,1.6,0.33,0.33,-1,0.0,True
7710de2026,40.1,f,depto,no posee,calefont 7 litros tiro forzado,1.7,1.7,0.38,0.38,31,1.0,False
4b96ee2025,42.8,d,depto,no posee,calefont 10 litros tiro forzado,1.9,1.9,0.47,0.47,11,1.0,False
16661b2023,49.9,d,depto,no posee,"calefont, tiro forzado",1.9,1.9,0.47,0.47,-1,0.0,True
1034a42025,51.0,e,depto,no posee,calefont 7 litros tiro forzado,1.7,1.7,0.38,0.38,54,1.0,False
e68ea62020,51.0,d,depto,no posee,calefont glp,1.9,1.9,0.47,0.47,48,1.0,False
5d67652023,60.9,a,depto,no posee,calefont 7 litros tiro forzado,4.0,4.0,0.84,0.84,6,1.0,False
75f9612020,38.4,d,depto,no posee,caldera de condesanción,1.9,1.9,0.47,0.47,-1,0.0,True
9072202024,40.9,d,depto,no posee,el edificio cuenta con 5 calefont de condensación marca navien,1.9,1.9,0.47,0.47,-1,0.0,True
e975722024,50.3,g,casa_aislada,no posee,calefont glp,1.6,1.6,0.33,0.33,20,1.0,False
97b6242026,51.1,f,casa_pareada,no posee,calefont glp,1.6,1.6,0.33,0.33,27,0.0,False
78bf202026,28.1,d,depto,no posee,termo eléctrico,1.9,1.9,0.47,0.47,8,1.0,False
eb94dc2026,57.8,e,depto,sin sistema,calefont tiro forzado 13 lts,1.7,1.7,0.38,0.38,35,1.0,False
0837872024,39.9,g,depto,no posee,calefont 7 litros tiro forzado,1.6,1.6,0.33,0.33,22,0.9655171899616656,False
4b0c722023,114.6,d,casa_aislada,no posee,calefont 7 litros tiro forzado,1.9,1.9,0.47,0.47,33,0.2681159472190405,False
9e4bf02019,50.5,d,depto,no posee,calefont 7 glp,1.9,1.9,0.47,0.47,-1,0.0,True
14534f2025,53.0,d,depto,no posee,calefont glp,1.9,1.9,0.47,0.47,-1,0.0,True
82327f2023,50.8,d,depto,no aplica,calefont glp,1.9,1.9,0.47,0.47,-1,0.0,True
b608e72024,49.4,d,depto,no posee,calefont glp,1.9,1.9,0.47,0.47,44,0.0,False
a8d7af2024,49.4,d,depto,no posee,calefont 7 litros tiro forzado,1.9,1.9,0.47,0.47,60,1.0,False
d229ec2023,58.7,d,casa_pareada,no posee,calefont 7 litros tiro forzado,1.7,1.7,0.38,0.38,46,1.0,False
606ed92018,57.4,f,,no posee,calefont 7 litros tiro forzado,1.7,1.7,0.38,0.38,-1,0.0,True
89ccab2022,55.5,d,casa_pareada,no posee,calefont 7 litros tiro forzado,1.7,1.7,0.38,0.38,45,1.0,False
c8d0c22021,48.4,f,depto,no posee,calefont tiro forzado,1.7,1.7,0.38,0.38,-1,0.0,True
77bd3b2024,49.7,c,depto,no posee,calefont 7 litros tiro forzado,4.0,4.0,0.84,0.84,3,0.8333333440580949,False
675a362025,47.8,d,casa_pareada,no posee,calefont glp,1.9,1.9,0.47,0.47,39,0.666666652366985,False
20e49f2026,47.0,d,casa_pareada,no posee,calefont 7 litros tiro forzado,1.7,1.7,0.38,0.38,41,1.0,False
8c5d972025,27.8,d,depto,no posee,calefont 7 litros tiro forzado,1.9,1.9,0.47,0.47,57,0.9500000038609141,False
4a3f132019,53.0,d,casa_pareada,no posee,"calefont splendid, master 10",1.0,1.0,0.0,0.0,2,0.9771976252412191,False
a0ea312024,45.1,b,casa_pareada,no posee,calefont 7 litros tiro forzado,4.0,4.0,0.84,0.84,-1,0.0,True
137c2b2021,46.2,f,casa_pareada,no posee,calefont glp,1.7,1.7,0.38,0.38,27,1.0,False
831d682023,28.8,a,depto,no posee,"calefon splendid mvg tfi de 10 litros, de 17,6 kw potencia",4.0,4.0,0.84,0.84,4,1.0,False
3414ee2021,59.3,d,casa_pareada,no posee,calefón,1.9,1.9,0.47,0.47,-1,0.0,True
d3fe582024,28.4,d,depto,no posee,caldera,1.9,1.9,0.47,0.47,8,0.07259158922291108,False
2cea1e2025,53.0,d,depto,no posee,calefont glp,1.9,1.9,0.47,0.47,-1,0.0,True
0c85e52025,49.8,b,depto,no posee,"calefont 10 litros tiro forzado, cámara abierta",4.0,4.0,0.84,0.84,-1,0.0,True
8d7db62020,46.2,f,casa_pareada,no posee,calefont glp,1.7,1.7,0.38,0.38,27,1.0,False
a263042022,50.1,d,depto,no posee,calefont 10 litros tiro forzado,3.0,3.0,0.6,0.6,11,0.009571054886205977,False
6cf8e62020,19.9,d,depto,no posee,caldera de condensación,1.9,1.9,0.47,0.47,28,0.5970149301896011,False
3558312020,47.9,f,casa_pareada,no posee,calefont 7 litros tiro forzado,1.7,1.7,0.38,0.38,16,0.2647058810169847,False
7559162018,73.7,d,casa_aislada,no posee,calefont 7 litros tiro forzado,1.9,1.9,0.47,0.47,33,0.536231894438081,False
da4bc22020,58.7,d,casa_pareada,no posee,calefon 10 lts splendid modelo master 10,1.7,1.7,0.38,0.38,-1,0.0,True
b528982025,42.6,d,depto,sin sistema,caldera de condensación marca naview,1.9,1.9,0.47,0.47,-1,0.0,True
b434c32024,49.8,g,depto,no posee,calefont 10 litros tiro forzado,1.1,1.1,0.28,0.28,23,1.0,False
dd84412022,93.4,d,casa_aislada,no posee,calefont tiro forzado,1.7,1.7,0.38,0.38,-1,0.0,True
d526a22025,57.8,e,depto,no posee,calefont,1.7,1.7,0.38,0.38,-1,0.0,True
f3e96f2024,56.0,d,depto,no considera,caldera con condensación,1.9,1.9,0.47,0.47,53,0.3975903578589271,False
ed1cdd2025,55.4,a,depto,no posee,"termo eléctrico anwo van200l, potencia 3.0 kw",4.0,4.0,0.84,0.84,4,1.0,False
24cb422024,48.6,g,depto,no posee,calefont 7 litros tiro forzado,1.1,1.1,0.28,0.28,22,0.045976585582855785,False
f213e02024,49.8,g,depto,no posee,calefont 10 litros tiro forzado,1.1,1.1,0.28,0.28,23,1.0,False
51fcc92025,46.1,d,depto,no posee,central térmica,1.9,1.9,0.47,0.47,38,0.004070556255695922,False
4aadb92019,40.4,d,depto,no posee,calefont 7 litros tiro forzado,1.9,1.9,0.47,0.47,-1,0.0,True
a80ed12024,54.8,f,casa_pareada,no posee,calefont glp,1.7,1.7,0.38,0.38,27,0.0,False
884db22024,47.2,d,depto,0,calefont 10 litros tiro forzado,1.7,1.7,0.38,0.38,-1,0.0,True
67e2112024,45.1,f,depto,no posee,calderas de condensación navien npe 32 swe,1.6,1.6,0.33,0.33,-1,0.0,True
71e3392025,72.6,d,depto,no posee,calefon,1.9,1.9,0.47,0.47,-1,0.0,True
fb9c5b2022,53.5,d,depto,no posee,calefont glp,1.9,1.9,0.47,0.47,-1,0.0,True
68cd042021,22.4,d,depto,no posee,el edificio cuenta con 2 calderas para el edificio sur y 3 calderas,1.9,1.9,0.47,0.47,8,0.07259158922291108,False
55da2d2024,49.2,a,casa_pareada,no posee,calefont glp,4.0,4.0,0.84,0.84,-1,0.0,True
abc8912021,42.4,d,casa_pareada,no posee,calefont glp,1.9,1.9,0.47,0.47,40,0.0,False
4043152019,101.1,d,casa_aislada,no posee,calefont 14 litros ionizado,1.9,1.9,0.47,0.47,-1,0.0,True
2afcbe2023,41.9,c,depto,no posee,"central térmica calefont condensación, gas licuado, bosch,",4.0,4.0,0.84,0.84,-1,0.0,True
d86cd72024,49.8,g,depto,no posee,calefont 10 litros tiro forzado,1.1,1.1,0.28,0.28,23,1.0,False
aeb3a12021,52.3,f,depto,no posee,calefont glp,1.7,1.7,0.38,0.38,29,1.0,False
cbc9cf2023,50.3,d,depto,no posee,caldera a gas natural,1.9,1.9,0.47,0.47,-1,0.0,True
cc63042026,116.4,d,casa_aislada,caldera mural anwo + radiadores.,calefón tiro forzado 13 l/m anwo.,1.9,1.9,0.47,0.47,-1,0.0,True
5ffb742025,75.3,c,depto,no posee,caldera mural a condensación,3.0,3.0,0.6,0.6,-1,0.0,True
4cfedb2023,52.4,e,depto,no posee,calefont 7 litros tiro forzado,1.7,1.7,0.38,0.38,54,1.0,False
c639ed2025,52.2,g,depto,no posee,calefont 10 litros tiro forzado,1.1,1.1,0.28,0.28,23,1.0,False
4ef8202025,51.6,d,depto,no posee,calefont,1.9,1.9,0.47,0.47,50,1.0,False
a3119b2024,49.2,a,casa_pareada,no posee,calefont glp,4.0,4.0,0.84,0.84,-1,0.0,True
efba242021,30.3,d,depto,no posee,caldera con condensación,1.9,1.9,0.47,0.47,52,1.0,False
72fb7a2023,58.7,d,depto,sistema por defecto.,bomba de calor + calderas,1.9,1.9,0.47,0.47,-1,0.0,True
61316a2023,49.0,h,casa_pareada,no posee,calefont glp,1.6,1.6,0.33,0.33,-1,0.0,True
88a0fe2025,27.0,d,depto,sin sistema,caldera,1.9,1.9,0.47,0.47,-1,0.0,True
0796f12026,47.0,d,casa_pareada,no posee,calefont 7 litros tiro forzado,1.7,1.7,0.38,0.38,41,1.0,False
f09ce82026,67.6,e,depto,sin sistema,calefont tiro forzado 13 lts,1.7,1.7,0.38,0.38,35,1.0,False
8940ed2021,46.1,d,casa_pareada,no posee,calefont 10 litros tiro forzado,1.9,1.9,0.47,0.47,36,1.0,False
bff5912021,45.2,d,casa_pareada,no posee,calefont 7 litros tiro forzado,1.9,1.9,0.47,0.47,42,1.0,False
59fd4f2022,40.8,d,depto,no posee,caldera de condensación,1.9,1.9,0.47,0.47,28,1.0,False
be70fa2025,48.5,d,depto,no posee,calefont glp,1.9,1.9,0.47,0.47,44,1.0,False
3b8cdc2024,46.4,d,depto,no posee,caldera de condensación,1.9,1.9,0.47,0.47,28,1.0,False
565f342025,38.2,e,depto,no posee,calefont 7 litros tiro forzado,1.7,1.7,0.38,0.38,54,0.3333333088195928,False
fa73dc2023,28.4,d,depto,no posee,calefón con condensación,1.9,1.9,0.47,0.47,8,0.07259158922291108,False
c8cbdb2020,42.4,d,casa_pareada,no posee,calefont glp,1.9,1.9,0.47,0.47,40,0.0,False
e9c1002026,34.1,d,depto,no posee,calefont 7 litros tiro forzado,1.9,1.9,0.47,0.47,57,1.0,False
3af67f2021,41.4,d,casa_pareada,no posee,calefont glp,1.9,1.9,0.47,0.47,40,0.0,False
af54892024,49.6,f,casa_pareada,no posee,calefont 10 litros tiro forzado,1.7,1.7,0.38,0.38,-1,0.0,True
9297f72021,61.4,g,depto,radiadores eléctricos,termo eléctrico 189lts,1.0,1.0,0.0,0.0,-1,0.0,True
e758de2024,49.2,d,depto,no posee,caldera de condensación,1.9,1.9,0.47,0.47,28,1.0,False
75239e2023,46.2,d,depto,no posee,caldera a condensación,1.9,1.9,0.47,0.47,18,1.0,False
16a13d2019,31.0,d,depto,no posee,bombas de calor,1.0,1.0,0.0,0.0,2,1.0,False
a7869c2019,51.0,d,depto,no posee,calefont glp,1.9,1.9,0.47,0.47,48,1.0,False
ddf4c22026,50.2,d,casa_pareada,no posee,calefont 13 lt,1.9,1.9,0.47,0.47,-1,0.0,True
a449a22023,53.7,d,depto,no posee,calefont tiro forzado,1.7,1.7,0.38,0.38,24,1.0,False
da4ce72024,48.3,f,casa_pareada,no posee,calefont glp,1.7,1.7,0.38,0.38,27,0.0,False
06fab52025,59.5,a,depto,no posee,calefont 7 litros tiro forzado,4.0,4.0,0.84,0.84,6,1.0,False
91d47f2021,48.4,d,depto,no posee,calefont 7 litros tiro forzado,1.9,1.9,0.47,0.47,60,1.0,False
484e9a2022,47.1,f,casa_pareada,no posee,calefont glp,1.7,1.7,0.38,0.38,27,0.0,False
0a43522019,53.3,f,casa_aislada,estufa a parafina marca toyotomi modelo ff-v30 el que tiene,calefon marca mademsa modelo forzada tfm 10 eco gl/gn,1.6,1.6,0.33,0.33,-1,0.0,True
96123f2024,58.8,d,depto,no posee,calefont 7 litros tiro forzado,1.9,1.9,0.47,0.47,-1,0.0,True
78c1db2024,230.0,d,depto,caldera mural mixta de condensación rinnai,calefont de condensación navien,1.0,1.0,0.0,0.0,-1,0.0,True
1ad4712025,48.3,e,casa_aislada,no posee,calefont glp,1.7,1.7,0.38,0.38,21,1.0,False
6855642025,32.6,e,depto,no posee,calefont 7 litros tiro forzado,1.7,1.7,0.38,0.38,54,0.3111111004340148,False
1e45b12025,57.2,f,casa_pareada,no posee,"calefon splendid beyond 10 litros 2ev, gas licuado de 18 kw.",1.7,1.7,0.38,0.38,-1,0.0,True
8b0a7b2025,75.0,c,depto,no posee,sala de calderas,3.0,3.0,0.6,0.6,-1,0.0,True
831eeb2023,57.8,d,depto,no posee,calefont 7 litros tiro forzado,1.9,1.9,0.47,0.47,-1,0.0,True
cbd42d2024,47.2,d,depto,radiadores electricos,caldera de condensacion,1.9,1.9,0.47,0.47,-1,0.0,True
90c81a2023,49.8,f,depto,no posee,calefont 12 litros tiro forzado,1.6,1.6,0.33,0.33,-1,0.0,True
90facf2024,47.7,f,depto,no posee,calefont glp,1.6,1.6,0.33,0.33,29,1.0,False
2975062024,53.4,f,casa_aislada,no posee,calefont 10 litros tiro forzado,1.7,1.7,0.38,0.38,15,1.0,False
5ab0692025,40.8,c,depto,no posee,calefont 7 litros tiro forzado,3.0,3.0,0.6,0.6,51,1.0,False
771df62023,55.5,d,casa_pareada,no posee,calefont 7 litros tiro forzado,1.7,1.7,0.38,0.38,45,1.0,False
626e602025,57.8,e,depto,no posee,calefont,1.7,1.7,0.38,0.38,-1,0.0,True
7fb32a2022,47.8,d,depto,no posee,calefont 7 litros tiro forzado,1.7,1.7,0.38,0.38,56,1.0,False
58dbda2020,77.8,d,casa_aislada,estufa kerosene 3 kw,calefon tiro natural 10 lts +sst,1.7,1.7,0.38,0.38,1,1.0,False
9b047c2022,52.3,d,depto,no posee,calefont glp,1.9,1.9,0.47,0.47,47,1.0,False
f5d4b12022,54.4,f,casa_aislada,estufa a parafina marca toyotomi modelo ff-v30t el que tiene,calefon marca mademsa modelo. forzada tfm 10 eco gl el,1.6,1.6,0.33,0.33,-1,0.0,True
dea4182024,36.9,e,depto,no posee,calefont 7 litros tiro forzado,1.7,1.7,0.38,0.38,54,0.3111111004340148,False
ba68992025,53.1,c,casa_pareada,0,"calefón junkers smart wr13-2 km e31 s4305 13 litros, gas",4.0,4.0,0.84,0.84,-1,0.0,True
8c7ae72025,27.7,d,depto,no posee,el edificio cuenta con 7 calderas condensación de gas natural,1.9,1.9,0.47,0.47,38,0.004070556255695922,False
e51c122025,52.8,d,casa_pareada,no posee,calefont glp,1.9,1.9,0.47,0.47,39,1.0,False
40bd0c2023,52.2,g,depto,no posee,calefont 7 litros tiro forzado,1.6,1.6,0.33,0.33,22,1.0,False
fc25a62021,312.1,d,depto,"calefacción y acs en conjunto. el edificio con sistema centralizado,",en conjunto con calefacción.,1.9,1.9,0.47,0.47,-1,0.0,True
7284ef2021,47.1,f,casa_pareada,no posee,calefont glp,1.7,1.7,0.38,0.38,27,0.0,False
4eeb1e2026,39.5,d,depto,no posee,el edificio cuenta con 4 calderas a gas natural de condensación,1.9,1.9,0.47,0.47,30,0.038670282988471666,False
2089fd2022,52.3,d,depto,no posee,calefont glp,1.9,1.9,0.47,0.47,47,1.0,False
5180522022,54.2,d,casa_aislada,no posee,calefont 7 litros tiro forzado,1.7,1.7,0.38,0.38,33,0.037811515147903374,False
43c4eb2019,63.6,d,depto,no posee,bomba de calor,1.9,1.9,0.47,0.47,-1,0.0,True
004f2c2024,52.1,d,depto,no posee,caldera a condensaciòn,1.9,1.9,0.47,0.47,-1,0.0,True
1af0fd2024,23.8,d,depto,no posee,calefont 7 litros tiro forzado,1.9,1.9,0.47,0.47,-1,0.0,True
3e45a12025,49.1,e,depto,no posee,calefont 7 litros tiro forzado,1.7,1.7,0.38,0.38,54,1.0,False
86b5272022,42.0,d,casa_pareada,no posee,calefont glp,1.9,1.9,0.47,0.47,40,1.0,False
8c5d252026,57.8,d,casa_pareada,no posee,calefont 10 litros tiro forzado,1.7,1.7,0.38,0.38,36,0.02654312861602531,False
d73e882019,50.5,d,depto,no posee,calefont glp,1.9,1.9,0.47,0.47,-1,0.0,True
daf8882025,49.2,g,depto,"no posee sistema de calefacción, si incluye equipo panel","termo eléctrico de 80 y 120 litros, para deptos. de 1 dormitorio",1.6,1.6,0.33,0.33,-1,0.0,True
17b3342019,30.9,d,depto,sistema unitario autocontenido,caldera de condensación anwo victrix pro120,1.9,1.9,0.47,0.47,-1,0.0,True
78df872024,57.2,i,casa_pareada,caldera a gas - gaz 6000 w- marca bosch,caldera a gas - gaz 6000 w- marca bosch,0.6,0.6,0.25,0.25,-1,0.0,True
6639562024,66.0,d,depto,"central térmica, 2 calderas tipo tank in tank heat master. uso","central térmica, 2 calderas tipo tank in tank heat master.",1.9,1.9,0.47,0.47,-1,0.0,True
dd71862021,57.8,d,casa_pareada,no posee,calefont 7 litros tiro forzado,1.9,1.9,0.47,0.47,43,0.6153846153846154,False
47c9972026,53.0,d,depto,no posee,calefont glp,1.9,1.9,0.47,0.47,-1,0.0,True
5a5d632022,57.1,e,casa_aislada,no posee,calefont 7 litros tiro forzado,1.7,1.7,0.38,0.38,33,0.012550881504633415,False
35ebae2025,67.6,d,depto,sin sistema,calefont,1.9,1.9,0.47,0.47,50,0.00881953798648314,False
7c5df22023,46.1,d,depto,no posee,calefón con condensación,1.9,1.9,0.47,0.47,-1,0.0,True
5b2de42018,49.3,a,,no posee,calefont 7 litros tiro forzado,4.0,4.0,0.0,0.0,-1,0.0,True
c9893c2026,77.7,f,casa_aislada,no posee,calefont 7 litros tiro forzado,1.7,1.7,0.38,0.38,14,1.0,False
b723812026,38.9,g,depto,no posee,calefon,1.6,1.6,0.33,0.33,-1,0.0,True
48976d2024,37.2,a,depto,no posee,termo eléctrico junkers/bosch,4.0,4.0,0.84,0.84,-1,0.0,True
f68cd62025,58.1,c,depto,no posee,calefont 10 litros - splendid mvg tfi-10,4.0,4.0,0.0,0.0,-1,0.0,True
2054b12023,31.3,d,depto,no posee,la torre cuenta con 2 calderas de gas natural sime modelo,1.9,1.9,0.47,0.47,-1,0.0,True
dcd4322023,39.1,d,depto,no posee,5 calderas de gas natural genus premium evo hp 150 de 140,1.0,1.0,0.0,0.0,2,0.9976383251456247,False
36078f2025,49.8,g,depto,"no posee sistema de calefacción, si incluye equipo panel","termo eléctrico de 80 y 120 litros, para deptos. de 1 dormitorio",1.6,1.6,0.33,0.33,-1,0.0,True
c674812025,53.5,c,depto,calefactor electrico,calefont 12 litros gl,3.0,3.0,0.6,0.6,0,1.0,False
ec415d2024,46.2,f,depto,no posee,calefont 7 litros tiro forzado,1.7,1.7,0.38,0.38,31,1.0,False
6535442023,27.1,c,depto,no posee,bomba de calor 80kw carrier,3.0,3.0,0.6,0.6,-1,0.0,True
fbbc262026,53.6,d,depto,0,calefont 10 litros tiro forzado,1.7,1.7,0.38,0.38,-1,0.0,True
70ff8b2022,47.2,d,depto,0,calefont 10 litros tiro forzado,1.7,1.7,0.38,0.38,-1,0.0,True
a767652025,31.2,d,depto,no posee,"en definición, se utiliza por defecto en precalificación.",1.9,1.9,0.47,0.47,-1,0.0,True
b435522024,40.0,c,depto,no posee,calefont 7 litros tiro forzado,4.0,4.0,0.84,0.84,3,0.16393443473783859,False
f75ae52026,42.7,g,casa_aislada,no posee,calefont glp,1.1,1.1,0.28,0.28,20,1.0,False
28ec412019,50.5,d,depto,no posee,calefont 7 glp,1.9,1.9,0.47,0.47,-1,0.0,True
5a65a12023,17.3,d,depto,no posee,caldera de condensación,1.9,1.9,0.47,0.47,28,0.4301075529514855,False
3401342024,52.2,g,depto,no posee,calefont 7 litros tiro forzado,1.6,1.6,0.33,0.33,22,1.0,False
42a6952026,83.1,d,depto,calefactor electrico de piso radiante,caldera condensación centralizada,1.9,1.9,0.47,0.47,-1,0.0,True
294a712026,47.0,d,casa_pareada,no posee,calefont 7 litros tiro forzado,1.9,1.9,0.47,0.47,42,1.0,False
0a49802025,48.7,g,casa_aislada,no posee,calefont 10 litros tiro forzado,1.1,1.1,0.28,0.28,17,1.0,False
f6215d2023,49.3,c,depto,no aplica,calefont glp,4.0,4.0,0.84,0.84,-1,0.0,True
f6855a2022,30.9,d,depto,no considera,central térmica. calefon con condensación,1.9,1.9,0.47,0.47,-1,0.0,True
abcba12025,53.4,f,depto,no posee,calefont 7 litros tiro forzado,1.6,1.6,0.33,0.33,32,1.0,False
461e4b2024,29.7,d,depto,no posee,caldera centralizada,1.0,1.0,0.0,0.0,2,0.9996619144450413,False
16692f2020,48.7,e,depto,no posee,termo eléctrico,1.7,1.7,0.38,0.38,-1,0.0,True
4ec9282023,94.7,d,casa_aislada,0,calefont 10 litros tiro forzado,1.9,1.9,0.47,0.47,-1,0.0,True
ca42632025,75.2,d,depto,no posee,calefon,1.9,1.9,0.47,0.47,-1,0.0,True
d694642024,74.3,f,depto,no posee,calefont 7 litros tiro forzado,1.6,1.6,0.33,0.33,32,0.17972349279309327,False
2e9b9e2025,63.1,d,casa_aislada,no posee,calefont 7 litros tiro forzado,1.9,1.9,0.47,0.47,33,1.0,False
86d9782026,47.9,d,depto,sin sistema,calefont gas natural 7 litros tiro forzado,1.9,1.9,0.47,0.47,-1,0.0,True
7c64612024,43.1,a,depto,no posee,calefon,4.0,4.0,0.84,0.84,-1,0.0,True
ce15dc2026,29.1,e,depto,no posee,calefont 7 litros tiro forzado,1.7,1.7,0.38,0.38,54,0.3111111004340148,False
7676882022,49.3,d,depto,no posee,calefont glp,1.9,1.9,0.47,0.47,44,0.0,False
8ae9512023,57.8,c,depto,no posee,calefont 7 litros tiro forzado,3.0,3.0,0.6,0.6,51,0.6727272441373634,False
50397f2024,54.0,c,depto,no posee,calefont 7 litros tiro forzado,4.0,4.0,0.84,0.84,3,1.0,False
9b9c9f2020,52.3,f,depto,no posee,calefont glp,1.7,1.7,0.38,0.38,29,1.0,False
df7d3d2023,55.9,e,depto,no posee,calefont 7 litros tiro forzado,1.7,1.7,0.38,0.38,54,1.0,False
016cfe2020,48.7,e,depto,no posee,termo eléctrico,1.7,1.7,0.38,0.38,-1,0.0,True
70659e2026,49.4,f,depto,no posee,calefont 7 litros tiro forzado,1.6,1.6,0.33,0.33,32,1.0,False
7be4c02023,26.4,d,depto,no posee,central termica,1.9,1.9,0.47,0.47,38,0.800000051478859,False
cd62a92020,48.4,e,depto,calefactor electrico convector modelo canelo iib marca pabst,"calefon tiro forzado marca rheem, linea prestige, de 14 litros",1.7,1.7,0.38,0.38,-1,0.0,True
bbf4f92024,79.6,d,casa_aislada,no posee,calefont 10 litros tiro natural,1.7,1.7,0.38,0.38,-1,0.0,True
919b902024,31.8,d,depto,no posee,termo electrico,1.9,1.9,0.47,0.47,-1,0.0,True
32f3a02025,67.6,d,depto,sin sistema,calefont,1.9,1.9,0.47,0.47,50,0.00881953798648314,False
6a0af32022,41.2,f,depto,no posee,calefont 7 litros tiro forzado,1.6,1.6,0.33,0.33,32,0.974999963321316,False
4b11312025,48.5,d,depto,no posee,calefont glp,1.9,1.9,0.47,0.47,44,1.0,False
7ff1482023,118.9,d,casa_aislada,sin sistema instalado. se dejan instalaciones para caldera,dos calefon 15 litros marca junker modelo wtd15 km e23.,1.9,1.9,0.47,0.47,-1,0.0,True
724efe2023,35.5,d,depto,no considera,calefón con condensación,1.9,1.9,0.47,0.47,-1,0.0,True
4c41472022,43.7,f,casa_aislada,no posee,calefont glp,1.6,1.6,0.33,0.33,19,1.0,False
1fe3812023,58.9,a,depto,no posee,"termo eléctrico marca junkers, modelo elacell excellence",4.0,4.0,0.84,0.84,-1,0.0,True
df7b102025,60.3,e,depto,no posee,calefont 7 litros tiro forzado,1.7,1.7,0.38,0.38,54,0.5599999654062089,False
f6b5772025,50.8,d,depto,no posee,calefont glp,1.9,1.9,0.47,0.47,48,1.0,False
1217fa2025,58.7,d,casa_pareada,no posee,calefont 7 litros tiro forzado,1.7,1.7,0.38,0.38,46,1.0,False
af02df2022,45.7,d,casa_pareada,no posee,calefont glp,1.9,1.9,0.47,0.47,40,0.0,False
13f3702024,50.3,g,casa_aislada,no posee,calefont glp,1.6,1.6,0.33,0.33,20,1.0,False
c46b642025,51.3,d,depto,no posee,calefont 7 litros tiro forzado,3.0,3.0,0.6,0.6,55,0.8500000115827424,False
cada0f2026,42.4,f,depto,cuenta con dos estufas electricas mural digital una en living,calefont 10 litros tiro forzado,1.6,1.6,0.33,0.33,-1,0.0,True
2d9a8b2022,42.8,d,depto,no posee,calefont 10 litros tiro forzado,1.9,1.9,0.47,0.47,11,1.0,False
dd77cd2024,57.0,e,casa_pareada,no posee,calefont. gas licuado,1.7,1.7,0.38,0.38,-1,0.0,True
08c2662021,99.0,d,casa_aislada,la calefaccion queda provista mediante convectores electricos,el agua caliente queda provista mediante calefon automatico,1.7,1.7,0.38,0.38,-1,0.0,True
283f822025,58.6,i,casa_pareada,no posee,calefont 7 litros tiro forzado,0.6,0.6,0.25,0.25,-1,0.0,True
54568d2023,55.5,d,casa_pareada,no posee,calefont 7 litros tiro forzado,1.7,1.7,0.38,0.38,45,1.0,False
d7367d2025,44.1,d,depto,no posee,calefont 11 litros tiro forzado,1.9,1.9,0.47,0.47,-1,0.0,True
7cd8bd2021,59.3,d,casa_pareada,no posee,calefón,1.9,1.9,0.47,0.47,-1,0.0,True
0c03162023,46.1,f,casa_pareada,no aplica,calefont glp,1.7,1.7,0.38,0.38,26,1.0,False
9cad462023,39.3,d,depto,no posee,caldera central a gas,1.9,1.9,0.47,0.47,30,1.0,False
4bd7e32023,49.4,d,depto,no posee,calefont 7 litros tiro forzado,1.9,1.9,0.47,0.47,60,1.0,False
9b72ff2024,36.9,e,depto,no posee,calefont 7 litros tiro forzado,1.7,1.7,0.38,0.38,54,0.3111111004340148,False
d896352024,27.8,d,depto,losa radiante,caldera con condensación,1.9,1.9,0.47,0.47,-1,0.0,True
c841f42019,67.0,d,depto,sistema unitario autocontenido,caldera de condensación anwo victrix pro120,1.0,1.0,0.0,0.0,-1,0.0,True
589ea32024,46.8,d,depto,no aplica,3 calderas murales de condensación,1.9,1.9,0.47,0.47,-1,0.0,True
ba41292024,40.2,d,depto,"central térmica, 3 calderas murales de condensación","central térmica, 3 calderas murales de condensación",1.9,1.9,0.47,0.47,-1,0.0,True
e6e57a2024,40.0,a,depto,no posee,"calefon splendid mvg tfi de 10 litros, de 17,6 kw potencia",4.0,4.0,0.84,0.84,4,1.0,False
32708b2023,50.4,f,casa_aislada,estufa a parafina marca toyotomi modelo ff-v30t el que tiene,calefon marca mademsa modelo. forzada tfm 10 eco gl el,1.6,1.6,0.33,0.33,-1,0.0,True
865a672023,53.7,d,depto,no posee,calefont tiro forzado,1.7,1.7,0.38,0.38,24,1.0,False
d001c12018,42.7,g,casa_aislada,no posee,calefont 7 litros tiro forzado,1.1,1.1,0.28,0.28,-1,0.0,True
a1aa352026,82.5,c,depto,no considera,caldera convencional,3.0,3.0,0.6,0.6,-1,0.0,True
fc4aea2021,74.1,d,casa_aislada,estufa a gas,calefont,1.9,1.9,0.47,0.47,-1,0.0,True
4d28c42024,38.6,d,depto,no posee,caldera central a gas,1.9,1.9,0.47,0.47,30,1.0,False
f3cb722022,48.3,c,casa_pareada,no posee,"calefon tiro natural, modelo master de 7 lts,",4.0,4.0,0.84,0.84,-1,0.0,True
b2514a2024,49.4,d,depto,no posee,calefont 7 litros tiro forzado,1.9,1.9,0.47,0.47,60,1.0,False
ad196a2024,50.5,d,depto,no posee,caldera de condensación,1.9,1.9,0.47,0.47,28,1.0,False
Este a6f29b2018,54.1,d,casa_pareada,no posee,calefont 7 litros tiro forzado,1.7,1.7,0.38,0.38,45,0.6250000482614302,False
69f69c2019,47.2,d,depto,no posee,calefont 7 litros tiro forzado,1.9,1.9,0.47,0.47,61,1.0,False
e19e4d2025,37.6,d,depto,no posee,sala de calderas,1.9,1.9,0.47,0.47,12,1.0,False
9fc5732020,61.6,f,depto,no posee,calefont 13 litros tiro forzado,1.6,1.6,0.33,0.33,-1,0.0,True
e9005a2022,55.4,a,depto,no posee,"calefon splendid, master mvg tfi 10, 10 litros, gas licuado",4.0,4.0,0.84,0.84,-1,0.0,True
564d302024,28.7,d,depto,no posee,termo eléctrico 100 l,1.9,1.9,0.47,0.47,-1,0.0,True
cf88082024,29.0,d,depto,no posee,central termica,1.9,1.9,0.47,0.47,38,1.0,False
ada1402026,53.2,d,casa_pareada,calefactor electrico,calefont 10 litros gl,1.7,1.7,0.38,0.38,0,1.0,False
709b992022,61.3,d,casa_pareada,no posee,calefont tiro forzado,1.7,1.7,0.38,0.38,7,1.0,False
f949f92026,48.5,d,depto,no posee,calefont glp,1.9,1.9,0.47,0.47,44,1.0,False
680ad92025,49.3,e,casa_pareada,no posee,en base a combustión de gas licuado,1.7,1.7,0.38,0.38,-1,0.0,True
ebdc142023,47.2,c,depto,no posee,"calefont splendid 10 litros, mvg tfi 10 gas licuado",3.0,3.0,0.6,0.6,-1,0.0,True
689eed2022,44.8,f,casa_aislada,no posee,calefont glp,1.6,1.6,0.33,0.33,19,1.0,False
84a2b62019,37.5,d,depto,no posee,bombas de calor,1.0,1.0,0.0,0.0,2,0.9912839089057911,False
3dcdac2024,32.0,d,depto,no posee,el edificio cuenta con 2 calderas mural de condensación baxi,1.9,1.9,0.47,0.47,-1,0.0,True
f7924d2022,45.6,d,depto,no posee,calefont 7 litros tiro forzado,3.0,3.0,0.6,0.6,55,0.4857143084070062,False
30d2072024,50.3,g,casa_aislada,no posee,calefont glp,1.6,1.6,0.33,0.33,20,1.0,False
6a2cb92026,62.9,c,depto,no posee,calefont 7 litros tiro forzado,3.0,3.0,0.6,0.6,51,0.42045453348890244,False
0903fc2026,40.8,d,depto,no posee,el edificio cuenta con 3 calderas de condensación aldens wm,1.9,1.9,0.47,0.47,-1,0.0,True
f0ed9c2023,54.5,f,depto,no posee,calefont 7 litros tiro forzado,1.6,1.6,0.33,0.33,32,1.0,False
b74d522024,78.3,e,casa_aislada,no posee,calefont 7 litros tiro forzado,1.7,1.7,0.38,0.38,33,0.012550881504633415,False
195ae62019,101.1,d,casa_aislada,no posee,calefont 14 litros ionizado,1.9,1.9,0.47,0.47,-1,0.0,True
9f69332025,50.9,c,depto,no posee,calefont 7 litros tiro forzado,4.0,4.0,0.84,0.84,3,1.0,False
f256952026,44.8,f,casa_pareada,bomba de calor tipo aire acondicionado aire-aire,calefont 7l gl splendid master,1.7,1.7,0.38,0.38,-1,0.0,True
5dbc132023,51.9,b,depto,no posee,calefont 7 litros tiro forzado,4.0,4.0,0.84,0.84,3,0.00339213025673568,False
b676aa2026,46.7,d,depto,0,calefont 10 litros tiro forzado,1.7,1.7,0.38,0.38,-1,0.0,True
01368d2018,47.2,d,depto,no posee,calefont 7 litros tiro forzado,1.9,1.9,0.47,0.47,61,1.0,False
1f35312022,51.3,d,depto,no posee,termo eléctrico,1.9,1.9,0.47,0.47,8,1.0,False
133e0c2026,48.5,d,depto,no posee,calefont glp,1.9,1.9,0.47,0.47,44,1.0,False
d5433c2026,57.5,f,casa_aislada,no posee,calefont glp,1.7,1.7,0.38,0.38,19,0.056458454608419154,False
7404372024,49.4,d,depto,no posee,calefont glp,1.9,1.9,0.47,0.47,44,0.0,False
cb91242025,38.8,d,depto,no posee,calefont 7 litros tiro forzado,1.9,1.9,0.47,0.47,-1,0.0,True
f207882025,51.6,f,depto,no posee,calefont tiro forzado rheem 14 l,1.7,1.7,0.38,0.38,-1,0.0,True
4f22352025,45.9,d,depto,no posee,calefont 7 litros tiro forzado,1.7,1.7,0.38,0.38,56,1.0,False
a319862025,46.5,d,depto,no posee,calefont 7 litros tiro forzado,1.9,1.9,0.47,0.47,59,1.0,False
939dbd2021,60.0,f,casa_aislada,estufa a parafina marca toyotomi modelo ff-v30 el que tiene,calefon marca mademsa modelo forzada tfm 10 eco gl/gn,1.6,1.6,0.33,0.33,-1,0.0,True
0c0e2a2026,71.7,d,casa_pareada,sin sistema,calefont,1.9,1.9,0.47,0.47,-1,0.0,True
17f7442025,55.4,a,depto,no posee,"termo eléctrico anwo van200l, potencia 3.0 kw",4.0,4.0,0.84,0.84,4,1.0,False
6b24512020,58.3,f,casa_aislada,no posee,calefont 10 litros tiro forzado,1.7,1.7,0.38,0.38,15,1.0,False
fe35bd2026,48.0,f,depto,radiador eléctrico,termo,1.6,1.6,0.33,0.33,-1,0.0,True
a189a62024,52.8,d,casa_pareada,no posee,calefont glp,1.9,1.9,0.47,0.47,39,1.0,False
05bb712020,46.2,f,casa_pareada,no posee,calefont glp,1.7,1.7,0.38,0.38,27,1.0,False
fc2dd62024,53.1,d,casa_pareada,calefactores eléctricos,calefont 10 litros tiro forzado,1.7,1.7,0.38,0.38,-1,0.0,True
4146392025,48.6,d,depto,no posee,calefont glp,1.9,1.9,0.47,0.47,44,0.0,False
d9974a2022,53.5,d,depto,no posee,calefont glp,1.9,1.9,0.47,0.47,-1,0.0,True
7c1b942019,48.8,f,casa_aislada,estufa a parafina marca toyotomi modelo ff-v30 el que tiene,calefon marca mademsa modelo forzada tfm 10 eco gl/gn,1.6,1.6,0.33,0.33,-1,0.0,True
3d43ed2021,48.1,d,depto,no posee,calefont glp,1.9,1.9,0.47,0.47,44,0.0,False
9e3a902020,46.2,f,casa_pareada,no posee,calefont glp,1.7,1.7,0.38,0.38,27,1.0,False
da16162020,35.4,d,depto,sistema centralizado por piso radiante,sistema centralizado por caldera a gas,1.9,1.9,0.47,0.47,-1,0.0,True
1f79b02025,47.1,c,casa_pareada,no posee,calefont 7 litros tiro forzado,4.0,4.0,0.84,0.84,3,0.00339213025673568,False
0c3c172023,45.7,d,depto,no posee,calefont 7 litros tiro forzado,1.9,1.9,0.47,0.47,59,1.0,False
3db1272022,42.4,f,depto,no posee,calefont 7 litros tiro forzado,1.7,1.7,0.38,0.38,31,1.0,False
a8d06b2023,48.0,e,depto,no posee,calefont 7 litros tiro forzado,1.7,1.7,0.38,0.38,54,1.0,False
733ca62022,35.2,d,depto,losa radiante mediante bomba de calor aerotérmica,bomba de calor aerotérmica,1.9,1.9,0.47,0.47,-1,0.0,True
6f8cf22023,61.3,d,depto,no posee,caldera a condensación,1.9,1.9,0.47,0.47,18,0.3402777593073555,False
0a46992022,51.8,d,casa_pareada,no posee,calefont 10 litros tiro forzado,1.7,1.7,0.38,0.38,36,0.02654312861602531,False
fdf8472025,43.8,d,depto,no posee,calefont glp,1.9,1.9,0.47,0.47,-1,0.0,True
8187b02024,90.7,d,casa_aislada,no posee,calefont 7 litros tiro forzado,1.9,1.9,0.47,0.47,33,0.5692307794656191,False
dad1f92022,53.5,d,depto,no posee,calefont glp,1.9,1.9,0.47,0.47,-1,0.0,True
4fe9832026,43.3,e,depto,no posee,calefont 7 litros tiro forzado,1.7,1.7,0.38,0.38,54,1.0,False
5a78832024,54.4,d,casa_pareada,no posee,calefont 7 litros tiro forzado,1.9,1.9,0.47,0.47,43,1.0,False
49a8a52023,53.5,a,depto,no posee,sistema unitario,4.0,4.0,0.84,0.84,-1,0.0,True
99b9a92025,51.6,d,depto,no posee,calefont,1.9,1.9,0.47,0.47,50,1.0,False
6aecd02021,42.0,d,casa_pareada,no posee,calefont glp,1.9,1.9,0.47,0.47,40,1.0,False
8325cc2023,52.4,c,depto,no posee,calefont,3.0,3.0,0.6,0.6,-1,0.0,True
eccb782025,48.0,b,depto,no posee,calefont glp,4.0,4.0,0.84,0.84,-1,0.0,True
ba089f2019,50.5,d,depto,no posee,calefont 7 glp,1.9,1.9,0.47,0.47,-1,0.0,True
c48b6f2022,42.4,f,depto,no posee,calefont 7 litros tiro forzado,1.7,1.7,0.38,0.38,31,1.0,False
37a1d32025,46.1,d,depto,no posee,central térmica,1.9,1.9,0.47,0.47,38,0.004070556255695922,False
f699f22022,48.9,d,depto,no posee,calefont 10 litros tiro forzado,3.0,3.0,0.6,0.6,11,0.009571054886205977,False
2cd2882019,34.6,d,depto,no posee,calefont,1.9,1.9,0.47,0.47,50,0.2549019530654539,False
ed7d322024,34.0,d,depto,no posee,central térmica. caldera de condensación con acumuladores,1.9,1.9,0.47,0.47,-1,0.0,True
dee5262025,57.8,d,casa_pareada,0,calefont 7 litros tiro forzado,1.7,1.7,0.38,0.38,-1,0.0,True
4566942024,32.0,d,depto,no posee,caldera a condensaciòn,1.9,1.9,0.47,0.47,-1,0.0,True
55ac3c2024,49.9,d,depto,no posee,calefont glp,1.9,1.9,0.47,0.47,-1,0.0,True
a966cf2020,58.3,f,casa_aislada,no posee,calefont 10 litros tiro forzado,1.7,1.7,0.38,0.38,15,1.0,False
d5da4b2025,49.3,d,depto,no posee,calefont 7 litros tiro forzado,1.7,1.7,0.38,0.38,56,0.37500002413071515,False
892bd02023,78.3,a,depto,no posee,"termo eléctrico marca junkers, modelo elacell excellence",4.0,4.0,0.84,0.84,-1,0.0,True
cc25d42023,43.1,c,depto,no posee,calefon de condensación en cascada,3.0,3.0,0.6,0.6,-1,0.0,True
e2c36e2024,49.6,d,depto,no posee,calefont 7 litros tiro forzado,1.9,1.9,0.47,0.47,60,1.0,False
880e7c2023,37.3,d,depto,no considera,central termica,1.9,1.9,0.47,0.47,-1,0.0,True
be788b2024,49.2,a,casa_pareada,no posee,calefont glp,4.0,4.0,0.84,0.84,-1,0.0,True
8ed01c2018,33.0,f,depto,no posee,se ocupa sistema por defecto,1.6,1.6,0.33,0.33,-1,0.0,True
ece4112025,48.3,e,casa_pareada,no posee,calefont glp,1.7,1.7,0.38,0.38,25,1.0,False
cc47132023,30.2,d,depto,no posee,5 calderas de gas natural genus premium evo hp 150 de 140,1.9,1.9,0.47,0.47,-1,0.0,True
f6ca792025,53.1,d,casa_pareada,no posee,calefont glp,1.9,1.9,0.47,0.47,39,1.0,False
02d72e2020,46.2,f,casa_pareada,no posee,calefont glp,1.7,1.7,0.38,0.38,27,1.0,False
a979412025,62.8,e,casa_aislada,no posee,calefón rheem 14 lts,1.7,1.7,0.38,0.38,-1,0.0,True
9165892021,41.4,d,casa_pareada,no posee,calefont glp,1.9,1.9,0.47,0.47,40,0.0,False
35953b2022,77.7,d,casa_aislada,la vivienda considera estufa de 6kw y combustible glp.,calefont 13 litros tiro forzado,1.7,1.7,0.38,0.38,-1,0.0,True
e789ef2025,59.5,d,casa_aislada,0,"calefón junkers w13 kb31 13 litros, gas licuado con potencia",1.9,1.9,0.47,0.47,-1,0.0,True
d2aae12023,19.8,d,depto,no considera,central termica,1.9,1.9,0.47,0.47,-1,0.0,True
b324422025,72.1,g,depto,no posee,caldera eléctrica marca rinnai modelo eco 25/28,1.0,1.0,0.0,0.0,-1,0.0,True
a87eb82025,48.5,d,depto,no posee,calefont glp,1.9,1.9,0.47,0.47,44,1.0,False
4213e22020,46.2,f,casa_pareada,no posee,calefont glp,1.7,1.7,0.38,0.38,27,1.0,False
9b6c5e2023,55.5,d,casa_pareada,no posee,calefont 7 litros tiro forzado,1.7,1.7,0.38,0.38,45,1.0,False
854e662023,28.7,d,depto,no posee,calefón de condensación,1.9,1.9,0.47,0.47,-1,0.0,True
b7910a2024,47.3,d,depto,3 calderas murales de condensación,3 calderas murales de condensación,1.9,1.9,0.47,0.47,-1,0.0,True
61f38c2024,29.7,d,depto,radiadores electricos,caldera de condensacion,1.9,1.9,0.47,0.47,-1,0.0,True
6415132025,48.7,g,casa_aislada,no posee,calefont 10 litros tiro forzado,1.1,1.1,0.28,0.28,17,1.0,False
cea8c92025,53.0,f,depto,no posee,calefont glp,1.7,1.7,0.38,0.38,29,1.0,False
ecb7732023,49.3,c,depto,no aplica,calefont glp,4.0,4.0,0.84,0.84,-1,0.0,True
6d73a72019,51.0,d,depto,no posee,calefont glp,1.9,1.9,0.47,0.47,48,1.0,False
d8bda12024,37.0,c,depto,no posee,calefont 13 litros tiro forzado,3.0,3.0,0.6,0.6,-1,0.0,True
a14a5e2026,45.7,g,depto,sin sistema,calefont 7lt tiro forzado,1.1,1.1,0.28,0.28,-1,0.0,True
e3791e2022,75.7,f,casa_aislada,no posee,calefont 12 litros tiro forzado,1.6,1.6,0.33,0.33,-1,0.0,True
4d4f2d2022,34.6,a,depto,no posee,sistema unitario,4.0,4.0,0.84,0.84,-1,0.0,True
3aa2f92025,48.5,d,depto,no posee,calefont glp,1.9,1.9,0.47,0.47,44,1.0,False
3c44e72023,46.1,d,depto,no considera,calefón con condensación,1.9,1.9,0.47,0.47,-1,0.0,True
d95e6b2026,71.7,d,casa_pareada,sin sistema,calefont,1.9,1.9,0.47,0.47,-1,0.0,True
f3a24f2019,51.0,d,depto,no posee,calefont glp,1.9,1.9,0.47,0.47,48,1.0,False
edd8112023,29.6,d,depto,no posee,caldera de condensación,1.9,1.9,0.47,0.47,28,1.0,False
0d832f2025,28.9,d,depto,no posee,sala de calderas,1.9,1.9,0.47,0.47,12,1.0,False
035d1c2021,51.1,f,depto,no posee,calefont tiro forzado,1.7,1.7,0.38,0.38,-1,0.0,True
fa80482018,44.4,b,casa_pareada,no posee,calefont 7 litros tiro forzado,3.0,3.0,0.6,0.6,-1,0.0,True
c1c7a52023,63.7,d,depto,radiador eléctrico,temo eléctrico,1.9,1.9,0.47,0.47,-1,0.0,True
76ff872025,48.6,d,depto,no posee,sistema centralizado a gas natural.,1.9,1.9,0.47,0.47,-1,0.0,True
319db72023,60.9,a,depto,no posee,calefont 7 litros tiro forzado,4.0,4.0,0.84,0.84,6,1.0,False
f07c102023,77.8,d,casa_aislada,no posee,calefont 7 litros tiro forzado,1.7,1.7,0.38,0.38,33,0.037811515147903374,False
238a972022,69.8,f,casa_aislada,no posee,calefont 10 litros tiro forzado,1.6,1.6,0.33,0.33,15,0.33563144940949097,False
b0d30a2019,56.8,d,depto,no posee,sistema de calentamiento de agua directo a gas 13 lt,1.0,1.0,0.0,0.0,2,0.9723774909820826,False
c6d0d32025,52.7,a,depto,no posee,"calefon splendid mvg tfi de 10 litros, de 17,6 kw potencia",4.0,4.0,0.84,0.84,4,1.0,False
4f9edf2025,79.3,c,casa_pareada,calefactor electrico,calefont 16 litros gl,4.0,4.0,0.84,0.84,-1,0.0,True
6c10742023,73.6,d,casa_pareada,no posee,calefont,1.9,1.9,0.47,0.47,10,1.0,False
66758e2020,42.4,d,casa_pareada,no posee,calefont glp,1.9,1.9,0.47,0.47,40,0.0,False
1933282025,42.4,a,depto,no posee,"termo eléctrico anwo van120l, potencia 1.7 kw",4.0,4.0,0.84,0.84,-1,0.0,True
6651612023,65.5,a,depto,no posee,sistema unitario,4.0,4.0,0.84,0.84,-1,0.0,True
04b6452018,82.3,c,depto,caldera mural de condensacion baxi (main 5),caldera mural de condensacion baxi (main 5),3.0,3.0,0.6,0.6,-1,0.0,True
e95d8a2019,43.7,d,depto,no posee,caldera de condensación,1.0,1.0,0.0,0.0,2,0.9976383251456247,False
95a6172020,51.1,d,depto,no posee,calefont glp,1.9,1.9,0.47,0.47,49,1.0,False
8315fb2022,52.3,d,depto,no posee,calefont glp,1.9,1.9,0.47,0.47,47,1.0,False
19de562023,44.4,c,casa_pareada,no posee,calefon tiro natural marca splendid modelo,4.0,4.0,0.0,0.0,-1,0.0,True
78b10b2025,47.7,f,casa_aislada,no posee,calefont glp,1.7,1.7,0.38,0.38,19,0.056458454608419154,False
9d18b62026,44.9,f,depto,no posee,calefont 7 litros tiro forzado,1.7,1.7,0.38,0.38,31,1.0,False
6428562026,51.3,e,depto,no posee,calefont glp,1.7,1.7,0.38,0.38,-1,0.0,True
3e4d802023,81.7,d,casa_pareada,0,calefont 10 litros tiro forzado,1.7,1.7,0.38,0.38,-1,0.0,True
7959a52025,42.6,g,casa_aislada,no posee,calefont 7 litros,1.1,1.1,0.28,0.28,17,1.0,False
d3a9d82023,49.4,d,depto,no posee,calefont 7 litros tiro forzado,1.9,1.9,0.47,0.47,60,1.0,False
0e02032026,31.2,d,depto,no posee,"por definir, por defecto.",1.9,1.9,0.47,0.47,-1,0.0,True
9aabe42019,61.1,a,depto,no posee,calefont 7 litros tiro forzado,4.0,4.0,0.84,0.84,6,1.0,False
2303052026,39.3,d,depto,no posee,calefont 7 litros tiro forzado,1.9,1.9,0.47,0.47,-1,0.0,True
683f372023,48.0,e,depto,no posee,calefont 7 litros tiro forzado,1.7,1.7,0.38,0.38,54,1.0,False
8983882022,29.2,d,depto,no posee,el edificio cuenta con 2 calderas de gas natural ivar super,1.9,1.9,0.47,0.47,-1,0.0,True
6e41602025,28.9,d,depto,sin sistema,caldera de condensación marca naview,1.9,1.9,0.47,0.47,-1,0.0,True
76eef12022,71.3,c,casa_aislada,no posee,calefont neckar ionizado 13 litros wn13 con potencia nominal,4.0,4.0,0.84,0.84,-1,0.0,True
2502582019,51.1,d,depto,no posee,calefont glp,1.9,1.9,0.47,0.47,49,1.0,False
403ddc2023,76.0,d,depto,no posee,calefont,1.9,1.9,0.47,0.47,50,0.14285713558383506,False
19644d2022,49.3,d,depto,no posee,calefont glp,1.9,1.9,0.47,0.47,44,0.0,False
6e5b082019,55.0,d,depto,no posee,calefont tiro forzado,1.7,1.7,0.38,0.38,24,1.0,False
0a5ff02023,49.9,a,depto,no posee,"calefon splendid mvg tfi de 10 litros, de 17,6 kw potencia",4.0,4.0,0.84,0.84,4,1.0,False
a4b77b2025,49.3,e,casa_pareada,no posee,en base a combustión de gas licuado,1.7,1.7,0.38,0.38,-1,0.0,True
3da7a32022,84.4,d,casa_aislada,no posee,calefont 7 litros tiro forzado,1.9,1.9,0.47,0.47,33,0.5692307794656191,False
e9e1ea2020,57.2,b,depto,no posee,calefont 7 litros tiro forzado,3.0,3.0,0.6,0.6,-1,0.0,True
abf7512021,49.0,h,casa_pareada,no posee,calefont glp,1.6,1.6,0.33,0.33,-1,0.0,True
02f7822020,47.4,c,casa_pareada,no posee,calefont neckar ionizado 13 litros wn13 con potencia nominal,4.0,4.0,0.84,0.84,-1,0.0,True
e627562025,57.4,e,casa_aislada,no posee,en base a combustión de gas licuado,1.7,1.7,0.38,0.38,-1,0.0,True
eaee9c2024,47.2,d,depto,0,calefont 10 litros tiro forzado,1.7,1.7,0.38,0.38,-1,0.0,True
cfe8e92018,42.7,d,casa_pareada,no posee,calefont 7 litros tiro forzado,1.9,1.9,0.47,0.47,42,0.7826087102492029,False
41 9057782020,47.6,d,casa_pareada,no posee,calefont 7 litros tiro forzado,3.0,3.0,0.6,0.6,-1,0.0,True
15f9ea2026,63.1,d,depto,sin sistema,calefont tiro forzado 13 lts splendid modelo mvg tfi 13,1.9,1.9,0.47,0.47,-1,0.0,True
8314fb2022,48.0,d,depto,no posee,calefont 10 litros tiro forzado,1.9,1.9,0.47,0.47,11,1.0,False
58cd272024,52.0,d,depto,no posee,calefont 11 litros tiro forzado,1.9,1.9,0.47,0.47,-1,0.0,True
9fbf5e2022,66.8,d,casa_aislada,no posee,calefont tiro forzado,1.7,1.7,0.38,0.38,-1,0.0,True
e1b96c2023,52.2,g,depto,no posee,calefont 7 litros tiro forzado,1.6,1.6,0.33,0.33,22,1.0,False
27ccab2025,94.2,d,casa_aislada,calefactores eléctricos,calefont 10 litros tiro forzado,1.7,1.7,0.38,0.38,-1,0.0,True
2b542a2025,47.9,d,depto,no posee,sistema centralizado a gas natural.,1.9,1.9,0.47,0.47,-1,0.0,True
f855c32019,60.0,a,depto,no posee,calefont 7 litros tiro forzado,4.0,4.0,0.84,0.84,6,1.0,False
b0290d2021,45.1,d,casa_pareada,no posee,calefont 7 litros tiro forzado,1.9,1.9,0.47,0.47,42,1.0,False
de9b022025,49.1,d,depto,no posee,calefont 7 litros tiro forzado,3.0,3.0,0.6,0.6,55,0.8500000115827424,False
ee33462025,49.6,d,depto,no posee,caldera condensación,1.9,1.9,0.47,0.47,13,1.0,False
4300f82025,67.7,d,depto,no posee,calefont glp,1.9,1.9,0.47,0.47,-1,0.0,True
bf2c432023,128.0,d,casa_aislada,no posee,calefont 7 litros tiro forzado,1.9,1.9,0.47,0.47,33,0.2761193954163412,False
7cb0042022,47.2,f,casa_pareada,no posee,calefont glp,1.7,1.7,0.38,0.38,27,0.0,False
6294b02022,52.3,d,depto,no posee,calefont glp,1.9,1.9,0.47,0.47,47,1.0,False
8afc492024,44.7,b,depto,no posee,"termo eléctrico anwo van200l, potencia 3.0 kw",4.0,4.0,0.84,0.84,-1,0.0,True
d2cc102025,48.5,d,depto,no posee,calefont glp,1.9,1.9,0.47,0.47,44,1.0,False
2913322025,56.9,g,casa_pareada,no posee,calefont glp,1.1,1.1,0.28,0.28,-1,0.0,True
a26c0d2025,51.6,f,casa_aislada,bomba de calor,calefont 10 litros tiro forzado,1.7,1.7,0.38,0.38,-1,0.0,True
c3657b2022,47.2,d,depto,estufa de gas licuado.,calefont 13 litros tiro forzado,1.7,1.7,0.38,0.38,-1,0.0,True
0428232026,51.7,d,depto,no posee,calefont 7 litros tiro forzado,1.9,1.9,0.47,0.47,58,1.0,False
991e8c2020,53.2,d,depto,no posee,calefont 7 litros tiro forzado,1.9,1.9,0.47,0.47,58,1.0,False
f8458a2025,55.9,e,depto,no posee,calefont 7 litros tiro forzado,1.7,1.7,0.38,0.38,54,1.0,False
9a32ce2025,58.5,c,depto,no posee,central de agua caliente para suministro de todos los departamentos,3.0,3.0,0.6,0.6,-1,0.0,True
57ab9b2023,74.1,a,depto,no posee,"termo eléctrico marca junkers, modelo elacell excellence",4.0,4.0,0.84,0.84,-1,0.0,True
e673d12018,45.2,d,casa_pareada,no posee,calefont 7 litros tiro forzado,1.9,1.9,0.47,0.47,42,1.0,False
7d96642023,49.9,d,depto,no posee,calefont glp,3.0,3.0,0.6,0.6,37,1.0,False
3f95cf2025,53.0,d,depto,no posee,calefont glp,1.9,1.9,0.47,0.47,-1,0.0,True
54e7912026,43.0,d,depto,no posee,sala de calderas modular (gas natural),1.9,1.9,0.47,0.47,-1,0.0,True
88f2e32018,55.0,d,casa_pareada,no posee,calefont 7 litros tiro forzado,1.9,1.9,0.47,0.47,43,1.0,False
79396f2018,45.9,f,depto,no posee,calefont 7 litros tiro forzado,1.7,1.7,0.38,0.38,31,1.0,False
65f6cf2025,48.6,d,depto,no posee,calefont 7 litros tiro forzado,1.9,1.9,0.47,0.47,60,1.0,False
66a6782024,49.0,c,depto,no posee,calefont 13 litros tiro forzado,3.0,3.0,0.6,0.6,-1,0.0,True
92dadf2024,46.0,d,depto,radiadores electricos,caldera de condensacion,1.9,1.9,0.47,0.47,-1,0.0,True
d585012025,46.7,f,casa_pareada,no posee,calefón,1.7,1.7,0.38,0.38,-1,0.0,True
a474af2023,41.3,c,depto,no posee,calefont 7 litros tiro forzado,3.0,3.0,0.6,0.6,51,1.0,False
b02d942020,60.3,a,depto,no posee,calefont 7 litros tiro forzado,4.0,4.0,0.84,0.84,6,1.0,False
c991ef2022,91.6,d,casa_pareada,no posee,calefont tiro forzado,1.7,1.7,0.38,0.38,7,1.0,False
9805bc2023,81.7,d,casa_pareada,0,calefont 10 litros tiro forzado,1.7,1.7,0.38,0.38,-1,0.0,True
8904152023,44.2,d,depto,no posee,el edificio cuenta con 2 bombas de calor y 2 estanque de,1.9,1.9,0.47,0.47,-1,0.0,True
5d83892019,50.6,f,depto,no posee,calefont 7 litros tiro forzado,1.6,1.6,0.33,0.33,32,1.0,False
f53ab02024,53.0,c,depto,no posee,calefont 7 litros tiro forzado,4.0,4.0,0.84,0.84,3,1.0,False
f282882023,42.8,d,depto,no posee,el edificio cuenta con 2 bombas de calor midea rsj800 y un,1.9,1.9,0.47,0.47,11,0.009158751509832206,False
7686fe2024,30.6,d,depto,radiadores electricos,caldera de condensacion,1.9,1.9,0.47,0.47,-1,0.0,True
dd26082025,47.0,d,casa_pareada,no posee,calefont 7 litros tiro forzado,1.7,1.7,0.38,0.38,41,1.0,False
75a2462025,66.8,d,casa_aislada,no posee,calefont 7 litros tiro forzado,1.9,1.9,0.47,0.47,33,1.0,False
5f22bc2025,72.2,d,casa_aislada,no posee,calefont 7 litros (por definir),1.9,1.9,0.47,0.47,-1,0.0,True
a3a9552022,50.8,d,depto,no posee,calefont 10 litros tiro forzado,3.0,3.0,0.6,0.6,11,0.009571054886205977,False
dcd4a52025,58.0,b,depto,0,"calefón junkers hidrowind wr13-2 km e31 s4305 13 litros,",4.0,4.0,0.84,0.84,-1,0.0,True
b683f62020,52.3,f,depto,no posee,calefont glp,1.7,1.7,0.38,0.38,29,1.0,False
8528402025,68.4,d,depto,no posee,central térmica,1.9,1.9,0.47,0.47,38,0.004070556255695922,False
82f3ac2022,49.9,d,depto,no posee,calefont glp,3.0,3.0,0.6,0.6,37,1.0,False
fa59be2020,97.5,f,casa_aislada,no posee,calefont 7 litros tiro forzado,1.7,1.7,0.38,0.38,14,0.6060605776975998,False
cd472c2024,53.6,d,depto,no posee,caldera a gas centralizada,1.9,1.9,0.47,0.47,-1,0.0,True
29fd9f2023,34.2,d,depto,no posee,la torre cuenta con 2 calderas de gas natural sime modelo,1.9,1.9,0.47,0.47,-1,0.0,True
57aafd2018,42.2,f,,no posee,calefont 7 litros tiro forzado,1.6,1.6,0.33,0.33,-1,0.0,True
3881882024,44.1,a,depto,no posee,termo electrico 80 litros,4.0,4.0,0.84,0.84,-1,0.0,True
e1020e2025,50.0,d,depto,central termica calderas de gas natural,central termica calderas de gas natural,1.9,1.9,0.47,0.47,-1,0.0,True
ca127d2020,24.0,d,depto,no posee,calefont 13 litros tiro forzado,1.9,1.9,0.47,0.47,-1,0.0,True
0b566d2023,46.1,e,casa_aislada,no posee,calefont glp,1.7,1.7,0.38,0.38,21,0.19999998455634352,False
9ae7c42023,54.9,i,casa_aislada,no posee,calefont 7 litros tiro forzado,,,,,-1,0.0,True
4d2e222026,47.6,d,depto,no posee,calefont 7 litros tiro forzado,1.7,1.7,0.38,0.38,56,1.0,False
92ef4d2026,28.1,d,depto,no posee,termo eléctrico,1.9,1.9,0.47,0.47,8,1.0,False
c8c8822025,71.3,d,depto,caldera mural,caldera mural,1.7,1.7,0.38,0.38,-1,0.0,True
7869ae2020,30.4,g,depto,no posee,"calefont, tiro forzado",1.6,1.6,0.33,0.33,-1,0.0,True
253f2f2020,53.1,d,depto,no posee,calefont 7 litros tiro forzado,1.9,1.9,0.47,0.47,58,1.0,False
8595482025,31.2,d,depto,no posee,"en definición, se utiliza por defecto en precalificación.",1.9,1.9,0.47,0.47,-1,0.0,True
0444752024,53.0,c,depto,no posee,calefont 7 litros tiro forzado,4.0,4.0,0.84,0.84,3,1.0,False
4996442020,42.4,d,casa_pareada,no posee,calefont glp,1.9,1.9,0.47,0.47,40,0.0,False
1f82c82023,66.8,d,casa_pareada,no posee,calefont 7 litros tiro forzado,1.9,1.9,0.47,0.47,-1,0.0,True
14c2412025,53.1,c,casa_pareada,0,"calefón junkers smart wr13-2 km e31 s4305 13 litros, gas",4.0,4.0,0.84,0.84,-1,0.0,True
400f5f2025,57.8,d,casa_pareada,0,calefont 7 litros tiro forzado,1.7,1.7,0.38,0.38,-1,0.0,True
fc572c2024,40.9,d,depto,no posee,calefont glp,3.0,3.0,0.6,0.6,37,0.0,False
b983e72025,57.0,a,depto,no posee,"calefón mademsa forced 10 eco gl, 10 litros, gas licuado",4.0,4.0,0.84,0.84,-1,0.0,True
8635712025,59.5,a,depto,no posee,calefont 7 litros tiro forzado,4.0,4.0,0.84,0.84,6,1.0,False
6190ee2025,52.8,a,depto,no posee,calefont 7 litros tiro forzado,4.0,4.0,0.84,0.84,5,1.0,False
a2064f2024,41.3,d,depto,no posee,caldera con condensación,1.9,1.9,0.47,0.47,52,1.0,False
6809d72023,45.4,c,depto,no posee,calefont 7 litros tiro forzado,3.0,3.0,0.6,0.6,51,0.9487179507486728,False
9313842025,48.3,e,casa_aislada,no posee,calefont glp,1.7,1.7,0.38,0.38,21,1.0,False
425ab62019,28.7,d,depto,no posee,calefont 7 litros tiro forzado,1.9,1.9,0.47,0.47,57,1.0,False
e93aa42022,51.9,b,depto,no posee,calefont 7 litros tiro forzado,3.0,3.0,0.6,0.6,-1,0.0,True
a1ab9a2024,42.5,f,depto,no posee,calefont master 10l splendid,1.7,1.7,0.38,0.38,-1,0.0,True
b30e1b2024,49.8,g,depto,no posee,calefont 10 litros tiro forzado,1.1,1.1,0.28,0.28,23,1.0,False
7ef8e92021,41.0,d,depto,no posee,calefon de condensación,1.9,1.9,0.47,0.47,50,0.00881953798648314,False
cadf642024,34.8,d,depto,no posee,"el edificio cuenta con 3 calderas baxi luna duo-tec mp 1.110,",1.9,1.9,0.47,0.47,-1,0.0,True
4e88ba2018,50.7,f,,no posee,"modelo cfgn0022, tiro forzado 13 lt, ionizado, gas natural, de",1.7,1.7,0.38,0.38,-1,0.0,True
4b58442025,53.8,d,depto,no posee,calefont 7 litros tiro forzado,3.0,3.0,0.6,0.6,55,1.0,False
4b6cae2022,47.9,d,depto,no posee,calefont 7 litros tiro forzado,3.0,3.0,0.6,0.6,55,0.8500000115827424,False
64352d2021,55.7,d,depto,estufa kerosene 3 kw,calefon tiro natural 10 lts +sst,1.7,1.7,0.38,0.38,1,0.9996608826569533,False
3e40d42021,55.8,g,depto,no posee,calefont 7 litros tiro forzado,1.1,1.1,0.28,0.28,22,0.045976585582855785,False
414dd92021,23.8,d,depto,no posee,caldera con condensación,1.9,1.9,0.47,0.47,52,0.4761904411708468,False
00a74a2026,28.1,d,depto,no posee,termo eléctrico,1.9,1.9,0.47,0.47,8,1.0,False
5b08492022,43.5,f,casa_pareada,no posee,calefont 7 litros tiro forzado,1.7,1.7,0.38,0.38,16,1.0,False
6af9832019,48.4,d,depto,no posee,cuenta con un sistema de acs centralizado a partir de una,1.9,1.9,0.47,0.47,-1,0.0,True
b1a5d42020,47.9,f,casa_pareada,no posee,calefont 7 litros tiro forzado,1.7,1.7,0.38,0.38,16,0.2647058810169847,False
1281a52023,81.7,d,casa_pareada,0,calefont 10 litros tiro forzado,1.7,1.7,0.38,0.38,-1,0.0,True
4cb9372024,70.4,a,depto,no posee,calefont 7 litros tiro forzado,4.0,4.0,0.84,0.84,-1,0.0,True
25f3192020,44.3,d,depto,sistema centralizado por piso radiante,sistema centralizado por caldera a gas,1.9,1.9,0.47,0.47,-1,0.0,True
8f623e2023,60.9,a,depto,no posee,calefont 7 litros tiro forzado,4.0,4.0,0.84,0.84,6,1.0,False
cc4a9d2024,53.6,d,casa_pareada,no posee,calefont glp,1.9,1.9,0.47,0.47,39,1.0,False
2ae77b2022,42.6,d,depto,no considera,central térmica,1.9,1.9,0.47,0.47,-1,0.0,True
d6cbd62023,46.1,f,casa_pareada,no aplica,calefont glp,1.7,1.7,0.38,0.38,26,1.0,False
df38212020,41.2,i,casa_aislada,split inverter marca fujitsu modelo acy50 uia-ll.,"calefont ionizado- gas licuado, marca splendid, modelo beyond",,,,,-1,0.0,True
834c302025,48.0,e,depto,no posee,calefont 7 litros tiro forzado,1.7,1.7,0.38,0.38,54,1.0,False
22dfb82024,67.8,d,casa_aislada,no posee,calefont 13 litros tiro forzado,1.7,1.7,0.38,0.38,-1,0.0,True
5a34232023,50.7,d,depto,no posee,el edificio cuenta con 2 bombas de calor midea rsj800 y un,1.9,1.9,0.47,0.47,-1,0.0,True
bd434d2018,124.3,g,casa_aislada,no posee,calefont 7 litros tiro forzado,1.6,1.6,0.33,0.33,-1,0.0,True
f0a73a2020,43.7,d,casa_pareada,no posee,calefont 7 litros tiro forzado,1.9,1.9,0.47,0.47,42,1.0,False
8ca1352022,49.9,d,depto,no posee,calefont glp,3.0,3.0,0.6,0.6,37,1.0,False
9de1112020,46.2,f,casa_pareada,no posee,calefont glp,1.7,1.7,0.38,0.38,27,1.0,False
9ca5122025,46.4,d,depto,no posee,calefont glp,1.9,1.9,0.47,0.47,-1,0.0,True
b6f56a2024,22.5,d,depto,no posee,termo eléctrico marca bosch 80 lt. modelo tronic 2000 t.,1.9,1.9,0.47,0.47,-1,0.0,True
f3ed9e2025,50.3,e,depto,no aplica,termos eléctricos murales para cada departamento,1.7,1.7,0.38,0.38,-1,0.0,True
76927f2022,30.0,d,depto,no posee,termoeléctrico marca albin trotter – modelo atm,1.9,1.9,0.47,0.47,-1,0.0,True
c917342023,43.7,f,casa_aislada,estufa a parafina tiro forzado,calefont 7 litros tiro forzado,1.6,1.6,0.33,0.33,-1,0.0,True
1d20aa2024,38.7,d,depto,no posee,caldera a gas centralizada,1.9,1.9,0.47,0.47,-1,0.0,True
b47eca2018,47.2,d,depto,no posee,calefont 7 litros tiro forzado,1.9,1.9,0.47,0.47,61,1.0,False
4813d72025,57.8,e,depto,sin sistema,calefont,1.7,1.7,0.38,0.38,35,1.0,False
e450c12025,48.5,d,depto,no posee,calefont glp,1.9,1.9,0.47,0.47,44,1.0,False
fbbdfc2020,42.4,d,casa_pareada,no posee,calefont glp,1.9,1.9,0.47,0.47,40,0.0,False
9d92a42025,66.5,d,depto,no posee,calefont glp,1.9,1.9,0.47,0.47,-1,0.0,True
4b1d842021,91.7,d,casa_aislada,estufa kerosene 3 kw,calefon tiro natural 10 lts +sst,1.7,1.7,0.38,0.38,1,1.0,False
6da9d72024,49.8,g,depto,no posee,calefont 10 litros tiro forzado,1.1,1.1,0.28,0.28,23,1.0,False
d49c6a2022,37.2,d,depto,no posee,caldera a condensación,1.9,1.9,0.47,0.47,18,1.0,False
6ecf342022,47.9,d,casa_pareada,no posee,calefont 10 litros tiro forzado,1.9,1.9,0.47,0.47,36,1.0,False
a20b192022,77.5,d,casa_pareada,no posee,calefón,1.9,1.9,0.47,0.47,-1,0.0,True
18484f2024,51.7,b,depto,no posee,"termo eléctrico anwo van200l, potencia 3.0 kw",4.0,4.0,0.84,0.84,-1,0.0,True
6541c92021,102.9,d,casa_aislada,no posee,calefont 16 litros tiro forzado,1.7,1.7,0.38,0.38,-1,0.0,True
1b17e32023,37.7,d,depto,no posee,calefon de condensación,1.9,1.9,0.47,0.47,50,0.00881953798648314,False
