random_state,cluster_hdbscan,n,pct_total,superficie_util_mediana,superficie_util_media,superficie_util_p25,superficie_util_p75,u_norm_muro_principal_mediana,u_norm_muro_principal_media,u_norm_muro_principal_p25,u_norm_muro_principal_p75,u_norm_muro_secundario_mediana,u_norm_muro_secundario_media,u_norm_muro_secundario_p25,u_norm_muro_secundario_p75,u_norm_techo_principal_mediana,u_norm_techo_principal_media,u_norm_techo_principal_p25,u_norm_techo_principal_p75,u_norm_techo_secundario_mediana,u_norm_techo_secundario_media,u_norm_techo_secundario_p25,u_norm_techo_secundario_p75,log_calef_proyec_kwh_mediana,log_calef_proyec_kwh_media,log_calef_proyec_kwh_p25,log_calef_proyec_kwh_p75,log_acs_proyec_kwh_mediana,log_acs_proyec_kwh_media,log_acs_proyec_kwh_p25,log_acs_proyec_kwh_p75,calef_proyec_kwh_mediana,calef_proyec_kwh_media,calef_proyec_kwh_p25,calef_proyec_kwh_p75,acs_proyec_kwh_mediana,acs_proyec_kwh_media,acs_proyec_kwh_p25,acs_proyec_kwh_p75,zona_termica_moda,zona_termica_pct_moda,tipo_inmueble_moda,tipo_inmueble_pct_moda,etiqueta_arquetipo_preliminar
101,-1,2051,20.51,44.6,49.617064846416376,32.8,57.599999999999994,1.9,2.038853503184713,1.9,1.9,1.9,2.038853503184713,1.9,1.9,0.47,0.47866731994120515,0.47,0.47,0.47,0.47866731994120515,0.47,0.47,7.527524989737307,7.233104196884321,6.440547581112784,8.315196403245086,7.815328120236569,7.709097540647524,7.491226998202082,8.16161761817511,1857.5,3895.0678693320333,625.75,4084.5,2477.3,4190.589463414634,1791.25,3502.8500000000004,d,88.83471477328133,depto,81.17991223793271,ruido / observacion atipica
101,0,100,1.0,56.7,56.484000000000016,52.3,58.6,0.6,0.6,0.6,0.6,0.6,0.6,0.6,0.6,0.25,0.25,0.25,0.25,0.25,0.25,0.25,0.25,9.734184657263842,8.920158380095877,8.953934816715574,10.407607987673822,8.227108234348146,8.201432574132133,8.167777549159096,8.253383883376012,16885.4,19769.241,7738.450000000001,33109.575,3740.0,3655.738999999999,3524.5,3839.6,i,100.0,casa_pareada,47.0,casa_pareada | i | sup_mediana 57 m2 | calef: 16885 kWh | acs: 3740 kWh
101,1,64,0.64,46.2,48.609375,44.325,54.9,4.0,3.8125,4.0,4.0,4.0,3.8125,4.0,4.0,0.0,0.0,0.0,0.0,0.0,0.0,0.0,0.0,5.875447286301499,5.705742774639223,4.9346623803526715,8.038521812469648,7.8001221027369185,5.576015980938276,0.0,7.884901143829278,356.65,1410.74375,139.55,3097.125,2439.9,2213.2109375,0.0,2656.4,c,57.8125,depto,76.5625,depto | c | sup_mediana 46 m2 | calef: 357 kWh | acs: 2440 kWh
101,2,139,1.39,49.2,47.92661870503597,45.1,51.8,4.0,4.0,4.0,4.0,4.0,4.0,4.0,4.0,0.84,0.8400000000000001,0.84,0.84,0.84,0.8400000000000001,0.84,0.84,7.494485830837592,7.279573383237626,6.963184597606352,8.134084032978585,8.016614884101797,7.987120182296559,7.921825865773665,8.059307838360741,1797.1,2674.78273381295,1056.5,3409.55,3029.9,2956.820143884892,2755.8,3162.1,b,100.0,depto,74.82014388489209,depto | b | sup_mediana 49 m2 | calef: 1797 kWh | acs: 3030 kWh
101,3,253,2.53,50.5,49.57193675889329,46.8,53.0,4.0,4.0,4.0,4.0,4.0,4.0,4.0,4.0,0.84,0.8400000000000001,0.84,0.84,0.84,0.8400000000000001,0.84,0.84,7.165725287448392,6.793630905587874,6.5809164913291625,7.718063079315659,7.900636613018005,7.8799261644959175,7.8287549065840265,7.9377674761579895,1293.3,1679.9592885375496,720.2,2247.6,2698.0,2719.2450592885375,2510.8,2800.1,c,100.0,depto,100.0,depto | c | sup_mediana 50 m2 | calef: 1293 kWh | acs: 2698 kWh
101,4,60,0.6,51.0,50.775000000000006,47.4,53.1,4.0,4.0,4.0,4.0,4.0,4.0,4.0,4.0,0.84,0.8400000000000002,0.84,0.84,0.84,0.8400000000000002,0.84,0.84,8.277005179302517,8.249465597838922,7.932792786658184,8.545587015221953,7.907482368656996,7.899809101598308,7.851077349907323,7.939693434382254,3931.4,4128.1849999999995,2786.2,5143.025,2717.95,2704.4483333333337,2567.5,2805.5,c,100.0,casa_pareada,100.0,casa_pareada | c | sup_mediana 51 m2 | calef: 3931 kWh | acs: 2718 kWh
101,5,207,2.07,55.0,54.25410628019323,50.5,59.5,4.0,4.0,4.0,4.0,4.0,4.0,4.0,4.0,0.84,0.8400000000000001,0.84,0.84,0.84,0.8400000000000001,0.84,0.84,6.112353864383436,5.838323026487797,4.930509184405482,6.729093752023818,7.849791727274708,7.7866327173605105,7.775317844764939,7.914617709040679,450.4,644.8917874396137,137.45,835.4000000000001,2564.2,2453.834782608696,2380.1,2736.0,a,100.0,depto,100.0,depto | a | sup_mediana 55 m2 | calef: 450 kWh | acs: 2564 kWh
101,6,191,1.91,52.2,51.68115183246073,46.7,58.9,4.0,4.0,4.0,4.0,4.0,4.0,4.0,4.0,0.84,0.8400000000000002,0.84,0.84,0.84,0.8400000000000002,0.84,0.84,0.0,0.03052202002693157,0.0,0.0,7.827878656876468,7.808695136424157,7.722810309775416,7.908460685998653,0.0,0.049738219895287955,0.0,0.0,2508.6,2509.062827225131,2258.3,2719.2,a,100.0,depto,100.0,depto | a | sup_mediana 52 m2 | calef: 0 kWh | acs: 2509 kWh
101,7,125,1.25,43.7,49.144800000000004,30.8,54.7,1.0,1.0,1.0,1.0,1.0,1.0,1.0,1.0,0.0,0.0,0.0,0.0,0.0,0.0,0.0,0.0,7.277800441859041,7.082709803306247,6.6199398643073435,7.877548862373599,7.737790711604204,7.384498165775662,7.397835799694636,8.166301492233233,1446.8,1884.2824,748.9,2636.4,2292.4,2778.827419354838,1631.65,3519.3,d,100.0,depto,100.0,depto | d | sup_mediana 44 m2 | calef: 1447 kWh | acs: 2292 kWh
101,8,86,0.86,65.44999999999999,68.63837209302326,49.7,87.4,1.0,1.0,1.0,1.0,1.0,1.0,1.0,1.0,0.0,0.0,0.0,0.0,0.0,0.0,0.0,0.0,9.126819769475855,9.024732666964345,8.440937573535011,9.4809095872765,7.9991750970687425,7.974741022151625,7.817383867982742,8.220725975683184,9198.0,9571.029069767443,4637.175,13106.175000000001,2977.5,3013.070930232558,2482.4,3716.2,d,100.0,casa_pareada,50.0,casa_pareada | d | sup_mediana 65 m2 | calef: 9198 kWh | acs: 2978 kWh
101,9,85,0.8500000000000001,49.8,47.544705882352936,42.5,51.9,3.0,3.0,3.0,3.0,3.0,3.0,3.0,3.0,0.6,0.6,0.6,0.6,0.6,0.6,0.6,0.6,8.273642830324365,8.427621203481273,8.162288108919773,8.753434590199623,8.000885904081008,7.977129981414564,7.900932975174727,8.058580439097181,3918.2,5494.448235294118,3505.2,6331.4,2982.6,2927.6847058823532,2698.8,3159.8,b,100.0,depto,47.05882352941176,depto | b | sup_mediana 50 m2 | calef: 3918 kWh | acs: 2983 kWh
101,10,209,2.09,50.0,53.17655502392345,45.7,55.2,3.0,3.0,3.0,3.0,3.0,3.0,3.0,3.0,0.6,0.5999999999999999,0.6,0.6,0.6,0.5999999999999999,0.6,0.6,7.203256700486049,6.527790818630758,6.416895667857024,7.773930969424445,7.870318723186971,7.132911999577828,7.726609572164817,7.944633997844885,1342.8,1774.3287081339713,611.1,2376.8,2617.4,2553.3894736842108,2266.9,2819.4,c,100.0,depto,100.0,depto | c | sup_mediana 50 m2 | calef: 1343 kWh | acs: 2617 kWh
101,11,173,1.73,48.7,60.98092485549133,46.1,68.5,1.7,1.6999999999999995,1.7,1.7,1.7,1.6999999999999995,1.7,1.7,0.38,0.38000000000000006,0.38,0.38,0.38,0.38000000000000006,0.38,0.38,9.433115855561775,9.339281333943035,9.065996448339309,9.559383265771247,7.914435010583973,8.034522146812288,7.870662385484872,8.16729523175653,12494.4,12013.21965317919,8654.9,14176.1,2735.5,3162.9965317919077,2618.3,3522.8,e,100.0,casa_aislada,100.0,casa_aislada | e | sup_mediana 49 m2 | calef: 12494 kWh | acs: 2736 kWh
101,12,428,4.279999999999999,50.15,49.08154205607477,44.1,57.5,1.7,1.6999999999999995,1.7,1.7,1.7,1.6999999999999995,1.7,1.7,0.38,0.37999999999999995,0.38,0.38,0.38,0.37999999999999995,0.38,0.38,7.683263208074065,7.367455597047259,7.028463528419202,8.341584703933306,7.952474405304911,7.946572122079118,7.834985950894627,8.044080734770414,2170.7,3023.998364485981,1127.3,4193.925,2841.6,3073.228504672897,2526.5,3114.3,e,100.0,depto,100.0,depto | e | sup_mediana 50 m2 | calef: 2171 kWh | acs: 2842 kWh
101,13,188,1.8800000000000001,47.0,50.7468085106383,47.0,54.3,1.7,1.6999999999999995,1.7,1.7,1.7,1.6999999999999995,1.7,1.7,0.38,0.38,0.38,0.38,0.38,0.38,0.38,0.38,8.909767016070322,8.770810495241534,8.475402332731756,9.10887771200034,7.885592560507808,7.874276367880109,7.838422176800799,7.972155622980058,7402.95,7063.218617021277,4794.425,9034.15,2657.7,2696.4260638297874,2535.2,2898.1,e,100.0,casa_pareada,100.0,casa_pareada | e | sup_mediana 47 m2 | calef: 7403 kWh | acs: 2658 kWh
101,14,60,0.6,50.3,56.746666666666684,50.3,52.3,1.6,1.5999999999999994,1.6,1.6,1.6,1.5999999999999994,1.6,1.6,0.33,0.3299999999999999,0.33,0.33,0.33,0.3299999999999999,0.33,0.33,9.496698627576286,9.468937660064823,9.44262768741134,9.545104006911362,8.011288771969316,8.070275331031308,8.011288771969316,8.041927743048797,13314.95,13099.291666666664,12613.85,13975.1,3013.8,3244.1949999999993,3013.8,3107.6,g,100.0,casa_aislada,100.0,casa_aislada | g | sup_mediana 50 m2 | calef: 13315 kWh | acs: 3014 kWh
101,15,101,1.01,48.7,49.7990099009901,42.7,48.7,1.1,1.0999999999999994,1.1,1.1,1.1,1.0999999999999994,1.1,1.1,0.28,0.28000000000000014,0.28,0.28,0.28,0.28000000000000014,0.28,0.28,9.741780058441465,9.693202591719412,9.68930374259339,9.769813292563695,7.986436932161368,7.977715338374988,7.883182467079869,7.986436932161368,17012.8,16377.938613861385,16143.0,17496.5,2939.8,2949.4693069306927,2651.3,2939.8,g,100.0,casa_aislada,100.0,casa_aislada | g | sup_mediana 49 m2 | calef: 17013 kWh | acs: 2940 kWh
101,16,260,2.6,50.1,50.96346153846154,49.4,53.9,3.0,3.0,3.0,3.0,3.0,3.0,3.0,3.0,0.6,0.6,0.6,0.6,0.6,0.6,0.6,0.6,8.421986883561782,8.323473851214224,8.032772894469735,8.701464844887681,7.826083932881858,7.834769300692551,7.8149548070254475,7.882050733142866,4544.95,4732.064230769231,3079.275,6010.725,2504.1,2532.4526923076924,2476.375,2648.3,d,100.0,depto,100.0,depto | d | sup_mediana 50 m2 | calef: 4545 kWh | acs: 2504 kWh
101,17,128,1.28,49.5,49.48125,43.9,52.3,1.7,1.6999999999999995,1.7,1.7,1.7,1.6999999999999995,1.7,1.7,0.38,0.37999999999999995,0.38,0.38,0.38,0.37999999999999995,0.38,0.38,8.10390171785213,8.135416735393923,7.642866516131827,8.684990597033117,7.967210852449053,7.955911443880925,7.872282093311227,8.009628910352617,3306.35,4277.124218749999,2084.825,5912.55,2883.8,2872.01875,2622.6000000000004,3008.8,f,100.0,depto,100.0,depto | f | sup_mediana 50 m2 | calef: 3306 kWh | acs: 2884 kWh
101,18,187,1.87,48.0,47.57219251336898,45.5,52.2,1.6,1.5999999999999996,1.6,1.6,1.6,1.5999999999999996,1.6,1.6,0.33,0.33,0.33,0.33,0.33,0.33,0.33,0.33,7.9460158252654995,7.9308755191346805,7.584823082547672,8.30749494077197,7.943392268488734,7.916387721386971,7.9008959347080125,8.007150554262072,2823.3,3275.4304812834225,1967.1,4053.15,2815.9,2780.4513368983953,2698.7,3001.35,f,100.0,depto,100.0,depto | f | sup_mediana 48 m2 | calef: 2823 kWh | acs: 2816 kWh
101,19,276,2.76,46.45,49.33115942028985,44.8,52.0,1.7,1.6999999999999997,1.7,1.7,1.7,1.6999999999999997,1.7,1.7,0.38,0.37999999999999995,0.38,0.38,0.38,0.37999999999999995,0.38,0.38,9.126352921720557,9.029416790480107,8.823000013726565,9.28178054613739,7.916815583589211,7.94793374755374,7.882654483963062,8.004064918587572,9193.5,9086.97463768116,6787.6,10739.675,2742.05,2844.625724637681,2649.9,2992.1,f,100.0,casa_pareada,100.0,casa_pareada | f | sup_mediana 46 m2 | calef: 9194 kWh | acs: 2742 kWh
101,20,77,0.77,50.8,51.26493506493507,50.0,54.0,1.6,1.5999999999999994,1.6,1.6,1.6,1.5999999999999994,1.6,1.6,0.33,0.3299999999999999,0.33,0.33,0.33,0.3299999999999999,0.33,0.33,9.21804064860237,9.191801847711815,9.093424460259147,9.27837278236801,7.986232885229866,7.992548944413091,7.974085393729522,8.03378816322624,10076.3,10006.358441558441,8895.6,10703.0,2939.2,2960.103896103896,2903.7,3082.4,f,100.0,casa_pareada,100.0,casa_pareada | f | sup_mediana 51 m2 | calef: 10076 kWh | acs: 2939 kWh
101,21,647,6.47,51.0,52.93091190108192,45.05,57.8,1.9,1.9000000000000004,1.9,1.9,1.9,1.9000000000000004,1.9,1.9,0.47,0.46999999999999986,0.47,0.47,0.47,0.46999999999999986,0.47,0.47,8.80856345412503,8.797773679710282,8.576940550939106,9.011682003556617,7.818470496523107,7.818291693151685,7.719374126939849,7.9287663216266955,6690.3,7198.999381761978,5306.85,8197.3,2485.1,2531.95486862442,2250.55,2775.0,d,100.0,casa_pareada,100.0,casa_pareada | d | sup_mediana 51 m2 | calef: 6690 kWh | acs: 2485 kWh
101,22,96,0.96,77.8,77.63645833333334,66.775,91.7,1.7,1.6999999999999995,1.7,1.7,1.7,1.6999999999999995,1.7,1.7,0.38,0.37999999999999995,0.38,0.38,0.38,0.37999999999999995,0.38,0.38,8.94616196141944,8.885731420017878,8.431861421696826,9.17945764456184,8.038899292652731,7.782567749193386,7.080026499922591,8.143720814344247,7677.45,8049.204166666666,4590.075,9696.825,3098.2,2690.7958333333336,1187.0,3440.7,d,100.0,casa_aislada,100.0,casa_aislada | d | sup_mediana 78 m2 | calef: 7677 kWh | acs: 3098 kWh
101,23,352,3.52,83.2,85.29715909090909,63.1,98.4,1.9,1.9,1.9,1.9,1.9,1.9,1.9,1.9,0.47,0.4699999999999998,0.47,0.47,0.47,0.4699999999999998,0.47,0.47,9.456621461091977,9.456423607679742,9.232045184703072,9.781276399015818,8.172192692323142,8.15522083309883,7.9991750970687425,8.282122169973297,12791.6,14477.276420454546,10218.425,17698.4,3540.1,3546.1582386363634,2977.5,3951.575,d,100.0,casa_aislada,100.0,casa_aislada | d | sup_mediana 83 m2 | calef: 12792 kWh | acs: 3540 kWh
101,24,159,1.59,53.4,63.02075471698113,51.25,76.45,1.7,1.699999999999999,1.7,1.7,1.7,1.699999999999999,1.7,1.7,0.38,0.37999999999999995,0.38,0.38,0.38,0.37999999999999995,0.38,0.38,9.296582286338694,9.129308668408916,8.879980198816675,9.718259784579127,7.994531125874292,7.999925800304645,7.937303265040725,8.289884740212292,10899.7,11396.186163522014,7185.65,16618.3,2963.7,3160.429559748428,2798.8,3982.4,f,100.0,casa_aislada,100.0,casa_aislada | f | sup_mediana 53 m2 | calef: 10900 kWh | acs: 2964 kWh
101,25,206,2.06,45.3,51.88980582524272,41.8,60.45,1.6,1.5999999999999999,1.6,1.6,1.6,1.5999999999999999,1.6,1.6,0.33,0.32999999999999996,0.33,0.33,0.33,0.32999999999999996,0.33,0.33,9.162927032721225,9.207528230318593,8.87100353096563,9.541787898347469,7.8965154985700625,7.971538291729404,7.833283216208774,8.117837163312227,9535.95,10706.198543689317,7121.425,13928.849999999999,2686.9,2941.01067961165,2522.2,3352.7749999999996,f,100.0,casa_aislada,100.0,casa_aislada | f | sup_mediana 45 m2 | calef: 9536 kWh | acs: 2687 kWh
101,26,221,2.21,38.5,39.71990950226245,30.3,45.6,1.9,1.894570135746606,1.9,1.9,1.9,1.894570135746606,1.9,1.9,0.47,0.46755656108597266,0.47,0.47,0.47,0.46755656108597266,0.47,0.47,5.881928660039675,6.141219526654649,5.0632277442154265,7.054276931644904,0.0,0.0,0.0,0.0,357.5,1014.1900452488687,157.1,1156.8,0.0,0.0,0.0,0.0,d,100.0,depto,100.0,depto | d | sup_mediana 38 m2 | calef: 358 kWh | acs: 0 kWh
101,27,77,0.77,59.5,62.090909090909115,54.4,72.6,1.7,1.6999999999999997,1.7,1.7,1.7,1.6999999999999997,1.7,1.7,0.38,0.3799999999999999,0.38,0.38,0.38,0.3799999999999999,0.38,0.38,7.891106349537373,7.912488933264492,7.619576999806891,8.041573823384866,6.61177218149097,6.631634810647927,6.385868707856721,6.84609261859003,2672.4,2902.074025974026,2036.7,3106.5,742.8,778.8376623376623,592.4,939.2,d,100.0,casa_pareada,100.0,casa_pareada | d | sup_mediana 60 m2 | calef: 2672 kWh | acs: 743 kWh
101,28,244,2.44,53.4,52.51229508196721,48.9,55.0,1.7,1.6999999999999993,1.7,1.7,1.7,1.6999999999999993,1.7,1.7,0.38,0.38,0.38,0.38,0.38,0.38,0.38,0.38,7.882031589164642,7.781406886849558,7.286481436906852,8.34620630997814,7.8612647213389,7.829152203899257,7.786468746500926,7.883031643204163,2648.25,3169.8934426229507,1459.425,4213.174999999999,2593.8,2548.8622950819677,2406.8,2650.9,d,100.0,depto,100.0,depto | d | sup_mediana 53 m2 | calef: 2648 kWh | acs: 2594 kWh
101,29,231,2.31,46.9,43.709090909090904,38.75,52.2,1.6,1.6,1.6,1.6,1.6,1.6,1.6,1.6,0.33,0.32999999999999996,0.33,0.33,0.33,0.32999999999999996,0.33,0.33,8.098156403277978,7.9958418175856165,7.5957635842425,8.372257539213432,7.957387385428528,7.890283319014378,7.805005309169685,8.039737867125353,3287.4,3457.328571428571,1988.75,4324.4,2855.6,2726.3004329004334,2451.85,3100.8,g,100.0,depto,100.0,depto | g | sup_mediana 47 m2 | calef: 3287 kWh | acs: 2856 kWh
101,30,89,0.89,49.8,50.63483146067416,48.4,52.2,1.1,1.0999999999999996,1.1,1.1,1.1,1.0999999999999996,1.1,1.1,0.28,0.2800000000000001,0.28,0.28,0.28,0.2800000000000001,0.28,0.28,8.293174257066074,8.286807109954728,8.10022214312187,8.588713532825095,8.00446576036065,7.895259506322155,7.982416346827733,8.039737867125353,3995.5,4374.746067415731,3294.2,5369.7,2993.3,2949.2,2928.0,3100.8,g,100.0,depto,100.0,depto | g | sup_mediana 50 m2 | calef: 3996 kWh | acs: 2993 kWh
101,31,53,0.53,81.7,80.88490566037736,81.7,81.7,1.7,1.7000000000000002,1.7,1.7,1.7,1.7000000000000002,1.7,1.7,0.38,0.3799999999999999,0.38,0.38,0.38,0.3799999999999999,0.38,0.38,8.937165887056407,8.910459921201307,8.798967849403551,9.027774785409385,8.177094386739325,8.170373974427612,8.177094386739325,8.177094386739325,7608.6,7494.675471698114,6626.4,8330.3,3557.5,3534.020754716981,3557.5,3557.5,d,100.0,casa_pareada,100.0,casa_pareada | d | sup_mediana 82 m2 | calef: 7609 kWh | acs: 3558 kWh
101,32,178,1.78,55.5,57.90056179775281,55.125,61.3,1.7,1.6999999999999995,1.7,1.7,1.7,1.6999999999999995,1.7,1.7,0.38,0.38,0.38,0.38,0.38,0.38,0.38,0.38,8.77283460423288,8.766787785654262,8.531084919592002,8.942640610774474,7.904445577924863,7.9332817212895215,7.899864012058622,7.977830909508058,6455.45,6709.464044943821,5068.95,7650.375,2708.3,2791.800561797753,2695.925,2914.6,d,100.0,casa_pareada,100.0,casa_pareada | d | sup_mediana 56 m2 | calef: 6455 kWh | acs: 2708 kWh
101,33,70,0.7000000000000001,47.0,47.0,47.0,47.0,1.7,1.7,1.7,1.7,1.7,1.7,1.7,1.7,0.38,0.3799999999999999,0.38,0.38,0.38,0.3799999999999999,0.38,0.38,8.456296021395618,8.457243735501137,8.408766830697182,8.490407423396197,7.775989577440603,7.7759895774406,7.775989577440603,7.775989577440603,4703.6,4716.014285714285,4485.225,4866.85,2381.7,2381.700000000001,2381.7,2381.7,d,100.0,casa_pareada,100.0,casa_pareada | d | sup_mediana 47 m2 | calef: 4704 kWh | acs: 2382 kWh
101,34,52,0.52,47.0,47.0,47.0,47.0,1.7,1.7000000000000002,1.7,1.7,1.7,1.7000000000000002,1.7,1.7,0.38,0.3799999999999999,0.38,0.38,0.38,0.3799999999999999,0.38,0.38,8.87048742519753,8.874053592528306,8.841375934904713,8.899587532034912,7.775989577440603,7.775989577440604,7.775989577440603,7.775989577440603,7117.75,7149.848076923077,6913.5,7327.95,2381.7,2381.7,2381.7,2381.7,d,100.0,casa_pareada,100.0,casa_pareada | d | sup_mediana 47 m2 | calef: 7118 kWh | acs: 2382 kWh
101,35,51,0.51,37.0,38.13137254901961,28.5,47.75,1.9,1.9000000000000004,1.9,1.9,1.9,1.9000000000000004,1.9,1.9,0.47,0.46999999999999986,0.47,0.47,0.47,0.46999999999999986,0.47,0.47,7.134173462830004,7.194433196212751,6.857492887861264,7.524264205611949,10.56295126108757,10.520530682866166,10.455452490539397,10.582463474499484,1253.1,1442.164705882353,950.05,1851.45,38674.1,37186.57843137255,34732.25,39436.15,d,100.0,depto,100.0,depto | d | sup_mediana 37 m2 | calef: 1253 kWh | acs: 38674 kWh
101,36,1522,15.22,49.4,49.887253613666225,47.7,52.1,1.9,1.8999999999999995,1.9,1.9,1.9,1.8999999999999995,1.9,1.9,0.47,0.4699999999999998,0.47,0.47,0.47,0.4699999999999998,0.47,0.47,8.283506729921346,8.241159469546654,7.799014915012056,8.687855195123422,7.815166706249697,7.802630337910691,7.781180262626801,7.856629360752312,3957.05,4398.387647831801,2437.2,5929.45,2476.9,2459.737606837607,2394.1,2581.8,d,100.0,depto,100.0,depto | d | sup_mediana 49 m2 | calef: 3957 kWh | acs: 2477 kWh
101,37,304,3.04,30.6,30.43026315789474,29.0,31.8,1.9,1.9000000000000001,1.9,1.9,1.9,1.9000000000000001,1.9,1.9,0.47,0.4699999999999998,0.47,0.47,0.47,0.4699999999999998,0.47,0.47,7.057422456558634,7.09324869240834,6.753260617938255,7.419140746006642,7.379725698947599,7.355728294290663,7.2408928912501995,7.4821189235521155,1160.4499999999998,1321.7243421052633,855.85,1666.6,1602.15,1582.7338815789474,1394.35,1775.0,d,100.0,depto,100.0,depto | d | sup_mediana 31 m2 | calef: 1160 kWh | acs: 1602 kWh
102,-1,635,6.35,55.1,62.20614173228348,49.0,72.6,1.7,2.4264423076923074,1.7,4.0,1.7,2.4264423076923074,1.7,4.0,0.38,0.4361538461538461,0.33,0.6,0.38,0.4361538461538461,0.33,0.6,8.830426044712024,7.976397594067561,7.682089801589536,9.438865289392108,8.028030994486686,7.399663637750482,7.764083212741481,8.177094386739325,6838.2,7488.7622047244095,2168.15,12566.45,3064.7,3483.248264984227,2353.5,3557.5,d,42.204724409448815,casa_pareada,48.031496062992126,ruido / observacion atipica
102,0,102,1.02,55.8,56.1294117647059,52.3,58.6,0.6,0.6,0.6,0.6,0.6,0.6,0.6,0.6,0.25,0.25,0.25,0.25,0.25,0.25,0.25,0.25,9.11051648856014,7.88118534369376,8.201888059637259,10.402400851175814,8.217735389751635,8.203921725515345,8.167777549159096,8.253383883376012,9049.1,14991.675490196078,3660.4,32937.649999999994,3705.1,3668.7274509803915,3524.5,3839.6,i,100.0,depto,60.78431372549019,depto | i | sup_mediana 56 m2 | calef: 9049 kWh | acs: 3705 kWh
102,1,147,1.47,50.2,49.09387755102041,47.4,51.5,4.0,4.0,4.0,4.0,4.0,4.0,4.0,4.0,0.84,0.8400000000000001,0.84,0.84,0.84,0.8400000000000001,0.84,0.84,7.659548654974816,7.196264382308991,7.051810756716292,8.0884825667092,8.0334962350385,8.010405037491624,7.969799269621202,8.055517140029426,2119.8,2609.772789115646,1154.85,3256.0,3081.5,3018.6646258503397,2891.3,3150.1499999999996,b,100.0,depto,72.10884353741497,depto | b | sup_mediana 50 m2 | calef: 2120 kWh | acs: 3082 kWh
102,2,263,2.63,50.9,50.471863117870726,47.6,53.3,4.0,4.0,4.0,4.0,4.0,4.0,4.0,4.0,0.84,0.8400000000000001,0.84,0.84,0.84,0.8400000000000001,0.84,0.84,7.146378401144733,6.698900961489008,6.540957094191734,7.7490636534481805,7.906805026024057,7.8655922179523,7.8548529476173155,7.941686814175914,1268.5,1598.0532319391634,691.95,2318.3999999999996,2714.7,2687.671102661597,2577.25,2811.1,c,100.0,depto,100.0,depto | c | sup_mediana 51 m2 | calef: 1268 kWh | acs: 2715 kWh
102,3,72,0.72,53.1,51.30694444444445,47.4,53.1,4.0,4.0,4.0,4.0,4.0,4.0,4.0,4.0,0.84,0.84,0.84,0.84,0.84,0.84,0.84,0.84,8.279941206232756,8.298878242228227,8.031222768648423,8.570286111090265,7.939693434382254,7.904448627873354,7.851077349907323,7.939693434382254,3943.0,4361.362499999999,3074.5,5272.25,2805.5,2722.384722222222,2567.5,2805.5,c,100.0,casa_pareada,100.0,casa_pareada | c | sup_mediana 53 m2 | calef: 3943 kWh | acs: 2806 kWh
102,4,215,2.15,54.5,54.06465116279069,50.8,57.0,4.0,4.0,4.0,4.0,4.0,4.0,4.0,4.0,0.84,0.8400000000000001,0.84,0.84,0.84,0.8400000000000001,0.84,0.84,6.314453433391908,6.248223632722367,5.701101298784391,6.892949938488526,7.855118230410703,7.794674144737416,7.785138848540809,7.908460685998653,551.5,817.2539534883723,298.20000000000005,984.3499999999999,2577.9,2467.304651162791,2403.6,2719.2,a,100.0,depto,100.0,depto | a | sup_mediana 54 m2 | calef: 552 kWh | acs: 2578 kWh
102,5,158,1.58,55.0,53.72974683544303,46.725,59.5,4.0,4.0,4.0,4.0,4.0,4.0,4.0,4.0,0.84,0.8400000000000002,0.84,0.84,0.84,0.8400000000000002,0.84,0.84,0.0,0.05625689437606476,0.0,0.0,7.849791727274708,7.831013712779047,7.722810309775416,7.914617709040679,0.0,0.12658227848101267,0.0,0.0,2564.2,2579.503164556962,2258.3,2736.0,a,100.0,depto,100.0,depto | a | sup_mediana 55 m2 | calef: 0 kWh | acs: 2564 kWh
102,6,140,1.4000000000000001,41.8,48.535,30.4,54.8,1.0,1.0,1.0,1.0,1.0,1.0,1.0,1.0,0.0,0.0,0.0,0.0,0.0,0.0,0.0,0.0,7.116966103209853,6.842704785162915,6.505858234635958,7.8855812211309715,7.652498208185733,7.011073194041443,7.2970232521877305,8.085004338386337,1231.75,1949.475714285714,668.4250000000001,2657.9,2104.9,2481.2683453237414,1474.9,3244.55,d,100.0,depto,100.0,depto | d | sup_mediana 42 m2 | calef: 1232 kWh | acs: 2105 kWh
102,7,88,0.88,71.3,69.6784090909091,52.65,87.4,1.0,1.0,1.0,1.0,1.0,1.0,1.0,1.0,0.0,0.0,0.0,0.0,0.0,0.0,0.0,0.0,9.31969594749886,9.049627629710752,8.41363105769979,9.552379213123658,7.9991750970687425,7.89352038475358,7.744872924952113,8.21350853338162,11154.75,10078.3375,4507.1,14077.150000000001,2977.5,2900.9659090909095,2308.7,3689.5,d,100.0,casa_aislada,57.95454545454546,casa_aislada | d | sup_mediana 71 m2 | calef: 11155 kWh | acs: 2978 kWh
102,8,55,0.5499999999999999,43.7,46.31090909090911,42.3,51.9,3.0,3.0,3.0,3.0,3.0,3.0,3.0,3.0,0.6,0.6000000000000001,0.6,0.6,0.6,0.6000000000000001,0.6,0.6,8.464193178254533,8.506090341580274,8.136073306907003,9.271806923917108,7.9229497261707476,7.959937379831597,7.897389366220102,8.058580439097181,4740.9,6437.16,3415.85,10633.900000000001,2758.9,2876.814545454545,2689.25,3159.8,b,100.0,depto,65.45454545454545,depto | b | sup_mediana 44 m2 | calef: 4741 kWh | acs: 2759 kWh
102,9,235,2.35,50.1,52.89914893617022,46.0,57.8,3.0,3.0,3.0,3.0,3.0,3.0,3.0,3.0,0.6,0.5999999999999998,0.6,0.6,0.6,0.5999999999999998,0.6,0.6,7.1100428484169695,6.400599670703111,6.260922939114845,7.771486494003378,7.870318723186971,7.289119718089805,7.741881052801655,7.955511861963027,1223.2,1718.3161702127657,522.9,2371.15,2617.4,2875.33914893617,2301.8,2850.25,c,100.0,depto,100.0,depto | c | sup_mediana 50 m2 | calef: 1223 kWh | acs: 2617 kWh
102,10,57,0.5700000000000001,50.3,52.70701754385965,50.3,50.3,1.6,1.5999999999999999,1.6,1.6,1.6,1.5999999999999999,1.6,1.6,0.33,0.32999999999999996,0.33,0.33,0.33,0.32999999999999996,0.33,0.33,9.499788384237991,9.47283425198152,9.443861885468529,9.545104006911362,8.011288771969316,8.012516263306669,8.011288771969316,8.011288771969316,13355.9,13109.00350877193,12629.4,13975.1,3013.8,3065.733333333333,3013.8,3013.8,g,100.0,casa_aislada,100.0,casa_aislada | g | sup_mediana 50 m2 | calef: 13356 kWh | acs: 3014 kWh
102,11,159,1.59,48.3,58.49748427672957,46.1,63.6,1.7,1.699999999999999,1.7,1.7,1.7,1.699999999999999,1.7,1.7,0.38,0.37999999999999995,0.38,0.38,0.38,0.37999999999999995,0.38,0.38,9.47159633019144,9.38437479962716,9.194206081919393,9.5615815798739,7.907982665728846,7.998493783152919,7.870662385484872,8.105730131504437,12984.6,12439.99308176101,9840.25,14207.3,2717.9,3053.710691823899,2618.3,3312.4,e,100.0,casa_aislada,100.0,casa_aislada | e | sup_mediana 48 m2 | calef: 12985 kWh | acs: 2718 kWh
102,12,259,2.59,46.2,48.78185328185328,44.5,51.6,1.7,1.6999999999999997,1.7,1.7,1.7,1.6999999999999997,1.7,1.7,0.38,0.37999999999999995,0.38,0.38,0.38,0.37999999999999995,0.38,0.38,9.101406813931574,9.008325242059655,8.8092045855035,9.255571830505108,7.912313265567924,7.940723140913129,7.882654483963062,7.990299365865209,8966.9,8871.745945945946,6694.85,10461.7,2729.7,2822.4324324324325,2649.9,2951.2,f,100.0,casa_pareada,100.0,casa_pareada | f | sup_mediana 46 m2 | calef: 8967 kWh | acs: 2730 kWh
102,13,69,0.69,51.1,51.669565217391316,50.0,54.0,1.6,1.5999999999999994,1.6,1.6,1.6,1.5999999999999994,1.6,1.6,0.33,0.3299999999999999,0.33,0.33,0.33,0.3299999999999999,0.33,0.33,9.200310237938826,9.199402806608884,9.10031342991101,9.28118086888492,7.9913554475297435,7.998855124386978,7.974085393729522,8.03378816322624,9899.2,10055.320289855068,8957.1,10733.1,2954.3,2978.3376811594208,2903.7,3082.4,f,100.0,casa_pareada,100.0,casa_pareada | f | sup_mediana 51 m2 | calef: 9899 kWh | acs: 2954 kWh
102,14,397,3.9699999999999998,49.4,48.594710327455914,42.8,57.2,1.7,1.6999999999999997,1.7,1.7,1.7,1.6999999999999997,1.7,1.7,0.38,0.38000000000000006,0.38,0.38,0.38,0.38000000000000006,0.38,0.38,7.616775808698373,7.418169064138066,6.995308175989998,8.341767801310125,7.954266929904875,7.944419201719873,7.840431040105615,8.044080734770414,2031.0,3021.3732997481106,1090.5,4194.5,2846.7,3047.367002518892,2540.3,3114.3,e,100.0,depto,100.0,depto | e | sup_mediana 49 m2 | calef: 2031 kWh | acs: 2847 kWh
102,15,191,1.91,47.0,50.42356020942409,44.3,52.5,1.7,1.699999999999999,1.7,1.7,1.7,1.699999999999999,1.7,1.7,0.38,0.38000000000000006,0.38,0.38,0.38,0.38000000000000006,0.38,0.38,8.983891363653246,8.836146632785185,8.615604776718161,9.1260886831857,7.885592560507808,7.843192611032975,7.838422176800799,7.954442494785328,7972.6,7375.112041884819,5516.1,9191.0,2657.7,2630.8130890052357,2535.2,2847.2,e,100.0,casa_pareada,100.0,casa_pareada | e | sup_mediana 47 m2 | calef: 7973 kWh | acs: 2658 kWh
102,16,246,2.46,50.6,51.39268292682926,49.425,54.7,3.0,3.0,3.0,3.0,3.0,3.0,3.0,3.0,0.6,0.5999999999999998,0.6,0.6,0.6,0.5999999999999998,0.6,0.6,8.460827988060569,8.311360635425991,7.997113051681852,8.711342882640816,7.834550643501378,7.841083291837649,7.814853888668055,7.893721316099016,4725.0,4868.596341463414,2971.4,6070.4,2525.4,2547.220731707317,2476.125,2679.4,d,100.0,depto,100.0,depto | d | sup_mediana 51 m2 | calef: 4725 kWh | acs: 2525 kWh
102,17,236,2.36,37.6,38.20338983050848,29.6,43.675,1.9,1.8957627118644063,1.9,1.9,1.9,1.8957627118644063,1.9,1.9,0.47,0.4680932203389828,0.47,0.47,0.47,0.4680932203389828,0.47,0.47,5.762826858003033,6.003955060050796,5.050970659422435,6.753966093901544,0.0,0.0,0.0,0.0,317.5,753.9389830508475,155.175,856.475,0.0,0.0,0.0,0.0,d,100.0,depto,100.0,depto | d | sup_mediana 38 m2 | calef: 318 kWh | acs: 0 kWh
102,18,112,1.1199999999999999,49.8,50.544642857142854,48.7,52.2,1.1,1.0999999999999999,1.1,1.1,1.1,1.0999999999999999,1.1,1.1,0.28,0.28000000000000014,0.28,0.28,0.28,0.28000000000000014,0.28,0.28,8.284213830075526,8.293897693659014,8.105828024565943,8.60676942584781,8.00446576036065,7.8726828339160395,7.984360512387156,8.039737867125353,3959.85,4446.039285714286,3312.725,5467.75,2993.3,2928.7249999999995,2933.7,3100.8,g,100.0,depto,100.0,depto | g | sup_mediana 50 m2 | calef: 3960 kWh | acs: 2993 kWh
102,19,255,2.55,46.9,44.15647058823529,38.0,52.2,1.6,1.6,1.6,1.6,1.6,1.6,1.6,1.6,0.33,0.32999999999999996,0.33,0.33,0.33,0.32999999999999996,0.33,0.33,8.109315174583783,8.055533237829877,7.685373290863758,8.439898164047097,7.9832354035932,7.90757491246256,7.803067492471094,8.039737867125353,3324.3,3662.250980392157,2175.3,4627.1,2930.4,2771.802352941176,2447.1,3100.8,g,100.0,depto,100.0,depto | g | sup_mediana 47 m2 | calef: 3324 kWh | acs: 2930 kWh
102,20,163,1.63,53.4,62.0196319018405,50.75,75.2,1.7,1.6999999999999995,1.7,1.7,1.7,1.6999999999999995,1.7,1.7,0.38,0.3799999999999999,0.38,0.38,0.38,0.3799999999999999,0.38,0.38,9.292003304837257,9.200519463863431,8.935725498046738,9.749123423408914,8.004064918587572,7.978293932875011,7.937303265040725,8.217546494115913,10849.9,11707.41472392638,7598.7,17138.199999999997,2992.1,3131.167484662577,2798.8,3704.4,f,100.0,casa_aislada,100.0,casa_aislada | f | sup_mediana 53 m2 | calef: 10850 kWh | acs: 2992 kWh
102,21,363,3.63,81.1,84.29779614325068,63.1,98.75,1.9,1.9,1.9,1.9,1.9,1.9,1.9,1.9,0.47,0.4699999999999998,0.47,0.47,0.47,0.4699999999999998,0.47,0.47,9.491926401255911,9.495306700102986,9.306543760508177,9.774282691158685,8.143720814344247,8.154305943516242,7.9991750970687425,8.286243932167622,13251.3,14586.891460055096,11008.85,17575.0,3440.7,3536.2267217630856,2977.5,3967.8999999999996,d,100.0,casa_aislada,100.0,casa_aislada | d | sup_mediana 81 m2 | calef: 13251 kWh | acs: 3441 kWh
102,22,110,1.0999999999999999,77.8,78.53454545454545,69.65,91.7,1.7,1.699999999999999,1.7,1.7,1.7,1.699999999999999,1.7,1.7,0.38,0.3800000000000001,0.38,0.38,0.38,0.3800000000000001,0.38,0.38,8.93651251121683,8.865515633461708,8.44041027662301,9.118710158701269,8.080144532646191,7.83487163119311,7.886419690414352,8.159896281546114,7603.7,7947.567272727272,4629.725,9123.425,3228.7,2814.7900000000004,2659.9,3496.825,d,100.0,casa_aislada,100.0,casa_aislada | d | sup_mediana 78 m2 | calef: 7604 kWh | acs: 3229 kWh
102,23,209,2.09,48.6,49.16555023923446,46.8,53.0,1.6,1.5999999999999999,1.6,1.6,1.6,1.5999999999999999,1.6,1.6,0.33,0.33,0.33,0.33,0.33,0.33,0.33,0.33,7.901710508212769,7.86804734475048,7.548187101870088,8.172475050581173,7.952615111650999,7.936418584481437,7.923348211930154,8.007433665832245,2700.9,2932.4933014354065,1896.3,3541.1,2842.0,2855.103827751196,2760.0,3002.2,f,100.0,depto,100.0,depto | f | sup_mediana 49 m2 | calef: 2701 kWh | acs: 2842 kWh
102,24,160,1.6,49.5,48.875,45.5,52.3,1.7,1.6999999999999997,1.7,1.7,1.7,1.6999999999999997,1.7,1.7,0.38,0.37999999999999995,0.38,0.38,0.38,0.37999999999999995,0.38,0.38,8.39880279809146,8.26021119542628,7.793184507274309,8.76528684661004,7.967210852449053,7.952872112648398,7.9000705760024275,8.009628910352617,4440.9,4786.657499999999,2423.025,6406.9,2883.8,2858.958125,2696.5249999999996,3008.8,f,100.0,depto,100.0,depto | f | sup_mediana 50 m2 | calef: 4441 kWh | acs: 2884 kWh
102,25,231,2.31,53.4,52.43160173160174,47.6,56.95,1.7,1.6999999999999993,1.7,1.7,1.7,1.6999999999999993,1.7,1.7,0.38,0.38,0.38,0.38,0.38,0.38,0.38,0.38,7.87123489365875,7.827087091649709,7.402266912827992,8.367110212569663,7.84631617950202,7.783869037788685,7.786468746500926,7.883031643204163,2619.8,3225.6398268398266,1638.75,4302.25,2555.3,2465.0415584415587,2406.8,2650.9,d,100.0,depto,100.0,depto | d | sup_mediana 53 m2 | calef: 2620 kWh | acs: 2555 kWh
102,26,3323,33.23,47.2,46.01005115859163,34.6,51.2,1.9,1.8999999999999997,1.9,1.9,1.9,1.8999999999999997,1.9,1.9,0.47,0.46999999999999986,0.47,0.47,0.47,0.46999999999999986,0.47,0.47,7.725771441587952,7.553038675332285,7.057897878163303,8.387460169830671,7.800818324736988,7.847870476651902,7.541736148872866,7.902006552325504,2265.0,3054.8139632861876,1161.0,4390.65,2441.6,3948.744354110208,1884.1,2701.7,d,100.0,depto,100.0,depto | d | sup_mediana 47 m2 | calef: 2265 kWh | acs: 2442 kWh
102,27,72,0.72,42.7,43.22361111111111,42.6,44.7,1.1,1.0999999999999999,1.1,1.1,1.1,1.0999999999999999,1.1,1.1,0.28,0.28,0.28,0.28,0.28,0.28,0.28,0.28,9.692321977981326,9.6792819159135,9.639129099397282,9.735474081789471,7.883182467079869,7.892218753360065,7.880917716932831,7.918956110639277,16191.8,16019.68611111111,15352.975,16905.850000000002,2651.3,2675.7625,2645.3,2747.9,g,100.0,casa_aislada,100.0,casa_aislada | g | sup_mediana 43 m2 | calef: 16192 kWh | acs: 2651 kWh
102,28,55,0.5499999999999999,48.7,48.83999999999998,48.7,48.7,1.1,1.1,1.1,1.1,1.1,1.1,1.1,1.1,0.28,0.2799999999999999,0.28,0.28,0.28,0.2799999999999999,0.28,0.28,9.770476024758457,9.775103605422434,9.753062614048194,9.790206306025334,7.986436932161368,7.988593018819097,7.986436932161368,7.986436932161368,17508.1,17594.903636363633,17205.85,17857.0,2939.8,2946.3018181818175,2939.8,2939.8,g,100.0,casa_aislada,100.0,casa_aislada | g | sup_mediana 49 m2 | calef: 17508 kWh | acs: 2940 kWh
102,29,681,6.81,51.0,52.44464023494861,45.0,57.8,1.9,1.9000000000000001,1.9,1.9,1.9,1.9000000000000001,1.9,1.9,0.47,0.4699999999999999,0.47,0.47,0.47,0.4699999999999999,0.47,0.47,8.796051448258222,8.772243396771405,8.57516016717077,8.999705756679646,7.817222785508166,7.796989562995189,7.719174264620118,7.9287663216266955,6607.1,7039.780176211455,5297.4,8099.7,2482.0,2493.7044052863434,2250.1,2775.0,d,100.0,casa_pareada,100.0,casa_pareada | d | sup_mediana 51 m2 | calef: 6607 kWh | acs: 2482 kWh
102,30,69,0.69,57.8,61.626086956521746,54.4,72.6,1.7,1.7,1.7,1.7,1.7,1.7,1.7,1.7,0.38,0.3799999999999999,0.38,0.38,0.38,0.3799999999999999,0.38,0.38,7.923637920051251,7.938693256736286,7.654395831982082,8.118356069598294,6.600006544380042,6.6223142203145695,6.47095429056412,6.776849009134338,2760.8,2980.9304347826082,2108.9,3354.5,734.1,767.9478260869565,645.1,876.3,d,100.0,casa_pareada,100.0,casa_pareada | d | sup_mediana 58 m2 | calef: 2761 kWh | acs: 734 kWh
102,31,67,0.67,53.3,53.929850746268656,50.4,60.0,1.6,1.5999999999999996,1.6,1.6,1.6,1.5999999999999996,1.6,1.6,0.33,0.32999999999999996,0.33,0.33,0.33,0.32999999999999996,0.33,0.33,8.773400076532997,8.752089201191874,8.610473956776449,8.857926976455369,8.024109249126404,8.022778550152394,7.979784001667225,8.112527763478637,6459.1,6383.140298507463,5487.85,7028.9,3052.7,3065.908955223881,2920.3,3335.0,f,100.0,casa_aislada,100.0,casa_aislada | f | sup_mediana 53 m2 | calef: 6459 kWh | acs: 3053 kWh
102,32,103,1.03,41.4,41.75339805825242,41.2,42.3,1.6,1.5999999999999996,1.6,1.6,1.6,1.5999999999999996,1.6,1.6,0.33,0.32999999999999996,0.33,0.33,0.33,0.32999999999999996,0.33,0.33,9.530218542644281,9.556199412195896,9.476564476971479,9.648104860079268,7.8235658956194145,7.825412770308615,7.819796996566877,7.833283216208774,13768.6,14202.511650485441,13049.3,15491.4,2497.8,2504.303883495146,2488.4,2522.2,f,100.0,casa_aislada,100.0,casa_aislada | f | sup_mediana 41 m2 | calef: 13769 kWh | acs: 2498 kWh
102,33,181,1.81,58.7,58.274033149171274,55.5,61.3,1.7,1.6999999999999993,1.7,1.7,1.7,1.6999999999999993,1.7,1.7,0.38,0.38,0.38,0.38,0.38,0.38,0.38,0.38,8.818082660955138,8.767952966538257,8.547702997620808,8.944171880604689,7.946299041184127,7.938492007482561,7.904445577924863,7.977830909508058,6754.3,6701.313812154695,5153.9,7662.1,2824.1,2805.792817679558,2708.3,2914.6,d,100.0,casa_pareada,100.0,casa_pareada | d | sup_mediana 59 m2 | calef: 6754 kWh | acs: 2824 kWh
102,34,71,0.7100000000000001,47.0,47.0,47.0,47.0,1.7,1.7,1.7,1.7,1.7,1.7,1.7,1.7,0.38,0.37999999999999984,0.38,0.38,0.38,0.37999999999999984,0.38,0.38,8.460770977103138,8.46701565853301,8.425132708195793,8.512421745770268,7.775989577440603,7.775989577440599,7.775989577440603,7.775989577440603,4724.7,4762.1492957746495,4559.25,4975.2,2381.7,2381.700000000001,2381.7,2381.7,d,100.0,casa_pareada,100.0,casa_pareada | d | sup_mediana 47 m2 | calef: 4725 kWh | acs: 2382 kWh
102,35,51,0.51,47.0,47.0,47.0,47.0,1.7,1.7,1.7,1.7,1.7,1.7,1.7,1.7,0.38,0.3799999999999999,0.38,0.38,0.38,0.3799999999999999,0.38,0.38,8.86235612571602,8.86360824082722,8.830140289354961,8.882987296431834,7.775989577440603,7.775989577440604,7.775989577440603,7.775989577440603,7060.1,7075.8647058823535,6836.25,7207.3,2381.7,2381.7,2381.7,2381.7,d,100.0,casa_pareada,100.0,casa_pareada | d | sup_mediana 47 m2 | calef: 7060 kWh | acs: 2382 kWh
103,-1,2136,21.36,46.1,49.63389513108614,33.0,58.7,1.9,1.998773006134969,1.9,1.9,1.9,1.998773006134969,1.9,1.9,0.47,0.4687022180273713,0.47,0.47,0.47,0.4687022180273713,0.47,0.47,7.545601004138101,7.238238402347581,6.452994879149095,8.374730449283113,7.856203375655348,7.707870452578424,7.4821189235521155,8.148561333353422,1891.4,3575.5890917603,633.6,4335.1,2580.7,3984.5081575246136,1775.0,3457.4,d,86.42322097378276,depto,78.18352059925093,ruido / observacion atipica
103,0,108,1.08,56.5,56.70185185185186,55.6,58.6,0.6,0.5999999999999999,0.6,0.6,0.6,0.5999999999999999,0.6,0.6,0.25,0.25,0.25,0.25,0.25,0.25,0.25,0.25,9.251455364663741,8.146495613495462,8.447038205080716,10.401674775921627,8.219622386214086,8.198637454826295,8.167777549159096,8.253383883376012,10419.0,15132.5,4660.45,32913.725,3712.1,3647.277777777777,3524.5,3839.6,i,100.0,depto,59.25925925925925,depto | i | sup_mediana 56 m2 | calef: 10419 kWh | acs: 3712 kWh
103,1,66,0.66,48.6,50.375757575757575,42.6,56.5,4.0,3.8484848484848486,4.0,4.0,4.0,3.8484848484848486,4.0,4.0,0.0,0.0,0.0,0.0,0.0,0.0,0.0,0.0,5.274536837882633,5.155926417849112,4.5852201131669,7.1303786349709775,7.683468327551602,4.680066143070251,0.0,7.855028993582517,194.3,930.5924242424243,97.025,1248.35,2173.0,1849.5227272727273,0.0,2578.9500000000003,a,59.09090909090909,depto,86.36363636363636,depto | a | sup_mediana 49 m2 | calef: 194 kWh | acs: 2173 kWh
103,2,141,1.41,50.2,49.195744680851064,46.5,51.7,4.0,4.0,4.0,4.0,4.0,4.0,4.0,4.0,0.84,0.84,0.84,0.84,0.84,0.84,0.84,0.84,7.539771459537851,7.171180615786417,6.981470316804418,8.101071503119543,8.0430530184581,8.01292483277689,7.965927444652224,8.063062911326792,1880.4,2579.627659574468,1075.5,3297.0,3111.1,3030.6624113475177,2880.1,3174.0,b,100.0,depto,78.72340425531915,depto | b | sup_mediana 50 m2 | calef: 1880 kWh | acs: 3111 kWh
103,3,100,1.0,54.0,62.455,48.75,71.3,4.0,4.0,4.0,4.0,4.0,4.0,4.0,4.0,0.84,0.8400000000000002,0.84,0.84,0.84,0.8400000000000002,0.84,0.84,8.441118636330431,8.529395701910099,8.123926495291387,8.94907666544489,7.952263308657046,8.00716351348575,7.866607291940365,8.153551176561733,4633.25,5699.602,3373.45,7699.975,2841.0,3076.088000000001,2607.7,3474.7,c,100.0,casa_pareada,65.0,casa_pareada | c | sup_mediana 54 m2 | calef: 4633 kWh | acs: 2841 kWh
103,4,229,2.29,51.1,51.904366812227074,48.6,53.8,4.0,4.0,4.0,4.0,4.0,4.0,4.0,4.0,0.84,0.8400000000000001,0.84,0.84,0.84,0.8400000000000001,0.84,0.84,7.152973384614658,6.762400702974629,6.49329987903584,7.783265682134672,7.907982665728846,7.892607529296746,7.862227722896344,7.941686814175914,1276.9,1684.1296943231441,659.7,2399.1,2717.9,2746.7956331877726,2596.3,2811.1,c,100.0,depto,100.0,depto | c | sup_mediana 51 m2 | calef: 1277 kWh | acs: 2718 kWh
103,5,240,2.4,54.5,53.35666666666666,50.05,56.9,4.0,4.0,4.0,4.0,4.0,4.0,4.0,4.0,0.84,0.84,0.84,0.84,0.84,0.84,0.84,0.84,6.323460556780182,6.021159640088964,5.422345981869245,6.922394905557683,7.84290701849721,7.785526897323836,7.759400817362761,7.908460685998653,556.5,734.1408333333333,225.45,1013.75,2546.6,2440.1983333333333,2342.5,2719.2,a,100.0,depto,100.0,depto | a | sup_mediana 54 m2 | calef: 556 kWh | acs: 2547 kWh
103,6,175,1.7500000000000002,53.8,52.62057142857144,47.1,59.3,4.0,4.0,4.0,4.0,4.0,4.0,4.0,4.0,0.84,0.8400000000000002,0.84,0.84,0.84,0.8400000000000002,0.84,0.84,0.0,0.021421837086174116,0.0,0.0,7.839958729316341,7.809056642158417,7.723429587069603,7.908460685998653,0.0,0.04171428571428571,0.0,0.0,2539.1,2514.8668571428575,2259.7,2719.2,a,100.0,depto,100.0,depto | a | sup_mediana 54 m2 | calef: 0 kWh | acs: 2539 kWh
103,7,182,1.82,45.2,49.3967032967033,36.55,55.375,1.0,1.0,1.0,1.0,1.0,1.0,1.0,1.0,0.0,0.0,0.0,0.0,0.0,0.0,0.0,0.0,7.72055467945996,7.3803273127528675,6.803067382422231,8.203167143624855,7.819716652695063,7.473836035312691,7.428214351716366,8.111526058279187,2254.0,3194.341758241758,899.625,3651.5,2488.2,2675.182777777778,1681.8,3331.8,d,100.0,depto,76.92307692307693,depto | d | sup_mediana 45 m2 | calef: 2254 kWh | acs: 2488 kWh
103,8,67,0.67,87.4,82.57164179104478,73.85,89.4,1.0,1.0,1.0,1.0,1.0,1.0,1.0,1.0,0.0,0.0,0.0,0.0,0.0,0.0,0.0,0.0,9.451276689030053,9.433121658035436,9.344180012408216,9.622969022503964,8.220725975683184,8.129393324157023,8.108743634267114,8.234856805289208,12723.4,12972.60895522388,11431.1,15107.150000000001,3716.2,3478.9119402985075,3322.4,3769.1,d,100.0,casa_aislada,100.0,casa_aislada | d | sup_mediana 87 m2 | calef: 12723 kWh | acs: 3716 kWh
103,9,60,0.6,43.7,47.09,42.5,51.9,3.0,3.0,3.0,3.0,3.0,3.0,3.0,3.0,0.6,0.6000000000000001,0.6,0.6,0.6,0.6000000000000001,0.6,0.6,8.339321598336305,8.433818698504094,8.084084452702609,8.989451178336502,7.9229497261707476,7.976239917334667,7.900932975174727,8.058580439097181,4184.25,5797.776666666668,3241.45,8017.425,2758.9,2921.591666666666,2698.8,3159.8,b,100.0,depto,63.33333333333333,depto | b | sup_mediana 44 m2 | calef: 4184 kWh | acs: 2759 kWh
103,10,240,2.4,50.5,52.20333333333333,47.1,55.1,3.0,3.0,3.0,3.0,3.0,3.0,3.0,3.0,0.6,0.5999999999999999,0.6,0.6,0.6,0.5999999999999999,0.6,0.6,7.177979239521667,6.519468523931161,6.288416025566912,7.774842070775173,7.875613267712699,7.3994783239299045,7.747683190750277,7.944633997844885,1309.4,1741.7125,537.3,2378.975,2631.3,2637.1787499999996,2315.2,2819.4,c,100.0,depto,100.0,depto | c | sup_mediana 50 m2 | calef: 1309 kWh | acs: 2631 kWh
103,11,174,1.7399999999999998,48.3,57.88390804597701,46.1,58.65,1.7,1.699999999999999,1.7,1.7,1.7,1.699999999999999,1.7,1.7,0.38,0.38,0.38,0.38,0.38,0.38,0.38,0.38,9.459073694289389,9.376922855797163,9.249570700467851,9.564473949508896,7.907982665728846,7.996886023512316,7.870662385484872,8.041637832048488,12823.0,12367.414367816093,10399.1,14248.475,2717.9,3045.3143678160923,2618.3,3106.7,e,100.0,casa_aislada,100.0,casa_aislada | e | sup_mediana 48 m2 | calef: 12823 kWh | acs: 2718 kWh
103,12,430,4.3,50.0,49.02651162790698,44.4,57.5,1.7,1.6999999999999995,1.7,1.7,1.7,1.6999999999999995,1.7,1.7,0.38,0.38,0.38,0.38,0.38,0.38,0.38,0.38,7.726785963301151,7.614507102673771,7.263363314699144,8.34572254733718,7.954723334497908,7.9470026094702755,7.854148354672736,8.044080734770414,2267.3500000000004,3049.913488372093,1426.05,4211.125,2848.0,2999.27511627907,2575.4,3114.3,e,100.0,depto,100.0,depto | e | sup_mediana 50 m2 | calef: 2267 kWh | acs: 2848 kWh
103,13,143,1.43,48.3,50.62867132867133,47.0,54.3,1.7,1.6999999999999995,1.7,1.7,1.7,1.6999999999999995,1.7,1.7,0.38,0.37999999999999995,0.38,0.38,0.38,0.37999999999999995,0.38,0.38,8.907815352654627,8.774079222152668,8.48148183540772,9.102246752523152,7.907982665728846,7.876827655339452,7.867555683668566,7.983508271177987,7388.5,7088.11118881119,4823.799999999999,8974.45,2717.9,2698.495104895105,2610.6,2931.2,e,100.0,casa_pareada,100.0,casa_pareada | e | sup_mediana 48 m2 | calef: 7388 kWh | acs: 2718 kWh
103,14,245,2.45,49.9,50.254285714285714,48.9,53.3,3.0,3.0,3.0,3.0,3.0,3.0,3.0,3.0,0.6,0.5999999999999998,0.6,0.6,0.6,0.5999999999999998,0.6,0.6,8.429628934343851,8.30481819504448,8.017670119154372,8.69981470321919,7.822685085216951,7.8218245294592785,7.807388033960149,7.874244706389038,4579.8,4662.019183673468,3033.1,6000.8,2495.6,2502.0795918367344,2457.7,2627.7,d,100.0,depto,100.0,depto | d | sup_mediana 50 m2 | calef: 4580 kWh | acs: 2496 kWh
103,15,298,2.98,46.2,49.29060402684564,44.8,52.0,1.7,1.6999999999999997,1.7,1.7,1.7,1.6999999999999997,1.7,1.7,0.38,0.37999999999999995,0.38,0.38,0.38,0.37999999999999995,0.38,0.38,9.15984612447882,9.034011307398007,8.823081018779042,9.270867456622437,7.912313265567924,7.945941355130793,7.882654483963062,8.004064918587572,9506.599999999999,9112.591275167786,6788.150000000001,10623.075,2729.7,2839.8352348993294,2649.9,2992.1,f,100.0,casa_pareada,100.0,casa_pareada | f | sup_mediana 46 m2 | calef: 9507 kWh | acs: 2730 kWh
103,16,69,0.69,51.1,51.77536231884058,50.0,54.0,1.6,1.5999999999999994,1.6,1.6,1.6,1.5999999999999994,1.6,1.6,0.33,0.3299999999999999,0.33,0.33,0.33,0.3299999999999999,0.33,0.33,9.208408507126357,9.217049369071178,9.169195408640448,9.284222604366887,7.9913554475297435,8.000333270391302,7.974085393729522,8.03378816322624,9979.7,10237.678260869567,9595.9,10765.8,2954.3,2982.9942028985506,2903.7,3082.4,f,100.0,casa_pareada,100.0,casa_pareada | f | sup_mediana 51 m2 | calef: 9980 kWh | acs: 2954 kWh
103,17,188,1.8800000000000001,53.5,62.69627659574467,51.0,75.2,1.7,1.6999999999999995,1.7,1.7,1.7,1.6999999999999995,1.7,1.7,0.38,0.38,0.38,0.38,0.38,0.38,0.38,0.38,9.25709003985665,9.177541372206813,8.93721813336972,9.71084945098325,8.024796703118614,8.012504236467755,7.966760113055467,8.272187393244893,10477.6,11454.49521276596,7609.0,16494.625,3054.8,3197.5132978723404,2882.5,3912.5,f,100.0,casa_aislada,100.0,casa_aislada | f | sup_mediana 54 m2 | calef: 10478 kWh | acs: 3055 kWh
103,18,221,2.21,37.6,38.025339366515844,28.9,44.3,1.9,1.899095022624434,1.9,1.9,1.9,1.899095022624434,1.9,1.9,0.47,0.4695927601809953,0.47,0.47,0.47,0.4695927601809953,0.47,0.47,5.743644008081332,5.97862667632368,5.074548619839908,6.7963766909987475,0.0,0.0,0.0,0.0,311.2,696.2153846153847,158.9,893.6,0.0,0.0,0.0,0.0,d,100.0,depto,100.0,depto | d | sup_mediana 38 m2 | calef: 311 kWh | acs: 0 kWh
103,19,67,0.67,50.3,51.389552238805976,50.3,50.3,1.6,1.5999999999999996,1.6,1.6,1.6,1.5999999999999996,1.6,1.6,0.33,0.32999999999999996,0.33,0.33,0.33,0.32999999999999996,0.33,0.33,9.492906882222625,9.466189812061176,9.443861885468529,9.544637416131762,8.011288771969316,8.022061133412633,8.011288771969316,8.011288771969316,13264.3,12984.828358208955,12629.4,13968.6,3013.8,3050.9686567164176,3013.8,3013.8,g,100.0,casa_aislada,100.0,casa_aislada | g | sup_mediana 50 m2 | calef: 13264 kWh | acs: 3014 kWh
103,20,103,1.03,48.7,50.03203883495146,42.7,48.7,1.1,1.0999999999999994,1.1,1.1,1.1,1.0999999999999994,1.1,1.1,0.28,0.2800000000000002,0.28,0.28,0.28,0.2800000000000002,0.28,0.28,9.727513805698308,9.656201399023862,9.647513841287644,9.767067515117333,7.986436932161368,7.983258262125045,7.883182467079869,7.986436932161368,16771.8,15883.142718446601,15482.25,17448.55,2939.8,2966.792233009708,2651.3,2939.8,g,100.0,casa_aislada,100.0,casa_aislada | g | sup_mediana 49 m2 | calef: 16772 kWh | acs: 2940 kWh
103,21,194,1.94,48.6,47.92731958762886,47.7,52.2,1.6,1.5999999999999999,1.6,1.6,1.6,1.5999999999999999,1.6,1.6,0.33,0.33000000000000007,0.33,0.33,0.33,0.33000000000000007,0.33,0.33,7.818249183535105,7.858770314100067,7.447410900563168,8.280209405163767,7.952615111650999,7.923271860304775,7.937981654783782,8.007433665832245,2484.55,3053.0804123711346,1714.45,3944.025,2842.0,2805.1427835051545,2800.7,3002.2,f,100.0,depto,100.0,depto | f | sup_mediana 49 m2 | calef: 2485 kWh | acs: 2842 kWh
103,22,141,1.41,50.8,48.979432624113485,44.9,52.3,1.7,1.6999999999999997,1.7,1.7,1.7,1.6999999999999997,1.7,1.7,0.38,0.3799999999999999,0.38,0.38,0.38,0.3799999999999999,0.38,0.38,8.393374477645507,8.28584683221293,7.687997166393016,8.879987374562992,7.984701204677179,7.9524870212104775,7.8892717957739995,8.009628910352617,4416.7,5187.244680851064,2181.0,7185.7,2934.7,2860.8588652482267,2667.5,3008.8,f,100.0,depto,100.0,depto | f | sup_mediana 51 m2 | calef: 4417 kWh | acs: 2935 kWh
103,23,231,2.31,53.4,52.46493506493507,47.6,55.0,1.7,1.6999999999999993,1.7,1.7,1.7,1.6999999999999993,1.7,1.7,0.38,0.38,0.38,0.38,0.38,0.38,0.38,0.38,7.738226650405301,7.743708367155004,7.302113460574027,8.278375508916666,7.84631617950202,7.81243951632286,7.7788394180182125,7.879669914604289,2293.4,2933.399134199134,1482.4499999999998,3936.8,2555.3,2520.0800865800866,2388.5,2642.0,d,100.0,depto,100.0,depto | d | sup_mediana 53 m2 | calef: 2293 kWh | acs: 2555 kWh
103,24,223,2.23,46.1,44.29551569506725,38.6,52.2,1.6,1.5999999999999999,1.6,1.6,1.6,1.5999999999999999,1.6,1.6,0.33,0.32999999999999996,0.33,0.33,0.33,0.32999999999999996,0.33,0.33,8.108743634267114,8.011480942638531,7.601951908677654,8.405611158153913,7.93218266946087,7.899905826156199,7.803067492471094,8.039737867125353,3322.4,3578.3390134529154,2001.1,4471.15,2784.5,2748.917488789238,2447.1,3100.8,g,100.0,depto,100.0,depto | g | sup_mediana 46 m2 | calef: 3322 kWh | acs: 2784 kWh
103,25,82,0.8200000000000001,49.8,50.81463414634147,49.8,52.2,1.1,1.0999999999999996,1.1,1.1,1.1,1.0999999999999996,1.1,1.1,0.28,0.2800000000000001,0.28,0.28,0.28,0.2800000000000001,0.28,0.28,8.328121853640244,8.301698435698064,8.149030610766907,8.590933519210267,8.00446576036065,7.548626900349469,7.984564879032278,8.040897810547069,4137.8,4456.903658536586,3459.15,5381.65,2993.3,2765.7695121951215,2934.2999999999997,3104.4,g,100.0,depto,100.0,depto | g | sup_mediana 50 m2 | calef: 4138 kWh | acs: 2993 kWh
103,26,645,6.45,51.9,52.947441860465126,45.0,57.8,1.9,1.9,1.9,1.9,1.9,1.9,1.9,1.9,0.47,0.4699999999999998,0.47,0.47,0.47,0.4699999999999998,0.47,0.47,8.806274284781725,8.80049515350623,8.565449879979525,9.043825232964805,7.817222785508166,7.8151539384524265,7.719174264620118,7.935480045302498,6675.0,7268.952403100775,5246.2,8465.1,2482.0,2526.039069767442,2250.1,2793.7,d,100.0,casa_pareada,100.0,casa_pareada | d | sup_mediana 52 m2 | calef: 6675 kWh | acs: 2482 kWh
103,27,110,1.0999999999999999,77.8,79.1781818181818,74.6,91.7,1.7,1.699999999999999,1.7,1.7,1.7,1.699999999999999,1.7,1.7,0.38,0.3800000000000001,0.38,0.38,0.38,0.3800000000000001,0.38,0.38,8.931717021257052,8.87326543373232,8.410375832457145,9.169036126571442,8.068716192714781,7.835443562337491,7.775989577440603,8.15742186843555,7567.25,8004.766363636363,4492.45,9594.375,3192.0,2814.6372727272724,2381.7,3488.225,d,100.0,casa_aislada,100.0,casa_aislada | d | sup_mediana 78 m2 | calef: 7567 kWh | acs: 3192 kWh
103,28,313,3.1300000000000003,83.2,85.20159744408946,63.1,102.0,1.9,1.9000000000000001,1.9,1.9,1.9,1.9000000000000001,1.9,1.9,0.47,0.46999999999999986,0.47,0.47,0.47,0.46999999999999986,0.47,0.47,9.437611393553631,9.445020130182181,9.219973820944421,9.717049534730332,8.173631886622887,8.162853724801261,7.9991750970687425,8.29387462478774,12550.7,14043.38370607029,10095.8,16597.2,3545.2,3564.695207667732,2977.5,3998.3,d,100.0,casa_aislada,100.0,casa_aislada | d | sup_mediana 83 m2 | calef: 12551 kWh | acs: 3545 kWh
103,29,88,0.88,63.9,62.97045454545455,51.6,72.6,1.7,1.6999999999999995,1.7,1.7,1.7,1.6999999999999995,1.7,1.7,0.38,0.37999999999999995,0.38,0.38,0.38,0.37999999999999995,0.38,0.38,7.961683763196785,7.933039568931917,7.694671128139576,8.113203550645744,6.773423566186845,6.637276383161926,6.294343066441045,6.84609261859003,2867.8999999999996,2923.0920454545453,2195.625,3337.525,873.3,784.8829545454545,540.5,939.2,d,100.0,casa_pareada,100.0,casa_pareada | d | sup_mediana 64 m2 | calef: 2868 kWh | acs: 873 kWh
103,30,86,0.86,53.3,52.13953488372094,44.025,60.0,1.6,1.5999999999999996,1.6,1.6,1.6,1.5999999999999996,1.6,1.6,0.33,0.3299999999999999,0.33,0.33,0.33,0.3299999999999999,0.33,0.33,8.84981958969901,8.858839055136842,8.77649886214597,8.974670226179358,8.024109249126404,7.999249428966398,7.8738069989754225,8.112527763478637,6972.15,7106.860465116278,6479.15,7899.425,3052.7,2991.181395348837,2626.575,3335.0,f,100.0,casa_aislada,100.0,casa_aislada | f | sup_mediana 53 m2 | calef: 6972 kWh | acs: 3053 kWh
103,31,103,1.03,41.8,41.52330097087378,41.2,42.15,1.6,1.5999999999999996,1.6,1.6,1.6,1.5999999999999996,1.6,1.6,0.33,0.32999999999999996,0.33,0.33,0.33,0.32999999999999996,0.33,0.33,9.547804973183599,9.566758149929372,9.499029184892894,9.653326030831527,7.8235658956194145,7.813895008873655,7.779759689144819,7.833283216208774,14012.9,14334.511650485432,13345.8,15572.5,2497.8,2476.005825242719,2390.7,2522.2,f,100.0,casa_aislada,100.0,casa_aislada | f | sup_mediana 42 m2 | calef: 14013 kWh | acs: 2498 kWh
103,32,166,1.66,57.8,57.93855421686749,55.5,59.575,1.7,1.6999999999999993,1.7,1.7,1.7,1.6999999999999993,1.7,1.7,0.38,0.3799999999999999,0.38,0.38,0.38,0.3799999999999999,0.38,0.38,8.830608795762405,8.767274413697121,8.58789859304469,8.949583929889029,7.934191062346272,7.9342762780807,7.904445577924863,7.957282242246365,6839.45,6591.276506024095,5365.325000000001,7703.8,2790.1,2793.9048192771083,2708.3,2855.3,d,100.0,casa_pareada,100.0,casa_pareada | d | sup_mediana 58 m2 | calef: 6839 kWh | acs: 2790 kWh
103,33,96,0.96,47.0,47.0,47.0,47.0,1.7,1.6999999999999995,1.7,1.7,1.7,1.6999999999999995,1.7,1.7,0.38,0.37999999999999995,0.38,0.38,0.38,0.37999999999999995,0.38,0.38,8.504937644683256,8.603925399181797,8.441666521034673,8.838276187410713,7.775989577440603,7.775989577440602,7.775989577440603,7.775989577440603,4938.1,5560.290625000001,4635.275,6892.1,2381.7,2381.7000000000003,2381.7,2381.7,d,100.0,casa_pareada,100.0,casa_pareada | d | sup_mediana 47 m2 | calef: 4938 kWh | acs: 2382 kWh
103,34,52,0.52,33.25,37.565384615384616,29.925,46.0,1.9,1.9000000000000006,1.9,1.9,1.9,1.9000000000000006,1.9,1.9,0.47,0.4699999999999998,0.47,0.47,0.47,0.4699999999999998,0.47,0.47,7.092823061444117,7.081160243409749,6.844895040804012,7.291128183204092,10.563059846300241,10.518138547072535,10.456130515302666,10.579773992664592,1202.3,1242.3423076923077,938.075,1466.25,38678.3,37090.575,34755.8,39330.225000000006,d,100.0,depto,100.0,depto | d | sup_mediana 33 m2 | calef: 1202 kWh | acs: 38678 kWh
103,35,1459,14.59,49.4,49.589444825222756,47.3,51.4,1.9,1.8999999999999997,1.9,1.9,1.9,1.8999999999999997,1.9,1.9,0.47,0.46999999999999975,0.47,0.47,0.47,0.46999999999999975,0.47,0.47,8.326783009718664,8.259231084662552,7.826383205456487,8.706382466794873,7.814520789631221,7.80143583756977,7.779676063120352,7.8456900789141635,4132.1,4488.020562028787,2504.8500000000004,6040.35,2475.3,2454.976559287183,2390.5,2553.7,d,100.0,depto,100.0,depto | d | sup_mediana 49 m2 | calef: 4132 kWh | acs: 2475 kWh
103,36,329,3.29,30.1,30.101519756838904,29.0,31.3,1.9,1.9000000000000001,1.9,1.9,1.9,1.9000000000000001,1.9,1.9,0.47,0.4699999999999998,0.47,0.47,0.47,0.4699999999999998,0.47,0.47,7.055140265895195,7.064067087442865,6.751919847424009,7.3788832758895815,7.400498395197362,7.352374975864302,7.239430313119546,7.468342023957602,1157.8,1268.869300911854,854.7,1600.8,1635.8,1575.4689969604865,1392.3,1750.7,d,100.0,depto,100.0,depto | d | sup_mediana 30 m2 | calef: 1158 kWh | acs: 1636 kWh
104,-1,1969,19.689999999999998,45.6,49.6834433722702,33.9,57.7,1.9,1.943229432805314,1.9,1.9,1.9,1.943229432805314,1.9,1.9,0.47,0.45101686254471113,0.47,0.47,0.47,0.45101686254471113,0.47,0.47,7.4819499903647895,7.221755423542474,6.463341420735398,8.307113929431228,7.831815400760482,7.723787610712776,7.487677768827454,8.163143370254229,1774.7,3519.819400711021,640.2,4051.6,2518.5,3901.0240853658534,1784.9,3508.2,d,89.02996444895886,depto,81.25952260030472,ruido / observacion atipica
104,0,86,0.86,56.5,56.46279069767444,52.3,58.6,0.6,0.6,0.6,0.6,0.6,0.6,0.6,0.6,0.25,0.25,0.25,0.25,0.25,0.25,0.25,0.25,9.31935028862657,8.112456728865707,8.487155905729448,10.403273714915935,8.227108234348146,8.198740055882226,8.167777549159096,8.253383883376012,11162.8,16040.720930232557,4851.325,32966.375,3740.0,3655.8093023255806,3524.5,3839.6,i,100.0,depto,54.65116279069767,depto | i | sup_mediana 56 m2 | calef: 11163 kWh | acs: 3740 kWh
104,1,65,0.65,48.0,49.178461538461534,33.9,56.8,4.0,3.876923076923077,4.0,4.0,4.0,3.876923076923077,4.0,4.0,0.0,0.0,0.0,0.0,0.0,0.0,0.0,0.0,6.182498044503958,5.74936420138271,5.02256386496153,7.566207489745196,7.8001221027369185,5.372274626123425,0.0,7.9968894586161365,483.2,1164.116923076923,150.8,1930.8,2439.9,2020.0600000000004,0.0,2970.7,c,55.38461538461539,depto,84.61538461538461,depto | c | sup_mediana 48 m2 | calef: 483 kWh | acs: 2440 kWh
104,2,138,1.38,49.2,47.799275362318845,45.1,51.675000000000004,4.0,4.0,4.0,4.0,4.0,4.0,4.0,4.0,0.84,0.84,0.84,0.84,0.84,0.84,0.84,0.84,7.476372627918774,6.993021428590043,7.0900671427219235,7.982729226269698,8.016614884101797,7.987470301263547,7.921825865773665,8.059307838360741,1764.9,2455.830434782609,1199.1,2929.15,3029.9,2957.391304347826,2755.8,3162.1,b,100.0,depto,74.63768115942028,depto | b | sup_mediana 49 m2 | calef: 1765 kWh | acs: 3030 kWh
104,3,249,2.4899999999999998,50.9,50.15903614457831,47.6,53.0,4.0,4.0,4.0,4.0,4.0,4.0,4.0,4.0,0.84,0.84,0.84,0.84,0.84,0.84,0.84,0.84,7.243155512642014,6.885721060497238,6.580084198313993,7.753237205845362,7.905810312658931,7.8746447575605005,7.841532231863567,7.9377674761579895,1397.5,1632.386345381526,719.6,2328.1,2712.0,2687.750200803213,2543.1,2800.1,c,100.0,depto,100.0,depto | c | sup_mediana 51 m2 | calef: 1398 kWh | acs: 2712 kWh
104,4,69,0.69,53.1,51.49710144927536,47.4,54.0,4.0,4.0,4.0,4.0,4.0,4.0,4.0,4.0,0.84,0.8400000000000002,0.84,0.84,0.84,0.8400000000000002,0.84,0.84,8.3338711342887,8.353278788216583,7.912093517544772,8.679175977214662,7.939693434382254,7.905786031996343,7.851077349907323,7.952263308657046,4161.5,4673.886956521739,2729.1,5878.2,2805.5,2728.5057971014494,2567.5,2841.0,c,100.0,casa_pareada,100.0,casa_pareada | c | sup_mediana 53 m2 | calef: 4162 kWh | acs: 2806 kWh
104,5,54,0.54,73.9,82.3851851851852,63.65,98.8,4.0,4.0,4.0,4.0,4.0,4.0,4.0,4.0,0.84,0.8400000000000004,0.84,0.84,0.84,0.8400000000000004,0.84,0.84,8.994100548304917,9.020774631880741,8.721982576467969,9.357183702917846,8.17834271830311,8.211352309665532,8.071496493128642,8.364461504342394,8054.450000000001,9004.901851851851,6135.45,11580.725,3562.3,3754.2314814814813,3204.55,4290.8,c,100.0,casa_aislada,100.0,casa_aislada | c | sup_mediana 74 m2 | calef: 8054 kWh | acs: 3562 kWh
104,6,262,2.62,54.5,53.77137404580152,49.9,57.0,4.0,4.0,4.0,4.0,4.0,4.0,4.0,4.0,0.84,0.8400000000000001,0.84,0.84,0.84,0.8400000000000001,0.84,0.84,6.031516380784941,5.890527476415072,5.076365065690213,6.83654678102684,7.848484077759927,7.797849083220413,7.737659892896942,7.877340210736037,415.35,737.636641221374,159.2,930.275,2560.85,2470.8847328244274,2292.1,2635.85,a,100.0,depto,100.0,depto | a | sup_mediana 54 m2 | calef: 415 kWh | acs: 2561 kWh
104,7,180,1.7999999999999998,55.0,54.34499999999999,47.1,59.7,4.0,4.0,4.0,4.0,4.0,4.0,4.0,4.0,0.84,0.8400000000000001,0.84,0.84,0.84,0.8400000000000001,0.84,0.84,0.0,0.017971745554317062,0.0,0.0,7.849791727274708,7.84700104166735,7.729316557529974,7.914617709040679,0.0,0.02722222222222222,0.0,0.0,2564.2,2604.7355555555555,2273.05,2736.0,a,100.0,depto,100.0,depto | a | sup_mediana 55 m2 | calef: 0 kWh | acs: 2564 kWh
104,8,135,1.35,43.6,49.22222222222222,30.9,53.3,1.0,1.0,1.0,1.0,1.0,1.0,1.0,1.0,0.0,0.0,0.0,0.0,0.0,0.0,0.0,0.0,7.181287715829476,7.16058899297316,6.529773829694433,8.037648923739553,7.635158948220172,7.296515494220676,7.407408415319622,8.076546402271493,1313.6,2057.7637037037034,684.25,3094.5,2068.7,2552.7107692307695,1647.15,3217.1,d,100.0,depto,100.0,depto | d | sup_mediana 44 m2 | calef: 1314 kWh | acs: 2069 kWh
104,9,50,0.5,46.95,54.035999999999994,45.2,54.85,1.0,1.0,1.0,1.0,1.0,1.0,1.0,1.0,0.0,0.0,0.0,0.0,0.0,0.0,0.0,0.0,8.41363105769979,8.613667703667021,8.203167143624855,8.882245290910946,7.744872924952113,7.772684939401038,7.744872924952113,7.872531366671615,4507.1,6406.411999999999,3651.5,7204.3,2308.7,2493.214,2308.7,2623.2,d,100.0,casa_pareada,100.0,casa_pareada | d | sup_mediana 47 m2 | calef: 4507 kWh | acs: 2309 kWh
104,10,72,0.72,44.4,47.69444444444444,42.5,51.9,3.0,3.0,3.0,3.0,3.0,3.0,3.0,3.0,0.6,0.6,0.6,0.6,0.6,0.6,0.6,0.6,8.2542167707344,8.339396114159857,8.051491439391505,8.523908797264307,7.936767368920292,7.977887454035888,7.900932975174727,8.058580439097181,3843.0,5038.758333333333,3137.525,5032.925,2797.3,2931.161111111111,2698.8,3159.8,b,100.0,depto,47.22222222222222,depto | b | sup_mediana 44 m2 | calef: 3843 kWh | acs: 2797 kWh
104,11,252,2.52,50.65,52.25555555555555,45.25,55.3,3.0,3.0,3.0,3.0,3.0,3.0,3.0,3.0,0.6,0.6,0.6,0.6,0.6,0.6,0.6,0.6,7.136005450916196,6.331159003636248,6.124318483516104,7.749955608462492,7.875613267712699,7.379915871523858,7.741707290848526,7.95338864285936,1255.4,1643.1539682539683,455.85,2320.5,2631.3,2801.1861111111107,2301.4,2844.2,c,100.0,depto,100.0,depto | c | sup_mediana 51 m2 | calef: 1255 kWh | acs: 2631 kWh
104,12,51,0.51,50.3,53.74117647058825,50.3,50.3,1.6,1.5999999999999996,1.6,1.6,1.6,1.5999999999999996,1.6,1.6,0.33,0.32999999999999996,0.33,0.33,0.33,0.32999999999999996,0.33,0.33,9.453851097082559,9.435994133766158,9.438925093239776,9.514507363060254,8.011288771969316,8.043436169414889,8.011288771969316,8.011288771969316,12756.2,12635.815686274509,12567.2,13555.2,3013.8,3135.3156862745095,3013.8,3013.8,g,100.0,casa_aislada,100.0,casa_aislada | g | sup_mediana 50 m2 | calef: 12756 kWh | acs: 3014 kWh
104,13,126,1.26,48.7,49.55952380952381,42.7,48.7,1.1,1.0999999999999994,1.1,1.1,1.1,1.0999999999999994,1.1,1.1,0.28,0.2800000000000002,0.28,0.28,0.28,0.2800000000000002,0.28,0.28,9.725985902721511,9.65948682789598,9.648127450780951,9.769270188783201,7.986436932161368,7.979363891628049,7.883182467079869,7.986436932161368,16746.2,15933.700793650794,15491.75,17487.0,2939.8,2950.8349206349203,2651.3,2939.8,g,100.0,casa_aislada,100.0,casa_aislada | g | sup_mediana 49 m2 | calef: 16746 kWh | acs: 2940 kWh
104,14,154,1.54,48.7,59.90714285714286,46.1,64.4,1.7,1.6999999999999997,1.7,1.7,1.7,1.6999999999999997,1.7,1.7,0.38,0.37999999999999995,0.38,0.38,0.38,0.37999999999999995,0.38,0.38,9.45230567753098,9.371932520565794,9.180483881299812,9.559383265771247,7.914435010583973,8.021884775256646,7.870662385484872,8.12358748182052,12736.5,12278.442857142856,9707.050000000001,14176.1,2735.5,3121.1766233766234,2618.3,3372.1,e,100.0,casa_aislada,100.0,casa_aislada | e | sup_mediana 49 m2 | calef: 12736 kWh | acs: 2736 kWh
104,15,363,3.63,49.9,47.72038567493112,42.8,54.5,1.7,1.6999999999999995,1.7,1.7,1.7,1.6999999999999995,1.7,1.7,0.38,0.38,0.38,0.38,0.38,0.38,0.38,0.38,7.70192357360081,7.298746411670684,7.029381215510913,8.26241173675347,7.951876182361057,7.939649686680793,7.840785064194042,8.044080734770414,2211.6,2842.3275482093663,1128.35,3874.45,2839.9,3077.250688705234,2541.2,3114.3,e,100.0,depto,100.0,depto | e | sup_mediana 50 m2 | calef: 2212 kWh | acs: 2840 kWh
104,16,163,1.63,47.0,49.63742331288344,44.3,53.3,1.7,1.6999999999999995,1.7,1.7,1.7,1.6999999999999995,1.7,1.7,0.38,0.3799999999999999,0.38,0.38,0.38,0.3799999999999999,0.38,0.38,8.778295121012674,8.747684245561153,8.490726005201067,9.109099000060883,7.885592560507808,7.875303204953539,7.838422176800799,7.972155622980058,6490.8,6848.686503067484,4868.4,9036.15,2657.7,2687.745398773006,2535.2,2898.1,e,100.0,casa_pareada,100.0,casa_pareada | e | sup_mediana 47 m2 | calef: 6491 kWh | acs: 2658 kWh
104,17,239,2.39,49.9,50.86359832635984,49.2,53.75,3.0,3.0,3.0,3.0,3.0,3.0,3.0,3.0,0.6,0.5999999999999996,0.6,0.6,0.6,0.5999999999999996,0.6,0.6,8.470457914519063,8.30356139861371,7.99874842337193,8.714657802653864,7.822685085216951,7.834472909919176,7.81249960695592,7.8805014727418365,4770.7,4771.443933054394,2976.3,6090.55,2495.6,2530.04769874477,2470.3,2644.2,d,100.0,depto,100.0,depto | d | sup_mediana 50 m2 | calef: 4771 kWh | acs: 2496 kWh
104,18,261,2.6100000000000003,46.2,48.50804597701149,44.5,50.8,1.7,1.6999999999999997,1.7,1.7,1.7,1.6999999999999997,1.7,1.7,0.38,0.3799999999999999,0.38,0.38,0.38,0.3799999999999999,0.38,0.38,9.176938695342152,9.06481669356868,8.823000013726565,9.321318081618585,7.912313265567924,7.938221504543522,7.882654483963062,7.986674934304511,9670.5,9360.52528735632,6787.6,11172.7,2729.7,2813.5402298850577,2649.9,2940.5,f,100.0,casa_pareada,100.0,casa_pareada | f | sup_mediana 46 m2 | calef: 9670 kWh | acs: 2730 kWh
104,19,84,0.84,50.4,50.9154761904762,49.0,54.0,1.6,1.5999999999999996,1.6,1.6,1.6,1.5999999999999996,1.6,1.6,0.33,0.32999999999999996,0.33,0.33,0.33,0.32999999999999996,0.33,0.33,9.20878409117719,9.166263663382795,8.980658619725506,9.284331652976384,7.980159139479694,7.987138183773089,7.9594855817501164,8.03378816322624,9983.45,9843.261904761906,7946.9,10767.025,2921.45,2944.4928571428572,2861.6,3082.4,f,100.0,casa_pareada,100.0,casa_pareada | f | sup_mediana 50 m2 | calef: 9983 kWh | acs: 2921 kWh
104,20,272,2.7199999999999998,36.3,37.32426470588236,29.1,44.8,1.9,1.8970588235294117,1.9,1.9,1.9,1.8970588235294117,1.9,1.9,0.47,0.46867647058823514,0.47,0.47,0.47,0.46867647058823514,0.47,0.47,6.118097198041348,6.037683543860517,5.073294698715866,6.830992732962318,0.0,0.0,0.0,0.0,453.0,740.4382352941177,158.7,925.325,0.0,0.0,0.0,0.0,d,100.0,depto,100.0,depto | d | sup_mediana 36 m2 | calef: 453 kWh | acs: 0 kWh
104,21,146,1.46,51.1,50.77602739726028,46.05,52.3,1.7,1.6999999999999997,1.7,1.7,1.7,1.6999999999999997,1.7,1.7,0.38,0.37999999999999995,0.38,0.38,0.38,0.37999999999999995,0.38,0.38,8.425396697055696,8.288510933299378,7.797706277158108,8.837991641598663,7.990949314921866,7.980221348266518,7.910287138141111,8.009628910352617,4560.5,5006.72808219178,2434.0750000000003,6890.15,2953.1,2935.004109589041,2724.1749999999997,3008.8,f,100.0,depto,100.0,depto | f | sup_mediana 51 m2 | calef: 4560 kWh | acs: 2953 kWh
104,22,170,1.7000000000000002,48.0,47.57058823529412,45.2,50.6,1.6,1.5999999999999996,1.6,1.6,1.6,1.5999999999999996,1.6,1.6,0.33,0.33,0.33,0.33,0.33,0.33,0.33,0.33,7.957807257040059,7.92799440354825,7.61952126214525,8.243033461833377,7.942005847408459,7.921130695175092,7.878306897582729,7.984224202964557,2856.8,3192.4529411764706,2036.6,3800.075,2812.0,2778.710588235294,2638.4,2933.3,f,100.0,depto,100.0,depto | f | sup_mediana 48 m2 | calef: 2857 kWh | acs: 2812 kWh
104,23,160,1.6,57.1,62.919375,50.925,75.2,1.7,1.6999999999999997,1.7,1.7,1.7,1.6999999999999997,1.7,1.7,0.38,0.37999999999999995,0.38,0.38,0.38,0.37999999999999995,0.38,0.38,9.368935537385642,9.199165611773497,8.912415441445242,9.77212949707799,8.025385573486009,8.040769338484246,7.937303265040725,8.272187393244893,11717.8,11957.976875,7422.625,17537.075,3056.6,3247.3293750000003,2798.8,3912.5,f,100.0,casa_aislada,100.0,casa_aislada | f | sup_mediana 57 m2 | calef: 11718 kWh | acs: 3057 kWh
104,24,190,1.9,43.9,51.27578947368422,41.8,56.5,1.6,1.5999999999999996,1.6,1.6,1.6,1.5999999999999996,1.6,1.6,0.33,0.33,0.33,0.33,0.33,0.33,0.33,0.33,9.294221855956884,9.231542702253321,8.884682246701677,9.558381148538478,7.871273049218974,7.962015706277956,7.833283216208774,8.067210163930692,10874.0,10978.812631578945,7219.525000000001,14161.9,2619.9,2916.5589473684213,2522.2,3187.2,f,100.0,casa_aislada,100.0,casa_aislada | f | sup_mediana 44 m2 | calef: 10874 kWh | acs: 2620 kWh
104,25,246,2.46,53.4,52.65162601626016,47.6,55.0,1.7,1.6999999999999993,1.7,1.7,1.7,1.6999999999999993,1.7,1.7,0.38,0.38,0.38,0.38,0.38,0.38,0.38,0.38,7.900683501513899,7.801708412225602,7.31687272036241,8.321469880459167,7.838796387445337,7.8060920590929115,7.7788394180182125,7.883031643204163,2698.15,3120.743902439024,1504.5,4110.2,2536.1499999999996,2495.089430894309,2388.5,2650.9,d,100.0,depto,100.0,depto | d | sup_mediana 53 m2 | calef: 2698 kWh | acs: 2536 kWh
104,26,331,3.3099999999999996,83.2,86.41903323262841,63.1,105.2,1.9,1.9,1.9,1.9,1.9,1.9,1.9,1.9,0.47,0.4699999999999998,0.47,0.47,0.47,0.4699999999999998,0.47,0.47,9.521172404326663,9.552563480732278,9.313368301705033,9.865645163444992,8.189272287704782,8.167821019460192,7.9991750970687425,8.319790483594177,13644.6,15506.844712990935,11084.25,19256.35,3601.1,3591.2247734138978,2977.5,4103.3,d,100.0,casa_aislada,100.0,casa_aislada | d | sup_mediana 83 m2 | calef: 13645 kWh | acs: 3601 kWh
104,27,112,1.1199999999999999,77.8,79.01964285714287,74.9,92.175,1.7,1.6999999999999995,1.7,1.7,1.7,1.6999999999999995,1.7,1.7,0.38,0.37999999999999995,0.38,0.38,0.38,0.37999999999999995,0.38,0.38,8.98824099959295,8.959361087778717,8.564343090558168,9.294983162761142,8.131901948617529,7.911047692199921,7.886419690414352,8.249993253905108,8007.4,8647.231249999999,5246.35,10882.45,3400.5,2988.0955357142857,2659.9,3826.6,d,100.0,casa_aislada,100.0,casa_aislada | d | sup_mediana 78 m2 | calef: 8007 kWh | acs: 3400 kWh
104,28,234,2.34,45.7,43.40897435897436,38.0,52.2,1.6,1.6,1.6,1.6,1.6,1.6,1.6,1.6,0.33,0.33,0.33,0.33,0.33,0.33,0.33,0.33,8.141553564537114,8.05079614387881,7.652546518882932,8.389000917204237,7.918863405754651,7.883671624329371,7.791109510610028,8.039737867125353,3433.25,3629.9756410256414,2105.025,4397.425,2747.65,2711.10811965812,2418.0,3100.8,g,100.0,depto,100.0,depto | g | sup_mediana 46 m2 | calef: 3433 kWh | acs: 2748 kWh
104,29,98,0.98,49.8,49.973469387755095,48.6,52.2,1.1,1.0999999999999996,1.1,1.1,1.1,1.0999999999999996,1.1,1.1,0.28,0.28000000000000014,0.28,0.28,0.28,0.28000000000000014,0.28,0.28,8.277994357566637,8.28124031382726,7.997129664464505,8.65914231837489,8.00446576036065,7.7520508317931665,7.982416346827733,8.039737867125353,3935.3,4419.99387755102,2971.5,5761.675,2993.3,2846.0377551020415,2928.0,3100.8,g,100.0,depto,100.0,depto | g | sup_mediana 50 m2 | calef: 3935 kWh | acs: 2993 kWh
104,30,679,6.79,52.8,53.98571428571429,45.7,58.7,1.9,1.9,1.9,1.9,1.9,1.9,1.9,1.9,0.47,0.4699999999999998,0.47,0.47,0.47,0.4699999999999998,0.47,0.47,8.809534393248741,8.797976675274807,8.580383922255606,9.04200882413936,7.84842637958167,7.8300459152723,7.741881052801655,7.946440619069898,6696.8,7221.894845360825,5325.15,8449.75,2560.7,2568.0250368188513,2301.8,2824.5,d,100.0,casa_pareada,100.0,casa_pareada | d | sup_mediana 53 m2 | calef: 6697 kWh | acs: 2561 kWh
104,31,78,0.7799999999999999,59.5,63.40641025641027,54.4,72.6,1.7,1.6999999999999995,1.7,1.7,1.7,1.6999999999999995,1.7,1.7,0.38,0.3799999999999999,0.38,0.38,0.38,0.3799999999999999,0.38,0.38,7.989981917152987,8.038761206061196,7.750539044684627,8.299373991733322,6.701347014629066,6.644765906524379,6.47095429056412,6.84609261859003,2950.25,3309.139743589743,2321.825,4021.675,812.7,787.5820512820513,645.1,939.2,d,100.0,casa_pareada,100.0,casa_pareada | d | sup_mediana 60 m2 | calef: 2950 kWh | acs: 813 kWh
104,32,51,0.51,81.7,80.58627450980391,78.2,81.7,1.7,1.7,1.7,1.7,1.7,1.7,1.7,1.7,0.38,0.3799999999999999,0.38,0.38,0.38,0.3799999999999999,0.38,0.38,8.940327934655079,8.929206936604682,8.823634599635788,9.0572323274767,8.177094386739325,8.167864344096794,8.148561333353422,8.177094386739325,7632.7,7632.713725490196,6792.0,8579.85,3557.5,3525.356862745098,3457.4,3557.5,d,100.0,casa_pareada,100.0,casa_pareada | d | sup_mediana 82 m2 | calef: 7633 kWh | acs: 3558 kWh
104,33,103,1.03,47.0,47.0,47.0,47.0,1.7,1.6999999999999988,1.7,1.7,1.7,1.6999999999999988,1.7,1.7,0.38,0.38000000000000017,0.38,0.38,0.38,0.38000000000000017,0.38,0.38,8.54944738694557,8.63813897934685,8.45440148753646,8.854305133435794,7.775989577440603,7.775989577440599,7.775989577440603,7.775989577440603,5162.9,5766.387378640776,4694.700000000001,7003.5,2381.7,2381.700000000001,2381.7,2381.7,d,100.0,casa_pareada,100.0,casa_pareada | d | sup_mediana 47 m2 | calef: 5163 kWh | acs: 2382 kWh
104,34,177,1.77,57.8,57.85254237288135,55.5,59.5,1.7,1.6999999999999995,1.7,1.7,1.7,1.6999999999999995,1.7,1.7,0.38,0.37999999999999995,0.38,0.38,0.38,0.37999999999999995,0.38,0.38,8.768309822358763,8.74618459115185,8.570733958344267,8.952734767106872,7.934191062346272,7.933525164416372,7.904445577924863,7.956441758880521,6426.3,6499.040112994351,5274.0,7728.0,2790.1,2791.190960451977,2708.3,2852.9,d,100.0,casa_pareada,100.0,casa_pareada | d | sup_mediana 58 m2 | calef: 6426 kWh | acs: 2790 kWh
104,35,57,0.5700000000000001,39.4,39.25263157894737,29.6,48.6,1.9,1.9000000000000001,1.9,1.9,1.9,1.9000000000000001,1.9,1.9,0.47,0.46999999999999986,0.47,0.47,0.47,0.46999999999999986,0.47,0.47,7.185159717022784,7.2091086422123976,6.932935577512436,7.524831022590787,10.563194281993733,10.519641883678121,10.456130515302666,10.58249016872985,1318.7,1444.8070175438597,1024.5,1852.5,38683.5,37265.62807017544,34755.8,39437.2,d,100.0,depto,100.0,depto | d | sup_mediana 39 m2 | calef: 1319 kWh | acs: 38684 kWh
104,36,369,3.6900000000000004,30.1,30.353658536585368,29.0,31.7,1.9,1.8999999999999997,1.9,1.9,1.9,1.8999999999999997,1.9,1.9,0.47,0.4699999999999998,0.47,0.47,0.47,0.4699999999999998,0.47,0.47,7.186068601429818,7.218587729839089,6.829144878400226,7.51990930033255,7.372809178501959,7.3470202494538395,7.201096309285597,7.483750474731224,1319.9,1510.1650406504066,923.4,1843.4,1591.1,1571.6531165311653,1339.9,1777.9,d,100.0,depto,100.0,depto | d | sup_mediana 30 m2 | calef: 1320 kWh | acs: 1591 kWh
104,37,1505,15.049999999999999,49.4,49.66279069767442,47.2,51.7,1.9,1.8999999999999997,1.9,1.9,1.9,1.8999999999999997,1.9,1.9,0.47,0.4699999999999998,0.47,0.47,0.47,0.4699999999999998,0.47,0.47,8.296147438184175,8.26110652145684,7.8619196632843735,8.688318975449457,7.815328120236569,7.8035480941308775,7.779676063120352,7.856629360752312,4007.4,4452.076544850498,2595.5,5932.2,2477.3,2461.032823920266,2390.5,2581.8,d,100.0,depto,100.0,depto | d | sup_mediana 49 m2 | calef: 4007 kWh | acs: 2477 kWh
105,-1,618,6.18,54.7,61.15954692556634,49.0,69.44999999999999,1.7,2.458484349258649,1.7,3.0,1.7,2.458484349258649,1.7,3.0,0.38,0.4990115321252059,0.38,0.6,0.38,0.4990115321252059,0.38,0.6,8.67784933379537,7.935348914479227,7.7459971691774285,9.434401001593166,7.984530418041627,7.326800194814805,7.763531382990301,8.164225652265827,5870.5,7384.007928802588,2311.3,12510.475,2934.2,3275.404368932039,2352.2,3512.0,d,46.116504854368934,casa_pareada,53.883495145631066,ruido / observacion atipica
105,0,87,0.8699999999999999,56.5,56.51494252873565,52.3,58.6,0.6,0.6,0.6,0.6,0.6,0.6,0.6,0.6,0.25,0.25,0.25,0.25,0.25,0.25,0.25,0.25,9.460468541374603,8.483584790298474,8.758225250683186,10.412245537073003,8.219622386214086,8.206553688919968,8.167777549159096,8.253383883376012,12840.9,17693.441379310345,6361.9,33263.55,3712.1,3674.5908045977003,3524.5,3839.6,i,100.0,depto,51.724137931034484,depto | i | sup_mediana 56 m2 | calef: 12841 kWh | acs: 3712 kWh
105,1,59,0.59,48.2,49.28983050847458,43.849999999999994,55.6,4.0,4.0,4.0,4.0,4.0,4.0,4.0,4.0,0.0,0.0,0.0,0.0,0.0,0.0,0.0,0.0,5.501258210544727,5.74721810474597,4.629999365292151,8.108923850064542,7.8001221027369185,4.867477551489433,0.0,7.946486434880114,244.0,1443.6881355932205,101.6,3323.0,2439.9,1839.9644067796612,0.0,2825.6499999999996,a,54.23728813559322,depto,72.88135593220339,depto | a | sup_mediana 48 m2 | calef: 244 kWh | acs: 2440 kWh
105,2,139,1.39,49.4,48.18705035971223,45.7,51.7,4.0,4.0,4.0,4.0,4.0,4.0,4.0,4.0,0.84,0.8400000000000001,0.84,0.84,0.84,0.8400000000000001,0.84,0.84,7.316681058719282,6.876380123531729,6.746176910640879,7.816960630135052,8.042635206820789,7.997214957079676,7.948879687777619,8.059307838360741,1504.2,2292.602877697842,849.8,2481.3500000000004,3109.8,2985.6172661870505,2831.4,3162.1,b,100.0,depto,79.13669064748201,depto | b | sup_mediana 49 m2 | calef: 1504 kWh | acs: 3110 kWh
105,3,254,2.54,51.4,51.516141732283465,48.0,53.775,4.0,4.0,4.0,4.0,4.0,4.0,4.0,4.0,0.84,0.8400000000000001,0.84,0.84,0.84,0.8400000000000001,0.84,0.84,7.229511738852713,6.629743067682889,6.492542681817046,7.763440129570075,7.907982665728846,7.8798701859420985,7.838905054470147,7.941686814175914,1378.5500000000002,1640.3838582677165,659.2,2352.0,2717.9,2706.0425196850397,2536.4249999999997,2811.1,c,100.0,depto,100.0,depto | c | sup_mediana 51 m2 | calef: 1379 kWh | acs: 2718 kWh
105,4,80,0.8,53.1,51.61,47.4,53.325,4.0,4.0,4.0,4.0,4.0,4.0,4.0,4.0,0.84,0.8400000000000001,0.84,0.84,0.84,0.8400000000000001,0.84,0.84,8.283467470192782,8.321044117887158,8.015019261808323,8.580975630667295,7.939693434382254,7.900706639026099,7.851077349907323,7.939693434382254,3956.9,4461.11,3025.15,5330.15,2805.5,2717.405,2567.5,2805.5,c,100.0,casa_pareada,100.0,casa_pareada | c | sup_mediana 53 m2 | calef: 3957 kWh | acs: 2806 kWh
105,5,220,2.1999999999999997,55.4,54.04272727272727,50.8,57.1,4.0,4.0,4.0,4.0,4.0,4.0,4.0,4.0,0.84,0.8400000000000001,0.84,0.84,0.84,0.8400000000000001,0.84,0.84,6.121395114232668,5.943868688305674,5.1394445653894945,6.834886670769563,7.855118230410703,7.795061988347053,7.7788812669019,7.908928962694193,454.5,646.4618181818182,169.625,928.875,2577.9,2464.4545454545455,2388.6,2720.475,a,100.0,depto,100.0,depto | a | sup_mediana 55 m2 | calef: 454 kWh | acs: 2578 kWh
105,6,169,1.69,54.0,54.03313609467456,47.4,59.5,4.0,4.0,4.0,4.0,4.0,4.0,4.0,4.0,0.84,0.8400000000000001,0.84,0.84,0.84,0.8400000000000001,0.84,0.84,0.0,0.007275979592156887,0.0,0.0,7.838974031440529,7.820964120924823,7.722810309775416,7.908460685998653,0.0,0.009467455621301774,0.0,0.0,2536.6,2545.649704142012,2258.3,2719.2,a,100.0,depto,100.0,depto | a | sup_mediana 54 m2 | calef: 0 kWh | acs: 2537 kWh
105,7,127,1.27,43.7,51.48818897637796,30.85,55.4,1.0,1.0,1.0,1.0,1.0,1.0,1.0,1.0,0.0,0.0,0.0,0.0,0.0,0.0,0.0,0.0,7.237274830175497,7.058551428808033,6.648129601942095,7.91387905994753,7.778337094762643,7.235228448655713,7.396335293800808,8.166301492233233,1389.3,1884.0393700787404,770.4,2734.3,2387.3,2850.7559999999994,1629.0,3519.3,d,100.0,depto,100.0,depto | d | sup_mediana 44 m2 | calef: 1389 kWh | acs: 2387 kWh
105,8,102,1.02,73.85,71.24313725490195,53.0,87.4,1.0,1.0,1.0,1.0,1.0,1.0,1.0,1.0,0.0,0.0,0.0,0.0,0.0,0.0,0.0,0.0,9.345679374118394,9.165982203398789,8.73999516705096,9.56424784217525,8.094662366397726,8.003382923789228,7.869363485546751,8.220725975683184,11448.25,10731.93333333333,6246.9,14250.2,3276.1499999999996,3093.536274509804,2614.9,3716.2,d,100.0,casa_aislada,56.86274509803921,casa_aislada | d | sup_mediana 74 m2 | calef: 11448 kWh | acs: 3276 kWh
105,9,234,2.34,51.15,52.99700854700854,45.7,57.7,3.0,3.0,3.0,3.0,3.0,3.0,3.0,3.0,0.6,0.5999999999999999,0.6,0.6,0.6,0.5999999999999999,0.6,0.6,7.136801375948961,6.5789528867680325,6.406722358419368,7.752592263346697,7.875613267712699,7.33115268719163,7.727468138305535,7.953669778649798,1256.4,1678.3025641025642,605.175,2326.6,2631.3,2975.3162393162393,2268.85,2845.0,c,100.0,depto,100.0,depto | c | sup_mediana 51 m2 | calef: 1256 kWh | acs: 2631 kWh
105,10,158,1.58,48.3,59.55696202531646,46.1,63.575,1.7,1.6999999999999995,1.7,1.7,1.7,1.6999999999999995,1.7,1.7,0.38,0.37999999999999995,0.38,0.38,0.38,0.37999999999999995,0.38,0.38,9.439687621529774,9.37236033582501,9.195259909818846,9.547305344326062,7.907982665728846,8.014025692980972,7.870662385484872,8.114039205079445,12576.8,12201.112025316457,9849.85,14005.9,2717.9,3099.3746835443044,2618.3,3340.5,e,100.0,casa_aislada,100.0,casa_aislada | e | sup_mediana 48 m2 | calef: 12577 kWh | acs: 2718 kWh
105,11,223,2.23,50.5,51.228251121076234,49.9,53.8,3.0,3.0,3.0,3.0,3.0,3.0,3.0,3.0,0.6,0.5999999999999996,0.6,0.6,0.6,0.5999999999999996,0.6,0.6,8.357188745013314,8.33284098718658,8.033554864137308,8.700597189019447,7.832728211239126,7.83834707886366,7.822685085216951,7.881484385503557,4259.7,4707.644394618835,3081.7,6005.5,2520.8,2540.893721973094,2495.6,2646.8,d,100.0,depto,100.0,depto | d | sup_mediana 50 m2 | calef: 4260 kWh | acs: 2521 kWh
105,12,401,4.01,49.9,48.97356608478803,43.3,57.2,1.7,1.6999999999999995,1.7,1.7,1.7,1.6999999999999995,1.7,1.7,0.38,0.38,0.38,0.38,0.38,0.38,0.38,0.38,7.691108727428231,7.466082032918951,7.0284673541444,8.296122490262958,7.954582924500485,7.931868952701702,7.820118307518312,8.044080734770414,2187.8,3057.5892768079802,1127.3,4007.3,2847.6,2981.9468827930173,2489.2,3114.3,e,100.0,depto,100.0,depto | e | sup_mediana 50 m2 | calef: 2188 kWh | acs: 2848 kWh
105,13,168,1.68,48.3,51.155952380952385,47.0,54.575,1.7,1.6999999999999995,1.7,1.7,1.7,1.6999999999999995,1.7,1.7,0.38,0.37999999999999995,0.38,0.38,0.38,0.37999999999999995,0.38,0.38,8.907815352654627,8.759867669602846,8.48445104774075,9.087793411028741,7.885592560507808,7.851519757474567,7.838422176800799,7.983474167092265,7388.5,6938.963095238094,4838.224999999999,8845.65,2657.7,2654.5178571428573,2535.2,2931.1,e,100.0,casa_pareada,100.0,casa_pareada | e | sup_mediana 48 m2 | calef: 7388 kWh | acs: 2658 kWh
105,14,62,0.62,50.3,51.496774193548404,50.3,50.3,1.6,1.5999999999999994,1.6,1.6,1.6,1.5999999999999994,1.6,1.6,0.33,0.32999999999999985,0.33,0.33,0.33,0.32999999999999985,0.33,0.33,9.502240817684381,9.489684252238225,9.460234199740366,9.544214332649318,8.011288771969316,8.02700273761265,8.011288771969316,8.011288771969316,13388.7,13261.472580645164,12837.9,13962.675,3013.8,3065.7854838709663,3013.8,3013.8,g,100.0,casa_aislada,100.0,casa_aislada | g | sup_mediana 50 m2 | calef: 13389 kWh | acs: 3014 kWh
105,15,126,1.26,44.8,47.31904761904761,42.7,48.7,1.1,1.0999999999999994,1.1,1.1,1.1,1.0999999999999994,1.1,1.1,0.28,0.2800000000000002,0.28,0.28,0.28,0.2800000000000002,0.28,0.28,9.728585553514502,9.673164923170388,9.650071611785798,9.768178569860854,7.920010521993716,7.951844901551457,7.883182467079869,7.986436932161368,16789.8,16080.851587301588,15521.9,17467.925,2750.8,2858.919047619047,2651.3,2939.8,g,100.0,casa_aislada,100.0,casa_aislada | g | sup_mediana 45 m2 | calef: 16790 kWh | acs: 2751 kWh
105,16,199,1.9900000000000002,37.6,37.47386934673367,29.3,44.6,1.9,1.8989949748743717,1.9,1.9,1.9,1.8989949748743717,1.9,1.9,0.47,0.46954773869346716,0.47,0.47,0.47,0.46954773869346716,0.47,0.47,5.880812277004387,6.021687045830335,5.0632277442154265,6.881427631395198,0.0,0.0,0.0,0.0,357.1,819.0366834170853,157.1,973.05,0.0,0.0,0.0,0.0,d,100.0,depto,100.0,depto | d | sup_mediana 38 m2 | calef: 357 kWh | acs: 0 kWh
105,17,280,2.8000000000000003,46.2,48.9075,44.5,52.0,1.7,1.6999999999999995,1.7,1.7,1.7,1.6999999999999995,1.7,1.7,0.38,0.3799999999999999,0.38,0.38,0.38,0.3799999999999999,0.38,0.38,9.12381695394893,9.005992773212675,8.794007480645961,9.242550677709188,7.912313265567924,7.941177678109713,7.882654483963062,8.004064918587572,9170.150000000001,8820.785714285712,6593.625,10326.35,2729.7,2825.2739285714288,2649.9,2992.1,f,100.0,casa_pareada,100.0,casa_pareada | f | sup_mediana 46 m2 | calef: 9170 kWh | acs: 2730 kWh
105,18,77,0.77,51.1,51.66363636363637,50.0,54.0,1.6,1.5999999999999994,1.6,1.6,1.6,1.5999999999999994,1.6,1.6,0.33,0.3299999999999999,0.33,0.33,0.33,0.3299999999999999,0.33,0.33,9.208899334179778,9.21801932445568,9.108174747214875,9.295471649352303,7.9913554475297435,7.998532859488423,7.974085393729522,8.03378816322624,9984.6,10293.59090909091,9027.8,10887.6,2954.3,2977.835064935065,2903.7,3082.4,f,100.0,casa_pareada,100.0,casa_pareada | f | sup_mediana 51 m2 | calef: 9985 kWh | acs: 2954 kWh
105,19,191,1.91,48.0,47.42094240837697,46.6,51.95,1.6,1.5999999999999994,1.6,1.6,1.6,1.5999999999999994,1.6,1.6,0.33,0.33,0.33,0.33,0.33,0.33,0.33,0.33,7.960916821412862,7.911458731626307,7.49986510603501,8.293113984571582,7.943392268488734,7.91729421267447,7.9077963928998205,7.984224202964557,2865.7,3113.186387434555,1806.8,3995.3500000000004,2815.9,2779.0696335078537,2717.6,2933.3,f,100.0,depto,100.0,depto | f | sup_mediana 48 m2 | calef: 2866 kWh | acs: 2816 kWh
105,20,154,1.54,48.349999999999994,48.12467532467532,43.725,52.3,1.7,1.6999999999999997,1.7,1.7,1.7,1.6999999999999997,1.7,1.7,0.38,0.37999999999999995,0.38,0.38,0.38,0.37999999999999995,0.38,0.38,8.22319762115332,8.171651552031177,7.490948582816453,8.770205625693311,7.948314613739334,7.936572663415638,7.869298661924625,8.009628910352617,3725.75,4721.561038961038,1790.775,6438.5,2829.8,2810.5324675324673,2614.75,3008.8,f,100.0,depto,100.0,depto | f | sup_mediana 48 m2 | calef: 3726 kWh | acs: 2830 kWh
105,21,168,1.68,53.4,63.03511904761905,51.3,75.2,1.7,1.6999999999999995,1.7,1.7,1.7,1.6999999999999995,1.7,1.7,0.38,0.37999999999999995,0.38,0.38,0.38,0.37999999999999995,0.38,0.38,9.167259777561533,9.064500871783363,8.7322373767041,9.660689322958756,7.99930938383834,7.9744313269734866,7.919501634628585,8.213833263669986,9577.349999999999,10683.449404761905,6198.700000000001,15687.6,2977.9,3109.581547619048,2749.4,3690.675,f,100.0,casa_aislada,100.0,casa_aislada | f | sup_mediana 53 m2 | calef: 9577 kWh | acs: 2978 kWh
105,22,197,1.97,43.7,49.889340101522826,41.4,54.4,1.6,1.5999999999999996,1.6,1.6,1.6,1.5999999999999996,1.6,1.6,0.33,0.33,0.33,0.33,0.33,0.33,0.33,0.33,9.306795350793445,9.21777123553043,8.85131982211062,9.551032264741579,7.868713402351451,7.945121378081809,7.8235658956194145,8.038770218757747,11011.6,10845.678680203047,6982.6,14058.2,2613.2,2859.957360406091,2497.8,3097.8,f,100.0,casa_aislada,100.0,casa_aislada | f | sup_mediana 44 m2 | calef: 11012 kWh | acs: 2613 kWh
105,23,348,3.4799999999999995,83.2,84.15229885057471,63.1,98.4,1.9,1.9000000000000001,1.9,1.9,1.9,1.9000000000000001,1.9,1.9,0.47,0.46999999999999986,0.47,0.47,0.47,0.46999999999999986,0.47,0.47,9.469853944682514,9.501933934737547,9.270068329282962,9.804641720397269,8.184402170797497,8.157931959226257,7.9991750970687425,8.29387462478774,12962.0,14620.935057471263,10614.625,18116.7,3583.6,3544.943390804597,2977.5,3998.3,d,100.0,casa_aislada,100.0,casa_aislada | d | sup_mediana 83 m2 | calef: 12962 kWh | acs: 3584 kWh
105,24,115,1.15,77.8,79.44695652173912,74.9,91.7,1.7,1.6999999999999993,1.7,1.7,1.7,1.6999999999999993,1.7,1.7,0.38,0.38,0.38,0.38,0.38,0.38,0.38,0.38,8.909640602443098,8.84177097448493,8.426567371536555,9.134511029786804,8.050480142268567,7.805985850736471,7.080026499922591,8.207892443650854,7402.0,7797.616521739131,4565.8,9269.5,3134.3,2769.12347826087,1187.0,3668.8,d,100.0,casa_aislada,100.0,casa_aislada | d | sup_mediana 78 m2 | calef: 7402 kWh | acs: 3134 kWh
105,25,231,2.31,52.2,51.73982683982685,47.6,55.0,1.7,1.6999999999999993,1.7,1.7,1.7,1.6999999999999993,1.7,1.7,0.38,0.38,0.38,0.38,0.38,0.38,0.38,0.38,7.764508298140096,7.7185805241593854,7.23118898034829,8.277881043089597,7.812337735724132,7.8030059190218,7.7788394180182125,7.883031643204163,2354.5,2956.696103896104,1380.9,3934.85,2469.9,2513.267532467533,2388.5,2650.9,d,100.0,depto,100.0,depto | d | sup_mediana 52 m2 | calef: 2354 kWh | acs: 2470 kWh
105,26,3363,33.629999999999995,47.2,45.98638120725543,34.4,51.3,1.9,1.8999999999999997,1.9,1.9,1.9,1.8999999999999997,1.9,1.9,0.47,0.46999999999999975,0.47,0.47,0.47,0.46999999999999975,0.47,0.47,7.7951525872013105,7.563735811723681,7.028910400538604,8.422068994316056,7.800818324736988,7.83829903390586,7.5342817722001865,7.898856593264467,2427.8,3148.8352066607195,1127.8,4545.3,2441.6,3925.0296340374894,1870.1,2693.2,d,100.0,depto,100.0,depto | d | sup_mediana 47 m2 | calef: 2428 kWh | acs: 2442 kWh
105,27,247,2.4699999999999998,46.3,44.018623481781376,38.6,52.2,1.6,1.6,1.6,1.6,1.6,1.6,1.6,1.6,0.33,0.32999999999999996,0.33,0.33,0.33,0.32999999999999996,0.33,0.33,8.101374671228582,8.010512904884264,7.651442781571761,8.374371395633014,7.920737055010272,7.9039949972176595,7.804576588975197,8.039737867125353,3298.0,3509.371659919028,2102.7,4333.55,2752.8,2751.741295546559,2450.8,3100.8,g,100.0,depto,100.0,depto | g | sup_mediana 46 m2 | calef: 3298 kWh | acs: 2753 kWh
105,28,115,1.15,49.8,48.8295652173913,48.45,49.849999999999994,1.1,1.0999999999999996,1.1,1.1,1.1,1.0999999999999996,1.1,1.1,0.28,0.28000000000000014,0.28,0.28,0.28,0.28000000000000014,0.28,0.28,8.275936584675101,8.224864976282182,7.8937203633584705,8.585261460682856,8.00446576036065,7.732996482138275,7.982416346827733,8.00819227902461,3927.2,4186.704347826087,2679.3999999999996,5351.2,2993.3,2795.075652173913,2928.0,3004.5,g,100.0,depto,100.0,depto | g | sup_mediana 50 m2 | calef: 3927 kWh | acs: 2993 kWh
105,29,691,6.909999999999999,51.2,52.84023154848046,45.1,57.8,1.9,1.9,1.9,1.9,1.9,1.9,1.9,1.9,0.47,0.4699999999999998,0.47,0.47,0.47,0.4699999999999998,0.47,0.47,8.802642773715302,8.782501872063406,8.574678773551767,9.013309145089373,7.817222785508166,7.801466550693954,7.719573989259581,7.9287663216266955,6650.8,7099.35962373372,5294.85,8210.65,2482.0,2508.9590448625186,2251.0,2775.0,d,100.0,casa_pareada,100.0,casa_pareada | d | sup_mediana 51 m2 | calef: 6651 kWh | acs: 2482 kWh
105,30,75,0.75,64.8,64.468,54.6,72.6,1.7,1.6999999999999997,1.7,1.7,1.7,1.6999999999999997,1.7,1.7,0.38,0.3799999999999999,0.38,0.38,0.38,0.3799999999999999,0.38,0.38,7.929666492719976,7.945177765743807,7.775525045245988,8.091069761763729,6.773423566186845,6.707377917815425,6.600006544380042,6.84609261859003,2777.5,2966.6746666666663,2380.6,3264.3500000000004,873.3,833.7106666666668,734.1,939.2,d,100.0,casa_pareada,100.0,casa_pareada | d | sup_mediana 65 m2 | calef: 2778 kWh | acs: 873 kWh
105,31,193,1.9300000000000002,57.8,57.73886010362693,55.5,61.3,1.7,1.6999999999999995,1.7,1.7,1.7,1.6999999999999995,1.7,1.7,0.38,0.38,0.38,0.38,0.38,0.38,0.38,0.38,8.811398938355264,8.783706018033783,8.567391886948982,8.968064968345946,7.934191062346272,7.9320637620895145,7.904445577924863,7.977830909508058,6709.3,6793.754404145077,5256.4,7847.4,2790.1,2787.104663212435,2708.3,2914.6,d,100.0,casa_pareada,100.0,casa_pareada | d | sup_mediana 58 m2 | calef: 6709 kWh | acs: 2790 kWh
105,32,76,0.76,47.0,47.0,47.0,47.0,1.7,1.7,1.7,1.7,1.7,1.7,1.7,1.7,0.38,0.3799999999999999,0.38,0.38,0.38,0.3799999999999999,0.38,0.38,8.459118546767716,8.45906064480345,8.422915476804361,8.497868937364188,7.775989577440603,7.775989577440601,7.775989577440603,7.775989577440603,4716.9,4722.006578947368,4549.15,4903.325,2381.7,2381.7000000000007,2381.7,2381.7,d,100.0,casa_pareada,100.0,casa_pareada | d | sup_mediana 47 m2 | calef: 4717 kWh | acs: 2382 kWh
105,33,53,0.53,47.0,47.0,47.0,47.0,1.7,1.7000000000000002,1.7,1.7,1.7,1.7000000000000002,1.7,1.7,0.38,0.3799999999999999,0.38,0.38,0.38,0.3799999999999999,0.38,0.38,8.863120586808206,8.871132457643068,8.833054474133325,8.913819350857198,7.775989577440603,7.775989577440605,7.775989577440603,7.775989577440603,7065.5,7129.66037735849,6856.2,7433.0,2381.7,2381.7,2381.7,2381.7,d,100.0,casa_pareada,100.0,casa_pareada | d | sup_mediana 47 m2 | calef: 7066 kWh | acs: 2382 kWh
106,-1,1983,19.830000000000002,45.4,50.537972768532526,33.9,58.7,1.9,2.0704175152749484,1.9,1.9,1.9,2.0704175152749484,1.9,1.9,0.47,0.460661914460285,0.47,0.47,0.47,0.460661914460285,0.47,0.47,7.5956888924891945,7.235024245819703,6.427620032304621,8.42308011858643,7.858176869572437,7.750278227501826,7.526771410199007,8.178442360770276,1988.6,3663.640897629854,617.7,4549.9,2585.8,5000.372640080767,1856.1,3562.3,d,85.4261220373172,depto,79.87897125567322,ruido / observacion atipica
106,0,50,0.5,58.6,56.644,58.6,58.6,0.6,0.6000000000000001,0.6,0.6,0.6,0.6000000000000001,0.6,0.6,0.25,0.25,0.25,0.25,0.25,0.25,0.25,0.25,10.41015302239443,10.241691877992997,10.280678969583631,10.425429658352082,8.253383883376012,8.19789800777913,8.253383883376012,8.253383883376012,33193.95,29469.676,29214.525,33704.95,3839.6,3655.6220000000003,3839.6,3839.6,i,100.0,casa_pareada,94.0,casa_pareada | i | sup_mediana 59 m2 | calef: 33194 kWh | acs: 3840 kWh
106,1,51,0.51,55.8,57.79019607843138,52.3,67.5,0.6,0.6000000000000001,0.6,0.6,0.6,0.6000000000000001,0.6,0.6,0.25,0.25,0.25,0.25,0.25,0.25,0.25,0.25,8.749510534531431,6.271105746688927,2.4423470353692043,8.956576708991847,8.167777549159096,8.209184568262385,8.167777549159096,8.25077672786856,6306.6,4676.570588235294,10.5,7758.0,3524.5,3683.158823529412,3524.5,3829.6,i,100.0,depto,100.0,depto | i | sup_mediana 56 m2 | calef: 6307 kWh | acs: 3524 kWh
106,2,154,1.54,49.2,48.41168831168831,45.775000000000006,51.9,4.0,4.0,4.0,4.0,4.0,4.0,4.0,4.0,0.84,0.8400000000000001,0.84,0.84,0.84,0.8400000000000001,0.84,0.84,7.447111567111799,7.1348568888902735,6.8626335955327,7.941606681797925,8.016614884101797,7.995857056074959,7.948879687777619,8.059307838360741,1713.95,2458.354545454545,954.975,2810.9500000000003,3029.9,2981.6344155844154,2831.4,3162.1,b,100.0,depto,72.72727272727273,depto | b | sup_mediana 49 m2 | calef: 1714 kWh | acs: 3030 kWh
106,3,259,2.59,50.9,50.21505791505792,47.1,53.0,4.0,4.0,4.0,4.0,4.0,4.0,4.0,4.0,0.84,0.84,0.84,0.84,0.84,0.84,0.84,0.84,7.060218822108606,6.563086861727247,6.457308957345102,7.623627087648552,7.907982665728846,7.894319762698518,7.862227722896344,7.937785325969676,1163.7,1467.461003861004,636.35,2045.1,2717.9,2738.0787644787642,2596.3,2800.1499999999996,c,100.0,depto,100.0,depto | c | sup_mediana 51 m2 | calef: 1164 kWh | acs: 2718 kWh
106,4,77,0.77,53.1,53.66103896103897,48.3,54.0,4.0,4.0,4.0,4.0,4.0,4.0,4.0,4.0,0.84,0.8400000000000001,0.84,0.84,0.84,0.8400000000000001,0.84,0.84,8.285135022712453,8.401989225561007,8.096969712332527,8.806603769141688,7.939693434382254,7.935649607625723,7.866607291940365,7.952263308657046,3963.5,4935.494805194805,3283.5,6677.2,2805.5,2812.866233766234,2607.7,2841.0,c,100.0,casa_pareada,100.0,casa_pareada | c | sup_mediana 53 m2 | calef: 3964 kWh | acs: 2806 kWh
106,5,235,2.35,53.4,53.54255319148936,50.8,57.0,4.0,4.0,4.0,4.0,4.0,4.0,4.0,4.0,0.84,0.84,0.84,0.84,0.84,0.84,0.84,0.84,6.216406480363571,6.196395695053356,5.597301912563628,7.078643266717817,7.84290701849721,7.759601797131904,7.735978190314851,7.914617709040679,499.9,887.9817021276597,268.70000000000005,1185.4,2546.6,2395.3497872340427,2288.25,2736.0,a,100.0,depto,100.0,depto | a | sup_mediana 53 m2 | calef: 500 kWh | acs: 2547 kWh
106,6,210,2.1,54.2,52.96761904761905,47.0,59.5,4.0,4.0,4.0,4.0,4.0,4.0,4.0,4.0,0.84,0.8400000000000001,0.84,0.84,0.84,0.8400000000000001,0.84,0.84,0.0,0.03168811112017039,0.0,0.0,7.84290701849721,7.856852653714716,7.728327747797321,7.914617709040679,0.0,0.047619047619047616,0.0,0.0,2546.6,2790.589523809524,2270.8,2736.0,a,100.0,depto,100.0,depto | a | sup_mediana 54 m2 | calef: 0 kWh | acs: 2547 kWh
106,7,133,1.3299999999999998,42.1,48.870676691729315,30.8,53.6,1.0,1.0,1.0,1.0,1.0,1.0,1.0,1.0,0.0,0.0,0.0,0.0,0.0,0.0,0.0,0.0,7.215754552196813,6.879881502503763,6.463809184055691,7.912020257471479,7.621069477285886,6.773149113529774,7.295191625200455,8.146830600205783,1359.7,1786.127067669173,640.5,2728.9,2039.85,2617.9861538461537,1472.2,3451.4500000000003,d,100.0,depto,100.0,depto | d | sup_mediana 42 m2 | calef: 1360 kWh | acs: 2040 kWh
106,8,94,0.9400000000000001,65.44999999999999,67.71063829787235,49.7,86.67500000000001,1.0,1.0,1.0,1.0,1.0,1.0,1.0,1.0,0.0,0.0,0.0,0.0,0.0,0.0,0.0,0.0,9.208012647774652,9.06656802219921,8.62585745343251,9.4809095872765,8.004850337433826,7.969189322209963,7.76300066070977,8.199436717157631,9975.75,9923.103191489363,5573.775,13106.175000000001,2994.5,2999.9202127659573,2352.125,3637.9,d,100.0,casa_aislada,53.191489361702125,casa_aislada | d | sup_mediana 65 m2 | calef: 9976 kWh | acs: 2994 kWh
106,9,77,0.77,49.8,48.48831168831168,43.7,51.9,3.0,3.0,3.0,3.0,3.0,3.0,3.0,3.0,0.6,0.6000000000000001,0.6,0.6,0.6,0.6000000000000001,0.6,0.6,8.352412883398943,8.406363612346489,8.107238018035208,8.840768331159383,8.027117458568844,7.990069972282796,7.9229497261707476,8.058580439097181,4239.4,5547.581818181818,3317.4,6909.3,3061.9,2965.4740259740256,2758.9,3159.8,b,100.0,depto,46.75324675324675,depto | b | sup_mediana 50 m2 | calef: 4239 kWh | acs: 3062 kWh
106,10,261,2.6100000000000003,50.1,52.58735632183908,44.8,55.1,3.0,3.0,3.0,3.0,3.0,3.0,3.0,3.0,0.6,0.6,0.6,0.6,0.6,0.6,0.6,0.6,7.1058681605711005,6.411847995512168,6.2128064764755635,7.671873373412661,7.881824232575647,7.36934425444116,7.730218731012139,7.953669778649798,1218.1,1568.5379310344829,498.1,2146.1,2647.7,2747.0624521072796,2275.1,2845.0,c,100.0,depto,100.0,depto | c | sup_mediana 50 m2 | calef: 1218 kWh | acs: 2648 kWh
106,11,64,0.64,50.3,55.079687500000006,50.3,50.9,1.6,1.5999999999999999,1.6,1.6,1.6,1.5999999999999999,1.6,1.6,0.33,0.33,0.33,0.33,0.33,0.33,0.33,0.33,9.5147913474671,9.490000946614256,9.463597612167689,9.54540612607245,8.011288771969316,8.055742288621028,8.011288771969316,8.021059116393236,13557.95,13296.067187499999,12881.15,13979.325,3013.8,3185.7593749999996,3013.8,3043.4,g,100.0,casa_aislada,100.0,casa_aislada | g | sup_mediana 50 m2 | calef: 13558 kWh | acs: 3014 kWh
106,12,106,1.06,44.75,46.049056603773586,42.7,48.7,1.1,1.0999999999999996,1.1,1.1,1.1,1.0999999999999996,1.1,1.1,0.28,0.28000000000000014,0.28,0.28,0.28,0.28000000000000014,0.28,0.28,9.726777209857044,9.687426532330184,9.654329016633808,9.759534883393975,7.919483316316496,7.9370303837653875,7.883182467079869,7.986436932161368,16759.45,16226.134905660378,15588.35,17317.574999999997,2749.3500000000004,2807.0396226415096,2651.3,2939.8,g,100.0,casa_aislada,100.0,casa_aislada | g | sup_mediana 45 m2 | calef: 16759 kWh | acs: 2749 kWh
106,13,411,4.109999999999999,50.3,49.002189781021904,44.05,57.65,1.7,1.6999999999999995,1.7,1.7,1.7,1.6999999999999995,1.7,1.7,0.38,0.38,0.38,0.38,0.38,0.38,0.38,0.38,7.682067613959591,7.459649053058222,7.133193174221416,8.293481735208129,7.954723334497908,7.9433598765672855,7.838933502040334,8.044080734770414,2168.1,2988.6104622871044,1251.95,3996.75,2848.0,3022.3111922141115,2536.5,3114.3,e,100.0,depto,100.0,depto | e | sup_mediana 50 m2 | calef: 2168 kWh | acs: 2848 kWh
106,14,213,2.13,49.9,50.74460093896713,49.1,53.8,3.0,3.0,3.0,3.0,3.0,3.0,3.0,3.0,0.6,0.5999999999999998,0.6,0.6,0.6,0.5999999999999998,0.6,0.6,8.360726498366308,8.28313865348959,7.971569062107552,8.646834527572636,7.822685085216951,7.830992894067242,7.811163385025279,7.881484385503557,4274.8,4556.893427230048,2896.4,5691.1,2495.6,2523.3286384976527,2467.0,2646.8,d,100.0,depto,100.0,depto | d | sup_mediana 50 m2 | calef: 4275 kWh | acs: 2496 kWh
106,15,155,1.55,47.0,49.42322580645162,44.3,52.5,1.7,1.6999999999999993,1.7,1.7,1.7,1.6999999999999993,1.7,1.7,0.38,0.37999999999999995,0.38,0.38,0.38,0.37999999999999995,0.38,0.38,8.890644619868807,8.748895607280188,8.493041251004065,9.083818494595425,7.885592560507808,7.887668918658641,7.838422176800799,7.9705490987697845,7262.7,6918.871612903226,4879.7,8810.55,2657.7,2709.5225806451613,2535.2,2893.45,e,100.0,casa_pareada,100.0,casa_pareada | e | sup_mediana 47 m2 | calef: 7263 kWh | acs: 2658 kWh
106,16,181,1.81,48.7,60.01436464088397,46.1,66.4,1.7,1.6999999999999993,1.7,1.7,1.7,1.6999999999999993,1.7,1.7,0.38,0.38,0.38,0.38,0.38,0.38,0.38,0.38,9.41987169587053,9.343546995709323,9.1173914023198,9.549900692696628,7.914435010583973,8.029176850654899,7.870662385484872,8.145839612936841,12330.0,12009.437016574586,9111.4,14042.3,2735.5,3139.3337016574587,2618.3,3448.0,e,100.0,casa_aislada,100.0,casa_aislada | e | sup_mediana 49 m2 | calef: 12330 kWh | acs: 2736 kWh
106,17,285,2.85,46.2,49.349122807017544,46.1,52.0,1.7,1.6999999999999995,1.7,1.7,1.7,1.6999999999999995,1.7,1.7,0.38,0.37999999999999995,0.38,0.38,0.38,0.37999999999999995,0.38,0.38,9.148071273749304,9.035091172899634,8.823000013726565,9.255571830505108,7.912313265567924,7.9483778892050045,7.882654483963062,8.004064918587572,9395.3,9055.991228070176,6787.6,10461.7,2729.7,2846.2287719298247,2649.9,2992.1,f,100.0,casa_pareada,100.0,casa_pareada | f | sup_mediana 46 m2 | calef: 9395 kWh | acs: 2730 kWh
106,18,75,0.75,51.1,51.78933333333334,50.0,54.0,1.6,1.5999999999999996,1.6,1.6,1.6,1.5999999999999996,1.6,1.6,0.33,0.32999999999999996,0.33,0.33,0.33,0.32999999999999996,0.33,0.33,9.200895913148184,9.20797793700495,9.110092692558926,9.27599692092096,7.9913554475297435,8.000765051656677,7.974085393729522,8.03378816322624,9905.0,10192.32,9045.15,10677.599999999999,2954.3,2983.953333333334,2903.7,3082.4,f,100.0,casa_pareada,100.0,casa_pareada | f | sup_mediana 51 m2 | calef: 9905 kWh | acs: 2954 kWh
106,19,240,2.4,34.6,37.69833333333333,28.9,44.3,1.9,1.896666666666666,1.9,1.9,1.9,1.896666666666666,1.9,1.9,0.47,0.4684999999999998,0.47,0.47,0.47,0.4684999999999998,0.47,0.47,6.134043303824301,6.103404840692963,5.081967007610079,6.9235783655095045,0.0,0.0,0.0,0.0,460.3,945.6149999999999,160.1,1014.95,0.0,0.0,0.0,0.0,d,100.0,depto,100.0,depto | d | sup_mediana 35 m2 | calef: 460 kWh | acs: 0 kWh
106,20,177,1.77,50.6,49.279661016949156,45.8,52.3,1.7,1.6999999999999995,1.7,1.7,1.7,1.6999999999999995,1.7,1.7,0.38,0.37999999999999995,0.38,0.38,0.38,0.37999999999999995,0.38,0.38,8.39351028570366,8.271245758075974,7.775863661929745,8.79324792762704,7.968180986265006,7.955900790616587,7.9055891308096875,8.009628910352617,4417.3,4917.466666666667,2381.4,6588.6,2886.6,2862.363276836158,2711.4,3008.8,f,100.0,depto,100.0,depto | f | sup_mediana 51 m2 | calef: 4417 kWh | acs: 2887 kWh
106,21,176,1.76,48.0,47.286363636363646,45.425,50.6,1.6,1.5999999999999999,1.6,1.6,1.6,1.5999999999999999,1.6,1.6,0.33,0.33,0.33,0.33,0.33,0.33,0.33,0.33,7.8635691532377505,7.832015002004979,7.390551267063352,8.16928329459328,7.943392268488734,7.916015469763127,7.895473250197285,8.007433665832245,2599.8,2999.150568181818,1619.6,3530.05,2815.9,2791.027840909091,2684.1,3002.2,f,100.0,depto,100.0,depto | f | sup_mediana 48 m2 | calef: 2600 kWh | acs: 2816 kWh
106,22,310,3.1,81.9,84.31645161290322,63.1,96.1,1.9,1.9,1.9,1.9,1.9,1.9,1.9,1.9,0.47,0.4699999999999998,0.47,0.47,0.47,0.4699999999999998,0.47,0.47,9.447938944228888,9.482039752274032,9.256390388800066,9.700016088783814,8.157927422601052,8.154107142867751,7.9991750970687425,8.270473903573322,12681.0,14293.071612903223,10470.275000000001,16317.425000000001,3490.0,3531.594193548388,2977.5,3905.8,d,100.0,casa_aislada,100.0,casa_aislada | d | sup_mediana 82 m2 | calef: 12681 kWh | acs: 3490 kWh
106,23,100,1.0,77.8,79.42999999999999,74.9,91.7,1.7,1.699999999999999,1.7,1.7,1.7,1.699999999999999,1.7,1.7,0.38,0.38000000000000006,0.38,0.38,0.38,0.38000000000000006,0.38,0.38,8.924798643995118,8.860026196063924,8.435451272534529,9.156477946731338,8.080144532646191,7.807386427634599,7.080026499922591,8.160375380129594,7515.25,7820.323000000001,4606.55,9474.625,3228.7,2764.4300000000007,1187.0,3498.5,d,100.0,casa_aislada,100.0,casa_aislada | d | sup_mediana 78 m2 | calef: 7515 kWh | acs: 3229 kWh
106,24,209,2.09,48.8,45.12727272727273,38.9,52.2,1.6,1.5999999999999999,1.6,1.6,1.6,1.5999999999999999,1.6,1.6,0.33,0.33,0.33,0.33,0.33,0.33,0.33,0.33,8.146535224813478,8.016397232693304,7.587361188975415,8.401984339703597,7.976904427499606,7.909730119466348,7.8060856854792995,8.039737867125353,3450.4,3571.397129186603,1972.1,4454.9,2911.9,2773.346889952153,2454.5,3100.8,g,100.0,depto,100.0,depto | g | sup_mediana 49 m2 | calef: 3450 kWh | acs: 2912 kWh
106,25,110,1.0999999999999999,49.8,50.489999999999995,48.4,52.2,1.1,1.0999999999999994,1.1,1.1,1.1,1.0999999999999994,1.1,1.1,0.28,0.2800000000000002,0.28,0.28,0.28,0.2800000000000002,0.28,0.28,8.208569437585712,8.206110126071996,7.900582169009519,8.53717611511853,8.00446576036065,7.8264601992009455,7.982416346827733,8.039737867125353,3671.3,4043.6627272727264,2697.95,5100.0,2993.3,2896.1690909090908,2928.0,3100.8,g,100.0,depto,100.0,depto | g | sup_mediana 50 m2 | calef: 3671 kWh | acs: 2993 kWh
106,26,649,6.49,52.8,53.526964560862865,45.7,58.7,1.9,1.9,1.9,1.9,1.9,1.9,1.9,1.9,0.47,0.4699999999999998,0.47,0.47,0.47,0.4699999999999998,0.47,0.47,8.808443888745044,8.798926290954576,8.600154712130585,9.015018678395208,7.835144197522325,7.817111126192802,7.732237692372104,7.944811261951141,6689.5,7225.868567026193,5431.5,8224.7,2526.9,2536.1713405238834,2279.7,2819.9,d,100.0,casa_pareada,100.0,casa_pareada | d | sup_mediana 53 m2 | calef: 6690 kWh | acs: 2527 kWh
106,27,168,1.68,55.35,62.766071428571436,50.4,75.2,1.7,1.6999999999999995,1.7,1.7,1.7,1.6999999999999995,1.7,1.7,0.38,0.37999999999999995,0.38,0.38,0.38,0.37999999999999995,0.38,0.38,9.290286400372079,9.181104312700018,8.95595339070372,9.732217019568594,8.025091138302312,8.030677535972213,7.959395901051781,8.272187393244893,10831.3,11574.208333333334,7753.075000000001,16851.449999999997,3055.7,3223.078571428571,2861.575,3912.5,f,100.0,casa_aislada,100.0,casa_aislada | f | sup_mediana 55 m2 | calef: 10831 kWh | acs: 3056 kWh
106,28,187,1.87,44.8,50.521925133689834,41.8,54.4,1.6,1.5999999999999996,1.6,1.6,1.6,1.5999999999999996,1.6,1.6,0.33,0.33,0.33,0.33,0.33,0.33,0.33,0.33,9.106833692457355,9.157403802509434,8.80379837061357,9.530305683551347,7.888334500738654,7.954603095628003,7.833283216208774,8.038770218757747,9015.7,10264.641176470588,6658.5,13769.8,2665.0,2886.273262032086,2522.2,3097.8,f,100.0,casa_aislada,100.0,casa_aislada | f | sup_mediana 45 m2 | calef: 9016 kWh | acs: 2665 kWh
106,29,53,0.53,57.8,61.624528301886784,51.6,72.6,1.7,1.7000000000000002,1.7,1.7,1.7,1.7000000000000002,1.7,1.7,0.38,0.3799999999999999,0.38,0.38,0.38,0.3799999999999999,0.38,0.38,7.8780416506173045,7.848233273786222,7.642859809302589,8.015261234820366,6.61177218149097,6.639039236593558,6.294343066441045,6.84609261859003,2637.7,2638.5226415094344,2084.7,3025.8,742.8,787.3264150943395,540.5,939.2,d,100.0,casa_pareada,100.0,casa_pareada | d | sup_mediana 58 m2 | calef: 2638 kWh | acs: 743 kWh
106,30,208,2.08,51.4,51.55528846153846,47.6,54.0,1.7,1.6999999999999995,1.7,1.7,1.7,1.6999999999999995,1.7,1.7,0.38,0.37999999999999995,0.38,0.38,0.38,0.37999999999999995,0.38,0.38,7.765637392760858,7.760765930378884,7.277554904653119,8.305600850033308,7.810332373028659,7.78010361882785,7.7788394180182125,7.879669914604289,2357.35,2945.113942307692,1446.525,4045.475,2464.95,2440.8052884615386,2388.5,2642.0,d,100.0,depto,100.0,depto | d | sup_mediana 51 m2 | calef: 2357 kWh | acs: 2465 kWh
106,31,171,1.71,57.8,57.72748538011696,54.65,59.55,1.7,1.6999999999999995,1.7,1.7,1.7,1.6999999999999995,1.7,1.7,0.38,0.38,0.38,0.38,0.38,0.38,0.38,0.38,8.740272740682359,8.724793877912004,8.524139004915678,8.939108905640333,7.934191062346272,7.931082778758641,7.892446762545971,7.957002081124417,6248.6,6390.692397660818,5033.85,7623.4,2790.1,2785.5988304093567,2676.0,2854.5,d,100.0,casa_pareada,100.0,casa_pareada | d | sup_mediana 58 m2 | calef: 6249 kWh | acs: 2790 kWh
106,32,75,0.75,47.0,47.0,47.0,47.0,1.7,1.6999999999999997,1.7,1.7,1.7,1.6999999999999997,1.7,1.7,0.38,0.3799999999999999,0.38,0.38,0.38,0.3799999999999999,0.38,0.38,8.45644481194214,8.454678520594891,8.416300455118563,8.489040545831113,7.775989577440603,7.775989577440602,7.775989577440603,7.775989577440603,4704.3,4703.274666666666,4519.15,4860.200000000001,2381.7,2381.7000000000007,2381.7,2381.7,d,100.0,casa_pareada,100.0,casa_pareada | d | sup_mediana 47 m2 | calef: 4704 kWh | acs: 2382 kWh
106,33,60,0.6,47.0,47.0,47.0,47.0,1.7,1.7,1.7,1.7,1.7,1.7,1.7,1.7,0.38,0.3799999999999999,0.38,0.38,0.38,0.3799999999999999,0.38,0.38,8.851892426070993,8.857057039536938,8.826171213083525,8.87812698323805,7.775989577440603,7.775989577440604,7.775989577440603,7.775989577440603,6986.6,7028.296666666665,6809.175,7172.35,2381.7,2381.700000000001,2381.7,2381.7,d,100.0,casa_pareada,100.0,casa_pareada | d | sup_mediana 47 m2 | calef: 6987 kWh | acs: 2382 kWh
106,34,50,0.5,31.0,35.722,27.9,45.0,1.9,1.9000000000000004,1.9,1.9,1.9,1.9000000000000004,1.9,1.9,0.47,0.46999999999999986,0.47,0.47,0.47,0.46999999999999986,0.47,0.47,6.919644937789473,6.9355955893564465,6.722319803150954,7.128896827625674,10.561702906375789,10.517929957672703,10.45477446577613,10.579275534426552,1011.05,1078.0359999999998,829.75,1246.5,38625.850000000006,37091.942,34708.7,39310.625,d,100.0,depto,100.0,depto | d | sup_mediana 31 m2 | calef: 1011 kWh | acs: 38626 kWh
106,35,1575,15.75,49.4,49.71542857142856,47.3,51.650000000000006,1.9,1.9,1.9,1.9,1.9,1.9,1.9,1.9,0.47,0.46999999999999986,0.47,0.47,0.47,0.46999999999999986,0.47,0.47,8.265084161809012,8.225506181451973,7.779885115070522,8.680009076818243,7.815166706249697,7.800655679249064,7.779676063120352,7.850648992650826,3884.8,4371.276825396825,2391.0,5883.1,2476.9,2455.0469206349208,2390.5,2566.4,d,100.0,depto,100.0,depto | d | sup_mediana 49 m2 | calef: 3885 kWh | acs: 2477 kWh
106,36,408,4.08,30.4,30.42769607843137,28.875,31.6,1.9,1.8999999999999995,1.9,1.9,1.9,1.8999999999999995,1.9,1.9,0.47,0.46999999999999986,0.47,0.47,0.47,0.46999999999999986,0.47,0.47,7.209303267515483,7.201818497568065,6.833354886759377,7.5378693050958345,7.36593933142253,7.343747874760799,7.225661957310783,7.466541611570374,1350.9499999999998,1480.0825980392156,927.3,1876.825,1580.2,1565.5240196078432,1373.25,1747.55,d,100.0,depto,100.0,depto | d | sup_mediana 30 m2 | calef: 1351 kWh | acs: 1580 kWh
107,-1,724,7.24,55.0,62.963259668508286,46.2,72.45,1.9,2.4330995792426364,1.7,3.0,1.9,2.4330995792426364,1.7,3.0,0.47,0.44345021037868154,0.38,0.6,0.47,0.44345021037868154,0.38,0.6,8.155649268717372,7.262411292831918,5.853254250139235,9.138702280146333,8.035829277799866,7.222498472247167,7.763531382990301,8.264155315272596,3482.0,5842.398342541437,347.375,9307.775,3088.7,7218.548547717842,2352.2,3881.2,d,58.28729281767956,depto,45.99447513812155,ruido / observacion atipica
107,0,117,1.17,56.6,56.12564102564104,52.3,58.6,0.6,0.5999999999999996,0.6,0.6,0.6,0.5999999999999996,0.6,0.6,0.25,0.25,0.25,0.25,0.25,0.25,0.25,0.25,9.528139343331775,8.674552669767895,8.82498666701744,10.405676991580547,8.227108234348146,8.199141153673978,8.167777549159096,8.253383883376012,13740.0,18180.20512820513,6801.1,33045.7,3740.0,3657.2692307692296,3524.5,3839.6,i,100.0,depto,51.28205128205128,depto | i | sup_mediana 57 m2 | calef: 13740 kWh | acs: 3740 kWh
107,1,149,1.49,49.8,49.204026845637586,46.1,51.9,4.0,4.0,4.0,4.0,4.0,4.0,4.0,4.0,0.84,0.84,0.84,0.84,0.84,0.84,0.84,0.84,7.546023798032093,7.120276602619259,7.012205380338601,7.986708929987063,8.042635206820789,8.009827757828509,7.959241018904981,8.063661157538688,1892.2,2437.3281879194633,1109.1,2940.6,3109.8,3022.0073825503364,2860.9,3175.9,b,100.0,depto,74.49664429530202,depto | b | sup_mediana 50 m2 | calef: 1892 kWh | acs: 3110 kWh
107,2,286,2.86,51.0,51.0506993006993,47.6,53.3,4.0,4.0,4.0,4.0,4.0,4.0,4.0,4.0,0.84,0.8400000000000001,0.84,0.84,0.84,0.8400000000000001,0.84,0.84,7.182313591032629,6.821322368728986,6.579409238949133,7.782077049977185,7.907982665728846,7.878160471987618,7.842620618262862,7.941953471364245,1314.9499999999998,1779.0283216783218,719.125,2396.25,2717.9,2698.0898601398603,2545.875,2811.85,c,100.0,depto,100.0,depto | c | sup_mediana 51 m2 | calef: 1315 kWh | acs: 2718 kWh
107,3,56,0.5599999999999999,53.1,53.017857142857146,48.3,54.275,4.0,4.0,4.0,4.0,4.0,4.0,4.0,4.0,0.84,0.84,0.84,0.84,0.84,0.84,0.84,0.84,8.280836536137,8.379091424999098,8.030669401019086,8.782629429252404,7.939693434382254,7.917900010650686,7.866607291940365,7.952263308657046,3946.75,4835.035714285715,3072.8,6519.6,2805.5,2767.030357142857,2607.7,2841.0,c,100.0,casa_pareada,100.0,casa_pareada | c | sup_mediana 53 m2 | calef: 3947 kWh | acs: 2806 kWh
107,4,243,2.4299999999999997,54.5,53.37818930041151,50.3,56.9,4.0,4.0,4.0,4.0,4.0,4.0,4.0,4.0,0.84,0.84,0.84,0.84,0.84,0.84,0.84,0.84,6.270042805310292,6.089978467725428,5.4346041219335275,6.867089032771272,7.84290701849721,7.771979327904854,7.734340097771799,7.908460685998653,527.5,772.8641975308642,228.3,959.1500000000001,2546.6,2419.4246913580246,2284.5,2719.2,a,100.0,depto,100.0,depto | a | sup_mediana 54 m2 | calef: 528 kWh | acs: 2547 kWh
107,5,158,1.58,53.6,52.86392405063291,47.45,57.550000000000004,4.0,4.0,4.0,4.0,4.0,4.0,4.0,4.0,0.84,0.8400000000000002,0.84,0.84,0.84,0.8400000000000002,0.84,0.84,0.0,0.053015229581097424,0.0,0.0,7.846349372885959,7.818821926639666,7.734340097771799,7.909865516085272,0.0,0.12468354430379748,0.0,0.0,2555.3999999999996,2533.833544303798,2284.5,2723.025,a,100.0,depto,100.0,depto | a | sup_mediana 54 m2 | calef: 0 kWh | acs: 2555 kWh
107,6,76,0.76,49.0,47.897368421052626,43.7,51.9,3.0,3.0,3.0,3.0,3.0,3.0,3.0,3.0,0.6,0.6,0.6,0.6,0.6,0.6,0.6,0.6,8.240068526235515,8.283790956601953,8.060440095256023,8.655556959782713,7.936767368920292,7.965668438383652,7.900932975174727,8.058580439097181,3788.8,5009.715789473684,3165.7,5741.325000000001,2797.3,2903.7802631578948,2698.8,3159.8,b,100.0,depto,40.78947368421053,depto | b | sup_mediana 49 m2 | calef: 3789 kWh | acs: 2797 kWh
107,7,85,0.8500000000000001,71.0,70.77294117647058,51.4,87.4,1.0,1.0,1.0,1.0,1.0,1.0,1.0,1.0,0.0,0.0,0.0,0.0,0.0,0.0,0.0,0.0,9.228013282053356,9.144958550403915,8.781094735202615,9.574518099511023,8.083081664717952,8.009700980312102,7.820037989458753,8.2111027192811,10177.3,10569.962352941177,6509.0,14392.3,3238.2,3115.9658823529417,2489.0,3680.6,d,100.0,casa_aislada,58.82352941176471,casa_aislada | d | sup_mediana 71 m2 | calef: 10177 kWh | acs: 3238 kWh
107,8,186,1.8599999999999999,50.05,50.93279569892473,44.8,54.7,3.0,3.0,3.0,3.0,3.0,3.0,3.0,3.0,0.6,0.5999999999999999,0.6,0.6,0.6,0.5999999999999999,0.6,0.6,7.137993852010364,6.602414409607261,6.477032946027646,7.722091595163548,7.879421064099022,7.50167966646692,7.7818897933229,7.949338557202024,1258.55,1678.219892473118,649.05,2256.7,2641.35,2845.6639784946237,2395.8,2832.7,c,100.0,depto,100.0,depto | c | sup_mediana 50 m2 | calef: 1259 kWh | acs: 2641 kWh
107,9,181,1.81,48.3,58.472375690607734,46.1,57.4,1.7,1.6999999999999993,1.7,1.7,1.7,1.6999999999999993,1.7,1.7,0.38,0.38,0.38,0.38,0.38,0.38,0.38,0.38,9.44706330473083,9.361520271272868,9.226508953137767,9.5615815798739,7.907982665728846,8.005353380590211,7.870662385484872,8.039415421696447,12669.9,12099.470718232045,10162.0,14207.3,2717.9,3067.271270718232,2618.3,3099.8,e,100.0,casa_aislada,100.0,casa_aislada | e | sup_mediana 48 m2 | calef: 12670 kWh | acs: 2718 kWh
107,10,157,1.5699999999999998,42.1,44.976433121019106,31.1,53.1,1.0,1.0,1.0,1.0,1.0,1.0,1.0,1.0,0.0,0.0,0.0,0.0,0.0,0.0,0.0,0.0,7.282761179605593,7.07435490897759,6.6400065442378065,7.964503363551548,7.700295203420117,7.193881489160899,7.371507283397539,8.0507033814703,1454.0,1853.6292993630573,764.1,2876.0,2208.0,2409.2526315789473,1590.475,3135.0,d,100.0,depto,100.0,depto | d | sup_mediana 42 m2 | calef: 1454 kWh | acs: 2208 kWh
107,11,73,0.73,50.3,54.66849315068494,50.3,50.9,1.6,1.5999999999999999,1.6,1.6,1.6,1.5999999999999999,1.6,1.6,0.33,0.33,0.33,0.33,0.33,0.33,0.33,0.33,9.52806656577634,9.501725820679377,9.4573098189267,9.545104006911362,8.011288771969316,8.049281072054109,8.011288771969316,8.011288771969316,13739.0,13450.173972602739,12800.4,13975.1,3013.8,3160.2452054794517,3013.8,3013.8,g,100.0,casa_aislada,100.0,casa_aislada | g | sup_mediana 50 m2 | calef: 13739 kWh | acs: 3014 kWh
107,12,114,1.1400000000000001,44.8,48.59912280701755,42.7,48.7,1.1,1.0999999999999996,1.1,1.1,1.1,1.0999999999999996,1.1,1.1,0.28,0.28000000000000014,0.28,0.28,0.28,0.28000000000000014,0.28,0.28,9.726475543945849,9.665242143803228,9.650110267843532,9.760614419694832,7.920010521993716,7.966871142907651,7.883182467079869,7.986436932161368,16754.4,15958.061403508771,15522.5,17336.3,2750.8,2909.971929824562,2651.3,2939.8,g,100.0,casa_aislada,100.0,casa_aislada | g | sup_mediana 45 m2 | calef: 16754 kWh | acs: 2751 kWh
107,13,418,4.18,49.5,48.712679425837315,44.1,56.8,1.7,1.6999999999999995,1.7,1.7,1.7,1.6999999999999995,1.7,1.7,0.38,0.37999999999999995,0.38,0.38,0.38,0.37999999999999995,0.38,0.38,7.872550084304542,7.612664938757028,7.15665399244944,8.47091062015581,7.950519138120262,7.939096724515256,7.841139088282469,8.044080734770414,2623.25,3272.523923444976,1281.625,4772.975,2836.05,2996.869138755981,2542.1,3114.3,e,100.0,depto,100.0,depto | e | sup_mediana 50 m2 | calef: 2623 kWh | acs: 2836 kWh
107,14,174,1.7399999999999998,48.3,50.4241379310345,47.0,54.3,1.7,1.699999999999999,1.7,1.7,1.7,1.699999999999999,1.7,1.7,0.38,0.38,0.38,0.38,0.38,0.38,0.38,0.38,8.880870294689704,8.737730295887578,8.427005864476422,9.084181687289776,7.907264949048441,7.849479206228253,7.838422176800799,7.972155622980058,7192.05,6922.64195402299,4567.8,8813.75,2715.95,2652.7362068965517,2535.2,2898.1,e,100.0,casa_pareada,100.0,casa_pareada | e | sup_mediana 48 m2 | calef: 7192 kWh | acs: 2716 kWh
107,15,236,2.36,49.9,51.1093220338983,49.4,53.8,3.0,3.0,3.0,3.0,3.0,3.0,3.0,3.0,0.6,0.5999999999999999,0.6,0.6,0.6,0.5999999999999999,0.6,0.6,8.463591261963796,8.30545718301182,8.008663330177061,8.73397929627425,7.822685085216951,7.83783667320731,7.815005266204143,7.881484385503557,4738.049999999999,4753.951271186441,3005.9,6209.474999999999,2495.6,2538.4627118644066,2476.5,2646.8,d,100.0,depto,100.0,depto | d | sup_mediana 50 m2 | calef: 4738 kWh | acs: 2496 kWh
107,16,167,1.67,53.4,61.98922155688623,51.2,75.2,1.7,1.6999999999999993,1.7,1.7,1.7,1.6999999999999993,1.7,1.7,0.38,0.37999999999999995,0.38,0.38,0.38,0.37999999999999995,0.38,0.38,9.203255332252953,9.138747440739724,8.93261388037996,9.71392101750532,8.004064918587572,7.9660012853475255,7.9231671017241,8.212595520188012,9928.4,11172.414371257486,7574.05,16545.699999999997,2992.1,3095.4742514970058,2759.5,3686.1,f,100.0,casa_aislada,100.0,casa_aislada | f | sup_mediana 53 m2 | calef: 9928 kWh | acs: 2992 kWh
107,17,204,2.04,43.7,50.93627450980392,41.8,54.95,1.6,1.5999999999999999,1.6,1.6,1.6,1.5999999999999999,1.6,1.6,0.33,0.32999999999999996,0.33,0.33,0.33,0.32999999999999996,0.33,0.33,9.302856302608685,9.232203651183577,8.890820785507099,9.551032264741579,7.868713402351451,7.954463425588433,7.8235658956194145,8.046139240242338,10968.95,10950.517647058821,7264.0,14058.2,2613.2,2895.1950980392157,2497.8,3120.9750000000004,f,100.0,casa_aislada,100.0,casa_aislada | f | sup_mediana 44 m2 | calef: 10969 kWh | acs: 2613 kWh
107,18,237,2.37,47.1,49.98649789029536,46.1,52.1,1.7,1.6999999999999995,1.7,1.7,1.7,1.6999999999999995,1.7,1.7,0.38,0.38,0.38,0.38,0.38,0.38,0.38,0.38,9.148071273749304,9.029753509648373,8.822263213469245,9.261575164652541,7.928369989495185,7.957330866549388,7.9107373366349965,8.006700845440367,9395.3,9027.241350210972,6782.6,10524.7,2773.9,2873.863291139241,2725.4,3000.0,f,100.0,casa_pareada,100.0,casa_pareada | f | sup_mediana 47 m2 | calef: 9395 kWh | acs: 2774 kWh
107,19,99,0.9900000000000001,50.8,51.21010101010101,50.0,54.0,1.6,1.5999999999999999,1.6,1.6,1.6,1.5999999999999999,1.6,1.6,0.33,0.33,0.33,0.33,0.33,0.33,0.33,0.33,9.21890360263667,9.168346386523362,9.078316031380606,9.270579498788418,7.986232885229866,7.9917300525146455,7.974085393729522,8.03378816322624,10085.0,9786.744444444445,8762.400000000001,10619.95,2939.2,2957.6676767676777,2903.7,3082.4,f,100.0,casa_pareada,100.0,casa_pareada | f | sup_mediana 51 m2 | calef: 10085 kWh | acs: 2939 kWh
107,20,133,1.3299999999999998,48.7,48.578947368421055,43.3,52.3,1.7,1.6999999999999997,1.7,1.7,1.7,1.6999999999999997,1.7,1.7,0.38,0.37999999999999995,0.38,0.38,0.38,0.37999999999999995,0.38,0.38,8.177066284616208,8.239325164423366,7.71315914188775,8.77445213820658,7.953880578636525,7.949780786507765,7.861149098807794,8.009628910352617,3557.4,4872.531578947368,2236.6,6465.9,2845.6,2850.227067669173,2593.5,3008.8,f,100.0,depto,100.0,depto | f | sup_mediana 49 m2 | calef: 3557 kWh | acs: 2846 kWh
107,21,206,2.06,48.6,48.10485436893203,45.2,52.6,1.6,1.5999999999999999,1.6,1.6,1.6,1.5999999999999999,1.6,1.6,0.33,0.32999999999999996,0.33,0.33,0.33,0.32999999999999996,0.33,0.33,7.92044550171226,7.86289249296297,7.436111210234041,8.270503559209434,7.952615111650999,7.9288964479996515,7.882505361992462,8.01271405270911,2752.0,3017.709708737864,1695.175,3905.925,2842.0,2818.1417475728153,2649.575,3018.1,f,100.0,depto,100.0,depto | f | sup_mediana 49 m2 | calef: 2752 kWh | acs: 2842 kWh
107,22,330,3.3000000000000003,83.2,86.66636363636364,63.1,102.1,1.9,1.9,1.9,1.9,1.9,1.9,1.9,1.9,0.47,0.4699999999999999,0.47,0.47,0.47,0.4699999999999999,0.47,0.47,9.48434432399299,9.55181966962995,9.331397709627776,9.83602743435387,8.189272287704782,8.173094045754791,7.9991750970687425,8.315713271657529,13151.2,15484.600303030302,11285.9,18694.3,3601.1,3603.1918181818182,2977.5,4086.6,d,100.0,casa_aislada,100.0,casa_aislada | d | sup_mediana 83 m2 | calef: 13151 kWh | acs: 3601 kWh
107,23,95,0.95,77.8,78.56526315789475,74.9,85.7,1.7,1.6999999999999988,1.7,1.7,1.7,1.6999999999999988,1.7,1.7,0.38,0.38000000000000017,0.38,0.38,0.38,0.38000000000000017,0.38,0.38,8.93628503243906,8.917548237415422,8.46458317309795,9.189243372665722,8.119279499460907,7.836966164122404,7.775989577440603,8.160375380129594,7601.9,8297.26947368421,4742.75,9790.900000000001,3357.6,2830.7221052631576,2381.7,3498.5,d,100.0,casa_aislada,100.0,casa_aislada | d | sup_mediana 78 m2 | calef: 7602 kWh | acs: 3358 kWh
107,24,221,2.21,51.6,51.805882352941175,47.6,55.0,1.7,1.699999999999999,1.7,1.7,1.7,1.699999999999999,1.7,1.7,0.38,0.38,0.38,0.38,0.38,0.38,0.38,0.38,7.719307523920704,7.702502628061736,7.248219536872887,8.254892924900833,7.810595963131887,7.810097113682949,7.7788394180182125,7.883031643204163,2250.4,2865.493212669683,1404.6,3845.4,2465.6,2509.1199095022625,2388.5,2650.9,d,100.0,depto,100.0,depto | d | sup_mediana 52 m2 | calef: 2250 kWh | acs: 2466 kWh
107,25,247,2.4699999999999998,48.5,44.42064777327935,38.6,52.2,1.6,1.6,1.6,1.6,1.6,1.6,1.6,1.6,0.33,0.32999999999999996,0.33,0.33,0.33,0.32999999999999996,0.33,0.33,8.146274427060657,8.05727690731119,7.648882743670031,8.410787685501788,7.992201027732669,7.906242191327639,7.799302396965376,8.039737867125353,3449.5,3648.2186234817814,2097.3,4494.3,2956.8,2764.6060728744937,2437.9,3100.8,g,100.0,depto,100.0,depto | g | sup_mediana 48 m2 | calef: 3450 kWh | acs: 2957 kWh
107,26,96,0.96,49.8,50.43333333333334,48.6,52.2,1.1,1.0999999999999999,1.1,1.1,1.1,1.0999999999999999,1.1,1.1,0.28,0.2800000000000001,0.28,0.28,0.28,0.2800000000000001,0.28,0.28,8.287047280472969,8.284653625194693,7.9834156356605535,8.590615128553347,8.00446576036065,7.752139679187853,7.980961112449944,8.040897810547069,3971.1,4413.690625,2931.0,5379.925,2993.3,2862.995833333333,2923.75,3104.4,g,100.0,depto,100.0,depto | g | sup_mediana 50 m2 | calef: 3971 kWh | acs: 2993 kWh
107,27,708,7.08,51.9,52.93107344632768,45.2,57.8,1.9,1.8999999999999997,1.9,1.9,1.9,1.8999999999999997,1.9,1.9,0.47,0.4699999999999998,0.47,0.47,0.47,0.4699999999999998,0.47,0.47,8.79661861182093,8.795693564885283,8.553544386792279,9.021921262714056,7.817222785508166,7.815736103306884,7.732237692372104,7.9287663216266955,6610.85,7226.397740112994,5184.1,8281.675,2482.0,2524.827542372881,2279.7,2775.0,d,100.0,casa_pareada,100.0,casa_pareada | d | sup_mediana 52 m2 | calef: 6611 kWh | acs: 2482 kWh
107,28,73,0.73,59.5,62.75890410958904,55.0,72.6,1.7,1.6999999999999997,1.7,1.7,1.7,1.6999999999999997,1.7,1.7,0.38,0.37999999999999995,0.38,0.38,0.38,0.37999999999999995,0.38,0.38,7.956932195378826,8.01097106928506,7.7485463014546445,8.161060957326727,6.723471798874642,6.666918267773989,6.517671272912275,6.826111289941627,2854.3,3233.786301369863,2317.2,3500.9,830.7,797.9808219178083,676.0,920.6,d,100.0,casa_pareada,100.0,casa_pareada | d | sup_mediana 60 m2 | calef: 2854 kWh | acs: 831 kWh
107,29,108,1.08,37.6,36.70370370370371,28.9,43.7,1.9,1.9,1.9,1.9,1.9,1.9,1.9,1.9,0.47,0.4699999999999998,0.47,0.47,0.47,0.4699999999999998,0.47,0.47,6.8937499483668905,6.965705491781376,6.4492057997815175,7.407620130665837,0.0,0.0,0.0,0.0,985.1,1278.55,631.2,1647.5,0.0,0.0,0.0,0.0,d,100.0,depto,100.0,depto | d | sup_mediana 38 m2 | calef: 985 kWh | acs: 0 kWh
107,30,100,1.0,38.35,37.82599999999999,30.5,45.0,1.9,1.9,1.9,1.9,1.9,1.9,1.9,1.9,0.47,0.4699999999999998,0.47,0.47,0.47,0.4699999999999998,0.47,0.47,5.064175611797876,5.03033091581858,4.830311500794734,5.196838197598183,0.0,0.0,0.0,0.0,157.25,155.385,124.25,179.7,0.0,0.0,0.0,0.0,d,100.0,depto,100.0,depto | d | sup_mediana 38 m2 | calef: 157 kWh | acs: 0 kWh
107,31,107,1.0699999999999998,47.0,47.0,47.0,47.0,1.7,1.6999999999999993,1.7,1.7,1.7,1.6999999999999993,1.7,1.7,0.38,0.38000000000000006,0.38,0.38,0.38,0.38000000000000006,0.38,0.38,8.527499894404876,8.629619179251419,8.448143074177846,8.862823256716535,7.775989577440603,7.7759895774406,7.775989577440603,7.775989577440603,5050.8,5721.114018691589,4665.4,7063.4,2381.7,2381.7000000000007,2381.7,2381.7,d,100.0,casa_pareada,100.0,casa_pareada | d | sup_mediana 47 m2 | calef: 5051 kWh | acs: 2382 kWh
107,32,176,1.76,56.65,58.13977272727272,55.5,59.5,1.7,1.6999999999999995,1.7,1.7,1.7,1.6999999999999995,1.7,1.7,0.38,0.37999999999999995,0.38,0.38,0.38,0.37999999999999995,0.38,0.38,8.811766721876978,8.741729270117162,8.553216887566581,8.941825464852377,7.9193183201355675,7.936581094290167,7.904445577924863,7.956441758880521,6711.799999999999,6468.25681818182,5182.45,7644.150000000001,2749.2,2800.732386363636,2708.3,2852.9,d,100.0,casa_pareada,100.0,casa_pareada | d | sup_mediana 57 m2 | calef: 6712 kWh | acs: 2749 kWh
107,33,3208,32.08,47.1,44.97980049875312,33.8,51.2,1.9,1.8999999999999997,1.9,1.9,1.9,1.8999999999999997,1.9,1.9,0.47,0.46999999999999986,0.47,0.47,0.47,0.46999999999999986,0.47,0.47,7.791605268298129,7.64922122641931,7.105498843887808,8.375421467422074,7.796140241602584,7.743678262432702,7.4938164468179576,7.86951638490105,2419.2,3095.132917705736,1217.65,4338.1,2430.2,2500.006735266604,1795.9,2615.3,d,100.0,depto,100.0,depto | d | sup_mediana 47 m2 | calef: 2419 kWh | acs: 2430 kWh
107,34,52,0.52,31.1,36.78846153846154,28.375,45.849999999999994,1.9,1.9000000000000006,1.9,1.9,1.9,1.9000000000000006,1.9,1.9,0.47,0.4699999999999998,0.47,0.47,0.47,0.4699999999999998,0.47,0.47,7.05381311374171,7.094080268890855,6.804365935380091,7.502442104497494,10.56264218124331,10.520457417048938,10.456954361784879,10.577561489734748,1156.4,1310.2903846153847,901.6,1811.475,38662.149999999994,37164.70961538462,34784.45,39243.3,d,100.0,depto,100.0,depto | d | sup_mediana 31 m2 | calef: 1156 kWh | acs: 38662 kWh
108,-1,521,5.21,54.4,61.42552783109405,47.2,66.8,3.0,2.6224206349206347,1.7,4.0,3.0,2.6224206349206347,1.7,4.0,0.38,0.4509920634920634,0.33,0.6599999999999999,0.38,0.4509920634920634,0.33,0.6599999999999999,8.52888458000582,7.723493007081163,7.303910517764524,9.448396180824794,7.919610703723965,7.099799973631912,7.7201954657300655,8.157714320144771,5057.8,7230.5510556621875,1485.1,12686.8,2749.7,3119.8095969289834,2252.4,3489.2,d,43.5700575815739,casa_pareada,45.87332053742802,ruido / observacion atipica
108,0,90,0.8999999999999999,56.5,56.62444444444445,52.3,58.6,0.6,0.5999999999999999,0.6,0.6,0.6,0.5999999999999999,0.6,0.6,0.25,0.25,0.25,0.25,0.25,0.25,0.25,0.25,9.484183058908693,7.963817697485101,8.219258138410153,10.411630087755997,8.217735389751635,8.201898303053639,8.167777549159096,8.253383883376012,13149.1,16132.084444444445,3736.4,33243.025,3705.1,3658.608888888888,3524.5,3839.6,i,100.0,depto,51.11111111111111,depto | i | sup_mediana 56 m2 | calef: 13149 kWh | acs: 3705 kWh
108,1,151,1.51,49.2,48.11324503311259,45.35,51.4,4.0,4.0,4.0,4.0,4.0,4.0,4.0,4.0,0.84,0.84,0.84,0.84,0.84,0.84,0.84,0.84,7.585839581865036,7.255869614447991,6.91045164052988,8.0884825667092,8.016614884101797,7.995701083635961,7.937481833281052,8.058865136608,1969.1,2583.720529801325,1001.7,3256.0,3029.9,2978.745033112583,2799.3,3160.7,b,100.0,depto,72.84768211920529,depto | b | sup_mediana 49 m2 | calef: 1969 kWh | acs: 3030 kWh
108,2,255,2.55,51.0,51.281176470588235,47.6,53.4,4.0,4.0,4.0,4.0,4.0,4.0,4.0,4.0,0.84,0.8400000000000001,0.84,0.84,0.84,0.8400000000000001,0.84,0.84,7.237850080065525,6.812376958771773,6.602162834594573,7.782886610852513,7.905515392653845,7.875406453742288,7.845018340776116,7.9377674761579895,1390.1,1761.7462745098042,735.75,2398.2,2711.2,2690.229803921569,2552.0,2800.1,c,100.0,depto,100.0,depto | c | sup_mediana 51 m2 | calef: 1390 kWh | acs: 2711 kWh
108,3,67,0.67,53.1,53.355223880597016,48.3,54.0,4.0,4.0,4.0,4.0,4.0,4.0,4.0,4.0,0.84,0.8400000000000001,0.84,0.84,0.84,0.8400000000000001,0.84,0.84,8.282938135347308,8.357061881760748,8.028598432968794,8.681445190598254,7.939693434382254,7.9127833930404625,7.866607291940365,7.952263308657046,3954.8,4717.9,3066.45,5903.7,2805.5,2762.1910447761197,2607.7,2841.0,c,100.0,casa_pareada,100.0,casa_pareada | c | sup_mediana 53 m2 | calef: 3955 kWh | acs: 2806 kWh
108,4,172,1.72,53.6,53.246511627906976,47.325,59.6,4.0,4.0,4.0,4.0,4.0,4.0,4.0,4.0,0.84,0.8400000000000001,0.84,0.84,0.84,0.8400000000000001,0.84,0.84,0.0,0.012627364938092614,0.0,0.0,7.838974031440529,7.822573623536144,7.7262232750049264,7.914617709040679,0.0,0.024999999999999998,0.0,0.0,2536.6,2549.0819767441862,2266.0249999999996,2736.0,a,100.0,depto,100.0,depto | a | sup_mediana 54 m2 | calef: 0 kWh | acs: 2537 kWh
108,5,219,2.19,54.5,53.83881278538813,50.65,57.05,4.0,4.0,4.0,4.0,4.0,4.0,4.0,4.0,0.84,0.8400000000000001,0.84,0.84,0.84,0.8400000000000001,0.84,0.84,6.139884552226255,5.973066586150787,5.077670501092789,6.889029293432062,7.847176428245146,7.773815998199238,7.748167518155784,7.909397239389733,463.0,796.4575342465754,159.4,980.45,2557.5,2424.8077625570772,2316.45,2721.75,a,100.0,depto,100.0,depto | a | sup_mediana 54 m2 | calef: 463 kWh | acs: 2558 kWh
108,6,80,0.8,48.2,48.30499999999999,42.5,51.9,3.0,3.0,3.0,3.0,3.0,3.0,3.0,3.0,0.6,0.5999999999999999,0.6,0.6,0.6,0.5999999999999999,0.6,0.6,8.264414834972337,8.339438208919578,7.922485303002114,8.993048817730674,8.000885904081008,7.988882527697662,7.900932975174727,8.058580439097181,3882.2,5684.508749999999,2759.5,8046.65,2982.6,2960.9300000000003,2698.8,3159.8,b,100.0,depto,52.5,depto | b | sup_mediana 48 m2 | calef: 3882 kWh | acs: 2983 kWh
108,7,225,2.25,48.9,50.58222222222222,43.1,54.9,3.0,3.0,3.0,3.0,3.0,3.0,3.0,3.0,0.6,0.5999999999999999,0.6,0.6,0.6,0.5999999999999999,0.6,0.6,7.136801375948961,6.3420486489242425,6.162472344001663,7.599150926503276,7.846081437716904,7.189106050388612,7.715034393586995,7.929774458818726,1256.4,1485.4835555555555,473.6,1995.5,2554.7,2724.3502222222223,2240.8,2777.8,c,100.0,depto,100.0,depto | c | sup_mediana 49 m2 | calef: 1256 kWh | acs: 2555 kWh
108,8,133,1.3299999999999998,46.3,49.678947368421056,37.5,55.1,1.0,1.0,1.0,1.0,1.0,1.0,1.0,1.0,0.0,0.0,0.0,0.0,0.0,0.0,0.0,0.0,7.382435456111774,7.123898524337941,6.767458193443415,7.969461506954267,7.803149185143307,6.886262640057276,7.428214351716366,8.06351082668108,1606.5,1964.1954887218046,868.1,2890.3,2447.3,2711.1037878787874,1681.8,3175.425,d,100.0,depto,100.0,depto | d | sup_mediana 46 m2 | calef: 1606 kWh | acs: 2447 kWh
108,9,92,0.9199999999999999,67.5,69.54891304347827,51.55,87.4,1.0,1.0,1.0,1.0,1.0,1.0,1.0,1.0,0.0,0.0,0.0,0.0,0.0,0.0,0.0,0.0,9.216388859409353,9.121535698545685,8.733287845724405,9.650332070132801,8.039963517078762,7.97289759551645,7.820037989458753,8.220725975683184,10059.900000000001,10432.610869565218,6205.1,15526.15,3101.5,3030.6434782608703,2489.0,3716.2,d,100.0,casa_aislada,56.52173913043478,casa_aislada | d | sup_mediana 68 m2 | calef: 10060 kWh | acs: 3102 kWh
108,10,181,1.81,48.7,59.98453038674034,46.1,68.5,1.7,1.6999999999999993,1.7,1.7,1.7,1.6999999999999993,1.7,1.7,0.38,0.38,0.38,0.38,0.38,0.38,0.38,0.38,9.391736500693636,9.316160258850275,9.089381047250265,9.527506001120186,7.914435010583973,8.033349186022674,7.870662385484872,8.167720818008005,11987.9,11658.169060773482,8859.7,13731.3,2735.5,3149.020994475138,2618.3,3524.3,e,100.0,casa_aislada,100.0,casa_aislada | e | sup_mediana 49 m2 | calef: 11988 kWh | acs: 2736 kWh
108,11,225,2.25,49.9,50.61377777777777,49.2,53.3,3.0,3.0,3.0,3.0,3.0,3.0,3.0,3.0,0.6,0.5999999999999999,0.6,0.6,0.6,0.5999999999999999,0.6,0.6,8.45604093042273,8.319510473587847,7.965337218092255,8.802236786144976,7.822685085216951,7.829625475300882,7.81249960695592,7.873940327130135,4702.4,4981.657333333334,2878.4,6648.1,2495.6,2519.621333333333,2470.3,2626.9,d,100.0,depto,100.0,depto | d | sup_mediana 50 m2 | calef: 4702 kWh | acs: 2496 kWh
108,12,399,3.9899999999999998,49.5,48.533082706766926,44.1,56.7,1.7,1.6999999999999993,1.7,1.7,1.7,1.6999999999999993,1.7,1.7,0.38,0.38,0.38,0.38,0.38,0.38,0.38,0.38,7.754395780499191,7.460417198666261,7.045775059315991,8.324382714990861,7.954723334497908,7.9526685261287975,7.854148354672736,8.044080734770414,2330.8,3016.6924812030074,1147.0,4122.2,2848.0,3055.79298245614,2575.4,3114.3,e,100.0,depto,100.0,depto | e | sup_mediana 50 m2 | calef: 2331 kWh | acs: 2848 kWh
108,13,161,1.6099999999999999,47.0,49.98571428571429,44.3,53.3,1.7,1.6999999999999995,1.7,1.7,1.7,1.6999999999999995,1.7,1.7,0.38,0.37999999999999995,0.38,0.38,0.38,0.37999999999999995,0.38,0.38,8.7643501002891,8.749814887511873,8.490726005201067,9.092862289816754,7.885592560507808,7.865308089047532,7.838422176800799,7.954898819275054,6400.9,6843.529813664597,4868.4,8890.6,2657.7,2656.0472049689442,2535.2,2848.5,e,100.0,casa_pareada,100.0,casa_pareada | e | sup_mediana 47 m2 | calef: 6401 kWh | acs: 2658 kWh
108,14,55,0.5499999999999999,50.3,50.747272727272744,50.3,50.3,1.6,1.5999999999999992,1.6,1.6,1.6,1.5999999999999992,1.6,1.6,0.33,0.32999999999999985,0.33,0.33,0.33,0.32999999999999985,0.33,0.33,9.510148624225804,9.501016963778143,9.46303856114095,9.544631660629822,8.011288771969316,8.0160885934122,8.011288771969316,8.011288771969316,13495.0,13395.361818181818,12873.95,13968.5,3013.8,3028.523636363635,3013.8,3013.8,g,100.0,casa_aislada,100.0,casa_aislada | g | sup_mediana 50 m2 | calef: 13495 kWh | acs: 3014 kWh
108,15,109,1.09,48.7,50.638532110091745,42.6,48.7,1.1,1.0999999999999994,1.1,1.1,1.1,1.0999999999999994,1.1,1.1,0.28,0.28000000000000014,0.28,0.28,0.28,0.28000000000000014,0.28,0.28,9.737893310874366,9.67889847432922,9.650419444600395,9.77296876032774,7.986436932161368,7.986137403574504,7.880917716932831,7.986436932161368,16946.8,16199.177981651375,15527.3,17551.8,2939.8,2981.4715596330266,2645.3,2939.8,g,100.0,casa_aislada,100.0,casa_aislada | g | sup_mediana 49 m2 | calef: 16947 kWh | acs: 2940 kWh
108,16,257,2.5700000000000003,46.2,49.498443579766544,44.5,52.0,1.7,1.6999999999999995,1.7,1.7,1.7,1.6999999999999995,1.7,1.7,0.38,0.38,0.38,0.38,0.38,0.38,0.38,0.38,9.07970763134073,8.981111770403169,8.761315149115639,9.225593450063984,7.912313265567924,7.947451002482825,7.882654483963062,8.004064918587572,8774.4,8676.383657587548,6381.5,10152.7,2729.7,2846.0961089494162,2649.9,2992.1,f,100.0,casa_pareada,100.0,casa_pareada | f | sup_mediana 46 m2 | calef: 8774 kWh | acs: 2730 kWh
108,17,83,0.83,50.8,51.31566265060242,50.0,54.0,1.6,1.5999999999999999,1.6,1.6,1.6,1.5999999999999999,1.6,1.6,0.33,0.32999999999999996,0.33,0.33,0.33,0.32999999999999996,0.33,0.33,9.184766120856752,9.155226316089555,9.05548032445651,9.265781776789165,7.986232885229866,7.993126161640792,7.974085393729522,8.03378816322624,9746.5,9622.204819277107,8565.45,10569.25,2939.2,2962.110843373494,2903.7,3082.4,f,100.0,casa_pareada,100.0,casa_pareada | f | sup_mediana 51 m2 | calef: 9746 kWh | acs: 2939 kWh
108,18,149,1.49,57.1,62.3986577181208,51.2,75.2,1.7,1.6999999999999997,1.7,1.7,1.7,1.6999999999999997,1.7,1.7,0.38,0.37999999999999995,0.38,0.38,0.38,0.37999999999999995,0.38,0.38,9.261527660745337,9.146478640915648,8.866073838589028,9.739538188690073,8.024796703118614,8.004443862947586,7.937303265040725,8.212595520188012,10524.2,11362.83288590604,7086.4,16974.7,3054.8,3169.370469798658,2798.8,3686.1,f,100.0,casa_aislada,100.0,casa_aislada | f | sup_mediana 57 m2 | calef: 10524 kWh | acs: 3055 kWh
108,19,236,2.36,48.8,51.797881355932205,41.8,60.0,1.6,1.6,1.6,1.6,1.6,1.6,1.6,1.6,0.33,0.32999999999999996,0.33,0.33,0.33,0.32999999999999996,0.33,0.33,9.111745804470619,9.154269204330392,8.841362022706445,9.523830864799235,7.956301589976762,7.973725163429534,7.833283216208774,8.112527763478637,9060.1,10166.449152542373,6913.425,13680.925,2852.5,2945.8792372881358,2522.2,3335.0,f,100.0,casa_aislada,100.0,casa_aislada | f | sup_mediana 49 m2 | calef: 9060 kWh | acs: 2852 kWh
108,20,232,2.32,38.45,38.38793103448276,29.2,45.6,1.9,1.897413793103448,1.9,1.9,1.9,1.897413793103448,1.9,1.9,0.47,0.46883620689655153,0.47,0.47,0.47,0.46883620689655153,0.47,0.47,5.9389863317857285,6.0996017423706,5.091138546089072,7.012862310952919,0.0,0.0,0.0,0.0,379.15,857.3943965517242,161.575,1110.1499999999999,0.0,0.0,0.0,0.0,d,100.0,depto,100.0,depto | d | sup_mediana 38 m2 | calef: 379 kWh | acs: 0 kWh
108,21,158,1.58,49.5,48.71645569620254,42.7,52.3,1.7,1.6999999999999995,1.7,1.7,1.7,1.6999999999999995,1.7,1.7,0.38,0.37999999999999995,0.38,0.38,0.38,0.37999999999999995,0.38,0.38,8.304754159368201,8.205853453878461,7.668205732542033,8.754703744338302,7.966274474083803,7.948760551808472,7.850298382000358,8.009628910352617,4042.05,4726.417088607595,2138.25,6339.45,2881.1,2846.0974683544305,2565.5,3008.8,f,100.0,depto,100.0,depto | f | sup_mediana 50 m2 | calef: 4042 kWh | acs: 2881 kWh
108,22,188,1.8800000000000001,48.6,48.02712765957448,46.8,50.8,1.6,1.5999999999999999,1.6,1.6,1.6,1.5999999999999999,1.6,1.6,0.33,0.33,0.33,0.33,0.33,0.33,0.33,0.33,7.963563745702141,7.867051579160573,7.488919500145954,8.23524117183573,7.952615111650999,7.920682804268495,7.923348211930154,7.984224202964557,2873.3,2972.636702127659,1787.125,3770.55,2842.0,2797.540957446808,2760.0,2933.3,f,100.0,depto,100.0,depto | f | sup_mediana 49 m2 | calef: 2873 kWh | acs: 2842 kWh
108,23,339,3.39,81.1,83.97109144542775,63.1,97.85,1.9,1.8999999999999997,1.9,1.9,1.9,1.8999999999999997,1.9,1.9,0.47,0.46999999999999986,0.47,0.47,0.47,0.46999999999999986,0.47,0.47,9.452870777890572,9.494974776273809,9.279628030152196,9.707119778688236,8.172192692323142,8.153793068909087,7.9991750970687425,8.283026432686663,12743.7,14579.682890855458,10716.45,16433.2,3540.1,3533.405604719764,2977.5,3955.15,d,100.0,casa_aislada,100.0,casa_aislada | d | sup_mediana 81 m2 | calef: 12744 kWh | acs: 3540 kWh
108,24,107,1.0699999999999998,77.7,78.53644859813086,66.8,91.7,1.7,1.6999999999999993,1.7,1.7,1.7,1.6999999999999993,1.7,1.7,0.38,0.38000000000000006,0.38,0.38,0.38,0.38000000000000006,0.38,0.38,8.95019564251749,8.896191371437954,8.512363427322057,9.155371726855273,8.116446932008014,7.880301570149011,7.891058185506998,8.160375380129594,7708.4,8030.7009345794395,4975.450000000001,9464.15,3348.1,2916.8439252336448,2672.3,3498.5,d,100.0,casa_aislada,100.0,casa_aislada | d | sup_mediana 78 m2 | calef: 7708 kWh | acs: 3348 kWh
108,25,256,2.56,48.8,44.719140625,39.3,52.2,1.6,1.6000000000000003,1.6,1.6,1.6,1.6000000000000003,1.6,1.6,0.33,0.33,0.33,0.33,0.33,0.33,0.33,0.33,8.229084156274752,8.093128985277335,7.655312071107624,8.480176011283294,7.984206691280422,7.909156212194727,7.813928804391615,8.039737867125353,3747.4,3874.108203125,2110.9249999999997,4817.3,2933.25,2770.451953125,2473.85,3100.8,g,100.0,depto,100.0,depto | g | sup_mediana 49 m2 | calef: 3747 kWh | acs: 2933 kWh
108,26,100,1.0,49.8,50.888999999999996,48.6,52.2,1.1,1.0999999999999996,1.1,1.1,1.1,1.0999999999999996,1.1,1.1,0.28,0.28000000000000014,0.28,0.28,0.28,0.28000000000000014,0.28,0.28,8.31283135127001,8.34181675631434,8.169766587592328,8.639451484601073,8.00446576036065,7.913223556708639,7.983158553716608,8.040027852980781,4074.9,4634.019999999999,3531.575,5649.3,2993.3,2973.287999999999,2930.175,3101.7000000000003,g,100.0,depto,100.0,depto | g | sup_mediana 50 m2 | calef: 4075 kWh | acs: 2993 kWh
108,27,658,6.58,52.4,53.37279635258359,45.2,58.6,1.9,1.9000000000000001,1.9,1.9,1.9,1.9000000000000001,1.9,1.9,0.47,0.4699999999999999,0.47,0.47,0.47,0.4699999999999999,0.47,0.47,8.781547671911733,8.766978786623245,8.55629364093399,8.996462674705342,7.828197381978768,7.8138062272250135,7.735646075402382,7.944261187202992,6511.95,7005.480699088145,5198.375,8073.525,2509.4,2531.794984802432,2287.5,2818.35,d,100.0,casa_pareada,100.0,casa_pareada | d | sup_mediana 52 m2 | calef: 6512 kWh | acs: 2509 kWh
108,28,71,0.7100000000000001,64.8,63.283098591549326,51.6,72.6,1.7,1.7,1.7,1.7,1.7,1.7,1.7,1.7,0.38,0.37999999999999984,0.38,0.38,0.38,0.37999999999999984,0.38,0.38,7.9241808966623,7.882514976399379,7.658813456577404,8.087763205382148,6.773423566186845,6.651744094024576,6.294343066441045,6.84609261859003,2762.3,2747.523943661972,2118.25,3253.4,873.3,797.0830985915492,540.5,939.2,d,100.0,casa_pareada,100.0,casa_pareada | d | sup_mediana 65 m2 | calef: 2762 kWh | acs: 873 kWh
108,29,239,2.39,53.4,52.666108786610884,47.6,56.0,1.7,1.6999999999999993,1.7,1.7,1.7,1.6999999999999993,1.7,1.7,0.38,0.38,0.38,0.38,0.38,0.38,0.38,0.38,7.893422808634113,7.82145891202958,7.366284297692111,8.36760071782938,7.84631617950202,7.813669536481376,7.7788394180182125,7.883031643204163,2678.6,3246.4715481171547,1580.75,4304.35,2555.3,2535.23179916318,2388.5,2650.9,d,100.0,depto,100.0,depto | d | sup_mediana 53 m2 | calef: 2679 kWh | acs: 2555 kWh
108,30,3435,34.35,47.2,45.814497816593885,34.4,51.3,1.9,1.8999999999999995,1.9,1.9,1.9,1.8999999999999995,1.9,1.9,0.47,0.4699999999999998,0.47,0.47,0.47,0.4699999999999998,0.47,0.47,7.792266344320266,7.567358410730844,7.044115220264027,8.390813120806023,7.800818324736988,7.841116709275156,7.5476071624838585,7.898856593264467,2420.8,3111.7870160116445,1145.1,4405.4,2441.6,3587.698456610367,1895.2,2693.2,d,100.0,depto,100.0,depto | d | sup_mediana 47 m2 | calef: 2421 kWh | acs: 2442 kWh
108,31,50,0.5,81.7,80.99999999999999,81.7,81.7,1.7,1.7,1.7,1.7,1.7,1.7,1.7,1.7,0.38,0.37999999999999995,0.38,0.38,0.38,0.37999999999999995,0.38,0.38,9.009537972925274,8.96838812993301,8.867453579844739,9.076431600393608,8.177094386739325,8.171387776062145,8.177094386739325,8.177094386739325,8179.75,7958.489999999999,7096.775,8745.7,3557.5,3537.48,3557.5,3557.5,d,100.0,casa_pareada,100.0,casa_pareada | d | sup_mediana 82 m2 | calef: 8180 kWh | acs: 3558 kWh
108,32,98,0.98,47.0,47.0,47.0,47.0,1.7,1.6999999999999993,1.7,1.7,1.7,1.6999999999999993,1.7,1.7,0.38,0.38,0.38,0.38,0.38,0.38,0.38,0.38,8.542392284435024,8.637100517141945,8.439717663707976,8.851792201898544,7.775989577440603,7.775989577440601,7.775989577440603,7.775989577440603,5126.700000000001,5767.138775510204,4626.25,6985.900000000001,2381.7,2381.7000000000007,2381.7,2381.7,d,100.0,casa_pareada,100.0,casa_pareada | d | sup_mediana 47 m2 | calef: 5127 kWh | acs: 2382 kWh
108,33,209,2.09,55.5,57.80861244019139,54.4,61.3,1.7,1.6999999999999995,1.7,1.7,1.7,1.6999999999999995,1.7,1.7,0.38,0.37999999999999995,0.38,0.38,0.38,0.37999999999999995,0.38,0.38,8.806603769141688,8.786052219764818,8.570733958344267,8.971194463184467,7.904445577924863,7.932144046662939,7.8891968444922975,7.977830909508058,6677.2,6827.774162679425,5274.0,7872.0,2708.3,2788.604306220096,2667.3,2914.6,d,100.0,casa_pareada,100.0,casa_pareada | d | sup_mediana 56 m2 | calef: 6677 kWh | acs: 2708 kWh
109,-1,2128,21.279999999999998,46.1,50.503101503759396,33.4,59.0,1.9,2.048274231678487,1.9,1.9,1.9,2.048274231678487,1.9,1.9,0.47,0.4759527186761228,0.47,0.47,0.47,0.4759527186761228,0.47,0.47,7.59799816592866,7.28632234509033,6.543408113822727,8.39811115278372,7.8794801155506065,7.785655284409709,7.520801647793794,8.177094386739325,1993.2,3639.913345864662,693.6500000000001,4437.675,2641.5,4430.631672932331,1845.05,3557.5,d,83.83458646616542,depto,78.61842105263158,ruido / observacion atipica
109,0,58,0.58,44.4,45.29827586206897,33.9,53.5,4.0,3.9655172413793105,4.0,4.0,4.0,3.9655172413793105,4.0,4.0,0.0,0.0,0.0,0.0,0.0,0.0,0.0,0.0,6.408630952157171,5.711941801194128,4.599362058181815,7.988984012039366,7.8001221027369185,5.235984156652304,0.0,7.919610703723965,606.3,1404.343103448276,98.42500000000001,2947.3,2439.9,2537.6258620689655,0.0,2749.7,c,51.724137931034484,depto,75.86206896551724,depto | c | sup_mediana 44 m2 | calef: 606 kWh | acs: 2440 kWh
109,1,94,0.9400000000000001,56.6,56.65744680851064,52.3,58.6,0.6,0.6,0.6,0.6,0.6,0.6,0.6,0.6,0.25,0.25,0.25,0.25,0.25,0.25,0.25,0.25,9.529244300092074,8.165928276382918,8.544905282437254,10.406545166409542,8.227495681093608,8.200826715665482,8.167777549159096,8.253383883376012,13755.2,17268.512765957443,5139.95,33074.45,3741.45,3658.563829787233,3524.5,3839.6,i,100.0,depto,50.0,depto | i | sup_mediana 57 m2 | calef: 13755 kWh | acs: 3741 kWh
109,2,162,1.6199999999999999,49.8,48.9425925925926,46.1,51.9,4.0,4.0,4.0,4.0,4.0,4.0,4.0,4.0,0.84,0.8400000000000001,0.84,0.84,0.84,0.8400000000000001,0.84,0.84,7.565933947441211,7.398269019700865,7.005765210030326,8.134160167622627,8.0334962350385,8.006104191697867,7.960877913966819,8.063661157538688,1930.5,2615.5067901234565,1102.2,3412.15,3081.5,3009.958641975309,2865.6,3175.9,b,100.0,depto,72.8395061728395,depto | b | sup_mediana 50 m2 | calef: 1930 kWh | acs: 3082 kWh
109,3,241,2.41,50.8,50.652697095435684,47.4,53.0,4.0,4.0,4.0,4.0,4.0,4.0,4.0,4.0,0.84,0.84,0.84,0.84,0.84,0.84,0.84,0.84,7.144959513944681,6.858381520370208,6.554787739831727,7.657613551126125,7.900636613018005,7.870811539068416,7.796387002862318,7.9377674761579895,1266.7,1642.7721991701244,701.6,2115.7,2698.0,2694.85601659751,2430.8,2800.1,c,100.0,depto,100.0,depto | c | sup_mediana 51 m2 | calef: 1267 kWh | acs: 2698 kWh
109,4,75,0.75,48.9,51.425333333333334,47.4,53.55,4.0,4.0,4.0,4.0,4.0,4.0,4.0,4.0,0.84,0.8400000000000001,0.84,0.84,0.84,0.8400000000000001,0.84,0.84,8.37770121259764,8.361637132071028,8.031222768648423,8.582525825998191,7.875271302931738,7.903301935035144,7.851077349907323,7.94597837151965,4348.0,4596.984,3074.5,5337.1,2630.4,2723.668,2567.5,2823.25,c,100.0,casa_pareada,100.0,casa_pareada | c | sup_mediana 49 m2 | calef: 4348 kWh | acs: 2630 kWh
109,5,194,1.94,55.0,53.8520618556701,48.0,59.5,4.0,4.0,4.0,4.0,4.0,4.0,4.0,4.0,0.84,0.8400000000000001,0.84,0.84,0.84,0.8400000000000001,0.84,0.84,0.0,0.028205606923815,0.0,0.0,7.849791727274708,7.833527648637415,7.730325873921926,7.914617709040679,0.0,0.05051546391752577,0.0,0.0,2564.2,2573.379896907217,2275.3500000000004,2736.0,a,100.0,depto,100.0,depto | a | sup_mediana 55 m2 | calef: 0 kWh | acs: 2564 kWh
109,6,242,2.42,54.5,53.67644628099173,50.575,59.075,4.0,4.0,4.0,4.0,4.0,4.0,4.0,4.0,0.84,0.84,0.84,0.84,0.84,0.84,0.84,0.84,6.229398140206438,6.070226672562131,5.225082728454882,6.911944039442318,7.845041723371178,7.764779900787321,7.737627185367664,7.908460685998653,506.45000000000005,818.3925619834711,184.95,1003.225,2552.05,2413.1909090909094,2292.025,2719.2,a,100.0,depto,100.0,depto | a | sup_mediana 54 m2 | calef: 506 kWh | acs: 2552 kWh
109,7,146,1.46,44.8,50.382876712328766,30.8,55.1,1.0,1.0,1.0,1.0,1.0,1.0,1.0,1.0,0.0,0.0,0.0,0.0,0.0,0.0,0.0,0.0,7.3487562371101145,7.302518786428505,6.627875649643958,8.078491946239893,7.8900958893177915,7.596793565077522,7.478056629543237,8.125080869774528,1553.85,2274.7815068493155,754.875,3223.55,2669.7,2909.12027972028,1767.8,3377.15,d,100.0,depto,100.0,depto | d | sup_mediana 45 m2 | calef: 1554 kWh | acs: 2670 kWh
109,8,90,0.8999999999999999,66.8,68.08000000000001,50.175000000000004,87.075,1.0,1.0,1.0,1.0,1.0,1.0,1.0,1.0,0.0,0.0,0.0,0.0,0.0,0.0,0.0,0.0,9.172765150307164,9.009382363274144,8.635087693403179,9.460881141477966,7.960986585609905,7.895880978813896,7.744872924952113,8.196659524897417,9631.45,9428.515555555554,5627.775,12846.2,2865.9,2880.396666666667,2308.7,3627.85,d,100.0,casa_aislada,53.333333333333336,casa_aislada | d | sup_mediana 67 m2 | calef: 9631 kWh | acs: 2866 kWh
109,9,230,2.3,49.3,51.66086956521739,45.4,54.7,3.0,3.0,3.0,3.0,3.0,3.0,3.0,3.0,0.6,0.5999999999999998,0.6,0.6,0.6,0.5999999999999998,0.6,0.6,7.254828104942872,6.621785979931135,6.496050369817633,7.7931675050693725,7.875613267712699,7.560711666082264,7.730218731012139,7.952896101185828,1413.95,1860.2347826086955,661.525,2423.075,2631.3,2806.446086956521,2275.1,2842.7999999999997,c,100.0,depto,100.0,depto | c | sup_mediana 49 m2 | calef: 1414 kWh | acs: 2631 kWh
109,10,147,1.47,48.7,62.23809523809524,46.1,71.4,1.7,1.7,1.7,1.7,1.7,1.7,1.7,1.7,0.38,0.3799999999999999,0.38,0.38,0.38,0.3799999999999999,0.38,0.38,9.431489936619656,9.328005798771827,9.0417314268703,9.547030071759496,7.914435010583973,8.044619741837094,7.870662385484872,8.244852443173752,12474.1,11845.238775510203,8447.4,14002.05,2735.5,3204.381632653061,2618.3,3807.0,e,100.0,casa_aislada,100.0,casa_aislada | e | sup_mediana 49 m2 | calef: 12474 kWh | acs: 2736 kWh
109,11,203,2.03,49.9,50.829556650246296,49.2,53.5,3.0,3.0,3.0,3.0,3.0,3.0,3.0,3.0,0.6,0.5999999999999999,0.6,0.6,0.6,0.5999999999999999,0.6,0.6,8.443202135504468,8.345883060465777,8.011951945944148,8.719466604724609,7.822685085216951,7.832815254995407,7.8118314959905994,7.875251794346132,4642.4,4795.327586206897,3015.8,6120.3,2495.6,2525.7433497536945,2468.65,2630.35,d,100.0,depto,100.0,depto | d | sup_mediana 50 m2 | calef: 4642 kWh | acs: 2496 kWh
109,12,426,4.26,49.1,48.315023474178396,43.375,57.25,1.7,1.6999999999999995,1.7,1.7,1.7,1.6999999999999995,1.7,1.7,0.38,0.38,0.38,0.38,0.38,0.38,0.38,0.38,7.738678628296768,7.4791364352503695,7.086384359395542,8.363498773513445,7.951876182361057,7.94458426838905,7.834985950894627,8.044080734770414,2294.45,3164.656103286385,1194.65,4286.674999999999,2839.9,3043.006807511737,2526.5,3114.3,e,100.0,depto,100.0,depto | e | sup_mediana 49 m2 | calef: 2294 kWh | acs: 2840 kWh
109,13,166,1.66,47.0,50.20903614457832,47.0,54.05,1.7,1.6999999999999993,1.7,1.7,1.7,1.6999999999999993,1.7,1.7,0.38,0.3799999999999999,0.38,0.38,0.38,0.3799999999999999,0.38,0.38,8.9715194094086,8.81524617183485,8.577439513319646,9.123158071289021,7.885592560507808,7.892683425371812,7.838422176800799,7.983440063006542,7874.6,7361.680120481928,5310.05,9164.1,2657.7,2733.1186746987955,2535.2,2931.0,e,100.0,casa_pareada,100.0,casa_pareada | e | sup_mediana 47 m2 | calef: 7875 kWh | acs: 2658 kWh
109,14,82,0.8200000000000001,50.95,51.40487804878049,49.55,54.0,1.6,1.5999999999999999,1.6,1.6,1.6,1.5999999999999999,1.6,1.6,0.33,0.32999999999999996,0.33,0.33,0.33,0.32999999999999996,0.33,0.33,9.199142231663721,9.150836804287223,9.039115943575567,9.260748274520028,7.9887941663798046,7.9943829656681205,7.967758649211147,8.03378816322624,9887.650000000001,9604.910975609759,8425.8,10516.0,2946.75,2966.0219512195126,2885.4,3082.4,f,100.0,casa_pareada,100.0,casa_pareada | f | sup_mediana 51 m2 | calef: 9888 kWh | acs: 2947 kWh
109,15,266,2.6599999999999997,46.2,49.41315789473685,44.8,52.0,1.7,1.6999999999999997,1.7,1.7,1.7,1.6999999999999997,1.7,1.7,0.38,0.37999999999999995,0.38,0.38,0.38,0.37999999999999995,0.38,0.38,9.147911610955765,9.058328365335086,8.847158590122755,9.255571830505108,7.912313265567924,7.9482135232523214,7.882654483963062,8.004064918587572,9393.8,9151.239097744361,6953.6,10461.7,2729.7,2846.5563909774437,2649.9,2992.1,f,100.0,casa_pareada,100.0,casa_pareada | f | sup_mediana 46 m2 | calef: 9394 kWh | acs: 2730 kWh
109,16,225,2.25,39.0,40.00355555555556,29.4,45.8,1.9,1.8999999999999995,1.9,1.9,1.9,1.8999999999999995,1.9,1.9,0.47,0.4699999999999998,0.47,0.47,0.47,0.4699999999999998,0.47,0.47,6.18887994984946,6.2167946686412225,5.094976442530006,7.127051438567453,0.0,0.0,0.0,0.0,486.3,1083.2226666666668,162.2,1244.2,0.0,0.0,0.0,0.0,d,100.0,depto,100.0,depto | d | sup_mediana 39 m2 | calef: 486 kWh | acs: 0 kWh
109,17,61,0.61,50.3,51.7065573770492,50.3,50.3,1.6,1.5999999999999994,1.6,1.6,1.6,1.5999999999999994,1.6,1.6,0.33,0.32999999999999985,0.33,0.33,0.33,0.32999999999999985,0.33,0.33,9.499376527243893,9.476852697736039,9.4573098189267,9.545104006911362,8.011288771969316,8.003317081866225,8.011288771969316,8.011288771969316,13350.4,13146.84262295082,12800.4,13975.1,3013.8,3026.939344262294,3013.8,3013.8,g,100.0,casa_aislada,100.0,casa_aislada | g | sup_mediana 50 m2 | calef: 13350 kWh | acs: 3014 kWh
109,18,103,1.03,44.8,48.07669902912622,42.7,48.7,1.1,1.0999999999999994,1.1,1.1,1.1,1.0999999999999994,1.1,1.1,0.28,0.2800000000000002,0.28,0.28,0.28,0.2800000000000002,0.28,0.28,9.71822367134805,9.666244093761836,9.64733104647121,9.760395284127023,7.920010521993716,7.961694630993087,7.883182467079869,7.986436932161368,16616.7,15963.693203883497,15479.45,17332.5,2750.8,2890.2262135922324,2651.3,2939.8,g,100.0,casa_aislada,100.0,casa_aislada | g | sup_mediana 45 m2 | calef: 16617 kWh | acs: 2751 kWh
109,19,183,1.83,57.3,63.809836065573776,51.3,77.7,1.7,1.6999999999999993,1.7,1.7,1.7,1.6999999999999993,1.7,1.7,0.38,0.3800000000000001,0.38,0.38,0.38,0.3800000000000001,0.38,0.38,9.228317805206835,9.138024110065711,8.905546021744422,9.703586641807703,8.075738145574919,8.034095610555733,7.966760113055467,8.293424444708108,10180.4,11102.549726775955,7371.75,16375.35,3214.5,3254.77868852459,2882.5,3996.5,f,100.0,casa_aislada,100.0,casa_aislada | f | sup_mediana 57 m2 | calef: 10180 kWh | acs: 3214 kWh
109,20,163,1.63,51.1,49.87484662576687,46.6,52.3,1.7,1.6999999999999995,1.7,1.7,1.7,1.6999999999999995,1.7,1.7,0.38,0.3799999999999999,0.38,0.38,0.38,0.3799999999999999,0.38,0.38,8.189188999485852,8.208082843018254,7.7047228220869926,8.751988428870856,7.990949314921866,7.964569359205656,7.920119535602356,8.009628910352617,3600.8,4588.9,2217.8500000000004,6322.25,2953.1,2892.3950920245397,2751.1,3008.8,f,100.0,depto,100.0,depto | f | sup_mediana 51 m2 | calef: 3601 kWh | acs: 2953 kWh
109,21,208,2.08,48.6,48.18076923076923,47.475,52.2,1.6,1.6,1.6,1.6,1.6,1.6,1.6,1.6,0.33,0.33,0.33,0.33,0.33,0.33,0.33,0.33,7.8368021682496,7.8456548428148745,7.4130555915573595,8.258787130870141,7.952615111650999,7.932852233152171,7.926411487654117,8.007433665832245,2531.1000000000004,3043.898076923077,1656.5,3860.4750000000004,2842.0,2824.1240384615385,2768.4750000000004,3002.2,f,100.0,depto,100.0,depto | f | sup_mediana 49 m2 | calef: 2531 kWh | acs: 2842 kWh
109,22,260,2.6,46.4,44.38346153846153,38.0,52.2,1.6,1.6,1.6,1.6,1.6,1.6,1.6,1.6,0.33,0.33,0.33,0.33,0.33,0.33,0.33,0.33,8.197111783237592,8.08895385545325,7.667306352330557,8.475662351934908,7.947572521139741,7.892690878408591,7.79626947905489,8.039737867125353,3629.45,3831.6342307692303,2136.3250000000003,4795.6,2827.7,2731.0380769230765,2430.5249999999996,3100.8,g,100.0,depto,100.0,depto | g | sup_mediana 46 m2 | calef: 3629 kWh | acs: 2828 kWh
109,23,85,0.8500000000000001,49.8,52.23176470588236,49.8,52.2,1.1,1.0999999999999994,1.1,1.1,1.1,1.0999999999999994,1.1,1.1,0.28,0.28000000000000014,0.28,0.28,0.28,0.28000000000000014,0.28,0.28,8.340050202662711,8.373941628764772,8.183257734446995,8.658623306834116,8.00446576036065,7.686567989887948,7.984360512387156,8.039737867125353,4187.3,4707.360000000001,3579.5,5758.6,2993.3,2870.4870588235294,2933.7,3100.8,g,100.0,depto,100.0,depto | g | sup_mediana 50 m2 | calef: 4187 kWh | acs: 2993 kWh
109,24,224,2.2399999999999998,51.4,51.86473214285714,47.6,54.1,1.7,1.6999999999999995,1.7,1.7,1.7,1.6999999999999995,1.7,1.7,0.38,0.37999999999999995,0.38,0.38,0.38,0.37999999999999995,0.38,0.38,7.784140068165433,7.73771008483054,7.2297034814285395,8.304389546775003,7.838027808376711,7.810452536909068,7.786468746500926,7.879669914604289,2401.2,3031.7098214285716,1378.8249999999998,4040.575,2534.2,2516.4433035714283,2406.8,2642.0,d,100.0,depto,100.0,depto | d | sup_mediana 51 m2 | calef: 2401 kWh | acs: 2534 kWh
109,25,99,0.9900000000000001,77.8,80.54040404040404,74.9,93.8,1.7,1.6999999999999993,1.7,1.7,1.7,1.6999999999999993,1.7,1.7,0.38,0.38000000000000006,0.38,0.38,0.38,0.38000000000000006,0.38,0.38,8.929700114313448,8.892787309190558,8.47648652973045,9.133278712708726,8.12920447760931,7.938905762484419,7.946299041184127,8.228942848777981,7552.0,8091.568686868687,4799.6,9257.4,3391.1,3055.4434343434345,2824.1,3747.7,d,100.0,casa_aislada,100.0,casa_aislada | d | sup_mediana 78 m2 | calef: 7552 kWh | acs: 3391 kWh
109,26,336,3.36,81.2,84.67113095238095,63.1,96.1,1.9,1.9,1.9,1.9,1.9,1.9,1.9,1.9,0.47,0.46999999999999986,0.47,0.47,0.47,0.46999999999999986,0.47,0.47,9.455722990850626,9.466376545151595,9.246030816716171,9.714369764125928,8.150379567977414,8.157264928083162,7.9991750970687425,8.275908983369671,12780.15,14293.897916666667,10362.35,16552.8,3463.7,3540.1803571428572,2977.5,3927.1,d,100.0,casa_aislada,100.0,casa_aislada | d | sup_mediana 81 m2 | calef: 12780 kWh | acs: 3464 kWh
109,27,663,6.63,52.6,52.82428355957768,45.0,57.8,1.9,1.9000000000000001,1.9,1.9,1.9,1.9000000000000001,1.9,1.9,0.47,0.46999999999999986,0.47,0.47,0.47,0.46999999999999986,0.47,0.47,8.795097618103922,8.763518974513506,8.555942622991541,9.000821887133416,7.822044008185619,7.802924193045848,7.719174264620118,7.904261008653183,6600.8,6944.316591251886,5196.55,8108.75,2494.0,2504.970739064857,2250.1,2707.8,d,100.0,casa_pareada,100.0,casa_pareada | d | sup_mediana 53 m2 | calef: 6601 kWh | acs: 2494 kWh
109,28,72,0.72,61.7,63.46944444444445,54.55,72.6,1.7,1.6999999999999997,1.7,1.7,1.7,1.6999999999999997,1.7,1.7,0.38,0.37999999999999995,0.38,0.38,0.38,0.37999999999999995,0.38,0.38,7.941116456955125,7.904773145464247,7.739565241338369,8.067738913730501,6.748447682530744,6.645131381289596,6.503050606462656,6.831106622103728,2809.5,2785.3611111111113,2296.625,3188.9750000000004,852.0,787.1722222222222,666.175,925.25,d,100.0,casa_pareada,100.0,casa_pareada | d | sup_mediana 62 m2 | calef: 2810 kWh | acs: 852 kWh
109,29,89,0.89,56.3,55.61011235955056,50.4,60.6,1.6,1.5999999999999996,1.6,1.6,1.6,1.5999999999999996,1.6,1.6,0.33,0.33,0.33,0.33,0.33,0.33,0.33,0.33,8.832777354714962,8.826883014875294,8.740016691519521,8.945762659639367,8.064919454599861,8.042510336713313,7.979784001667225,8.119606963256757,6854.3,6895.773033707866,6247.0,7674.3,3179.9,3130.785393258427,2920.3,3358.7,f,100.0,casa_aislada,100.0,casa_aislada | f | sup_mediana 56 m2 | calef: 6854 kWh | acs: 3180 kWh
109,30,100,1.0,41.8,41.68599999999999,41.2,42.3,1.6,1.5999999999999996,1.6,1.6,1.6,1.5999999999999996,1.6,1.6,0.33,0.33,0.33,0.33,0.33,0.33,0.33,0.33,9.544470540440155,9.561582239513845,9.49567130400832,9.648104860079268,7.8235658956194145,7.817526356903939,7.779759689144819,7.833283216208774,13966.25,14272.999,13301.025,15491.4,2497.8,2485.417,2390.7,2522.2,f,100.0,casa_aislada,100.0,casa_aislada | f | sup_mediana 42 m2 | calef: 13966 kWh | acs: 2498 kWh
109,31,120,1.2,47.0,47.0,47.0,47.0,1.7,1.6999999999999995,1.7,1.7,1.7,1.6999999999999995,1.7,1.7,0.38,0.37999999999999995,0.38,0.38,0.38,0.37999999999999995,0.38,0.38,8.505211112817019,8.606540072704824,8.444782142342763,8.834206822685715,7.775989577440603,7.775989577440601,7.775989577440603,7.775989577440603,4939.450000000001,5579.819166666667,4649.75,6864.125,2381.7,2381.7,2381.7,2381.7,d,100.0,casa_pareada,100.0,casa_pareada | d | sup_mediana 47 m2 | calef: 4939 kWh | acs: 2382 kWh
109,32,205,2.0500000000000003,58.7,58.44682926829268,55.5,61.3,1.7,1.6999999999999995,1.7,1.7,1.7,1.6999999999999995,1.7,1.7,0.38,0.38,0.38,0.38,0.38,0.38,0.38,0.38,8.827174771362785,8.815473570764917,8.615154399592118,8.9812416236233,7.946299041184127,7.940564096291048,7.904445577924863,7.977830909508058,6816.0,7007.250243902438,5513.6,7951.5,2824.1,2811.7102439024384,2708.3,2914.6,d,100.0,casa_pareada,100.0,casa_pareada | d | sup_mediana 59 m2 | calef: 6816 kWh | acs: 2824 kWh
109,33,51,0.51,30.5,34.18235294117647,28.85,40.900000000000006,1.9,1.9000000000000004,1.9,1.9,1.9,1.9000000000000004,1.9,1.9,0.47,0.46999999999999986,0.47,0.47,0.47,0.46999999999999986,0.47,0.47,7.092823061444117,7.146143810725535,6.7971588576401105,7.508677515499565,10.474961327253506,10.486516186964403,10.455452490539397,10.563375216650968,1202.3,1382.9725490196076,894.3,1822.8,35416.5,36086.27058823529,34732.25,38690.5,d,100.0,depto,100.0,depto | d | sup_mediana 30 m2 | calef: 1202 kWh | acs: 35416 kWh
109,34,1454,14.540000000000001,49.25,49.471320495185694,47.2,51.6,1.9,1.9,1.9,1.9,1.9,1.9,1.9,1.9,0.47,0.46999999999999975,0.47,0.47,0.47,0.46999999999999975,0.47,0.47,8.266151553237968,8.192917397066902,7.727490983882054,8.694091736790636,7.810555420673793,7.7930532201866445,7.779676063120352,7.848738623446664,3888.95,4271.411691884457,2268.9,5966.55,2465.5,2436.3301445285615,2390.5,2561.5,d,100.0,depto,100.0,depto | d | sup_mediana 49 m2 | calef: 3889 kWh | acs: 2466 kWh
109,35,349,3.49,30.4,30.49799426934098,29.0,31.7,1.9,1.8999999999999997,1.9,1.9,1.9,1.8999999999999997,1.9,1.9,0.47,0.46999999999999986,0.47,0.47,0.47,0.46999999999999986,0.47,0.47,7.094234845924755,7.088526558398993,6.816735880594968,7.3583212143353975,7.317876198626496,7.333045496355511,7.201096309285597,7.454141078146678,1204.0,1276.8277936962752,912.0,1568.2,1506.0,1547.6300859598855,1339.9,1726.0,d,100.0,depto,100.0,depto | d | sup_mediana 30 m2 | calef: 1204 kWh | acs: 1506 kWh
110,-1,687,6.87,54.4,60.87394468704512,49.0,66.8,1.7,2.242921013412816,1.7,3.0,1.7,2.242921013412816,1.7,3.0,0.38,0.45874813710879286,0.38,0.6,0.38,0.45874813710879286,0.38,0.6,8.911974766610951,8.228212217015345,7.964677140596038,9.445352975420152,8.004064918587572,7.5121923712711,7.822364598073754,8.149601195080047,7419.3,8112.026637554585,2876.5,12648.25,2992.1,3519.598981077147,2494.8,3461.0,d,40.174672489082965,casa_pareada,66.52110625909754,ruido / observacion atipica
110,0,97,0.97,56.5,56.34020618556701,52.3,58.6,0.6,0.5999999999999999,0.6,0.6,0.6,0.5999999999999999,0.6,0.6,0.25,0.25,0.25,0.25,0.25,0.25,0.25,0.25,9.506176608683834,8.351474615187719,8.817460733552517,10.41101273583544,8.219622386214086,8.197734889147103,8.167777549159096,8.253383883376012,13441.5,17336.544329896908,6750.1,33222.5,3712.1,3644.4371134020607,3524.5,3839.6,i,100.0,depto,53.608247422680414,depto | i | sup_mediana 56 m2 | calef: 13442 kWh | acs: 3712 kWh
110,1,53,0.53,44.4,49.72830188679245,42.6,58.1,4.0,3.9056603773584904,4.0,4.0,4.0,3.9056603773584904,4.0,4.0,0.0,0.0,0.0,0.0,0.0,0.0,0.0,0.0,6.249589067317437,5.823187922886432,4.61512051684126,8.002326078490526,7.8001221027369185,5.8160299726009175,0.0,7.9981337627231435,516.8,1370.611320754717,100.0,2986.9,2439.9,2036.0867924528309,0.0,2974.4,c,58.490566037735846,depto,75.47169811320755,depto | c | sup_mediana 44 m2 | calef: 517 kWh | acs: 2440 kWh
110,2,157,1.5699999999999998,49.8,48.11019108280256,45.7,51.4,4.0,4.0,4.0,4.0,4.0,4.0,4.0,4.0,0.84,0.8400000000000002,0.84,0.84,0.84,0.8400000000000002,0.84,0.84,7.539771459537851,7.187525937590663,6.930103682645899,8.03443658757784,8.0334962350385,7.989224799268443,7.921825865773665,8.050990330092523,1880.4,2529.4471337579616,1021.6,3084.4,3081.5,2962.173885350319,2755.8,3135.9,b,100.0,depto,75.79617834394905,depto | b | sup_mediana 50 m2 | calef: 1880 kWh | acs: 3082 kWh
110,3,258,2.58,50.9,49.93062015503875,47.375,53.1,4.0,4.0,4.0,4.0,4.0,4.0,4.0,4.0,0.84,0.84,0.84,0.84,0.84,0.84,0.84,0.84,7.158418216834711,6.720733684535454,6.491785151769201,7.7638355605641225,7.907982665728846,7.867571519082816,7.8287549065840265,7.941953471364245,1283.9,1684.303488372093,658.7,2352.9249999999997,2717.9,2682.022868217054,2510.8,2811.85,c,100.0,depto,100.0,depto | c | sup_mediana 51 m2 | calef: 1284 kWh | acs: 2718 kWh
110,4,79,0.79,53.1,51.286075949367095,48.3,53.1,4.0,4.0,4.0,4.0,4.0,4.0,4.0,4.0,0.84,0.8400000000000002,0.84,0.84,0.84,0.8400000000000002,0.84,0.84,8.105398091113202,8.260063117803425,8.030083445238787,8.448758356979482,7.939693434382254,7.908076323714795,7.866607291940365,7.939693434382254,3311.3,4186.4582278481,3071.0,4670.4,2805.5,2726.325316455697,2607.7,2805.5,c,100.0,casa_pareada,100.0,casa_pareada | c | sup_mediana 53 m2 | calef: 3311 kWh | acs: 2806 kWh
110,5,176,1.76,54.75,54.07045454545455,46.925,60.0,4.0,4.0,4.0,4.0,4.0,4.0,4.0,4.0,0.84,0.84,0.84,0.84,0.84,0.84,0.84,0.84,0.0,0.027538097017500582,0.0,0.0,7.849791727274708,7.854682783090606,7.7260685993768705,7.925193664861139,0.0,0.04034090909090909,0.0,0.0,2564.2,2628.1585227272726,2265.6749999999997,2765.1,a,100.0,depto,100.0,depto | a | sup_mediana 55 m2 | calef: 0 kWh | acs: 2564 kWh
110,6,230,2.3,54.5,53.881304347826074,50.5,57.0,4.0,4.0,4.0,4.0,4.0,4.0,4.0,4.0,0.84,0.8400000000000001,0.84,0.84,0.84,0.8400000000000001,0.84,0.84,6.213802650023283,6.0373402031436125,5.469945875538356,6.951437011614827,7.84290701849721,7.783266871694722,7.775317844764939,7.908460685998653,498.6,743.7691304347827,236.45000000000002,1043.65,2546.6,2445.5604347826093,2380.1,2719.2,a,100.0,depto,100.0,depto | a | sup_mediana 54 m2 | calef: 499 kWh | acs: 2547 kWh
110,7,119,1.1900000000000002,43.9,49.436974789915965,32.05,53.3,1.0,1.0,1.0,1.0,1.0,1.0,1.0,1.0,0.0,0.0,0.0,0.0,0.0,0.0,0.0,0.0,7.302024614329567,7.037697722034278,6.446353922042446,8.06645861730235,7.82312558739655,7.101709566722872,7.422194366317963,8.111480755647186,1482.3,2013.767226890756,629.4000000000001,3184.8,2496.7,2642.672173913044,1671.7,3332.05,d,100.0,depto,100.0,depto | d | sup_mediana 44 m2 | calef: 1482 kWh | acs: 2497 kWh
110,8,72,0.72,63.1,66.69305555555555,49.7,86.425,1.0,1.0,1.0,1.0,1.0,1.0,1.0,1.0,0.0,0.0,0.0,0.0,0.0,0.0,0.0,0.0,9.086927849119602,8.95985293517506,8.410118328602715,9.34260297284486,7.907473217621399,7.905584874314276,7.744872924952113,8.2111027192811,8838.25,8926.213888888888,4491.375,11413.099999999999,2716.55,2871.6736111111113,2308.7,3680.6,d,100.0,casa_pareada,54.166666666666664,casa_pareada | d | sup_mediana 63 m2 | calef: 8838 kWh | acs: 2717 kWh
110,9,74,0.74,49.8,48.30405405405405,43.7,51.9,3.0,3.0,3.0,3.0,3.0,3.0,3.0,3.0,0.6,0.6,0.6,0.6,0.6,0.6,0.6,0.6,8.264414834972337,8.343847423358506,8.111236429199277,8.530482220163748,8.027117458568844,7.995040427230134,7.9229497261707476,8.058580439097181,3882.2,5205.239189189188,3330.775,5065.900000000001,3061.9,2977.5283783783784,2758.9,3159.8,b,100.0,depto,41.891891891891895,depto | b | sup_mediana 50 m2 | calef: 3882 kWh | acs: 3062 kWh
110,10,238,2.3800000000000003,50.45,52.76260504201681,44.949999999999996,55.2,3.0,3.0,3.0,3.0,3.0,3.0,3.0,3.0,0.6,0.5999999999999998,0.6,0.6,0.6,0.5999999999999998,0.6,0.6,7.108229554215541,6.2641729327975835,5.831330980613126,7.614286427883656,7.879421064099022,7.142468303413123,7.7431048201091475,7.953669778649798,1221.0,1551.1302521008404,339.82500000000005,2026.025,2641.35,2551.22731092437,2304.625,2845.0,c,100.0,depto,100.0,depto | c | sup_mediana 50 m2 | calef: 1221 kWh | acs: 2641 kWh
110,11,220,2.1999999999999997,50.5,51.45545454545453,49.175000000000004,54.475,3.0,3.0,3.0,3.0,3.0,3.0,3.0,3.0,0.6,0.5999999999999998,0.6,0.6,0.6,0.5999999999999998,0.6,0.6,8.31403128216903,8.249717700407034,7.905191927594321,8.677980352485749,7.829406072060491,7.842027800529765,7.811163385025279,7.890058445249863,4079.9,4496.529090909091,2710.3250000000003,5871.175,2512.45,2548.515909090909,2467.0,2669.6,d,100.0,depto,100.0,depto | d | sup_mediana 50 m2 | calef: 4080 kWh | acs: 2512 kWh
110,12,387,3.8699999999999997,50.8,49.83720930232558,44.25,57.15,1.7,1.6999999999999997,1.7,1.7,1.7,1.6999999999999997,1.7,1.7,0.38,0.38,0.38,0.38,0.38,0.38,0.38,0.38,7.8238859980549265,7.448849110975785,7.228874521926463,8.40809074661387,7.963355677056955,7.959298585017233,7.854148354672736,8.044080734770414,2498.6,3181.896899224806,1377.6999999999998,4482.25,2872.7,3083.3121447028425,2575.4,3114.3,e,100.0,depto,100.0,depto | e | sup_mediana 51 m2 | calef: 2499 kWh | acs: 2873 kWh
110,13,173,1.73,47.0,50.09479768786128,47.0,52.5,1.7,1.6999999999999995,1.7,1.7,1.7,1.6999999999999995,1.7,1.7,0.38,0.38000000000000006,0.38,0.38,0.38,0.38000000000000006,0.38,0.38,8.907815352654627,8.812324379476898,8.552541030047879,9.120251537194497,7.885592560507808,7.862953453527392,7.838422176800799,7.954898819275054,7388.5,7349.894219653181,5178.9,9137.5,2657.7,2659.508670520231,2535.2,2848.5,e,100.0,casa_pareada,100.0,casa_pareada | e | sup_mediana 47 m2 | calef: 7388 kWh | acs: 2658 kWh
110,14,171,1.71,48.7,60.262573099415214,47.85,64.4,1.7,1.6999999999999995,1.7,1.7,1.7,1.6999999999999995,1.7,1.7,0.38,0.38,0.38,0.38,0.38,0.38,0.38,0.38,9.414333723117345,9.333780009041261,9.154337738710147,9.53697196189623,7.907982665728846,8.013192530648935,7.885592560507808,8.12358748182052,12261.9,11844.23918128655,9454.95,13862.15,2717.9,3103.767251461988,2657.7,3372.1,e,100.0,casa_aislada,100.0,casa_aislada | e | sup_mediana 49 m2 | calef: 12262 kWh | acs: 2718 kWh
110,15,96,0.96,44.8,50.16041666666666,42.7,48.7,1.1,1.0999999999999999,1.1,1.1,1.1,1.0999999999999999,1.1,1.1,0.28,0.2800000000000001,0.28,0.28,0.28,0.2800000000000001,0.28,0.28,9.702432543599532,9.673812155314133,9.650300278886945,9.765265174423481,7.920010521993716,7.97742411216009,7.883182467079869,7.986436932161368,16356.35,16063.909375000001,15525.449999999999,17417.1,2750.8,2957.1062499999994,2651.3,2939.8,g,100.0,casa_aislada,100.0,casa_aislada | g | sup_mediana 45 m2 | calef: 16356 kWh | acs: 2751 kWh
110,16,72,0.72,50.3,52.19444444444444,50.3,51.25,1.6,1.5999999999999999,1.6,1.6,1.6,1.5999999999999999,1.6,1.6,0.33,0.33,0.33,0.33,0.33,0.33,0.33,0.33,9.492477097372335,9.463791084777892,9.443861885468529,9.52806656577634,8.011288771969316,8.031535674138176,8.011288771969316,8.021059116393236,13258.6,12955.53888888889,12629.4,13739.0,3013.8,3085.9930555555557,3013.8,3043.4,g,100.0,casa_aislada,100.0,casa_aislada | g | sup_mediana 50 m2 | calef: 13259 kWh | acs: 3014 kWh
110,17,91,0.91,51.1,51.532967032967036,50.0,54.0,1.6,1.5999999999999996,1.6,1.6,1.6,1.5999999999999996,1.6,1.6,0.33,0.32999999999999996,0.33,0.33,0.33,0.32999999999999996,0.33,0.33,9.213933907486313,9.199459707432045,9.058014809426604,9.27837278236801,7.9913554475297435,7.996660271375169,7.974085393729522,8.03378816322624,10035.0,10115.891208791207,8589.0,10703.0,2954.3,2972.2000000000007,2903.7,3082.4,f,100.0,casa_pareada,100.0,casa_pareada | f | sup_mediana 51 m2 | calef: 10035 kWh | acs: 2954 kWh
110,18,152,1.52,53.4,62.7875,49.5,75.825,1.7,1.7,1.7,1.7,1.7,1.7,1.7,1.7,0.38,0.37999999999999995,0.38,0.38,0.38,0.37999999999999995,0.38,0.38,9.406203163796093,9.21816048666064,8.905794501211844,9.759803184344843,8.012496318784574,7.9744454393972894,7.937303265040725,8.277496656110698,12162.6,11972.26052631579,7373.6,17322.225,3017.55,3139.9460526315793,2798.8,3933.5,f,100.0,casa_aislada,100.0,casa_aislada | f | sup_mediana 53 m2 | calef: 12163 kWh | acs: 3018 kWh
110,19,222,2.22,48.2,50.734234234234236,41.8,60.0,1.6,1.5999999999999999,1.6,1.6,1.6,1.5999999999999999,1.6,1.6,0.33,0.32999999999999996,0.33,0.33,0.33,0.32999999999999996,0.33,0.33,9.03875082427544,9.13904182821165,8.809360215804,9.530409161776843,7.945023937409195,7.962958063290727,7.833283216208774,8.112527763478637,8422.25,10028.782882882882,6695.825,13771.224999999999,2820.5,2907.0972972972977,2522.2,3335.0,f,100.0,casa_aislada,100.0,casa_aislada | f | sup_mediana 48 m2 | calef: 8422 kWh | acs: 2820 kWh
110,20,223,2.23,38.6,39.027802690582966,29.6,45.85,1.9,1.8973094170403586,1.9,1.9,1.9,1.8973094170403586,1.9,1.9,0.47,0.4687892376681613,0.47,0.47,0.47,0.4687892376681613,0.47,0.47,6.238519918468505,6.155165932898548,5.088521785211471,7.015864190848863,0.0,0.0,0.0,0.0,511.1,933.0224215246636,161.14999999999998,1113.2,0.0,0.0,0.0,0.0,d,100.0,depto,100.0,depto | d | sup_mediana 39 m2 | calef: 511 kWh | acs: 0 kWh
110,21,179,1.79,49.5,49.07039106145252,45.7,52.3,1.7,1.6999999999999995,1.7,1.7,1.7,1.6999999999999995,1.7,1.7,0.38,0.38000000000000006,0.38,0.38,0.38,0.38000000000000006,0.38,0.38,8.168202930236053,8.179249617170852,7.602450597834346,8.74312574065003,7.967210852449053,7.9525920102957235,7.903670169411904,8.009628910352617,3526.0,4706.435754189944,2003.65,6266.5,2883.8,2860.06312849162,2706.2,3008.8,f,100.0,depto,100.0,depto | f | sup_mediana 50 m2 | calef: 3526 kWh | acs: 2884 kWh
110,22,202,2.02,48.0,48.9009900990099,46.8,52.6,1.6,1.5999999999999999,1.6,1.6,1.6,1.5999999999999999,1.6,1.6,0.33,0.32999999999999996,0.33,0.33,0.33,0.32999999999999996,0.33,0.33,7.89248863832402,7.911107924693208,7.508500858345245,8.280362219943168,7.943392268488734,7.94268986441477,7.901634821548553,8.01271405270911,2676.1000000000004,3170.2608910891086,1822.5,3945.1000000000004,2815.9,2843.8504950495053,2700.85,3018.1,f,100.0,depto,100.0,depto | f | sup_mediana 48 m2 | calef: 2676 kWh | acs: 2816 kWh
110,23,336,3.36,82.9,83.45119047619048,63.1,96.1,1.9,1.9,1.9,1.9,1.9,1.9,1.9,1.9,0.47,0.46999999999999986,0.47,0.47,0.47,0.46999999999999986,0.47,0.47,9.45153099763759,9.481508786814269,9.257461347301842,9.7205451251561,8.17140135168372,8.148977980353488,7.9991750970687425,8.274713903795286,12726.65,14503.005952380952,10481.5,16655.375,3537.3,3515.846726190476,2977.5,3922.4,d,100.0,casa_aislada,100.0,casa_aislada | d | sup_mediana 83 m2 | calef: 12727 kWh | acs: 3537 kWh
110,24,108,1.08,77.7,77.74166666666667,66.8,91.625,1.7,1.699999999999999,1.7,1.7,1.7,1.699999999999999,1.7,1.7,0.38,0.38000000000000006,0.38,0.38,0.38,0.38000000000000006,0.38,0.38,8.934296966266771,8.91494829436929,8.478414997192017,9.159265438654156,8.118057493346821,7.902128330490904,7.904445577924863,8.151035746463986,7586.799999999999,8307.968518518519,4808.85,9501.075,3353.5,2951.6611111111106,2708.3,3466.0,d,100.0,casa_aislada,100.0,casa_aislada | d | sup_mediana 78 m2 | calef: 7587 kWh | acs: 3354 kWh
110,25,3405,34.050000000000004,47.2,46.20716593245228,34.6,51.6,1.9,1.8999999999999997,1.9,1.9,1.9,1.8999999999999997,1.9,1.9,0.47,0.46999999999999986,0.47,0.47,0.47,0.46999999999999986,0.47,0.47,7.778420832830016,7.575166756323261,7.054190557211683,8.408605250999338,7.800818324736988,7.819202959973236,7.526771410199007,7.894877191616883,2387.5,3151.3671659324523,1156.7,4484.5,2441.6,3562.6979148311307,1856.1,2682.5,d,100.0,depto,100.0,depto | d | sup_mediana 47 m2 | calef: 2388 kWh | acs: 2442 kWh
110,26,232,2.32,52.2,51.994396551724144,47.6,55.0,1.7,1.6999999999999995,1.7,1.7,1.7,1.6999999999999995,1.7,1.7,0.38,0.38,0.38,0.38,0.38,0.38,0.38,0.38,7.735083641008102,7.711619561044821,7.261422016682337,8.29572947832493,7.817557817298975,7.824349648775001,7.7788394180182125,7.883031643204163,2286.2,2901.975,1423.3,4005.725,2482.8500000000004,2528.1422413793102,2388.5,2650.9,d,100.0,depto,100.0,depto | d | sup_mediana 52 m2 | calef: 2286 kWh | acs: 2483 kWh
110,27,243,2.4299999999999997,46.1,43.41893004115226,38.6,52.2,1.6,1.6000000000000003,1.6,1.6,1.6,1.6000000000000003,1.6,1.6,0.33,0.33,0.33,0.33,0.33,0.33,0.33,0.33,8.196657294093379,8.039302051073781,7.619929764763478,8.389818294560438,7.934978971562594,7.889842131922043,7.803067492471094,8.039737867125353,3627.8,3615.536625514403,2037.4499999999998,4401.049999999999,2792.3,2719.162551440329,2447.1,3100.8,g,100.0,depto,100.0,depto | g | sup_mediana 46 m2 | calef: 3628 kWh | acs: 2792 kWh
110,28,93,0.9299999999999999,49.8,49.708602150537644,48.6,52.2,1.1,1.0999999999999994,1.1,1.1,1.1,1.0999999999999994,1.1,1.1,0.28,0.28000000000000014,0.28,0.28,0.28,0.28000000000000014,0.28,0.28,8.33226022786578,8.322459445174,8.128585200374497,8.66623369364153,8.00446576036065,7.89122325222515,7.984360512387156,8.040897810547069,4154.8,4703.278494623656,3389.0,5802.6,2993.3,2921.6408602150536,2933.7,3104.4,g,100.0,depto,100.0,depto | g | sup_mediana 50 m2 | calef: 4155 kWh | acs: 2993 kWh
110,29,672,6.72,51.75,53.20699404761905,45.2,57.8,1.9,1.9,1.9,1.9,1.9,1.9,1.9,1.9,0.47,0.46999999999999986,0.47,0.47,0.47,0.46999999999999986,0.47,0.47,8.79828861947321,8.809180590761091,8.615702781944373,9.041708644397433,7.821262081356959,7.813646906109935,7.711817520113238,7.9287663216266955,6621.9,7311.134523809525,5516.625,8447.2,2492.05,2525.296726190476,2233.6,2775.0,d,100.0,casa_pareada,100.0,casa_pareada | d | sup_mediana 52 m2 | calef: 6622 kWh | acs: 2492 kWh
110,30,60,0.6,59.5,62.946666666666665,53.7,72.6,1.7,1.7,1.7,1.7,1.7,1.7,1.7,1.7,0.38,0.3799999999999999,0.38,0.38,0.38,0.3799999999999999,0.38,0.38,7.954600010858952,7.916732330892612,7.672928784118309,8.110253766881682,6.61177218149097,6.631017052234589,6.448426047102152,6.84609261859003,2847.65,2892.031666666667,2148.375,3327.425,742.8,776.2233333333334,633.125,939.2,d,100.0,casa_pareada,100.0,casa_pareada | d | sup_mediana 60 m2 | calef: 2848 kWh | acs: 743 kWh
110,31,169,1.69,58.7,58.36094674556213,55.5,61.3,1.7,1.6999999999999997,1.7,1.7,1.7,1.6999999999999997,1.7,1.7,0.38,0.38,0.38,0.38,0.38,0.38,0.38,0.38,8.744328763999984,8.742302839199187,8.572571132265551,8.929090899254941,7.946299041184127,7.939484406426215,7.904445577924863,7.977830909508058,6274.0,6456.595266272188,5283.7,7547.4,2824.1,2808.7325443786976,2708.3,2914.6,d,100.0,casa_pareada,100.0,casa_pareada | d | sup_mediana 59 m2 | calef: 6274 kWh | acs: 2824 kWh
110,32,64,0.64,44.5,43.84375,42.6,44.5,1.7,1.6999999999999997,1.7,1.7,1.7,1.6999999999999997,1.7,1.7,0.38,0.37999999999999995,0.38,0.38,0.38,0.37999999999999995,0.38,0.38,9.026705904956717,8.963720394923328,8.83350835773157,9.1035118724662,7.882654483963062,7.870580140289467,7.847645343106617,7.882654483963062,8321.4,7899.245312499999,6859.4,8985.800000000001,2649.9,2618.415625,2558.7,2649.9,f,100.0,casa_pareada,100.0,casa_pareada | f | sup_mediana 44 m2 | calef: 8321 kWh | acs: 2650 kWh
110,33,81,0.8099999999999999,46.2,46.17160493827161,46.1,46.2,1.7,1.6999999999999995,1.7,1.7,1.7,1.6999999999999995,1.7,1.7,0.38,0.37999999999999995,0.38,0.38,0.38,0.37999999999999995,0.38,0.38,9.216590797305695,9.220280167456455,9.179623399314123,9.243929874969737,7.912313265567924,7.911865779574623,7.9107373366349965,7.912313265567924,10061.7,10112.922222222222,9696.5,10340.6,2729.7,2728.479012345679,2725.4,2729.7,f,100.0,casa_pareada,100.0,casa_pareada | f | sup_mediana 46 m2 | calef: 10062 kWh | acs: 2730 kWh
110,34,52,0.52,47.0,47.0,47.0,47.0,1.7,1.7000000000000002,1.7,1.7,1.7,1.7000000000000002,1.7,1.7,0.38,0.3799999999999999,0.38,0.38,0.38,0.3799999999999999,0.38,0.38,8.446078040080517,8.450034617449719,8.424348393947481,8.481223915313015,7.775989577440603,7.775989577440604,7.775989577440603,7.775989577440603,4655.8,4679.678846153846,4555.675,4822.35,2381.7,2381.7,2381.7,2381.7,d,100.0,casa_pareada,100.0,casa_pareada | d | sup_mediana 47 m2 | calef: 4656 kWh | acs: 2382 kWh
110,35,57,0.5700000000000001,47.0,47.0,47.0,47.0,1.7,1.7,1.7,1.7,1.7,1.7,1.7,1.7,0.38,0.37999999999999995,0.38,0.38,0.38,0.37999999999999995,0.38,0.38,8.854864708612933,8.86500253341061,8.829050669559226,8.88443016027329,7.775989577440603,7.775989577440604,7.775989577440603,7.775989577440603,7007.4,7086.0701754385955,6828.8,7217.7,2381.7,2381.7000000000003,2381.7,2381.7,d,100.0,casa_pareada,100.0,casa_pareada | d | sup_mediana 47 m2 | calef: 7007 kWh | acs: 2382 kWh
111,-1,576,5.76,55.1,63.87638888888888,49.6,68.225,1.7,2.1363148479427547,1.6,3.0,1.7,2.1363148479427547,1.6,3.0,0.38,0.43200357781753135,0.33,0.6,0.38,0.43200357781753135,0.33,0.6,8.778078785417318,8.10827198370375,7.964677140596038,9.361854247650214,7.98840724169738,7.4724896080803624,7.818470496523107,8.177094386739325,6489.65,7719.923958333334,2876.5,11634.95,2945.6,3356.4953125,2485.1,3557.5,d,54.513888888888886,casa_pareada,58.15972222222222,ruido / observacion atipica
111,0,92,0.9199999999999999,56.5,56.136956521739144,52.3,58.6,0.6,0.6,0.6,0.6,0.6,0.6,0.6,0.6,0.25,0.25,0.25,0.25,0.25,0.25,0.25,0.25,9.520773385953596,8.528565383372392,8.595795475852604,10.402829830680034,8.227108234348146,8.191206240463359,8.167777549159096,8.253383883376012,13640.05,17325.3,5407.95,32951.75,3740.0,3625.526086956521,3524.5,3839.6,i,100.0,depto,47.82608695652174,depto | i | sup_mediana 56 m2 | calef: 13640 kWh | acs: 3740 kWh
111,1,50,0.5,48.3,49.58999999999999,43.0,56.5,4.0,3.9,4.0,4.0,4.0,3.9,4.0,4.0,0.0,0.0,0.0,0.0,0.0,0.0,0.0,0.0,5.274536837882633,5.996198896731596,4.8365081315635905,7.919487932145282,7.6789463956709785,4.579007168328103,0.0,7.87019900564364,194.3,1252.958,125.30000000000001,2752.825,2164.85,1616.4859999999999,0.0,2617.125,a,50.0,depto,80.0,depto | a | sup_mediana 48 m2 | calef: 194 kWh | acs: 2165 kWh
111,2,138,1.38,50.2,48.683333333333344,45.7,51.9,4.0,4.0,4.0,4.0,4.0,4.0,4.0,4.0,0.84,0.84,0.84,0.84,0.84,0.84,0.84,0.84,7.6314801600062205,6.994383613858186,6.9725125261974155,7.917527110884975,8.042844112639443,8.010094915148102,7.9514700205594595,8.063511595985714,2061.1,2393.88115942029,1065.9,2743.9750000000004,3110.45,3021.2260869565216,2838.775,3175.425,b,100.0,depto,73.18840579710145,depto | b | sup_mediana 50 m2 | calef: 2061 kWh | acs: 3110 kWh
111,3,51,0.51,71.3,77.37647058823529,60.7,101.4,4.0,4.0,4.0,4.0,4.0,4.0,4.0,4.0,0.84,0.8400000000000002,0.84,0.84,0.84,0.8400000000000002,0.84,0.84,9.052680207773065,9.017871252016795,8.729539048340989,9.363218904628907,8.153551176561733,8.14994224680786,8.039576657407281,8.364461504342394,8540.4,9140.749019607843,6181.9,11654.35,3474.7,3534.1254901960788,3100.3,4290.8,c,100.0,casa_aislada,100.0,casa_aislada | c | sup_mediana 71 m2 | calef: 8540 kWh | acs: 3475 kWh
111,4,268,2.68,50.9,50.70932835820896,47.6,53.3,4.0,4.0,4.0,4.0,4.0,4.0,4.0,4.0,0.84,0.84,0.84,0.84,0.84,0.84,0.84,0.84,7.240577637060033,6.890340088465961,6.646031366885356,7.873703623600447,7.905515392653845,7.880772455205712,7.8357077463866345,7.941686814175914,1393.9,1928.97276119403,768.725,2626.375,2711.2,2716.396641791045,2528.325,2811.1,c,100.0,depto,100.0,depto | c | sup_mediana 51 m2 | calef: 1394 kWh | acs: 2711 kWh
111,5,56,0.5599999999999999,53.1,51.82857142857142,47.325,53.1,4.0,4.0,4.0,4.0,4.0,4.0,4.0,4.0,0.84,0.84,0.84,0.84,0.84,0.84,0.84,0.84,8.296940320442815,8.33624330704112,8.009866703977355,8.628095825961639,7.939693434382254,7.910830144332818,7.849808806982575,7.939693434382254,4010.7,4530.419642857143,3010.675,5587.1,2805.5,2741.7946428571427,2564.25,2805.5,c,100.0,casa_pareada,100.0,casa_pareada | c | sup_mediana 53 m2 | calef: 4011 kWh | acs: 2806 kWh
111,6,211,2.11,55.5,55.56398104265403,49.9,60.0,4.0,4.0,4.0,4.0,4.0,4.0,4.0,4.0,0.84,0.8400000000000001,0.84,0.84,0.84,0.8400000000000001,0.84,0.84,0.0,0.05429762071566807,0.0,0.0,7.8582541821860294,7.879620588791598,7.792761720816526,7.925193664861139,0.0,0.13981042654028436,0.0,0.0,2586.0,2680.534123222749,2422.0,2765.1,a,100.0,depto,100.0,depto | a | sup_mediana 56 m2 | calef: 0 kWh | acs: 2586 kWh
111,7,221,2.21,55.4,54.433936651583714,50.5,59.5,4.0,4.0,4.0,4.0,4.0,4.0,4.0,4.0,0.84,0.8400000000000001,0.84,0.84,0.84,0.8400000000000001,0.84,0.84,6.164997597868857,5.974907258422962,5.080783053998338,6.926380743105302,7.855118230410703,7.810769215721898,7.775317844764939,7.914617709040679,474.8,706.40407239819,159.9,1017.8,2577.9,2502.2402714932127,2380.1,2736.0,a,100.0,depto,100.0,depto | a | sup_mediana 55 m2 | calef: 475 kWh | acs: 2578 kWh
111,8,121,1.21,45.7,48.969421487603306,30.8,54.8,1.0,1.0,1.0,1.0,1.0,1.0,1.0,1.0,0.0,0.0,0.0,0.0,0.0,0.0,0.0,0.0,7.256156086468624,7.1070166680041185,6.585757776115236,7.9225510815571365,7.699211637677026,7.057416045684784,7.294581082871363,8.030632404136686,1415.8,1944.5330578512396,723.7,2757.8,2207.25,2460.3830508474575,1471.3,3073.75,d,100.0,depto,100.0,depto | d | sup_mediana 46 m2 | calef: 1416 kWh | acs: 2207 kWh
111,9,50,0.5,53.0,55.73,46.0,59.225,1.0,1.0,1.0,1.0,1.0,1.0,1.0,1.0,0.0,0.0,0.0,0.0,0.0,0.0,0.0,0.0,8.737179389102957,8.708653895601266,8.403092870408566,8.92064978904282,7.869363485546751,7.800881080420818,7.744872924952113,7.935480045302498,6229.299999999999,6756.907999999999,4459.925,7484.05,2614.9,2565.416,2308.7,2793.7,d,100.0,casa_pareada,100.0,casa_pareada | d | sup_mediana 53 m2 | calef: 6229 kWh | acs: 2615 kWh
111,10,54,0.54,87.4,84.78703703703704,82.625,91.925,1.0,1.0,1.0,1.0,1.0,1.0,1.0,1.0,0.0,0.0,0.0,0.0,0.0,0.0,0.0,0.0,9.45482806557661,9.419879722289389,9.207919932209904,9.669737914967284,8.220725975683184,8.166424902345305,8.17624772882566,8.252224226122012,12768.75,12965.22037037037,9974.825,15830.199999999999,3716.2,3572.422222222223,3554.5249999999996,3835.15,d,100.0,casa_aislada,100.0,casa_aislada | d | sup_mediana 87 m2 | calef: 12769 kWh | acs: 3716 kWh
111,11,72,0.72,48.2,47.915277777777774,42.5,51.9,3.0,3.0,3.0,3.0,3.0,3.0,3.0,3.0,0.6,0.6,0.6,0.6,0.6,0.6,0.6,0.6,8.316383262930543,8.373748147047483,8.128407610247296,8.636982813515303,8.000885904081008,7.988575905850954,7.900932975174727,8.058580439097181,4089.3500000000004,5334.6208333333325,3388.65,5635.349999999999,2982.6,2958.4944444444445,2698.8,3159.8,b,100.0,depto,48.61111111111111,depto | b | sup_mediana 48 m2 | calef: 4089 kWh | acs: 2983 kWh
111,12,215,2.15,50.1,52.447906976744186,44.25,56.599999999999994,3.0,3.0,3.0,3.0,3.0,3.0,3.0,3.0,0.6,0.5999999999999998,0.6,0.6,0.6,0.5999999999999998,0.6,0.6,7.135209525883432,6.551091000372928,6.32775116254354,7.673348592667709,7.881824232575647,7.245323708089132,7.72295854804276,7.956862147746407,1254.4,1615.9939534883722,558.9,2149.3,2647.7,3219.9944186046514,2258.65,2854.1,c,100.0,depto,100.0,depto | c | sup_mediana 50 m2 | calef: 1254 kWh | acs: 2648 kWh
111,13,143,1.43,48.7,58.65104895104896,46.1,64.4,1.7,1.6999999999999995,1.7,1.7,1.7,1.6999999999999995,1.7,1.7,0.38,0.37999999999999995,0.38,0.38,0.38,0.37999999999999995,0.38,0.38,9.459073694289389,9.37658591538998,9.113051473436808,9.5615815798739,7.914435010583973,8.019280241449641,7.870662385484872,8.12358748182052,12823.0,12457.931468531468,9073.85,14207.3,2735.5,3100.4041958041958,2618.3,3372.1,e,100.0,casa_aislada,100.0,casa_aislada | e | sup_mediana 49 m2 | calef: 12823 kWh | acs: 2736 kWh
111,14,449,4.49,51.2,50.20289532293987,45.1,57.8,1.7,1.6999999999999993,1.7,1.7,1.7,1.6999999999999993,1.7,1.7,0.38,0.38,0.38,0.38,0.38,0.38,0.38,0.38,7.807794670270241,7.489184415876486,7.154771594707903,8.44141305274025,7.969841886300797,7.966846580265038,7.880048200971577,8.044080734770414,2458.7,3207.8106904231627,1279.2,4634.1,2891.4,3096.8055679287304,2643.0,3114.3,e,100.0,depto,100.0,depto | e | sup_mediana 51 m2 | calef: 2459 kWh | acs: 2891 kWh
111,15,192,1.92,47.0,49.884375,44.3,52.5,1.7,1.6999999999999995,1.7,1.7,1.7,1.6999999999999995,1.7,1.7,0.38,0.37999999999999995,0.38,0.38,0.38,0.37999999999999995,0.38,0.38,8.874667629335523,8.77453702780884,8.531516763564204,9.120839017312917,7.885592560507808,7.857238870134822,7.838422176800799,7.958409758096169,7148.0,7054.378125,5071.225,9142.875,2657.7,2654.8072916666665,2535.2,2858.575,e,100.0,casa_pareada,100.0,casa_pareada | e | sup_mediana 47 m2 | calef: 7148 kWh | acs: 2658 kWh
111,16,236,2.36,50.0,50.84110169491525,49.175000000000004,53.824999999999996,3.0,3.0,3.0,3.0,3.0,3.0,3.0,3.0,0.6,0.5999999999999999,0.6,0.6,0.6,0.5999999999999999,0.6,0.6,8.437875502347671,8.338985908000117,8.044199285875791,8.707300930739752,7.824384509049404,7.831965379254592,7.81216555147326,7.881625972413384,4618.1,4721.723305084746,3114.675,6045.9,2499.85,2527.041101694915,2469.4750000000004,2647.175,d,100.0,depto,100.0,depto | d | sup_mediana 50 m2 | calef: 4618 kWh | acs: 2500 kWh
111,17,295,2.9499999999999997,46.2,49.7135593220339,44.5,52.0,1.7,1.6999999999999995,1.7,1.7,1.7,1.6999999999999995,1.7,1.7,0.38,0.3799999999999999,0.38,0.38,0.38,0.3799999999999999,0.38,0.38,9.119594758669438,9.04967450152365,8.823000013726565,9.255571830505108,7.912313265567924,7.955660447574016,7.882654483963062,8.004064918587572,9131.5,9108.219322033898,6787.6,10461.7,2729.7,2868.4966101694913,2649.9,2992.1,f,100.0,casa_pareada,100.0,casa_pareada | f | sup_mediana 46 m2 | calef: 9132 kWh | acs: 2730 kWh
111,18,54,0.54,50.4,51.507407407407406,50.0,54.0,1.6,1.5999999999999994,1.6,1.6,1.6,1.5999999999999994,1.6,1.6,0.33,0.32999999999999985,0.33,0.33,0.33,0.32999999999999985,0.33,0.33,9.208403497432599,9.19199549918001,9.087820670632953,9.274886382357163,7.980159139479694,7.996597604363675,7.974085393729522,8.03378816322624,9979.650000000001,9960.816666666666,8845.925,10665.75,2921.45,2971.5203703703705,2903.7,3082.4,f,100.0,casa_pareada,100.0,casa_pareada | f | sup_mediana 50 m2 | calef: 9980 kWh | acs: 2921 kWh
111,19,245,2.45,46.1,43.467755102040826,38.2,52.2,1.6,1.6,1.6,1.6,1.6,1.6,1.6,1.6,0.33,0.32999999999999996,0.33,0.33,0.33,0.32999999999999996,0.33,0.33,8.130589090948991,8.05185896467714,7.612979240767531,8.443869526997394,7.914106069223941,7.88596094742343,7.799302396965376,8.011786193677105,3395.8,3728.945714285714,2023.3,4645.5,2734.6,2703.8551020408163,2437.9,3015.3,g,100.0,depto,100.0,depto | g | sup_mediana 46 m2 | calef: 3396 kWh | acs: 2735 kWh
111,20,94,0.9400000000000001,49.8,50.34680851063829,48.6,49.9,1.1,1.0999999999999994,1.1,1.1,1.1,1.0999999999999994,1.1,1.1,0.28,0.28000000000000014,0.28,0.28,0.28,0.28000000000000014,0.28,0.28,8.260233205252108,8.235491466103047,7.915238634239144,8.579345677231665,8.00446576036065,7.948577860963761,7.985177978967643,8.03304814965349,3866.0,4211.458510638297,2737.7,5319.625,2993.3,2967.504255319148,2936.1,3080.3250000000003,g,100.0,depto,100.0,depto | g | sup_mediana 50 m2 | calef: 3866 kWh | acs: 2993 kWh
111,21,216,2.16,38.6,38.20740740740741,29.4,44.775000000000006,1.9,1.897222222222222,1.9,1.9,1.9,1.897222222222222,1.9,1.9,0.47,0.4687499999999999,0.47,0.47,0.47,0.4687499999999999,0.47,0.47,5.998191867857408,6.116044705424058,5.0632277442154265,7.109254406536448,0.0,0.0,0.0,0.0,401.7,913.5810185185185,157.1,1222.3,0.0,0.0,0.0,0.0,d,100.0,depto,100.0,depto | d | sup_mediana 39 m2 | calef: 402 kWh | acs: 0 kWh
111,22,152,1.52,49.5,48.866447368421056,43.525,52.3,1.7,1.7,1.7,1.7,1.7,1.7,1.7,1.7,0.38,0.37999999999999995,0.38,0.38,0.38,0.37999999999999995,0.38,0.38,8.400253300701078,8.213169502265814,7.483552797774703,8.751666261217911,7.966742663266428,7.950549502433032,7.865587663756814,8.009628910352617,4447.2,4928.449342105263,1777.6000000000001,6320.25,2882.45,2850.8671052631576,2605.05,3008.8,f,100.0,depto,100.0,depto | f | sup_mediana 50 m2 | calef: 4447 kWh | acs: 2882 kWh
111,23,210,2.1,48.0,48.144761904761914,45.550000000000004,52.2,1.6,1.6,1.6,1.6,1.6,1.6,1.6,1.6,0.33,0.32999999999999996,0.33,0.33,0.33,0.32999999999999996,0.33,0.33,7.932645445985904,7.939363302929782,7.553534139434495,8.28624748354661,7.943392268488734,7.930623452182296,7.895473250197285,8.007433665832245,2785.8,3220.4638095238097,1906.525,3967.925,2815.9,2822.712857142857,2684.1,3002.2,f,100.0,depto,100.0,depto | f | sup_mediana 48 m2 | calef: 2786 kWh | acs: 2816 kWh
111,24,149,1.49,57.5,65.73825503355705,51.3,80.0,1.7,1.6999999999999997,1.7,1.7,1.7,1.6999999999999997,1.7,1.7,0.38,0.37999999999999995,0.38,0.38,0.38,0.37999999999999995,0.38,0.38,9.257405239152513,9.180119897925987,8.888494644537131,9.711170203855668,8.078067881815437,7.994703529953651,7.937303265040725,8.313312906282874,10480.9,11504.01677852349,7247.1,16499.9,3222.0,3228.96577181208,2798.8,4076.8,f,100.0,casa_aislada,100.0,casa_aislada | f | sup_mediana 58 m2 | calef: 10481 kWh | acs: 3222 kWh
111,25,71,0.7100000000000001,50.3,50.61408450704227,50.3,50.3,1.6,1.5999999999999994,1.6,1.6,1.6,1.5999999999999994,1.6,1.6,0.33,0.32999999999999985,0.33,0.33,0.33,0.32999999999999985,0.33,0.33,9.497329704539084,9.470465529135726,9.443861885468529,9.544631660629822,8.011288771969316,8.015398024649377,8.011288771969316,8.011288771969316,13323.1,13039.181690140846,12629.4,13968.5,3013.8,3027.8084507042245,3013.8,3013.8,g,100.0,casa_aislada,100.0,casa_aislada | g | sup_mediana 50 m2 | calef: 13323 kWh | acs: 3014 kWh
111,26,107,1.0699999999999998,44.8,50.03831775700935,42.650000000000006,48.7,1.1,1.0999999999999996,1.1,1.1,1.1,1.0999999999999996,1.1,1.1,0.28,0.28000000000000014,0.28,0.28,0.28,0.28000000000000014,0.28,0.28,9.713035028842244,9.670923120643293,9.647513841287644,9.757822825803032,7.920010521993716,7.976944004306862,7.88205009200635,7.986436932161368,16530.7,16012.566355140189,15482.25,17287.949999999997,2750.8,2955.3794392523364,2648.3,2939.8,g,100.0,casa_aislada,100.0,casa_aislada | g | sup_mediana 45 m2 | calef: 16531 kWh | acs: 2751 kWh
111,27,100,1.0,77.8,80.107,74.6,91.725,1.7,1.699999999999999,1.7,1.7,1.7,1.699999999999999,1.7,1.7,0.38,0.38000000000000006,0.38,0.38,0.38,0.38000000000000006,0.38,0.38,8.93535030508081,8.850777592474131,8.414754162350324,9.245195773571666,8.048500702250562,7.801885689510331,7.080026499922591,8.160375380129594,7594.799999999999,7852.923000000001,4512.174999999999,10353.725,3128.1,2750.759,1187.0,3498.5,d,100.0,casa_aislada,100.0,casa_aislada | d | sup_mediana 78 m2 | calef: 7595 kWh | acs: 3128 kWh
111,28,338,3.38,83.80000000000001,85.95798816568048,63.1,101.1,1.9,1.9000000000000001,1.9,1.9,1.9,1.9000000000000001,1.9,1.9,0.47,0.46999999999999986,0.47,0.47,0.47,0.46999999999999986,0.47,0.47,9.494146168434696,9.490256681204114,9.242691642132737,9.78266564417172,8.189272287704782,8.16579783574028,7.9991750970687425,8.307319278589533,13280.75,14557.716863905327,10327.825,17723.100000000002,3601.1,3581.2523668639055,2977.5,4052.475,d,100.0,casa_aislada,100.0,casa_aislada | d | sup_mediana 84 m2 | calef: 13281 kWh | acs: 3601 kWh
111,29,254,2.54,51.4,51.70433070866142,47.6,54.0,1.7,1.6999999999999997,1.7,1.7,1.7,1.6999999999999997,1.7,1.7,0.38,0.37999999999999995,0.38,0.38,0.38,0.37999999999999995,0.38,0.38,7.837708387297507,7.81372222261044,7.362946258673173,8.39607088721962,7.81375322137086,7.815457033647403,7.786468746500926,7.879669914604289,2533.4,3178.587795275591,1575.475,4428.65,2473.4,2514.605118110236,2406.8,2642.0,d,100.0,depto,100.0,depto | d | sup_mediana 51 m2 | calef: 2533 kWh | acs: 2473 kWh
111,30,3407,34.07,47.2,45.95682418550044,34.6,51.4,1.9,1.8999999999999997,1.9,1.9,1.9,1.8999999999999997,1.9,1.9,0.47,0.4699999999999998,0.47,0.47,0.47,0.4699999999999998,0.47,0.47,7.774897782589561,7.587541329178522,7.073141727796215,8.410231352529188,7.8003269242357,7.831451121539994,7.536310602226531,7.894877191616883,2379.1,3123.746639272087,1178.85,4491.8,2440.4,3501.4664707610928,1873.9,2682.5,d,100.0,depto,100.0,depto | d | sup_mediana 47 m2 | calef: 2379 kWh | acs: 2440 kWh
111,31,644,6.4399999999999995,51.9,53.256211180124225,45.7,58.6,1.9,1.9,1.9,1.9,1.9,1.9,1.9,1.9,0.47,0.4699999999999998,0.47,0.47,0.47,0.4699999999999998,0.47,0.47,8.811882978079923,8.804321413692305,8.589691362643304,9.046694063669364,7.828715093704554,7.819322238173384,7.741533589281828,7.935480045302498,6712.55,7300.941304347825,5374.975,8489.425,2510.7,2538.7692546583853,2301.0,2793.7,d,100.0,casa_pareada,100.0,casa_pareada | d | sup_mediana 52 m2 | calef: 6713 kWh | acs: 2511 kWh
111,32,63,0.63,63.9,63.225396825396814,51.6,72.6,1.7,1.7000000000000002,1.7,1.7,1.7,1.7000000000000002,1.7,1.7,0.38,0.37999999999999984,0.38,0.38,0.38,0.37999999999999984,0.38,0.38,7.8781932289267385,7.868797860030278,7.653796104080629,8.040020952317153,6.773423566186845,6.645635589966443,6.294343066441045,6.84609261859003,2638.1,2699.9238095238097,2107.6499999999996,3101.9,873.3,793.4111111111113,540.5,939.2,d,100.0,casa_pareada,100.0,casa_pareada | d | sup_mediana 64 m2 | calef: 2638 kWh | acs: 873 kWh
111,33,96,0.96,41.4,41.41666666666666,41.2,41.8,1.6,1.5999999999999999,1.6,1.6,1.6,1.5999999999999999,1.6,1.6,0.33,0.33,0.33,0.33,0.33,0.33,0.33,0.33,9.55620525537794,9.575676487441045,9.520561738425066,9.653326030831527,7.8235658956194145,7.818388507875839,7.779759689144819,7.833283216208774,14131.15,14454.416666666664,13636.3,15572.5,2497.8,2486.9343750000003,2390.7,2522.2,f,100.0,casa_aislada,100.0,casa_aislada | f | sup_mediana 41 m2 | calef: 14131 kWh | acs: 2498 kWh
111,34,82,0.8200000000000001,51.849999999999994,51.47073170731706,44.25,54.4,1.6,1.5999999999999999,1.6,1.6,1.6,1.5999999999999999,1.6,1.6,0.33,0.32999999999999996,0.33,0.33,0.33,0.32999999999999996,0.33,0.33,8.866848225364892,8.886590740573222,8.802638694966559,8.97704724980737,8.001946625396815,7.989847373452984,7.877583661556747,8.038770218757747,7091.9,7298.590243902438,6650.775,7918.425,2986.5,2962.289024390244,2636.65,3097.8,f,100.0,casa_aislada,100.0,casa_aislada | f | sup_mediana 52 m2 | calef: 7092 kWh | acs: 2986 kWh
111,35,97,0.97,55.5,57.22474226804124,55.5,58.7,1.7,1.6999999999999995,1.7,1.7,1.7,1.6999999999999995,1.7,1.7,0.38,0.38,0.38,0.38,0.38,0.38,0.38,0.38,8.884540977411273,8.8711502626184,8.806963082856367,8.998272755409086,7.904445577924863,7.926471820426525,7.904445577924863,7.946299041184127,7218.5,7224.372164948453,6679.6,8088.1,2708.3,2769.948453608247,2708.3,2824.1,d,100.0,casa_pareada,100.0,casa_pareada | d | sup_mediana 56 m2 | calef: 7218 kWh | acs: 2708 kWh
111,36,79,0.79,47.0,47.0,47.0,47.0,1.7,1.6999999999999995,1.7,1.7,1.7,1.6999999999999995,1.7,1.7,0.38,0.37999999999999984,0.38,0.38,0.38,0.37999999999999984,0.38,0.38,8.459860644768993,8.465295257977353,8.424496369283172,8.510530931797444,7.775989577440603,7.775989577440599,7.775989577440603,7.775989577440603,4720.4,4754.799999999999,4556.35,4965.799999999999,2381.7,2381.700000000001,2381.7,2381.7,d,100.0,casa_pareada,100.0,casa_pareada | d | sup_mediana 47 m2 | calef: 4720 kWh | acs: 2382 kWh
111,37,52,0.52,47.0,47.0,47.0,47.0,1.7,1.7000000000000002,1.7,1.7,1.7,1.7000000000000002,1.7,1.7,0.38,0.3799999999999999,0.38,0.38,0.38,0.3799999999999999,0.38,0.38,8.86377001128578,8.872043828419192,8.838115135501008,8.913526719118751,7.775989577440603,7.775989577440604,7.775989577440603,7.775989577440603,7070.1,7135.78846153846,6891.0,7430.825000000001,2381.7,2381.7,2381.7,2381.7,d,100.0,casa_pareada,100.0,casa_pareada | d | sup_mediana 47 m2 | calef: 7070 kWh | acs: 2382 kWh
112,-1,664,6.64,54.9,60.73900602409638,48.2,66.7,3.0,2.568412942989214,1.7,4.0,3.0,2.568412942989214,1.7,4.0,0.38,0.4497226502311248,0.33,0.6,0.38,0.4497226502311248,0.33,0.6,8.65665915811634,7.725080826080868,7.496271118463533,9.436452522759183,7.980809383390553,7.2033338334652735,7.765378028108893,8.170355417755697,5747.3,7514.654969879519,1800.35,12536.175,2923.3,3470.1522590361446,2356.55,3533.6,d,35.24096385542169,casa_pareada,39.90963855421687,ruido / observacion atipica
112,0,52,0.52,58.6,56.48076923076923,58.6,58.6,0.6,0.6000000000000001,0.6,0.6,0.6,0.6000000000000001,0.6,0.6,0.25,0.25,0.25,0.25,0.25,0.25,0.25,0.25,10.405996522228286,10.244063951917736,10.38825110094871,10.417206422542137,8.253383883376012,8.1978494131406,8.253383883376012,8.253383883376012,33056.3,29467.749999999996,32474.825,33429.075,3839.6,3659.813461538462,3839.6,3839.6,i,100.0,casa_pareada,100.0,casa_pareada | i | sup_mediana 59 m2 | calef: 33056 kWh | acs: 3840 kWh
112,1,57,0.5700000000000001,55.6,55.49122807017544,52.3,56.5,0.6,0.6000000000000001,0.6,0.6,0.6,0.6000000000000001,0.6,0.6,0.25,0.25,0.25,0.25,0.25,0.25,0.25,0.25,8.902591637374087,7.472711589330898,8.361638192661237,9.037794873425064,8.167777549159096,8.189679319755413,8.167777549159096,8.217735389751635,7350.0,6338.243859649122,4278.7,8414.2,3524.5,3608.515789473684,3524.5,3705.1,i,100.0,depto,100.0,depto | i | sup_mediana 56 m2 | calef: 7350 kWh | acs: 3524 kWh
112,2,168,1.68,49.8,48.54047619047619,46.1,51.4,4.0,4.0,4.0,4.0,4.0,4.0,4.0,4.0,0.84,0.8400000000000001,0.84,0.84,0.84,0.8400000000000001,0.84,0.84,7.493969071313641,7.182708087221559,7.019774623622349,7.887235173854027,8.03157853132902,7.998131585524399,7.95665068612314,8.050990330092523,1796.2,2533.8678571428572,1117.625,2663.075,3075.6,2984.392261904762,2853.525,3135.9,b,100.0,depto,76.19047619047619,depto | b | sup_mediana 50 m2 | calef: 1796 kWh | acs: 3076 kWh
112,3,259,2.59,50.8,50.13976833976834,47.3,53.0,4.0,4.0,4.0,4.0,4.0,4.0,4.0,4.0,0.84,0.84,0.84,0.84,0.84,0.84,0.84,0.84,7.1284157500025405,6.840429925557201,6.493753107453302,7.71637151487003,7.905515392653845,7.874092842691532,7.835618787208908,7.9377674761579895,1245.9,1637.207722007722,660.0,2243.8,2711.2,2686.079150579151,2528.1,2800.1,c,100.0,depto,100.0,depto | c | sup_mediana 51 m2 | calef: 1246 kWh | acs: 2711 kWh
112,4,74,0.74,53.1,51.57972972972973,47.4,53.1,4.0,4.0,4.0,4.0,4.0,4.0,4.0,4.0,0.84,0.8400000000000001,0.84,0.84,0.84,0.8400000000000001,0.84,0.84,8.170870786031845,8.27804597092402,7.939980721004119,8.571642405012907,7.939693434382254,7.90791173762556,7.851077349907323,7.939693434382254,3538.3,4253.585135135135,2806.5249999999996,5278.875,2805.5,2732.798648648649,2567.5,2805.5,c,100.0,casa_pareada,100.0,casa_pareada | c | sup_mediana 53 m2 | calef: 3538 kWh | acs: 2806 kWh
112,5,229,2.29,54.5,53.58427947598253,50.5,55.6,4.0,4.0,4.0,4.0,4.0,4.0,4.0,4.0,0.84,0.8400000000000001,0.84,0.84,0.84,0.8400000000000001,0.84,0.84,6.166467723094256,6.011219618146544,5.196284640982885,6.883257647381737,7.84290701849721,7.7680179643399185,7.737659892896942,7.8766005095911815,475.5,691.6218340611354,179.6,974.8,2546.6,2415.288209606987,2292.1,2633.9,a,100.0,depto,100.0,depto | a | sup_mediana 54 m2 | calef: 476 kWh | acs: 2547 kWh
112,6,197,1.97,54.2,53.40710659898477,47.0,59.5,4.0,4.0,4.0,4.0,4.0,4.0,4.0,4.0,0.84,0.8400000000000001,0.84,0.84,0.84,0.8400000000000001,0.84,0.84,0.0,0.02557981091851862,0.0,0.0,7.838974031440529,7.836949629063133,7.728327747797321,7.910333792780812,0.0,0.04416243654822335,0.0,0.0,2536.6,2580.189847715736,2270.8,2724.3,a,100.0,depto,100.0,depto | a | sup_mediana 54 m2 | calef: 0 kWh | acs: 2537 kWh
112,7,85,0.8500000000000001,73.7,71.13294117647058,53.2,87.4,1.0,1.0,1.0,1.0,1.0,1.0,1.0,1.0,0.0,0.0,0.0,0.0,0.0,0.0,0.0,0.0,9.313708904953216,9.2162003914621,8.856717907335728,9.641713613792115,8.072654559321935,8.006584389303576,7.869363485546751,8.220725975683184,11088.0,11116.188235294117,7020.4,15392.7,3204.6,3104.8458823529413,2614.9,3716.2,d,100.0,casa_aislada,58.82352941176471,casa_aislada | d | sup_mediana 74 m2 | calef: 11088 kWh | acs: 3205 kWh
112,8,137,1.37,42.7,49.25839416058394,30.9,54.7,1.0,1.0,1.0,1.0,1.0,1.0,1.0,1.0,0.0,0.0,0.0,0.0,0.0,0.0,0.0,0.0,7.1035687426243905,7.118020790859636,6.534224789404319,7.9654066745951475,7.76156873666061,7.232408658719198,7.406953566507148,8.130235754863813,1215.3,2038.99197080292,687.3,2878.6,2348.25,2564.0067164179104,1646.4,3394.6,d,100.0,depto,100.0,depto | d | sup_mediana 43 m2 | calef: 1215 kWh | acs: 2348 kWh
112,9,217,2.17,50.1,52.08341013824885,45.4,55.2,3.0,3.0,3.0,3.0,3.0,3.0,3.0,3.0,0.6,0.5999999999999999,0.6,0.6,0.6,0.5999999999999999,0.6,0.6,7.203256700486049,6.73334711177265,6.550937467695494,7.842749995650064,7.877017895622398,7.399693312551792,7.746776122031626,7.95338864285936,1342.8,1750.2608294930874,698.9,2546.2,2635.0,2723.5534562211988,2313.1,2844.2,c,100.0,depto,100.0,depto | c | sup_mediana 50 m2 | calef: 1343 kWh | acs: 2635 kWh
112,10,156,1.5599999999999998,48.3,59.83397435897436,46.1,66.4,1.7,1.6999999999999995,1.7,1.7,1.7,1.6999999999999995,1.7,1.7,0.38,0.3799999999999999,0.38,0.38,0.38,0.3799999999999999,0.38,0.38,9.443526777373485,9.36254059993013,9.124108655012947,9.559383265771247,7.907982665728846,8.01584872946228,7.870662385484872,8.129150514599601,12625.3,12193.483333333334,9172.825,14176.1,2717.9,3110.099358974359,2618.3,3391.075,e,100.0,casa_aislada,100.0,casa_aislada | e | sup_mediana 48 m2 | calef: 12625 kWh | acs: 2718 kWh
112,11,399,3.9899999999999998,50.5,48.70751879699248,42.650000000000006,57.65,1.7,1.6999999999999993,1.7,1.7,1.7,1.6999999999999993,1.7,1.7,0.38,0.38,0.38,0.38,0.38,0.38,0.38,0.38,7.7420113205019625,7.4567058884746045,7.156837310706924,8.36436829901098,7.963355677056955,7.953653535307679,7.843727633892245,8.044080734770414,2302.1,3049.594486215539,1281.85,4290.4,2872.7,3049.3644110275686,2548.7,3114.3,e,100.0,depto,100.0,depto | e | sup_mediana 50 m2 | calef: 2302 kWh | acs: 2873 kWh
112,12,165,1.6500000000000001,47.0,51.115151515151524,47.0,54.3,1.7,1.6999999999999993,1.7,1.7,1.7,1.6999999999999993,1.7,1.7,0.38,0.37999999999999995,0.38,0.38,0.38,0.37999999999999995,0.38,0.38,8.912096048152723,8.765268653494761,8.521085606131582,9.081870434264655,7.885592560507808,7.85700012455661,7.838422176800799,7.968942574559511,7420.2,6980.119393939395,5018.5,8793.4,2657.7,2663.538787878788,2535.2,2888.8,e,100.0,casa_pareada,100.0,casa_pareada | e | sup_mediana 47 m2 | calef: 7420 kWh | acs: 2658 kWh
112,13,218,2.18,49.9,50.85366972477063,49.2,53.9,3.0,3.0,3.0,3.0,3.0,3.0,3.0,3.0,0.6,0.5999999999999998,0.6,0.6,0.6,0.5999999999999998,0.6,0.6,8.398245968269261,8.291934587604118,7.9583268763545485,8.688600036318222,7.822685085216951,7.830444994938662,7.81249960695592,7.882050733142866,4438.299999999999,4607.07752293578,2858.825,5933.875,2495.6,2522.988073394495,2470.3,2648.3,d,100.0,depto,100.0,depto | d | sup_mediana 50 m2 | calef: 4438 kWh | acs: 2496 kWh
112,14,261,2.6100000000000003,46.2,48.68199233716475,44.5,51.6,1.7,1.6999999999999997,1.7,1.7,1.7,1.6999999999999997,1.7,1.7,0.38,0.3799999999999999,0.38,0.38,0.38,0.3799999999999999,0.38,0.38,9.153367823215191,9.063391011844873,8.82679329916895,9.27697980964229,7.912313265567924,7.944580216748423,7.882654483963062,7.999443652577423,9445.2,9214.530268199234,6813.4,10688.1,2729.7,2830.8674329501923,2649.9,2978.3,f,100.0,casa_pareada,100.0,casa_pareada | f | sup_mediana 46 m2 | calef: 9445 kWh | acs: 2730 kWh
112,15,58,0.58,51.1,51.47241379310345,50.0,54.0,1.6,1.5999999999999996,1.6,1.6,1.6,1.5999999999999996,1.6,1.6,0.33,0.32999999999999996,0.33,0.33,0.33,0.32999999999999996,0.33,0.33,9.187289775413825,9.157737891975641,8.966575293644416,9.263723254459643,7.9913554475297435,7.995335473328993,7.974085393729522,8.03378816322624,9771.25,9745.594827586207,7836.05,10547.349999999999,2954.3,2968.9051724137926,2903.7,3082.4,f,100.0,casa_pareada,100.0,casa_pareada | f | sup_mediana 51 m2 | calef: 9771 kWh | acs: 2954 kWh
112,16,67,0.67,50.3,53.47014925373136,50.3,50.3,1.6,1.5999999999999996,1.6,1.6,1.6,1.5999999999999996,1.6,1.6,0.33,0.32999999999999996,0.33,0.33,0.33,0.32999999999999996,0.33,0.33,9.52806656577634,9.506297754933732,9.464135567104794,9.546312483555713,8.011288771969316,8.037337675274577,8.011288771969316,8.011288771969316,13739.0,13482.785074626865,12888.099999999999,13992.0,3013.8,3118.834328358208,3013.8,3013.8,g,100.0,casa_aislada,100.0,casa_aislada | g | sup_mediana 50 m2 | calef: 13739 kWh | acs: 3014 kWh
112,17,108,1.08,48.7,48.7712962962963,42.7,48.7,1.1,1.0999999999999996,1.1,1.1,1.1,1.0999999999999996,1.1,1.1,0.28,0.28000000000000014,0.28,0.28,0.28,0.28000000000000014,0.28,0.28,9.741277369113275,9.713934980921135,9.675177159577535,9.773837480757592,7.986436932161368,7.97508037731307,7.883182467079869,7.986436932161368,17004.25,16617.08148148148,15916.550000000001,17567.075,2939.8,2926.510185185185,2651.3,2939.8,g,100.0,casa_aislada,100.0,casa_aislada | g | sup_mediana 49 m2 | calef: 17004 kWh | acs: 2940 kWh
112,18,208,2.08,38.6,39.12019230769231,30.2,45.6,1.9,1.8951923076923074,1.9,1.9,1.9,1.8951923076923074,1.9,1.9,0.47,0.46783653846153833,0.47,0.47,0.47,0.46783653846153833,0.47,0.47,5.632286472951131,5.990418469393566,5.0447146077491185,6.9170122413609905,0.0,0.0,0.0,0.0,278.3,852.7173076923077,154.2,1008.3,0.0,0.0,0.0,0.0,d,100.0,depto,100.0,depto | d | sup_mediana 39 m2 | calef: 278 kWh | acs: 0 kWh
112,19,165,1.6500000000000001,57.3,65.0569696969697,51.3,80.0,1.7,1.6999999999999993,1.7,1.7,1.7,1.6999999999999993,1.7,1.7,0.38,0.37999999999999995,0.38,0.38,0.38,0.37999999999999995,0.38,0.38,9.309198794768879,9.239971711246326,9.013254354981262,9.74853988853467,8.078067881815437,8.043584982368076,7.966760113055467,8.313410993580648,11038.1,12148.82909090909,8210.2,17128.2,3222.0,3306.1624242424245,2882.5,4077.2,f,100.0,casa_aislada,100.0,casa_aislada | f | sup_mediana 57 m2 | calef: 11038 kWh | acs: 3222 kWh
112,20,666,6.660000000000001,51.0,52.453453453453456,44.625,57.8,1.9,1.9000000000000001,1.9,1.9,1.9,1.9000000000000001,1.9,1.9,0.47,0.46999999999999986,0.47,0.47,0.47,0.46999999999999986,0.47,0.47,8.821024156784501,8.81437822791065,8.631628349416488,9.03168147761692,7.817222785508166,7.8074297920858005,7.694529405320707,7.916148882320581,6774.200000000001,7309.730480480481,5605.200000000001,8362.925,2482.0,2504.374024024024,2195.3,2740.2,d,100.0,casa_pareada,100.0,casa_pareada | d | sup_mediana 51 m2 | calef: 6774 kWh | acs: 2482 kWh
112,21,101,1.01,77.8,81.33168316831683,74.9,91.8,1.7,1.699999999999999,1.7,1.7,1.7,1.699999999999999,1.7,1.7,0.38,0.3800000000000001,0.38,0.38,0.38,0.3800000000000001,0.38,0.38,8.953872688454476,8.884683933155111,8.475245563608473,9.174837538933527,8.119071057563332,7.869046187017433,7.775989577440603,8.207892443650854,7736.8,7958.887128712872,4793.6,9650.2,3356.9,2899.1871287128715,2381.7,3668.8,d,100.0,casa_aislada,100.0,casa_aislada | d | sup_mediana 78 m2 | calef: 7737 kWh | acs: 3357 kWh
112,22,355,3.55,83.7,85.70647887323943,63.1,100.19999999999999,1.9,1.9,1.9,1.9,1.9,1.9,1.9,1.9,0.47,0.4699999999999998,0.47,0.47,0.47,0.4699999999999998,0.47,0.47,9.487396185186663,9.500586105932951,9.277690663703414,9.843612805147817,8.189272287704782,8.167754957585366,7.9991750970687425,8.290462412934762,13191.4,14883.699718309861,10695.8,18836.65,3601.1,3575.738028169014,2977.5,3984.7,d,100.0,casa_aislada,100.0,casa_aislada | d | sup_mediana 84 m2 | calef: 13191 kWh | acs: 3601 kWh
112,23,170,1.7000000000000002,49.5,48.65176470588235,43.55,52.3,1.7,1.6999999999999993,1.7,1.7,1.7,1.6999999999999993,1.7,1.7,0.38,0.37999999999999995,0.38,0.38,0.38,0.37999999999999995,0.38,0.38,8.194187839927853,8.181723606518343,7.700989264211417,8.710690782193193,7.967210852449053,7.946998743320888,7.864975129466067,8.009628910352617,3618.85,4496.801764705882,2209.75,6066.45,2883.8,2837.791764705882,2603.45,3008.8,f,100.0,depto,100.0,depto | f | sup_mediana 50 m2 | calef: 3619 kWh | acs: 2884 kWh
112,24,234,2.34,48.3,48.11452991452991,45.775,51.85,1.6,1.6,1.6,1.6,1.6,1.6,1.6,1.6,0.33,0.33,0.33,0.33,0.33,0.33,0.33,0.33,7.952350802938959,7.977606027324944,7.618717775092709,8.356067016656864,7.943392268488734,7.926210261425034,7.895473250197285,8.000131425729887,2841.25,3370.460256410256,2034.9499999999998,4254.925,2815.9,2801.4162393162396,2684.1,2980.35,f,100.0,depto,100.0,depto | f | sup_mediana 48 m2 | calef: 2841 kWh | acs: 2816 kWh
112,25,73,0.73,55.0,60.782191780821925,51.6,72.6,1.7,1.6999999999999997,1.7,1.7,1.7,1.6999999999999997,1.7,1.7,0.38,0.37999999999999995,0.38,0.38,0.38,0.37999999999999995,0.38,0.38,7.818068179169756,7.834366082847425,7.638198244285779,7.98268944029567,6.600006544380042,6.601933636182183,6.294343066441045,6.84609261859003,2484.1,2597.371232876712,2075.0,2928.8,734.1,757.827397260274,540.5,939.2,d,100.0,casa_pareada,100.0,casa_pareada | d | sup_mediana 55 m2 | calef: 2484 kWh | acs: 734 kWh
112,26,234,2.34,48.25,45.641880341880345,39.025,52.2,1.6,1.6,1.6,1.6,1.6,1.6,1.6,1.6,0.33,0.33,0.33,0.33,0.33,0.33,0.33,0.33,8.194653913097197,8.055707054171053,7.639257413418546,8.425282267042864,7.955775781534187,7.916755836341244,7.810844927531755,8.039737867125353,3620.55,3689.3162393162393,2077.2,4560.025,2851.0,2788.454700854701,2466.225,3100.8,g,100.0,depto,100.0,depto | g | sup_mediana 48 m2 | calef: 3621 kWh | acs: 2851 kWh
112,27,64,0.64,49.8,50.7984375,48.7,52.2,1.1,1.0999999999999999,1.1,1.1,1.1,1.0999999999999999,1.1,1.1,0.28,0.28,0.28,0.28,0.28,0.28,0.28,0.28,8.233400858380612,8.205624863301253,8.001772868857854,8.6226002929494,8.00446576036065,7.789882495176203,7.984360512387156,8.040897810547069,3763.65,4113.818749999999,2986.55,5555.5,2993.3,2904.284375,2933.7,3104.4,g,100.0,depto,100.0,depto | g | sup_mediana 50 m2 | calef: 3764 kWh | acs: 2993 kWh
112,28,230,2.3,52.0,51.7791304347826,47.6,54.1,1.7,1.6999999999999993,1.7,1.7,1.7,1.6999999999999993,1.7,1.7,0.38,0.38,0.38,0.38,0.38,0.38,0.38,0.38,7.928205249570811,7.723936585359853,7.256005106879874,8.350765144974892,7.81375322137086,7.807907272895523,7.7788394180182125,7.879669914604289,2773.5,3054.3165217391306,1416.4250000000002,4232.525,2473.4,2486.2191304347825,2388.5,2642.0,d,100.0,depto,100.0,depto | d | sup_mediana 52 m2 | calef: 2774 kWh | acs: 2473 kWh
112,29,3380,33.800000000000004,47.2,45.988076923076925,34.175000000000004,51.5,1.9,1.8999999999999997,1.9,1.9,1.9,1.8999999999999997,1.9,1.9,0.47,0.46999999999999986,0.47,0.47,0.47,0.46999999999999986,0.47,0.47,7.767581473651255,7.570612326385558,7.047103574943415,8.400906523512617,7.800818324736988,7.8389319624975755,7.53277072729952,7.902006552325504,2361.75,3068.396893491124,1148.525,4450.1,2441.6,3775.2108940201306,1867.275,2701.7,d,100.0,depto,100.0,depto | d | sup_mediana 47 m2 | calef: 2362 kWh | acs: 2442 kWh
112,30,56,0.5599999999999999,81.7,81.075,81.7,81.7,1.7,1.6999999999999997,1.7,1.7,1.7,1.6999999999999997,1.7,1.7,0.38,0.37999999999999995,0.38,0.38,0.38,0.37999999999999995,0.38,0.38,8.940784618560508,8.925573952558711,8.814767489599229,9.061355496086016,8.177094386739325,8.1719991986347,8.177094386739325,8.177094386739325,7636.200000000001,7611.724999999999,6731.95,8615.074999999999,3557.5,3539.625,3557.5,3557.5,d,100.0,casa_pareada,100.0,casa_pareada | d | sup_mediana 82 m2 | calef: 7636 kWh | acs: 3558 kWh
112,31,83,0.83,53.3,53.19999999999998,50.099999999999994,60.0,1.6,1.5999999999999999,1.6,1.6,1.6,1.5999999999999999,1.6,1.6,0.33,0.32999999999999996,0.33,0.33,0.33,0.32999999999999996,0.33,0.33,8.798832040320733,8.754661695758298,8.573432854124878,8.886706371185861,8.024109249126404,8.01259425283178,7.975607499718288,8.112527763478637,6625.5,6455.653012048194,5288.35,7234.15,3052.7,3032.293975903614,2908.15,3335.0,f,100.0,casa_aislada,100.0,casa_aislada | f | sup_mediana 53 m2 | calef: 6626 kWh | acs: 3053 kWh
112,32,99,0.9900000000000001,41.4,41.62828282828283,41.2,42.3,1.6,1.5999999999999999,1.6,1.6,1.6,1.5999999999999999,1.6,1.6,0.33,0.33,0.33,0.33,0.33,0.33,0.33,0.33,9.550847315353163,9.554067862272703,9.48756292247704,9.645431904861937,7.8235658956194145,7.820495725149153,7.779759689144819,7.833283216208774,14055.6,14163.97575757576,13193.6,15450.099999999999,2497.8,2492.4626262626266,2390.7,2522.2,f,100.0,casa_aislada,100.0,casa_aislada | f | sup_mediana 41 m2 | calef: 14056 kWh | acs: 2498 kWh
112,33,182,1.82,58.7,58.44505494505494,55.5,61.3,1.7,1.6999999999999993,1.7,1.7,1.7,1.6999999999999993,1.7,1.7,0.38,0.38000000000000006,0.38,0.38,0.38,0.38000000000000006,0.38,0.38,8.78623403932936,8.78061539343585,8.613811479455787,8.980795116272082,7.946299041184127,7.941117446730394,7.904445577924863,7.977830909508058,6542.75,6736.495054945055,5506.200000000001,7947.95,2824.1,2812.411538461538,2708.3,2914.6,d,100.0,casa_pareada,100.0,casa_pareada | d | sup_mediana 59 m2 | calef: 6543 kWh | acs: 2824 kWh
112,34,73,0.73,47.0,47.0,47.0,47.0,1.7,1.6999999999999997,1.7,1.7,1.7,1.6999999999999997,1.7,1.7,0.38,0.37999999999999995,0.38,0.38,0.38,0.37999999999999995,0.38,0.38,8.45765547870004,8.463902874612232,8.42457338929813,8.49531561289692,7.775989577440603,7.775989577440603,7.775989577440603,7.775989577440603,4710.0,4745.787671232877,4556.7,4890.8,2381.7,2381.7000000000003,2381.7,2381.7,d,100.0,casa_pareada,100.0,casa_pareada | d | sup_mediana 47 m2 | calef: 4710 kWh | acs: 2382 kWh
112,35,56,0.5599999999999999,47.0,47.0,47.0,47.0,1.7,1.6999999999999997,1.7,1.7,1.7,1.6999999999999997,1.7,1.7,0.38,0.37999999999999995,0.38,0.38,0.38,0.37999999999999995,0.38,0.38,8.862877258814269,8.870175208565149,8.833368462228819,8.905724939224479,7.775989577440603,7.775989577440604,7.775989577440603,7.775989577440603,7063.8,7123.796428571428,6858.375,7373.3,2381.7,2381.7000000000003,2381.7,2381.7,d,100.0,casa_pareada,100.0,casa_pareada | d | sup_mediana 47 m2 | calef: 7064 kWh | acs: 2382 kWh
113,-1,584,5.84,54.6,60.76335616438355,49.0,66.8,1.7,2.454991243432574,1.7,3.0,1.7,2.454991243432574,1.7,3.0,0.38,0.42597197898423816,0.33,0.6,0.38,0.42597197898423816,0.33,0.6,8.629815477128684,7.8678299966138185,7.681616060071842,9.436505315047105,7.941722374156716,7.137816682696799,7.763531382990301,8.131861531663636,5595.05,7309.525171232877,2167.125,12536.824999999999,2811.2,3253.8111301369863,2352.2,3400.125,d,45.89041095890411,casa_pareada,54.965753424657535,ruido / observacion atipica
113,0,95,0.95,58.6,57.56947368421055,55.6,58.6,0.6,0.6,0.6,0.6,0.6,0.6,0.6,0.6,0.25,0.25,0.25,0.25,0.25,0.25,0.25,0.25,9.693334261260162,8.489176390085241,8.875702441358115,10.413850043748567,8.253383883376012,8.22242118489448,8.167777549159096,8.253383883376012,16208.2,19372.132631578945,7155.05,33316.9,3839.6,3731.225263157893,3524.5,3839.6,i,100.0,depto,47.368421052631575,depto | i | sup_mediana 59 m2 | calef: 16208 kWh | acs: 3840 kWh
113,1,165,1.6500000000000001,49.2,48.33151515151515,45.8,51.6,4.0,4.0,4.0,4.0,4.0,4.0,4.0,4.0,0.84,0.8400000000000002,0.84,0.84,0.84,0.8400000000000002,0.84,0.84,7.416017620344963,7.054844483768201,6.854565450468018,7.855660950225544,8.016614884101797,8.002561556437083,7.959241018904981,8.059307838360741,1661.4,2397.7648484848482,947.2,2579.3,3029.9,3000.7848484848487,2860.9,3162.1,b,100.0,depto,71.51515151515152,depto | b | sup_mediana 49 m2 | calef: 1661 kWh | acs: 3030 kWh
113,2,250,2.5,50.9,50.690799999999996,47.324999999999996,53.0,4.0,4.0,4.0,4.0,4.0,4.0,4.0,4.0,0.84,0.84,0.84,0.84,0.84,0.84,0.84,0.84,7.135357407367126,6.87473594317959,6.59981365145127,7.665315294524327,7.907393845876451,7.893788448188584,7.836950156453308,7.941686814175914,1254.6,1611.8632,733.975,2132.0750000000003,2716.3,2767.1844,2531.475,2811.1,c,100.0,depto,100.0,depto | c | sup_mediana 51 m2 | calef: 1255 kWh | acs: 2716 kWh
113,3,108,1.08,54.0,61.29351851851853,48.9,66.3,4.0,4.0,4.0,4.0,4.0,4.0,4.0,4.0,0.84,0.8400000000000001,0.84,0.84,0.84,0.8400000000000001,0.84,0.84,8.521122931620928,8.608633841162026,8.104733679395114,9.029496231459605,7.952263308657046,8.010108649474176,7.875271302931738,8.102327319318377,5018.950000000001,6421.427777777777,3309.1,8344.775,2841.0,3063.9388888888893,2630.4,3301.15,c,100.0,casa_pareada,64.81481481481481,casa_pareada | c | sup_mediana 54 m2 | calef: 5019 kWh | acs: 2841 kWh
113,4,235,2.35,54.5,53.79702127659574,50.8,56.9,4.0,4.0,4.0,4.0,4.0,4.0,4.0,4.0,0.84,0.84,0.84,0.84,0.84,0.84,0.84,0.84,6.04784488054409,5.787679327651094,5.021904886354487,6.824202917827703,7.84290701849721,7.789460237948625,7.775317844764939,7.908460685998653,422.2,642.2412765957447,150.7,919.0,2546.6,2449.3212765957446,2380.1,2719.2,a,100.0,depto,100.0,depto | a | sup_mediana 54 m2 | calef: 422 kWh | acs: 2547 kWh
113,5,174,1.7399999999999998,54.5,53.93505747126437,47.175,59.5,4.0,4.0,4.0,4.0,4.0,4.0,4.0,4.0,0.84,0.8400000000000002,0.84,0.84,0.84,0.8400000000000002,0.84,0.84,0.0,0.015643408656731042,0.0,0.0,7.846349372885959,7.851229548344746,7.728492760674316,7.919179982930036,0.0,0.022988505747126436,0.0,0.0,2555.3999999999996,2617.419540229885,2271.175,2748.5249999999996,a,100.0,depto,100.0,depto | a | sup_mediana 54 m2 | calef: 0 kWh | acs: 2555 kWh
113,6,189,1.8900000000000001,45.2,50.28888888888889,33.0,54.7,1.0,1.0,1.0,1.0,1.0,1.0,1.0,1.0,0.0,0.0,0.0,0.0,0.0,0.0,0.0,0.0,7.553129278070399,7.388307001512248,6.640659840138745,8.369203493702452,7.744872924952113,7.3657474051649485,7.406953566507148,8.07443111856368,1905.7,2854.1703703703706,764.6,4311.2,2308.7,2594.1712765957445,1646.4,3210.3,d,100.0,depto,78.3068783068783,depto | d | sup_mediana 45 m2 | calef: 1906 kWh | acs: 2309 kWh
113,7,61,0.61,87.4,81.18032786885244,71.0,91.7,1.0,1.0,1.0,1.0,1.0,1.0,1.0,1.0,0.0,0.0,0.0,0.0,0.0,0.0,0.0,0.0,9.467019274589566,9.488576234033829,9.345945862172478,9.665014604096895,8.220725975683184,8.13426551038654,8.083081664717952,8.24800570160062,12925.3,13543.931147540983,11451.3,15755.6,3716.2,3465.773770491804,3238.2,3819.0,d,100.0,casa_aislada,100.0,casa_aislada | d | sup_mediana 87 m2 | calef: 12925 kWh | acs: 3716 kWh
113,8,211,2.11,50.0,53.41800947867299,47.1,55.9,3.0,3.0,3.0,3.0,3.0,3.0,3.0,3.0,0.6,0.5999999999999999,0.6,0.6,0.6,0.5999999999999999,0.6,0.6,7.135209525883432,6.294948053705284,6.115500029910381,7.66024021818016,7.870318723186971,7.2449243526570735,7.74884821429039,7.95338864285936,1254.4,1508.8151658767772,451.95,2121.35,2617.4,2717.9663507109008,2317.9,2844.2,c,100.0,depto,100.0,depto | c | sup_mediana 50 m2 | calef: 1254 kWh | acs: 2617 kWh
113,9,72,0.72,50.3,52.733333333333334,50.3,50.3,1.6,1.5999999999999999,1.6,1.6,1.6,1.5999999999999999,1.6,1.6,0.33,0.33,0.33,0.33,0.33,0.33,0.33,0.33,9.500293485806353,9.48271296940245,9.443861885468529,9.545104006911362,8.011288771969316,8.034292178236834,8.011288771969316,8.011288771969316,13362.65,13205.638888888889,12629.4,13975.1,3013.8,3100.1888888888884,3013.8,3013.8,g,100.0,casa_aislada,100.0,casa_aislada | g | sup_mediana 50 m2 | calef: 13363 kWh | acs: 3014 kWh
113,10,110,1.0999999999999999,46.3,47.95727272727273,42.7,48.7,1.1,1.0999999999999994,1.1,1.1,1.1,1.0999999999999994,1.1,1.1,0.28,0.2800000000000002,0.28,0.28,0.28,0.2800000000000002,0.28,0.28,9.732421674123218,9.674948173481145,9.659001196365345,9.772038272342234,7.946427888196563,7.959398076846029,7.883182467079869,7.986436932161368,16854.35,16121.397272727272,15661.15,17535.475000000002,2825.45,2883.5899999999992,2651.3,2939.8,g,100.0,casa_aislada,100.0,casa_aislada | g | sup_mediana 46 m2 | calef: 16854 kWh | acs: 2825 kWh
113,11,206,2.06,50.3,50.9383495145631,49.2,53.875,3.0,3.0,3.0,3.0,3.0,3.0,3.0,3.0,0.6,0.5999999999999999,0.6,0.6,0.6,0.5999999999999999,0.6,0.6,8.44671562636594,8.312834838554457,7.918627207178464,8.75049570423588,7.829406072060491,7.8342676375636495,7.81249960695592,7.881909146233038,4658.8,4856.183009708738,2747.0,6312.85,2512.45,2531.917961165049,2470.3,2647.925,d,100.0,depto,100.0,depto | d | sup_mediana 50 m2 | calef: 4659 kWh | acs: 2512 kWh
113,12,154,1.54,48.7,60.722077922077915,48.1,62.8,1.7,1.6999999999999997,1.7,1.7,1.7,1.6999999999999997,1.7,1.7,0.38,0.37999999999999995,0.38,0.38,0.38,0.37999999999999995,0.38,0.38,9.431882604812758,9.33903981438516,9.106929815761251,9.544914376282682,7.914435010583973,8.027558881638408,7.90411333361149,8.105730131504437,12479.0,11924.681168831168,9016.775,13972.45,2735.5,3141.220779220779,2707.4,3312.4,e,100.0,casa_aislada,100.0,casa_aislada | e | sup_mediana 49 m2 | calef: 12479 kWh | acs: 2736 kWh
113,13,382,3.82,49.349999999999994,47.52984293193717,41.9,57.0,1.7,1.6999999999999997,1.7,1.7,1.7,1.6999999999999997,1.7,1.7,0.38,0.38,0.38,0.38,0.38,0.38,0.38,0.38,7.642859302422617,7.295305401078789,7.073248012429815,8.335596404198682,7.954653129499197,7.919950423418115,7.820118307518312,8.044080734770414,2084.7,3051.0918848167535,1179.0,4168.724999999999,2847.8,3013.684554973822,2489.2,3114.3,e,100.0,depto,100.0,depto | e | sup_mediana 49 m2 | calef: 2085 kWh | acs: 2848 kWh
113,14,178,1.78,47.0,49.96629213483146,44.3,53.375,1.7,1.6999999999999995,1.7,1.7,1.7,1.6999999999999995,1.7,1.7,0.38,0.38,0.38,0.38,0.38,0.38,0.38,0.38,8.97412399418335,8.81705203685845,8.539008714257394,9.133055784608601,7.885592560507808,7.869675691796992,7.838422176800799,7.965431635738397,7895.1,7327.846629213484,5109.4,9255.300000000001,2657.7,2675.3971910112364,2535.2,2878.7250000000004,e,100.0,casa_pareada,100.0,casa_pareada | e | sup_mediana 47 m2 | calef: 7895 kWh | acs: 2658 kWh
113,15,243,2.4299999999999997,38.1,39.20987654320987,29.95,45.95,1.9,1.8975308641975306,1.9,1.9,1.9,1.8975308641975306,1.9,1.9,0.47,0.4688888888888887,0.47,0.47,0.47,0.4688888888888887,0.47,0.47,6.118097198041348,6.134931841879023,5.088830141681313,7.006560262084916,0.0,0.0,0.0,0.0,453.0,934.222633744856,161.2,1102.9,0.0,0.0,0.0,0.0,d,100.0,depto,100.0,depto | d | sup_mediana 38 m2 | calef: 453 kWh | acs: 0 kWh
113,16,248,2.48,46.2,49.917338709677416,44.8,52.0,1.7,1.6999999999999997,1.7,1.7,1.7,1.6999999999999997,1.7,1.7,0.38,0.37999999999999995,0.38,0.38,0.38,0.37999999999999995,0.38,0.38,9.166827259644437,9.064291642697842,8.839602519551995,9.307775011387696,7.912313265567924,7.954082729282585,7.882654483963062,8.004064918587572,9573.2,9343.997177419355,6901.25,11022.400000000001,2729.7,2866.6612903225805,2649.9,2992.1,f,100.0,casa_pareada,100.0,casa_pareada | f | sup_mediana 46 m2 | calef: 9573 kWh | acs: 2730 kWh
113,17,85,0.8500000000000001,50.8,51.124705882352956,50.0,54.0,1.6,1.5999999999999996,1.6,1.6,1.6,1.5999999999999996,1.6,1.6,0.33,0.3299999999999999,0.33,0.33,0.33,0.3299999999999999,0.33,0.33,9.195196276849524,9.17136597893015,9.074257154786515,9.273493558981382,7.986232885229866,7.990479897857644,7.974085393729522,8.03378816322624,9848.7,9805.615294117644,8726.7,10650.9,2939.2,2953.876470588236,2903.7,3082.4,f,100.0,casa_pareada,100.0,casa_pareada | f | sup_mediana 51 m2 | calef: 9849 kWh | acs: 2939 kWh
113,18,154,1.54,50.8,50.099999999999994,46.0,52.3,1.7,1.6999999999999997,1.7,1.7,1.7,1.6999999999999997,1.7,1.7,0.38,0.37999999999999995,0.38,0.38,0.38,0.37999999999999995,0.38,0.38,8.370280480630653,8.250626543656287,7.746288563375666,8.788463783835596,7.984921941643666,7.968858494042376,7.908166546721586,8.009628910352617,4315.85,4841.795454545455,2312.6,6557.15,2935.35,2903.872077922078,2718.4,3008.8,f,100.0,depto,100.0,depto | f | sup_mediana 51 m2 | calef: 4316 kWh | acs: 2935 kWh
113,19,178,1.78,48.3,48.05842696629213,47.025,51.9,1.6,1.5999999999999996,1.6,1.6,1.6,1.5999999999999996,1.6,1.6,0.33,0.33,0.33,0.33,0.33,0.33,0.33,0.33,7.948808549563159,7.913319655773499,7.501109033476187,8.279456142128062,7.943392268488734,7.9336104813579045,7.923348211930154,7.995970492557834,2831.2,3213.902808988764,1809.05,3941.225,2815.9,2824.672471910112,2760.0,2968.025,f,100.0,depto,100.0,depto | f | sup_mediana 48 m2 | calef: 2831 kWh | acs: 2816 kWh
113,20,715,7.1499999999999995,51.0,52.53776223776224,45.0,57.8,1.9,1.9,1.9,1.9,1.9,1.9,1.9,1.9,0.47,0.46999999999999975,0.47,0.47,0.47,0.46999999999999975,0.47,0.47,8.822322177471738,8.820339788625807,8.615408230860936,9.08996209658067,7.817222785508166,7.812930845020073,7.698799654151475,7.898188268136558,6783.0,7356.224475524476,5515.0,8864.849999999999,2482.0,2516.6934265734267,2204.7,2691.4,d,100.0,casa_pareada,100.0,casa_pareada | d | sup_mediana 51 m2 | calef: 6783 kWh | acs: 2482 kWh
113,21,171,1.71,53.6,63.14912280701754,51.1,77.7,1.7,1.6999999999999995,1.7,1.7,1.7,1.6999999999999995,1.7,1.7,0.38,0.38,0.38,0.38,0.38,0.38,0.38,0.38,9.256364810287462,9.15231283852821,8.913561961526632,9.710385175319429,8.025385573486009,8.038048941947856,7.937303265040725,8.293424444708108,10470.0,11382.922807017545,7431.1,16489.35,3056.6,3243.0543859649124,2798.8,3996.5,f,100.0,casa_aislada,100.0,casa_aislada | f | sup_mediana 54 m2 | calef: 10470 kWh | acs: 3057 kWh
113,22,234,2.34,43.9,50.616666666666674,41.8,54.4,1.6,1.6,1.6,1.6,1.6,1.6,1.6,1.6,0.33,0.33,0.33,0.33,0.33,0.33,0.33,0.33,9.183428015903853,9.201144823490566,8.86613027518253,9.554199543602802,7.871273049218974,7.954409998200678,7.833283216208774,8.038770218757747,9733.5,10641.12094017094,7086.8,14102.8,2619.9,2889.7538461538456,2522.2,3097.8,f,100.0,casa_aislada,100.0,casa_aislada | f | sup_mediana 44 m2 | calef: 9734 kWh | acs: 2620 kWh
113,23,3428,34.28,46.7,45.532176196032665,33.4,51.3,1.9,1.8999999999999997,1.9,1.9,1.9,1.8999999999999997,1.9,1.9,0.47,0.4699999999999998,0.47,0.47,0.47,0.4699999999999998,0.47,0.47,7.738335605180486,7.522783348482826,7.020503363827846,8.381270129153922,7.800818324736988,7.841322144134736,7.528170463375983,7.902006552325504,2293.6499999999996,2988.8794049008175,1118.35,4363.55,2441.6,4012.5792238109134,1858.7,2701.7,d,100.0,depto,100.0,depto | d | sup_mediana 47 m2 | calef: 2294 kWh | acs: 2442 kWh
113,24,228,2.2800000000000002,52.05,51.71140350877193,47.6,55.0,1.7,1.6999999999999993,1.7,1.7,1.7,1.6999999999999993,1.7,1.7,0.38,0.38,0.38,0.38,0.38,0.38,0.38,0.38,7.877470691444835,7.79497216579941,7.33096205408748,8.351801562686177,7.81375322137086,7.806213735010835,7.7788394180182125,7.883031643204163,2636.2,3095.4109649122806,1525.85,4236.825,2473.4,2483.740350877193,2388.5,2650.9,d,100.0,depto,100.0,depto | d | sup_mediana 52 m2 | calef: 2636 kWh | acs: 2473 kWh
113,25,259,2.59,44.4,43.2034749034749,38.6,52.2,1.6,1.5999999999999999,1.6,1.6,1.6,1.5999999999999999,1.6,1.6,0.33,0.33,0.33,0.33,0.33,0.33,0.33,0.33,8.15671100913455,8.071972530775911,7.661925958891114,8.43403237020672,7.912313265567924,7.876250443059819,7.799732733679168,8.039737867125353,3485.7,3661.2756756756753,2124.9,4600.15,2729.7,2677.584942084942,2438.95,3100.8,g,100.0,depto,100.0,depto | g | sup_mediana 44 m2 | calef: 3486 kWh | acs: 2730 kWh
113,26,84,0.84,49.8,49.75833333333333,48.4,51.45,1.1,1.0999999999999996,1.1,1.1,1.1,1.0999999999999996,1.1,1.1,0.28,0.28000000000000014,0.28,0.28,0.28,0.28000000000000014,0.28,0.28,8.240481646748279,8.276953154354878,7.959293098506717,8.673180555510523,8.00446576036065,7.58423136716217,7.908056222183458,8.018873565047766,3790.95,4424.273809523809,2861.075,5843.4,2993.3,2714.9809523809517,2718.1,3036.975,g,100.0,depto,100.0,depto | g | sup_mediana 50 m2 | calef: 3791 kWh | acs: 2993 kWh
113,27,349,3.49,81.1,85.34928366762178,63.1,102.0,1.9,1.8999999999999997,1.9,1.9,1.9,1.8999999999999997,1.9,1.9,0.47,0.46999999999999986,0.47,0.47,0.47,0.46999999999999986,0.47,0.47,9.463143691308508,9.496260079172204,9.31258102592273,9.792181620084511,8.15225563448414,8.161666355449045,7.9991750970687425,8.283620444611488,12875.3,14653.226647564472,11075.5,17892.3,3470.2,3556.3656160458454,2977.5,3957.5,d,100.0,casa_aislada,100.0,casa_aislada | d | sup_mediana 81 m2 | calef: 12875 kWh | acs: 3470 kWh
113,28,103,1.03,77.7,76.5135922330097,66.8,85.7,1.7,1.6999999999999988,1.7,1.7,1.7,1.6999999999999988,1.7,1.7,0.38,0.38000000000000017,0.38,0.38,0.38,0.38000000000000017,0.38,0.38,8.959684298360848,8.926842666761047,8.453175626394444,9.218004184023357,8.048500702250562,7.818043298052299,7.720707466499093,8.146141073848835,7781.9,8443.58640776699,4689.0,10076.65,3128.1,2765.998058252427,2257.0,3449.05,d,100.0,casa_aislada,100.0,casa_aislada | d | sup_mediana 78 m2 | calef: 7782 kWh | acs: 3128 kWh
113,29,66,0.66,54.6,59.777272727272724,51.6,72.6,1.7,1.6999999999999997,1.7,1.7,1.7,1.6999999999999997,1.7,1.7,0.38,0.3799999999999999,0.38,0.38,0.38,0.3799999999999999,0.38,0.38,7.807712170941583,7.834749568866958,7.583115675491801,8.022215909390152,6.600006544380042,6.580778444493061,6.294343066441045,6.773423566186845,2458.6,2607.8863636363635,1963.75,3046.925,734.1,740.4242424242424,540.5,873.3,d,100.0,casa_pareada,100.0,casa_pareada | d | sup_mediana 55 m2 | calef: 2459 kWh | acs: 734 kWh
113,30,111,1.11,47.0,47.0,47.0,47.0,1.7,1.6999999999999988,1.7,1.7,1.7,1.6999999999999988,1.7,1.7,0.38,0.3800000000000001,0.38,0.38,0.38,0.3800000000000001,0.38,0.38,8.5424904991904,8.637606291303022,8.446867150800625,8.86210703317668,7.775989577440603,7.775989577440599,7.775989577440603,7.775989577440603,5127.1,5762.433333333334,4659.45,7058.35,2381.7,2381.700000000001,2381.7,2381.7,d,100.0,casa_pareada,100.0,casa_pareada | d | sup_mediana 47 m2 | calef: 5127 kWh | acs: 2382 kWh
113,31,170,1.7000000000000002,55.5,57.19823529411765,54.6,58.7,1.7,1.6999999999999993,1.7,1.7,1.7,1.6999999999999993,1.7,1.7,0.38,0.37999999999999995,0.38,0.38,0.38,0.37999999999999995,0.38,0.38,8.767725437490997,8.723041219207758,8.516862201171103,8.89530079215414,7.904445577924863,7.92492283277324,7.89211578975768,7.946299041184127,6422.55,6355.111176470589,4997.349999999999,7296.6,2708.3,2767.4994117647057,2675.1,2824.1,d,100.0,casa_pareada,100.0,casa_pareada | d | sup_mediana 56 m2 | calef: 6423 kWh | acs: 2708 kWh
114,-1,560,5.6000000000000005,54.4,59.31517857142857,47.45,66.7,1.7,2.4078181818181816,1.7,3.0,1.7,2.4078181818181816,1.7,3.0,0.38,0.4002909090909091,0.29250000000000004,0.6,0.38,0.4002909090909091,0.29250000000000004,0.6,8.62284793802123,7.850153738353025,7.667122343129316,9.415987754073633,7.906952306852041,7.313528943595878,7.763531382990301,8.150641056806672,5556.299999999999,7237.576607142858,2135.925,12282.2,2715.1,3129.833035714286,2352.2,3464.6,d,48.75,casa_pareada,54.46428571428571,ruido / observacion atipica
114,0,51,0.51,58.6,56.25294117647059,58.6,58.6,0.6,0.6000000000000001,0.6,0.6,0.6,0.6000000000000001,0.6,0.6,0.25,0.25,0.25,0.25,0.25,0.25,0.25,0.25,10.4024976470474,10.224816055199918,10.384573070559775,10.42518634520298,8.253383883376012,8.186410877923715,8.253383883376012,8.253383883376012,32940.8,29096.901960784315,32355.85,33696.75,3839.6,3621.490196078432,3839.6,3839.6,i,100.0,casa_pareada,100.0,casa_pareada | i | sup_mediana 59 m2 | calef: 32941 kWh | acs: 3840 kWh
114,1,53,0.53,55.8,56.28679245283019,55.6,56.5,0.6,0.6000000000000002,0.6,0.6,0.6,0.6000000000000002,0.6,0.6,0.25,0.25,0.25,0.25,0.25,0.25,0.25,0.25,8.57742244096571,6.38287349120374,2.4423470353692043,9.064123138973049,8.217735389751635,8.206731979302708,8.167777549159096,8.227108234348146,5309.4,5029.115094339623,10.5,8638.7,3705.1,3670.8132075471704,3524.5,3740.0,i,100.0,depto,100.0,depto | i | sup_mediana 56 m2 | calef: 5309 kWh | acs: 3705 kWh
114,2,168,1.68,49.2,48.41011904761905,46.0,51.425,4.0,4.0,4.0,4.0,4.0,4.0,4.0,4.0,0.84,0.8400000000000001,0.84,0.84,0.84,0.8400000000000001,0.84,0.84,7.3853482884847415,7.023848590376019,6.91045164052988,7.840863795782451,8.018756067829015,8.00074482886777,7.959241018904981,8.053953817178325,1611.1999999999998,2251.892261904762,1001.7,2541.4,3036.4,2995.5696428571428,2860.9,3145.225,b,100.0,depto,72.02380952380952,depto | b | sup_mediana 49 m2 | calef: 1611 kWh | acs: 3036 kWh
114,3,261,2.6100000000000003,50.9,51.04406130268199,47.1,53.0,4.0,4.0,4.0,4.0,4.0,4.0,4.0,4.0,0.84,0.8400000000000001,0.84,0.84,0.84,0.8400000000000001,0.84,0.84,7.108407792460815,6.754294679233919,6.46412090475647,7.7903237534512595,7.906805026024057,7.880835938142476,7.84971375760487,7.9378031757813625,1221.2,1788.2616858237545,640.7,2416.1,2714.7,2707.1823754789275,2564.0,2800.2,c,100.0,depto,100.0,depto | c | sup_mediana 51 m2 | calef: 1221 kWh | acs: 2715 kWh
114,4,124,1.24,53.1,60.42741935483872,48.3,61.0,4.0,4.0,4.0,4.0,4.0,4.0,4.0,4.0,0.84,0.8400000000000001,0.84,0.84,0.84,0.8400000000000001,0.84,0.84,8.550000986861058,8.548392990667185,8.104733679395114,8.895330907803691,7.939693434382254,7.986493369612929,7.866607291940365,8.042924479623126,5165.9,6014.516935483871,3309.1,7297.0,2805.5,3009.4911290322584,2607.7,3110.7,c,100.0,casa_pareada,69.35483870967742,casa_pareada | c | sup_mediana 53 m2 | calef: 5166 kWh | acs: 2806 kWh
114,5,180,1.7999999999999998,55.0,54.25555555555555,47.5,59.65,4.0,4.0,4.0,4.0,4.0,4.0,4.0,4.0,0.84,0.8400000000000001,0.84,0.84,0.84,0.8400000000000001,0.84,0.84,0.0,0.03603554335298243,0.0,0.0,7.849791727274708,7.852481021946812,7.736656380519702,7.925193664861139,0.0,0.10777777777777779,0.0,0.0,2564.2,2618.8894444444445,2289.8,2765.1,a,100.0,depto,100.0,depto | a | sup_mediana 55 m2 | calef: 0 kWh | acs: 2564 kWh
114,6,237,2.37,52.8,53.186919831223626,49.9,55.6,4.0,4.0,4.0,4.0,4.0,4.0,4.0,4.0,0.84,0.8400000000000001,0.84,0.84,0.84,0.8400000000000001,0.84,0.84,6.217005223021913,6.06813988988986,5.1823451902956155,6.887654607275135,7.822124165293594,7.772889177057919,7.737616282857904,7.877927951805335,500.2,800.6392405063291,177.1,979.1,2494.2,2422.845569620253,2292.0,2637.4,a,100.0,depto,100.0,depto | a | sup_mediana 53 m2 | calef: 500 kWh | acs: 2494 kWh
114,7,73,0.73,49.8,47.79178082191781,42.5,51.9,3.0,3.0,3.0,3.0,3.0,3.0,3.0,3.0,0.6,0.6,0.6,0.6,0.6,0.6,0.6,0.6,8.264414834972337,8.327864636427064,8.153781319539073,8.605222383589547,8.027117458568844,7.980642565931219,7.900932975174727,8.058580439097181,3882.2,5027.638356164384,3475.5,5459.1,3061.9,2935.4150684931506,2698.8,3159.8,b,100.0,depto,38.35616438356164,depto | b | sup_mediana 50 m2 | calef: 3882 kWh | acs: 3062 kWh
114,8,137,1.37,43.2,47.550364963503654,30.8,53.6,1.0,1.0,1.0,1.0,1.0,1.0,1.0,1.0,0.0,0.0,0.0,0.0,0.0,0.0,0.0,0.0,7.1397396349618285,7.04417956631842,6.534224789404319,7.9466883321486455,7.649025734723811,7.026977936272748,7.295802167529547,8.050512018324504,1260.1,1846.9905109489052,687.3,2825.2,2097.6,2486.9096296296298,1473.1,3134.4,d,100.0,depto,100.0,depto | d | sup_mediana 43 m2 | calef: 1260 kWh | acs: 2098 kWh
114,9,95,0.95,63.1,66.45684210526315,46.7,84.5,1.0,1.0,1.0,1.0,1.0,1.0,1.0,1.0,0.0,0.0,0.0,0.0,0.0,0.0,0.0,0.0,9.17678358844734,9.011400145416134,8.41363105769979,9.480930445247106,7.935480045302498,7.927128907223447,7.744872924952113,8.199436717157631,9669.0,9623.35052631579,4507.1,13106.400000000001,2793.7,2911.4736842105262,2308.7,3637.9,d,100.0,casa_pareada,53.68421052631579,casa_pareada | d | sup_mediana 63 m2 | calef: 9669 kWh | acs: 2794 kWh
114,10,204,2.04,50.9,52.64901960784313,44.275,54.725,3.0,3.0,3.0,3.0,3.0,3.0,3.0,3.0,0.6,0.5999999999999999,0.6,0.6,0.6,0.5999999999999999,0.6,0.6,7.300873898295082,6.715572769315349,6.5888051055666255,7.765240253297627,7.875613267712699,7.4157718308445455,7.746232656263121,7.956862147746407,1480.8,1825.8392156862742,726.0,2356.225,2631.3,2774.5372549019603,2311.85,2854.1,c,100.0,depto,100.0,depto | c | sup_mediana 51 m2 | calef: 1481 kWh | acs: 2631 kWh
114,11,59,0.59,50.3,54.022033898305104,50.3,50.3,1.6,1.5999999999999996,1.6,1.6,1.6,1.5999999999999996,1.6,1.6,0.33,0.3299999999999999,0.33,0.33,0.33,0.3299999999999999,0.33,0.33,9.523412374811372,9.478464853207742,9.443861885468529,9.545708245233538,8.011288771969316,8.040369748215705,8.011288771969316,8.011288771969316,13675.2,13158.733898305085,12629.4,13983.55,3013.8,3136.535593220339,3013.8,3013.8,g,100.0,casa_aislada,100.0,casa_aislada | g | sup_mediana 50 m2 | calef: 13675 kWh | acs: 3014 kWh
114,12,111,1.11,47.8,47.32342342342342,42.7,48.7,1.1,1.0999999999999994,1.1,1.1,1.1,1.0999999999999994,1.1,1.1,0.28,0.2800000000000002,0.28,0.28,0.28,0.2800000000000002,0.28,0.28,9.739432149149007,9.708761323601884,9.692321977981326,9.778264098771764,7.97284525439941,7.954221674558104,7.883182467079869,7.986436932161368,16972.9,16569.171171171172,16191.8,17645.25,2900.1,2861.5090090090084,2651.3,2939.8,g,100.0,casa_aislada,100.0,casa_aislada | g | sup_mediana 48 m2 | calef: 16973 kWh | acs: 2900 kWh
114,13,426,4.26,49.1,47.58028169014084,41.475,55.9,1.7,1.6999999999999995,1.7,1.7,1.7,1.6999999999999995,1.7,1.7,0.38,0.38,0.38,0.38,0.38,0.38,0.38,0.38,7.5800867451447616,7.370807146400833,6.995216554752131,8.253071122730502,7.949020900797694,7.9153345422850565,7.828953947208875,8.044080734770414,1957.8000000000002,2875.9882629107983,1090.4,3838.4,2831.8,2939.7575117370893,2511.3,3114.3,e,100.0,depto,100.0,depto | e | sup_mediana 49 m2 | calef: 1958 kWh | acs: 2832 kWh
114,14,193,1.9300000000000002,48.3,51.211917098445596,47.0,54.3,1.7,1.6999999999999995,1.7,1.7,1.7,1.6999999999999995,1.7,1.7,0.38,0.38,0.38,0.38,0.38,0.38,0.38,0.38,8.907815352654627,8.780557870616683,8.517273188216407,9.109624608293283,7.886081401775745,7.866009368064417,7.838422176800799,7.972155622980058,7388.5,7063.683419689119,4999.4,9040.9,2659.0,2674.355440414508,2535.2,2898.1,e,100.0,casa_pareada,100.0,casa_pareada | e | sup_mediana 48 m2 | calef: 7388 kWh | acs: 2659 kWh
114,15,152,1.52,48.3,58.311184210526314,46.1,62.8,1.7,1.7,1.7,1.7,1.7,1.7,1.7,1.7,0.38,0.37999999999999995,0.38,0.38,0.38,0.37999999999999995,0.38,0.38,9.459073694289389,9.365925830870998,9.21198416035718,9.565440775477061,7.907982665728846,7.990748583163554,7.870662385484872,8.06967272265281,12823.0,12288.494736842105,10016.375,14262.3,2717.9,3033.6197368421053,2618.3,3195.6000000000004,e,100.0,casa_aislada,100.0,casa_aislada | e | sup_mediana 48 m2 | calef: 12823 kWh | acs: 2718 kWh
114,16,221,2.21,50.1,51.27737556561085,49.2,54.4,3.0,3.0,3.0,3.0,3.0,3.0,3.0,3.0,0.6,0.5999999999999998,0.6,0.6,0.6,0.5999999999999998,0.6,0.6,8.468065970449544,8.329948677894203,7.990204309807828,8.812411792754675,7.826083932881858,7.839266753793707,7.81249960695592,7.890058445249863,4759.3,4841.937556561087,2950.9,6716.1,2504.1,2544.183257918552,2470.3,2669.6,d,100.0,depto,100.0,depto | d | sup_mediana 50 m2 | calef: 4759 kWh | acs: 2504 kWh
114,17,73,0.73,77.8,77.26849315068492,67.8,81.7,1.7,1.6999999999999997,1.7,1.7,1.7,1.6999999999999997,1.7,1.7,0.38,0.37999999999999995,0.38,0.38,0.38,0.37999999999999995,0.38,0.38,8.96001830828148,8.911237459577013,8.427574782707019,9.164369729217897,8.05236017150072,7.8371632356369485,7.886419690414352,8.160375380129594,7784.5,8418.199999999999,4570.4,9549.7,3140.2,2823.852054794521,2659.9,3498.5,d,100.0,casa_aislada,100.0,casa_aislada | d | sup_mediana 78 m2 | calef: 7784 kWh | acs: 3140 kWh
114,18,326,3.26,83.2,86.31226993865032,63.6,102.0,1.9,1.9000000000000004,1.9,1.9,1.9,1.9000000000000004,1.9,1.9,0.47,0.4699999999999998,0.47,0.47,0.47,0.4699999999999998,0.47,0.47,9.492427489410353,9.510345195310299,9.286811416567865,9.77444890466921,8.172192692323142,8.167604802289217,8.00060627889536,8.305947806681317,13257.95,14847.373006134969,10793.725,17577.8,3540.1,3582.2288343558284,2981.775,4046.975,d,100.0,casa_aislada,100.0,casa_aislada | d | sup_mediana 83 m2 | calef: 13258 kWh | acs: 3540 kWh
114,19,291,2.91,46.2,48.551890034364256,44.65,50.8,1.7,1.6999999999999997,1.7,1.7,1.7,1.6999999999999997,1.7,1.7,0.38,0.37999999999999995,0.38,0.38,0.38,0.37999999999999995,0.38,0.38,9.148071273749304,9.06336717464531,8.848330576822098,9.284571889158642,7.912313265567924,7.9393551060726715,7.882654483963062,7.986674934304511,9395.3,9247.856013745704,6961.799999999999,10769.75,2729.7,2816.3316151202753,2649.9,2940.5,f,100.0,casa_pareada,100.0,casa_pareada | f | sup_mediana 46 m2 | calef: 9395 kWh | acs: 2730 kWh
114,20,65,0.65,50.8,51.150769230769235,49.4,54.0,1.6,1.5999999999999999,1.6,1.6,1.6,1.5999999999999999,1.6,1.6,0.33,0.33,0.33,0.33,0.33,0.33,0.33,0.33,9.221616556170499,9.198950412864393,9.089347189306906,9.294470101003602,7.986232885229866,7.991052640397681,7.965649734371688,8.03378816322624,10112.4,10101.935384615383,8859.4,10876.7,2939.2,2955.335384615385,2879.3,3082.4,f,100.0,casa_pareada,100.0,casa_pareada | f | sup_mediana 51 m2 | calef: 10112 kWh | acs: 2939 kWh
114,21,142,1.4200000000000002,49.5,48.42042253521127,42.55,52.3,1.7,1.6999999999999997,1.7,1.7,1.7,1.6999999999999997,1.7,1.7,0.38,0.3799999999999999,0.38,0.38,0.38,0.3799999999999999,0.38,0.38,8.190109355476867,8.243604609859787,7.794874382501009,8.820482597260137,7.966274474083803,7.945082132159117,7.846607256668681,8.009628910352617,3604.1499999999996,4743.6887323943665,2427.1499999999996,6770.625,2881.1,2837.0246478873237,2556.05,3008.8,f,100.0,depto,100.0,depto | f | sup_mediana 50 m2 | calef: 3604 kWh | acs: 2881 kWh
114,22,216,2.16,48.0,47.78842592592593,45.2,50.6,1.6,1.6,1.6,1.6,1.6,1.6,1.6,1.6,0.33,0.33,0.33,0.33,0.33,0.33,0.33,0.33,7.921570754820072,7.913781448314033,7.559203034533223,8.299739395477237,7.943392268488734,7.929413497068445,7.895473250197285,7.984224202964557,2755.1000000000004,3130.144907407407,1917.325,4021.825,2815.9,2809.7055555555557,2684.1,2933.3,f,100.0,depto,100.0,depto | f | sup_mediana 48 m2 | calef: 2755 kWh | acs: 2816 kWh
114,23,217,2.17,37.6,38.5373271889401,29.5,44.7,1.9,1.8981566820276496,1.9,1.9,1.9,1.8981566820276496,1.9,1.9,0.47,0.4691705069124422,0.47,0.47,0.47,0.4691705069124422,0.47,0.47,6.153370788951002,6.166246410899222,5.084505142662711,7.007510112119129,0.0,0.0,0.0,0.0,469.3,953.7847926267282,160.5,1103.9,0.0,0.0,0.0,0.0,d,100.0,depto,100.0,depto | d | sup_mediana 38 m2 | calef: 469 kWh | acs: 0 kWh
114,24,713,7.13,52.4,53.18849929873773,45.2,58.4,1.9,1.8999999999999997,1.9,1.9,1.9,1.8999999999999997,1.9,1.9,0.47,0.46999999999999986,0.47,0.47,0.47,0.46999999999999986,0.47,0.47,8.79828861947321,8.798778837383711,8.582044163735853,9.021960500598263,7.8308627241832145,7.820698152993166,7.732237692372104,7.930961317200417,6621.9,7220.133800841515,5334.0,8282.0,2516.1,2537.516549789621,2279.7,2781.1,d,100.0,casa_pareada,100.0,casa_pareada | d | sup_mediana 52 m2 | calef: 6622 kWh | acs: 2516 kWh
114,25,156,1.5599999999999998,53.5,64.25064102564102,51.175000000000004,75.825,1.7,1.6999999999999995,1.7,1.7,1.7,1.6999999999999995,1.7,1.7,0.38,0.3799999999999999,0.38,0.38,0.38,0.3799999999999999,0.38,0.38,9.329142159531157,9.219329914767696,8.925504560620173,9.803075882228825,8.013309202584116,7.961987054943215,7.933769224211569,8.277496656110698,11261.65,12338.577564102565,7521.0,18088.3,3019.9,3125.029487179487,2788.9750000000004,3933.5,f,100.0,casa_aislada,100.0,casa_aislada | f | sup_mediana 54 m2 | calef: 11262 kWh | acs: 3020 kWh
114,26,3420,34.2,47.2,46.10409356725146,33.775,51.3,1.9,1.8999999999999997,1.9,1.9,1.9,1.8999999999999997,1.9,1.9,0.47,0.46999999999999975,0.47,0.47,0.47,0.46999999999999975,0.47,0.47,7.734208792381672,7.50705796262662,6.956331133624087,8.37887271478575,7.800818324736988,7.84743402907944,7.541736148872866,7.915950337099521,2284.2,3019.0376900584793,1048.775,4353.1,2441.6,3700.7498244587473,1884.1,2739.6499999999996,d,100.0,depto,100.0,depto | d | sup_mediana 47 m2 | calef: 2284 kWh | acs: 2442 kWh
114,27,232,2.32,53.3,52.20387931034483,47.6,55.7,1.7,1.6999999999999995,1.7,1.7,1.7,1.6999999999999995,1.7,1.7,0.38,0.38,0.38,0.38,0.38,0.38,0.38,0.38,7.859404551587415,7.7676671984875405,7.322425684424259,8.323630927119485,7.816232515318225,7.82640365446078,7.7788394180182125,7.883031643204163,2589.05,2995.6793103448276,1512.875,4119.1,2479.55,2535.9025862068966,2388.5,2650.9,d,100.0,depto,100.0,depto | d | sup_mediana 53 m2 | calef: 2589 kWh | acs: 2480 kWh
114,28,238,2.3800000000000003,44.8,43.073949579831925,38.0,51.7,1.6,1.6,1.6,1.6,1.6,1.6,1.6,1.6,0.33,0.32999999999999996,0.33,0.33,0.33,0.32999999999999996,0.33,0.33,8.181085385840765,8.054573964329832,7.614172678743985,8.443869526997394,7.914380190363914,7.876728285070431,7.7888427566540255,8.032202321594433,3571.75,3685.9890756302525,2025.725,4645.5,2735.35,2691.3865546218494,2412.5249999999996,3077.775,g,100.0,depto,100.0,depto | g | sup_mediana 45 m2 | calef: 3572 kWh | acs: 2735 kWh
114,29,100,1.0,49.8,51.268999999999984,48.7,52.2,1.1,1.0999999999999996,1.1,1.1,1.1,1.0999999999999996,1.1,1.1,0.28,0.28000000000000014,0.28,0.28,0.28,0.28000000000000014,0.28,0.28,8.281912068074533,8.295823148383871,7.913704325211914,8.673220337773056,8.00446576036065,7.913939582491381,7.984360512387156,8.040897810547069,3950.75,4501.947,2733.525,5844.35,2993.3,2973.228,2933.7,3104.4,g,100.0,depto,100.0,depto | g | sup_mediana 50 m2 | calef: 3951 kWh | acs: 2993 kWh
114,30,67,0.67,64.8,63.49552238805971,54.4,73.44999999999999,1.7,1.7,1.7,1.7,1.7,1.7,1.7,1.7,0.38,0.3799999999999999,0.38,0.38,0.38,0.3799999999999999,0.38,0.38,7.889534081029451,7.856483686623457,7.620410049548863,8.075162161408585,6.773423566186845,6.681899293996671,6.517671272912275,6.886020786836131,2668.2,2658.207462686567,2038.4,3212.65,873.3,819.3283582089551,676.0,977.5,d,100.0,casa_pareada,100.0,casa_pareada | d | sup_mediana 65 m2 | calef: 2668 kWh | acs: 873 kWh
114,31,82,0.8200000000000001,41.4,41.49146341463414,41.2,41.8,1.6,1.5999999999999999,1.6,1.6,1.6,1.5999999999999999,1.6,1.6,0.33,0.32999999999999996,0.33,0.33,0.33,0.32999999999999996,0.33,0.33,9.551640037914456,9.570339675186526,9.511773937958079,9.648104860079268,7.8235658956194145,7.823053477372312,7.819796996566877,7.833283216208774,14066.75,14387.474390243904,13517.225,15491.4,2497.8,2497.990243902439,2488.4,2522.2,f,100.0,casa_aislada,100.0,casa_aislada | f | sup_mediana 41 m2 | calef: 14067 kWh | acs: 2498 kWh
114,32,69,0.69,53.3,52.559420289855076,48.8,60.0,1.6,1.5999999999999994,1.6,1.6,1.6,1.5999999999999994,1.6,1.6,0.33,0.3299999999999999,0.33,0.33,0.33,0.3299999999999999,0.33,0.33,8.881877970802782,8.873809529691968,8.772486360666015,9.00398018869632,8.024109249126404,8.005741315096003,7.956301589976762,8.112527763478637,7199.3,7228.442028985506,6453.2,8134.4,3052.7,3010.189855072464,2852.5,3335.0,f,100.0,casa_aislada,100.0,casa_aislada | f | sup_mediana 53 m2 | calef: 7199 kWh | acs: 3053 kWh
114,33,110,1.0999999999999999,47.0,47.0,47.0,47.0,1.7,1.699999999999999,1.7,1.7,1.7,1.699999999999999,1.7,1.7,0.38,0.3800000000000001,0.38,0.38,0.38,0.3800000000000001,0.38,0.38,8.536549832478357,8.635454207260286,8.44453642898031,8.849449409559368,7.775989577440603,7.775989577440599,7.775989577440603,7.775989577440603,5096.75,5749.891818181818,4648.6,6969.55,2381.7,2381.700000000001,2381.7,2381.7,d,100.0,casa_pareada,100.0,casa_pareada | d | sup_mediana 47 m2 | calef: 5097 kWh | acs: 2382 kWh
114,34,178,1.78,57.8,57.76123595505618,55.5,59.6,1.7,1.6999999999999995,1.7,1.7,1.7,1.6999999999999995,1.7,1.7,0.38,0.38,0.38,0.38,0.38,0.38,0.38,0.38,8.775836675182523,8.74928907164097,8.527197138967356,8.933162664629215,7.934191062346272,7.932003439234902,7.904445577924863,7.957562403368313,6474.9,6548.741573033708,5049.275,7578.2,2790.1,2787.499438202247,2708.3,2856.1,d,100.0,casa_pareada,100.0,casa_pareada | d | sup_mediana 58 m2 | calef: 6475 kWh | acs: 2790 kWh
115,-1,831,8.309999999999999,54.4,61.391937424789404,49.0,68.1,1.7,2.3026894865525667,1.7,3.0,1.7,2.3026894865525667,1.7,3.0,0.38,0.4230929095354522,0.38,0.6,0.38,0.4230929095354522,0.38,0.6,8.880223894657867,8.217675828072704,8.051610576032486,9.387779194257886,7.999443652577423,7.461289696171072,7.847645343106617,8.158086652970226,7187.4,7911.094464500602,3137.85,11940.55,2978.3,3325.4043321299637,2558.7,3490.5,d,38.748495788206974,casa_pareada,58.844765342960294,ruido / observacion atipica
115,0,102,1.02,56.5,56.36960784313726,52.3,58.6,0.6,0.6,0.6,0.6,0.6,0.6,0.6,0.6,0.25,0.25,0.25,0.25,0.25,0.25,0.25,0.25,9.60607763255295,8.2917154771462,8.823384447611119,10.40103493605093,8.218678887982861,8.190387652239108,8.167777549159096,8.253383883376012,14898.45,17367.52549019608,6795.3,32892.899999999994,3708.6,3618.1519607843125,3524.5,3839.6,i,100.0,depto,48.03921568627451,depto | i | sup_mediana 56 m2 | calef: 14898 kWh | acs: 3709 kWh
115,1,133,1.3299999999999998,49.8,48.568421052631585,46.1,51.6,4.0,4.0,4.0,4.0,4.0,4.0,4.0,4.0,0.84,0.8400000000000001,0.84,0.84,0.84,0.8400000000000001,0.84,0.84,7.6557220293061885,7.22419685643306,7.10002716662926,7.956441758880521,8.016614884101797,8.00048877656675,7.958751713708583,8.059307838360741,2111.7,2576.3909774436092,1211.0,2852.9,3029.9,2993.678947368421,2859.5,3162.1,b,100.0,depto,68.42105263157895,depto | b | sup_mediana 50 m2 | calef: 2112 kWh | acs: 3030 kWh
115,2,239,2.39,51.0,50.366945606694564,47.6,53.0,4.0,4.0,4.0,4.0,4.0,4.0,4.0,4.0,0.84,0.8400000000000001,0.84,0.84,0.84,0.8400000000000001,0.84,0.84,7.144959513944681,6.621756394999515,6.338417368535325,7.8234115092342265,7.907982665728846,7.873402338583326,7.845622994734219,7.9377674761579895,1266.7,1737.1669456066948,564.9,2497.5,2717.9,2701.1225941422595,2553.55,2800.1,c,100.0,depto,100.0,depto | c | sup_mediana 51 m2 | calef: 1267 kWh | acs: 2718 kWh
115,3,56,0.5599999999999999,53.1,51.794642857142854,47.325,53.15,4.0,4.0,4.0,4.0,4.0,4.0,4.0,4.0,0.84,0.84,0.84,0.84,0.84,0.84,0.84,0.84,8.326894367331072,8.33111275927775,7.932792786658184,8.649383035392429,7.939693434382254,7.9088915475763155,7.849808806982575,7.940200669325869,4133.1,4544.2982142857145,2786.2,5705.625,2805.5,2738.846428571429,2564.25,2806.925,c,100.0,casa_pareada,100.0,casa_pareada | c | sup_mediana 53 m2 | calef: 4133 kWh | acs: 2806 kWh
115,4,166,1.66,53.5,53.979518072289146,48.3,58.625,4.0,4.0,4.0,4.0,4.0,4.0,4.0,4.0,0.84,0.8400000000000002,0.84,0.84,0.84,0.8400000000000002,0.84,0.84,0.0,0.02077341123171454,0.0,0.0,7.829948556508906,7.821935547139792,7.734547843415628,7.908460685998653,0.0,0.03674698795180723,0.0,0.0,2513.8,2554.2180722891567,2284.975,2719.2,a,100.0,depto,100.0,depto | a | sup_mediana 54 m2 | calef: 0 kWh | acs: 2514 kWh
115,5,220,2.1999999999999997,54.95,53.89363636363637,50.5,58.224999999999994,4.0,4.0,4.0,4.0,4.0,4.0,4.0,4.0,0.84,0.8400000000000001,0.84,0.84,0.84,0.8400000000000001,0.84,0.84,6.30463160106978,6.086067968985705,5.289150454848042,6.934246795984989,7.852454978842705,7.7916318741674795,7.7476964468861835,7.914617709040679,546.1,876.769090909091,197.17499999999998,1025.85,2571.05,2461.2372727272727,2315.25,2736.0,a,100.0,depto,100.0,depto | a | sup_mediana 55 m2 | calef: 546 kWh | acs: 2571 kWh
115,6,139,1.39,41.0,46.35827338129496,30.1,52.35,1.0,1.0,1.0,1.0,1.0,1.0,1.0,1.0,0.0,0.0,0.0,0.0,0.0,0.0,0.0,0.0,7.079689742889605,7.047447271880434,6.6338429157200665,7.747899038276423,7.549699445092216,7.038921195030482,7.275544199860373,8.052412422378579,1186.6,1767.4661870503596,759.4,2315.7,1899.1999999999998,2355.1124999999997,1443.5749999999998,3140.375,d,100.0,depto,100.0,depto | d | sup_mediana 41 m2 | calef: 1187 kWh | acs: 1899 kWh
115,7,88,0.88,65.44999999999999,66.64545454545456,46.85,86.425,1.0,1.0,1.0,1.0,1.0,1.0,1.0,1.0,0.0,0.0,0.0,0.0,0.0,0.0,0.0,0.0,9.134809572748281,9.025664367284636,8.41117341929013,9.524860252290129,7.958297144405163,7.927504066819487,7.744872924952113,8.191105140376987,9273.75,9582.756818181819,4496.075000000001,13695.074999999999,2858.2,2892.145454545455,2308.7,3607.75,d,100.0,casa_pareada,52.27272727272727,casa_pareada | d | sup_mediana 65 m2 | calef: 9274 kWh | acs: 2858 kWh
115,8,51,0.51,43.7,47.44509803921568,43.1,51.9,3.0,3.0,3.0,3.0,3.0,3.0,3.0,3.0,0.6,0.6000000000000001,0.6,0.6,0.6,0.6000000000000001,0.6,0.6,8.464193178254533,8.510454664398578,8.194367416828875,8.9373173935296,7.9229497261707476,7.9802922495676665,7.911941350672738,8.058580439097181,4740.9,6233.707843137255,3619.5,7620.5,2758.9,2936.8333333333326,2728.8500000000004,3159.8,b,100.0,depto,56.86274509803921,depto | b | sup_mediana 44 m2 | calef: 4741 kWh | acs: 2759 kWh
115,9,245,2.45,49.3,50.23673469387755,43.1,54.7,3.0,3.0,3.0,3.0,3.0,3.0,3.0,3.0,0.6,0.5999999999999998,0.6,0.6,0.6,0.5999999999999998,0.6,0.6,7.2643802216708275,6.543390085043601,6.288416025566912,7.872683782462186,7.869860322995583,7.164195704573233,7.719307523920704,7.951418476165231,1427.5,1834.6779591836735,537.3,2623.6,2616.2,2704.915510204082,2250.4,2838.6,c,100.0,depto,100.0,depto | c | sup_mediana 49 m2 | calef: 1428 kWh | acs: 2616 kWh
115,10,415,4.15,50.3,49.58313253012048,44.25,57.5,1.7,1.6999999999999995,1.7,1.7,1.7,1.6999999999999995,1.7,1.7,0.38,0.38000000000000006,0.38,0.38,0.38,0.38000000000000006,0.38,0.38,7.682666761344722,7.456483558231852,7.098516824857111,8.35684841062839,7.954723334497908,7.951100622549212,7.854148354672736,8.044080734770414,2169.4,2962.1019277108435,1209.1999999999998,4258.299999999999,2848.0,3003.882168674699,2575.4,3114.3,e,100.0,depto,100.0,depto | e | sup_mediana 50 m2 | calef: 2169 kWh | acs: 2848 kWh
115,11,154,1.54,48.7,48.42857142857144,42.7,50.3,1.1,1.2428571428571427,1.1,1.6,1.1,1.2428571428571427,1.1,1.6,0.28,0.2942857142857143,0.28,0.33,0.28,0.2942857142857143,0.28,0.33,9.695958281766481,9.627118286886352,9.52806656577634,9.754613146899224,7.986436932161368,7.973445372241066,7.883295570060253,8.011288771969316,16250.8,15375.647402597404,13739.0,17232.55,2939.8,2914.3740259740252,2651.6,3013.8,g,100.0,casa_aislada,100.0,casa_aislada | g | sup_mediana 49 m2 | calef: 16251 kWh | acs: 2940 kWh
115,12,210,2.1,49.9,50.24523809523809,49.1,52.5,3.0,3.0,3.0,3.0,3.0,3.0,3.0,3.0,0.6,0.5999999999999999,0.6,0.6,0.6,0.5999999999999999,0.6,0.6,8.365578558876656,8.278803473643004,7.917682062817559,8.733693247572635,7.822685085216951,7.822172287827216,7.811163385025279,7.8628820346414905,4295.6,4739.946666666667,2744.4,6207.625,2495.6,2503.296666666667,2467.0,2598.0,d,100.0,depto,100.0,depto | d | sup_mediana 50 m2 | calef: 4296 kWh | acs: 2496 kWh
115,13,172,1.72,48.2,50.5953488372093,47.0,54.3,1.7,1.6999999999999993,1.7,1.7,1.7,1.6999999999999993,1.7,1.7,0.38,0.38,0.38,0.38,0.38,0.38,0.38,0.38,8.764786921268957,8.740895314021582,8.48128955461841,9.070123912791601,7.885592560507808,7.846279963701958,7.870825665561332,7.954898819275054,6403.700000000001,6803.370930232559,4822.700000000001,8690.775,2657.7,2635.3773255813953,2618.925,2848.5,e,100.0,casa_pareada,100.0,casa_pareada | e | sup_mediana 48 m2 | calef: 6404 kWh | acs: 2658 kWh
115,14,186,1.8599999999999999,48.3,58.90215053763441,46.1,64.4,1.7,1.6999999999999997,1.7,1.7,1.7,1.6999999999999997,1.7,1.7,0.38,0.38000000000000006,0.38,0.38,0.38,0.38000000000000006,0.38,0.38,9.432926901772609,9.365565200068719,9.171762934820824,9.549398169218897,7.907982665728846,8.005558595775398,7.870662385484872,8.12358748182052,12492.05,12272.18172043011,9621.15,14035.25,2717.9,3076.5258064516133,2618.3,3372.1,e,100.0,casa_aislada,100.0,casa_aislada | e | sup_mediana 48 m2 | calef: 12492 kWh | acs: 2718 kWh
115,15,86,0.86,51.1,51.58720930232558,50.0,54.0,1.6,1.5999999999999996,1.6,1.6,1.6,1.5999999999999996,1.6,1.6,0.33,0.3299999999999999,0.33,0.33,0.33,0.3299999999999999,0.33,0.33,9.243871855184976,9.217982173293207,9.098597890703438,9.31156995174447,7.9913554475297435,7.997423045456444,7.974085393729522,8.03378816322624,10340.0,10261.169767441861,8941.75,11064.325,2954.3,2974.470930232558,2903.7,3082.4,f,100.0,casa_pareada,100.0,casa_pareada | f | sup_mediana 51 m2 | calef: 10340 kWh | acs: 2954 kWh
115,16,200,2.0,48.6,48.851499999999994,46.8,50.875,1.6,1.6,1.6,1.6,1.6,1.6,1.6,1.6,0.33,0.33,0.33,0.33,0.33,0.33,0.33,0.33,7.901704711128227,7.912403788387262,7.546102647933422,8.30626416663652,7.952615111650999,7.941942711720607,7.923348211930154,7.988255526054589,2700.8999999999996,3084.3744999999994,1892.35,4048.325,2842.0,2843.8435,2760.0,2945.2250000000004,f,100.0,depto,100.0,depto | f | sup_mediana 49 m2 | calef: 2701 kWh | acs: 2842 kWh
115,17,148,1.48,51.1,49.37837837837838,45.7,52.3,1.7,1.6999999999999997,1.7,1.7,1.7,1.6999999999999997,1.7,1.7,0.38,0.3799999999999999,0.38,0.38,0.38,0.3799999999999999,0.38,0.38,8.49735100215751,8.262716933160062,7.797517197690502,8.756596088892863,7.9906107450378085,7.959144051702118,7.9024110940206445,8.009628910352617,4900.85,4775.187162162162,2433.55,6351.475,2952.1,2874.7749999999996,2702.7999999999997,3008.8,f,100.0,depto,100.0,depto | f | sup_mediana 51 m2 | calef: 4901 kWh | acs: 2952 kWh
115,18,242,2.42,35.8,37.147520661157024,28.9,44.2,1.9,1.8983471074380163,1.9,1.9,1.9,1.8983471074380163,1.9,1.9,0.47,0.4692561983471072,0.47,0.47,0.47,0.4692561983471072,0.47,0.47,6.253239596193845,6.141530255908252,5.094202309923326,7.034013199871353,0.0,0.0,0.0,0.0,518.75,873.2458677685951,162.075,1133.575,0.0,0.0,0.0,0.0,d,100.0,depto,100.0,depto | d | sup_mediana 36 m2 | calef: 519 kWh | acs: 0 kWh
115,19,181,1.81,53.4,61.90165745856354,49.5,75.2,1.7,1.6999999999999993,1.7,1.7,1.7,1.6999999999999993,1.7,1.7,0.38,0.38,0.38,0.38,0.38,0.38,0.38,0.38,9.339788439163069,9.273370530578761,9.000951785894308,9.772301977756781,7.99930938383834,8.005483509159635,7.937303265040725,8.212595520188012,11381.0,12359.334806629831,8109.8,17540.1,2977.9,3166.6839779005522,2798.8,3686.1,f,100.0,casa_aislada,100.0,casa_aislada | f | sup_mediana 53 m2 | calef: 11381 kWh | acs: 2978 kWh
115,20,229,2.29,44.8,43.21965065502183,38.0,50.2,1.6,1.5999999999999999,1.6,1.6,1.6,1.5999999999999999,1.6,1.6,0.33,0.32999999999999996,0.33,0.33,0.33,0.32999999999999996,0.33,0.33,8.090003810833913,8.038444381053578,7.601951908677654,8.442555848401252,7.9180462421434825,7.881189713893721,7.799097365492327,8.039737867125353,3260.7,3707.6790393013093,2001.1,4639.4,2745.4,2692.2506550218345,2437.4,3100.8,g,100.0,depto,100.0,depto | g | sup_mediana 45 m2 | calef: 3261 kWh | acs: 2745 kWh
115,21,92,0.9199999999999999,49.8,49.90869565217392,48.6,52.2,1.1,1.0999999999999996,1.1,1.1,1.1,1.0999999999999996,1.1,1.1,0.28,0.28000000000000014,0.28,0.28,0.28,0.28000000000000014,0.28,0.28,8.226780505782123,8.198151573046383,7.90832389413428,8.47409601542439,8.00446576036065,7.733202859793755,7.982416346827733,8.040897810547069,3738.8,3981.0336956521737,2718.9,4788.099999999999,2993.3,2828.5195652173907,2928.0,3104.4,g,100.0,depto,100.0,depto | g | sup_mediana 50 m2 | calef: 3739 kWh | acs: 2993 kWh
115,22,3337,33.37,47.2,45.89238837278993,34.5,51.1,1.9,1.8999999999999997,1.9,1.9,1.9,1.8999999999999997,1.9,1.9,0.47,0.4699999999999998,0.47,0.47,0.47,0.4699999999999998,0.47,0.47,7.756452160283048,7.544336831006062,7.02188721302705,8.38446147896228,7.8003269242357,7.8374515767396,7.533024907923423,7.898856593264467,2335.6,3070.3976625711716,1119.9,4377.5,2440.4,3907.5236281859075,1867.75,2693.2,d,100.0,depto,100.0,depto | d | sup_mediana 47 m2 | calef: 2336 kWh | acs: 2440 kWh
115,23,251,2.5100000000000002,53.7,52.79003984063745,47.7,55.9,1.7,1.6999999999999997,1.7,1.7,1.7,1.6999999999999997,1.7,1.7,0.38,0.37999999999999995,0.38,0.38,0.38,0.37999999999999995,0.38,0.38,7.925302114929026,7.833790479414737,7.412790586030866,8.321178164228025,7.874815167907864,7.836074460412104,7.786468746500926,7.898299686680433,2765.4,3189.49203187251,1656.05,4109.0,2629.2,2580.7446215139444,2406.8,2691.7,d,100.0,depto,100.0,depto | d | sup_mediana 54 m2 | calef: 2765 kWh | acs: 2629 kWh
115,24,694,6.94,52.75,53.30691642651297,45.2,57.8,1.9,1.9,1.9,1.9,1.9,1.9,1.9,1.9,0.47,0.46999999999999986,0.47,0.47,0.47,0.46999999999999986,0.47,0.47,8.80515022606245,8.797824825745133,8.572248621843745,9.030141919030658,7.835144197522325,7.816105723395943,7.7136567062399575,7.935480045302498,6667.5,7209.438616714698,5282.0,8350.05,2526.9,2535.1634005763685,2237.725,2793.7,d,100.0,casa_pareada,100.0,casa_pareada | d | sup_mediana 53 m2 | calef: 6668 kWh | acs: 2527 kWh
115,25,360,3.5999999999999996,83.2,85.80888888888889,63.475,102.0,1.9,1.9,1.9,1.9,1.9,1.9,1.9,1.9,0.47,0.4699999999999998,0.47,0.47,0.47,0.4699999999999998,0.47,0.47,9.501291695238223,9.506738126414383,9.24573885955208,9.808721875771742,8.18085294608379,8.16489729102764,7.9991750970687425,8.288756307008272,13376.25,15018.404722222223,10359.325,18190.725,3570.9,3570.6336111111113,2977.5,3977.9,d,100.0,casa_aislada,100.0,casa_aislada | d | sup_mediana 83 m2 | calef: 13376 kWh | acs: 3571 kWh
115,26,116,1.16,77.8,79.10603448275862,74.825,93.325,1.7,1.699999999999999,1.7,1.7,1.7,1.699999999999999,1.7,1.7,0.38,0.38000000000000006,0.38,0.38,0.38,0.38000000000000006,0.38,0.38,8.980419765237071,8.935837556351586,8.462466691732594,9.264590059685684,8.118057493346821,7.871206085937326,7.775989577440603,8.192217065834718,7945.049999999999,8663.460344827587,4732.725,10556.6,3353.5,2893.2181034482765,2381.7,3612.975,d,100.0,casa_aislada,100.0,casa_aislada | d | sup_mediana 78 m2 | calef: 7945 kWh | acs: 3354 kWh
115,27,83,0.83,64.8,62.64939759036147,54.5,72.6,1.7,1.6999999999999993,1.7,1.7,1.7,1.6999999999999993,1.7,1.7,0.38,0.3799999999999999,0.38,0.38,0.38,0.3799999999999999,0.38,0.38,7.905072849498666,7.888311187097267,7.6700220600341025,8.027278152572727,6.773423566186845,6.652141063938494,6.547100250202816,6.84609261859003,2710.0,2771.3879518072285,2142.1499999999996,3062.4,873.3,792.7265060240966,697.0,939.2,d,100.0,casa_pareada,100.0,casa_pareada | d | sup_mediana 65 m2 | calef: 2710 kWh | acs: 873 kWh
115,28,89,0.89,41.4,41.285393258426964,41.2,41.8,1.6,1.5999999999999996,1.6,1.6,1.6,1.5999999999999996,1.6,1.6,0.33,0.33,0.33,0.33,0.33,0.33,0.33,0.33,9.558381148538478,9.563604570488085,9.490635225993946,9.648104860079268,7.8235658956194145,7.814526920591471,7.779759689144819,7.833283216208774,14161.9,14299.08988764045,13234.2,15491.4,2497.8,2476.8685393258434,2390.7,2522.2,f,100.0,casa_aislada,100.0,casa_aislada | f | sup_mediana 41 m2 | calef: 14162 kWh | acs: 2498 kWh
115,29,89,0.89,53.3,53.087640449438204,48.8,60.0,1.6,1.5999999999999996,1.6,1.6,1.6,1.5999999999999996,1.6,1.6,0.33,0.33,0.33,0.33,0.33,0.33,0.33,0.33,8.846799051191601,8.841891943180386,8.772610303280743,8.956918009276043,8.024109249126404,8.012206253729909,7.956301589976762,8.112527763478637,6951.1,7005.897752808988,6454.0,7760.4,3052.7,3031.4640449438193,2852.5,3335.0,f,100.0,casa_aislada,100.0,casa_aislada | f | sup_mediana 53 m2 | calef: 6951 kWh | acs: 3053 kWh
115,30,50,0.5,44.5,44.33200000000001,44.5,44.5,1.7,1.7,1.7,1.7,1.7,1.7,1.7,1.7,0.38,0.37999999999999995,0.38,0.38,0.38,0.37999999999999995,0.38,0.38,8.882148729943914,8.92170639913595,8.822892616862582,9.063646888441713,7.882654483963062,7.879563451982622,7.882654483963062,7.882654483963062,7201.25,7548.672,6786.875,8635.075,2649.9,2641.84,2649.9,2649.9,f,100.0,casa_pareada,100.0,casa_pareada | f | sup_mediana 44 m2 | calef: 7201 kWh | acs: 2650 kWh
115,31,81,0.8099999999999999,46.2,46.1679012345679,46.1,46.2,1.7,1.6999999999999995,1.7,1.7,1.7,1.6999999999999995,1.7,1.7,0.38,0.37999999999999995,0.38,0.38,0.38,0.37999999999999995,0.38,0.38,9.216590797305695,9.221159268725987,9.176938695342152,9.255571830505108,7.912313265567924,7.911807411836366,7.9107373366349965,7.912313265567924,10061.7,10122.534567901233,9670.5,10461.7,2729.7,2728.31975308642,2725.4,2729.7,f,100.0,casa_pareada,100.0,casa_pareada | f | sup_mediana 46 m2 | calef: 10062 kWh | acs: 2730 kWh
115,32,129,1.29,47.0,47.84418604651162,47.0,47.0,1.7,1.6999999999999997,1.7,1.7,1.7,1.6999999999999997,1.7,1.7,0.38,0.37999999999999995,0.38,0.38,0.38,0.37999999999999995,0.38,0.38,8.487228706896765,8.576527013684885,8.411788230326284,8.843817091982636,7.775989577440603,7.789056058397482,7.775989577440603,7.775989577440603,4851.4,5444.291472868217,4498.8,6930.4,2381.7,2414.454263565892,2381.7,2381.7,d,100.0,casa_pareada,100.0,casa_pareada | d | sup_mediana 47 m2 | calef: 4851 kWh | acs: 2382 kWh
115,33,80,0.8,59.5,61.2875,58.7,63.6,1.7,1.6999999999999997,1.7,1.7,1.7,1.6999999999999997,1.7,1.7,0.38,0.37999999999999995,0.38,0.38,0.38,0.37999999999999995,0.38,0.38,8.699139134937962,8.690520823025889,8.578609406153284,8.806277587598188,7.956441758880521,7.976504203310459,7.946299041184127,8.00533370005995,5996.75,5998.2775,5315.85,6675.025,2852.9,2912.89,2824.1,2995.9,d,100.0,casa_pareada,100.0,casa_pareada | d | sup_mediana 60 m2 | calef: 5997 kWh | acs: 2853 kWh
115,34,56,0.5599999999999999,55.5,55.43928571428571,55.5,55.5,1.7,1.6999999999999997,1.7,1.7,1.7,1.6999999999999997,1.7,1.7,0.38,0.37999999999999995,0.38,0.38,0.38,0.37999999999999995,0.38,0.38,8.947666805800868,8.964612090946995,8.884561754185611,9.023446955563099,7.904445577924863,7.90358780514311,7.904445577924863,7.904445577924863,7688.95,7862.017857142857,7218.65,8294.325,2708.3,2705.996428571428,2708.3,2708.3,d,100.0,casa_pareada,100.0,casa_pareada | d | sup_mediana 56 m2 | calef: 7689 kWh | acs: 2708 kWh
